{
    "thread": {
        "uuid": "1d3b502a36a9d7ec7d6d3c8735e1f0f9a2b16935",
        "url": "https://www.washingtonexaminer.com/news/3492458/trumps-bill-north-carolina-veto-spur-duke-energy-surge",
        "site_full": "www.washingtonexaminer.com",
        "site": "washingtonexaminer.com",
        "site_section": "https://www.washingtonexaminer.com",
        "site_categories": [
            "politics",
            "law_government_and_politics",
            "media"
        ],
        "section_title": "Washington Examiner - Conservative Politics Magazine",
        "site_title": "Washington Examiner - Political News, Opinion &amp; Restoring America",
        "title": "Trump's bill, North Carolina veto spur Duke Energy surge",
        "title_full": "Trump's bill, North Carolina veto spur Duke Energy surge",
        "published": "2025-08-06T20:44:00.000+03:00",
        "replies_count": 0,
        "participants_count": 1,
        "site_type": "news",
        "country": "US",
        "main_image": "https://www.washingtonexaminer.com/wp-content/uploads/2025/08/north-carolina-nuclear-power.webp",
        "performance_score": 0,
        "domain_rank": 1959,
        "domain_rank_updated": "2025-06-03T00:00:00.000+03:00",
        "licensing_agency": [],
        "social": {
            "facebook": {
                "likes": 0,
                "comments": 0,
                "shares": 0
            },
            "vk": {
                "shares": 0
            }
        }
    },
    "uuid": "1d3b502a36a9d7ec7d6d3c8735e1f0f9a2b16935",
    "url": "https://www.washingtonexaminer.com/news/3492458/trumps-bill-north-carolina-veto-spur-duke-energy-surge",
    "ord_in_thread": 0,
    "author": "Joseph Nepomuceno",
    "published": "2025-08-06T20:44:00.000+03:00",
    "title": "Trump's bill, North Carolina veto spur Duke Energy surge",
    "text": "(The Center Square) – Nuclear production tax credits federally, and fiscal recovery for generation investments in North Carolina, are helping Duke Energy customers, according the company’s president and chief executive officer.\nHarry Sideris, in an earnings call with company executives, said surpassing expectations was helped by the July 4 bill signing by President Donald Trump for the former and by a veto of Gov. Josh Stein on the latter.\n“During the quarter we advanced for state and federal policies that enables us to meet the moment for our customers,” Sideris said.\nHouse Resolution 1 in Congress , known also as the One Big Beautiful Bill Act, had no Democrats in favor at final passage of the Senate or House of Representatives. Senate Bill 266 in the General Assembly , known also as The Power Bill Reduction Act, lost two Democratic senators and made it through the House with Democratic Reps. Carla Cunningham, Nasif Majeed and Shelly Willingham joining all 71 Republicans.\nPartisan voting analyzed against Sideris’ comments means the party’s choice was to approve higher consumer costs. There is criticism of the bill, with analyses from N.C. State University and Duke University saying SB266 could mean higher bills for customers because of gas price volatility.\n“On the federal side, the preservation of nuclear production tax credits in the final budget reconciliation bill was a significant win for our customers,” Sideris said. “Only well-run, cost-efficient reactors are eligible to receive the credit. Our 11-gigawatt nuclear fleet is the largest regulated fleet in the nation and earned $500 million of PTCs last year for the benefit of our customers. We appreciate the engagement from Congress, the administration, and stakeholders around our shared objective of supporting nuclear energy and lowering customer bills.\n“In North Carolina, the Power Bill Reduction Act became law last week. As we ramp up generation investments to meet accelerating load growth, this legislation allows for annual recovery of financing costs for new base load generation, supporting our credit profile and minimizing costs to customers.”\nDuke, a Fortune 150 company headquartered in Charlotte, reported second quarter earnings per share 3.31% higher than forecast; and revenue of $7.51 billion, eclipsing the forecast $7.45 billion.\n“We continue to deliver on our strategic priorities, including advancing large scale economic development projects and securing industry leading regulatory and legislative outcomes,” Sideris said. “Starting with economic development, we operate in some of the most attractive jurisdictions in the country.\nPRODUCERS’ PROTECTION IN VISA PROGRAM LED BY CAROLINAS CONGRESSMEN\n“In fact, North Carolina was just named the top state for business by CNBC for the third time in four years, and most of our states ranked in the top 10.”\nDuke serves 8.6 million electricity customers in the Carolinas, Florida, Indiana, Ohio and Kentucky; and 1.7 million natural gas customers in the Carolinas, Tennessee, Ohio and Kentucky.",
    "highlightText": "",
    "highlightTitle": "",
    "highlightThreadTitle": "",
    "language": "english",
    "sentiment": "positive",
    "categories": [
        "Economy, Business and Finance",
        "Politics",
        "Social Issue"
    ],
    "topics": [
        "Economy, Business and Finance->financial and economic news",
        "Economy, Business and Finance->energy and resource",
        "Economy, Business and Finance->business governance",
        "Politics->economic policy",
        "Politics->government policy",
        "Politics->political development",
        "Social Issue->social problem",
        "Social Issue->social condition"
    ],
    "ai_allow": true,
    "has_canonical": false,
    "breaking": null,
    "webz_reporter": false,
    "external_links": [
        "https://www.ncleg.gov/BillLookUp/2025/s266",
        "https://www.congress.gov/bill/119th-congress/house-bill/1/text",
        "https://drive.google.com/file/d/1-ZU9hz-hVh2gWopla5R1WdHN5uLiEI6L/view",
        "https://nicholasinstitute.duke.edu/sites/default/files/publications/memo-potential-removal-interim-targets-nc-carbon-plan.pdf",
        "https://ncleg.gov/BillLookUp/2025/s266",
        "https://www.drive.google.com/file/d/1-ZU9hz-hVh2gWopla5R1WdHN5uLiEI6L/view",
        "https://www.nicholasinstitute.duke.edu/sites/default/files/publications/memo-potential-removal-interim-targets-nc-carbon-plan.pdf",
        "https://congress.gov/bill/119th-congress/house-bill/1/text"
    ],
    "external_images": [],
    "internal_images": [],
    "entities": {
        "persons": [
            {
                "name": "Shelly Willingham",
                "sentiment": "none"
            },
            {
                "name": "Carla Cunningham",
                "sentiment": "none"
            },
            {
                "name": "Harry Sideris",
                "sentiment": "none"
            },
            {
                "name": "Donald Trump",
                "sentiment": "none"
            },
            {
                "name": "Nasif Majeed",
                "sentiment": "none"
            },
            {
                "name": "Josh Stein",
                "sentiment": "none"
            }
        ],
        "locations": [],
        "organizations": [
            {
                "name": "Duke Energy",
                "sentiment": "negative",
                "tickers": []
            },
            {
                "name": "General Assembly",
                "sentiment": "none",
                "tickers": [
                    {
                        "ticker": null,
                        "exchange": null
                    }
                ]
            },
            {
                "name": "Congress",
                "sentiment": "none",
                "tickers": [
                    {
                        "ticker": null,
                        "exchange": null
                    }
                ]
            },
            {
                "name": "Senate",
                "sentiment": "none",
                "tickers": [
                    {
                        "ticker": null,
                        "exchange": null
                    }
                ]
            },
            {
                "name": "House",
                "sentiment": "none",
                "tickers": [
                    {
                        "ticker": null,
                        "exchange": null
                    }
                ]
            }
        ]
    },
    "syndication": {
        "syndicated": false,
        "syndicate_id": null,
        "first_syndicated": false
    },
    "trust": {
        "categories": null,
        "top_news": [],
        "bias": "right",
        "source": {
            "type": null,
            "city": null,
            "state": null,
            "country": null,
            "domain_type": null,
            "agency": null,
            "organization_name": null
        }
    },
    "rating": null,
    "crawled": "2025-08-07T09:11:13.864+03:00",
    "updated": "2025-08-07T09:14:48.000+03:00"
}