{
    "thread": {
        "uuid": "2541350b4e05a4f99b6efa3d3911d1a91ff50562",
        "url": "https://www.reformer.com/cannabis/commentary-vermont-cannabis-emergency-fund-marks-second-anniversary-supporting-local-family-farms-and-businesses/article_606e3ac4-c4f8-45ac-8fda-18cc98b0028e.html",
        "site_full": "www.reformer.com",
        "site": "reformer.com",
        "site_section": "https://www.reformer.com/search",
        "site_categories": [
            "media"
        ],
        "section_title": "Search | reformer.com",
        "site_title": "reformer.com",
        "title": "COMMENTARY: Vermont Cannabis Emergency Fund Marks Second Anniversary Supporting Local Family Farms and Businesses | GreenMountain Vermont Cannabis News | reformer.com",
        "title_full": "COMMENTARY: Vermont Cannabis Emergency Fund Marks Second Anniversary Supporting Local Family Farms and Businesses | GreenMountain Vermont Cannabis News | reformer.com",
        "published": "2025-08-06T03:00:00.000+03:00",
        "replies_count": 0,
        "participants_count": 1,
        "site_type": "news",
        "country": "US",
        "main_image": "https://bloximages.newyork1.vip.townnews.com/reformer.com/content/tncms/assets/v3/editorial/7/f4/7f4f67ba-317e-4c37-98d1-b9b87473c4a7/6893a94296ce8.image.png?crop=1143%2C600%2C78%2C0",
        "performance_score": 0,
        "domain_rank": 38927,
        "domain_rank_updated": "2025-06-03T00:00:00.000+03:00",
        "licensing_agency": [],
        "social": {
            "facebook": {
                "likes": 0,
                "comments": 0,
                "shares": 0
            },
            "vk": {
                "shares": 0
            }
        }
    },
    "uuid": "2541350b4e05a4f99b6efa3d3911d1a91ff50562",
    "url": "https://www.reformer.com/cannabis/commentary-vermont-cannabis-emergency-fund-marks-second-anniversary-supporting-local-family-farms-and-businesses/article_606e3ac4-c4f8-45ac-8fda-18cc98b0028e.html",
    "ord_in_thread": 0,
    "author": "Vermont Growers Association",
    "published": "2025-08-06T03:00:00.000+03:00",
    "title": "COMMENTARY: Vermont Cannabis Emergency Fund Marks Second Anniversary Supporting Local Family Farms and Businesses | GreenMountain Vermont Cannabis News | reformer.com",
    "text": "On July 26, 2023, the Vermont Growers Association launched the Vermont Cannabis Industry Emergency Fund ( VCIEF ) in response to the human-caused climate change extreme weather events, storms, and flooding during the summer growing season and the challenging reality that federal relief dollars are unavailable to licensed cannabis farms and businesses.\nOver its two years of operation, the VCIEF has received numerous application inquiries and awarded grants to 11 local adult-use licensees across all license types impacted by severe weather events. To date, the program has distributed over $30,000 in non-repayable grants to local families and businesses during times of need.\n“We are extremely grateful for money from the VGA.\" Said Zach Hoppe, of Root To Vitality Cannabis, and 2024 VCIEF Grantee, \"It allowed us to recover from the most recent flood without hurting our business. It’s the reason we are still in business.”\nThe VCIEF is fully funded by the community through product partnerships, fundraising events, and individual donations. The grant program does not use any contributions for administrative expenses. Similar to VGA, the VCIEF operates entirely on a volunteer basis, and every dollar generously donated over the past two years has been reinvested back into the industry.\nPlease join VGA and friends this Saturday, August 9, 2025, at Kate's Food Truck in Jericho for a Cornhole Tournament fundraiser benefiting the VCIEF! Thanks to our amazing sponsors, Yellowbird, Gas Station, and MothaPlant for supporting the event this year! Buy tickets online for the Cornhole Tournament at the VGA website or in-person at the event. VGA members receive a discounted ticket price!\nBuy Cornhole Tournament tickets now: www.vermontgrowers.org\nLearn more about the Vermont Cannabis Industry Emergency Fund: http://www.vermontgrowers.org/resources/emergency-fund\nAbout Vermont Growers Association: As a non-partisan, mutual-benefit, nonprofit trade association, the mission of the Vermont Growers Association is to ensure Vermont has an equitable, viable, craft-centric, small business-driven adult-use cannabis marketplace through education, marketing, and advocacy. We see Vermont as a premier state for locally produced, world-class quality cannabis and related products.",
    "highlightText": "",
    "highlightTitle": "",
    "highlightThreadTitle": "",
    "language": "english",
    "sentiment": "positive",
    "categories": [
        "Economy, Business and Finance",
        "Social Issue",
        "Human Interest"
    ],
    "topics": [
        "Economy, Business and Finance->business governance",
        "Economy, Business and Finance->agriculture",
        "Economy, Business and Finance->financial and economic news",
        "Social Issue->social services",
        "Social Issue->family",
        "Social Issue->communities",
        "Human Interest->anniversary"
    ],
    "ai_allow": false,
    "has_canonical": false,
    "breaking": null,
    "webz_reporter": false,
    "external_links": [
        "https://www.vermontgrowers.org/",
        "http://www.vermontgrowers.org",
        "http://www.vermontgrowers.org/resources/emergency-fund",
        "https://www.vermontgrowers.org/resources/vermont-cannabis-industry-emergency-fund",
        "http://vermontgrowers.org/resources/emergency-fund",
        "https://vermontgrowers.org/",
        "http://vermontgrowers.org",
        "https://www.vermontgrowers.org",
        "https://vermontgrowers.org/resources/vermont-cannabis-industry-emergency-fund"
    ],
    "external_images": [],
    "internal_images": [],
    "entities": {
        "persons": [
            {
                "name": "Zach Hoppe",
                "sentiment": "none"
            }
        ],
        "locations": [],
        "organizations": [
            {
                "name": "Vermont Growers Association",
                "sentiment": "negative",
                "tickers": []
            }
        ]
    },
    "syndication": {
        "syndicated": false,
        "syndicate_id": null,
        "first_syndicated": false
    },
    "trust": {
        "categories": null,
        "top_news": [],
        "bias": null,
        "source": {
            "type": "local_news",
            "city": [
                "Brattleboro"
            ],
            "state": [
                "Vermont"
            ],
            "country": [
                "US"
            ],
            "domain_type": null,
            "agency": null,
            "organization_name": null
        }
    },
    "rating": null,
    "crawled": "2025-08-07T09:33:56.808+03:00",
    "updated": "2025-08-07T16:21:29.563+03:00"
}