{
    "thread": {
        "uuid": "e0c5ee0a9efbff4a3cebd69b3862100c8ea7a8f8",
        "url": "https://www.ashleycountyledger.com/news/national/china-says-trade-jumped-in-july-beating-forecasts/article_b273e0b5-5c19-56c0-8d07-a25e27592d7a.html",
        "site_full": "www.ashleycountyledger.com",
        "site": "ashleycountyledger.com",
        "site_section": "https://www.ashleycountyledger.com/news/state",
        "site_categories": [
            "media"
        ],
        "section_title": "State | ashleycountyledger.com",
        "site_title": "ashleycountyledger.com | Only the best!",
        "title": "China says trade jumped in July, beating forecasts | National | ashleycountyledger.com",
        "title_full": "China says trade jumped in July, beating forecasts | National | ashleycountyledger.com",
        "published": "2025-08-07T07:20:00.000+03:00",
        "replies_count": 0,
        "participants_count": 1,
        "site_type": "news",
        "country": "US",
        "main_image": "https://bloximages.chicago2.vip.townnews.com/ashleycountyledger.com/content/tncms/assets/v3/editorial/d/72/d72b3819-b727-5390-b929-15d01abc4243/689436c437509.image.jpg?crop=341%2C341%2C85%2C0&amp;resize=200%2C200&amp;order=crop%2Cresize",
        "performance_score": 0,
        "domain_rank": 672543,
        "domain_rank_updated": "2025-06-03T00:00:00.000+03:00",
        "licensing_agency": [],
        "social": {
            "facebook": {
                "likes": 0,
                "comments": 0,
                "shares": 0
            },
            "vk": {
                "shares": 0
            }
        }
    },
    "uuid": "e0c5ee0a9efbff4a3cebd69b3862100c8ea7a8f8",
    "url": "https://www.ashleycountyledger.com/news/national/china-says-trade-jumped-in-july-beating-forecasts/article_b273e0b5-5c19-56c0-8d07-a25e27592d7a.html",
    "ord_in_thread": 0,
    "author": "AFP AFP",
    "published": "2025-08-07T07:20:00.000+03:00",
    "title": "China says trade jumped in July, beating forecasts | National | ashleycountyledger.com",
    "text": "China's exports beat expectations and rose 7.2 percent year-on-year in July, official data showed Thursday, as overseas shipments buoyed its struggling economy even as it navigated a shaky trade war truce with the United States.\nThe two economic superpowers agreed in Stockholm last month to hold further talks on extending the tariff truce.\nThat deal has temporarily set fresh US duties on Chinese goods at 30 percent, while Beijing's levies on US goods stand at 10 percent.",
    "highlightText": "",
    "highlightTitle": "",
    "highlightThreadTitle": "",
    "language": "english",
    "sentiment": "positive",
    "categories": [
        "Economy, Business and Finance"
    ],
    "topics": [
        "Economy, Business and Finance->business reporting and performance",
        "Economy, Business and Finance->economy",
        "Economy, Business and Finance->financial and economic news"
    ],
    "ai_allow": false,
    "has_canonical": true,
    "breaking": null,
    "webz_reporter": false,
    "external_links": [],
    "external_images": [],
    "internal_images": [],
    "entities": {
        "persons": [],
        "locations": [],
        "organizations": []
    },
    "syndication": {
        "syndicated": false,
        "syndicate_id": null,
        "first_syndicated": false
    },
    "trust": {
        "categories": null,
        "top_news": [],
        "bias": null,
        "source": {
            "type": "local_news",
            "city": [
                "West Crossett",
                "Hamburg",
                "Crossett",
                "Portland",
                "North Crossett"
            ],
            "state": [
                "Arkansas"
            ],
            "country": [
                "US"
            ],
            "domain_type": null,
            "agency": null,
            "organization_name": null
        }
    },
    "rating": null,
    "crawled": "2025-08-07T08:56:07.970+03:00",
    "updated": "2025-08-07T08:58:10.000+03:00"
}