{
    "thread": {
        "uuid": "5a1f9b13d8431d012f7d556e400190119e4f5939",
        "url": "https://equitybulls.com/category.php?id=360503",
        "site_full": "equitybulls.com",
        "site": "equitybulls.com",
        "site_section": "https://www.golf.einnews.com/live_feed",
        "site_categories": [
            "financial_news",
            "finance"
        ],
        "section_title": "Live Feed Wire - Golf News Today - EIN Presswire",
        "site_title": "EquityBulls.com: Stock Markets, Mutual Funds, Commodity, Business, Finance News, Live Updates",
        "title": "Infosys inaugurates Center for Advanced AI, Cybersecurity, and Space Technology at Hubballi Development Center | EquityBulls",
        "title_full": "Infosys inaugurates Center for Advanced AI, Cybersecurity, and Space Technology at Hubballi Development Center | EquityBulls",
        "published": "2025-08-07T00:31:00.000+03:00",
        "replies_count": 0,
        "participants_count": 1,
        "site_type": "news",
        "country": "IN",
        "main_image": "",
        "performance_score": 0,
        "domain_rank": 168725,
        "domain_rank_updated": "2025-06-03T00:00:00.000+03:00",
        "licensing_agency": [],
        "social": {
            "facebook": {
                "likes": 0,
                "comments": 0,
                "shares": 0
            },
            "vk": {
                "shares": 0
            }
        }
    },
    "uuid": "5a1f9b13d8431d012f7d556e400190119e4f5939",
    "url": "https://equitybulls.com/category.php?id=360503",
    "ord_in_thread": 0,
    "author": "Equity Bulls",
    "published": "2025-08-07T00:31:00.000+03:00",
    "title": "Infosys inaugurates Center for Advanced AI, Cybersecurity, and Space Technology at Hubballi Development Center | EquityBulls",
    "text": "Infosys (NSE, BSE, NYSE: INFY), a global leader in next-generation digital services and consulting, today announced the launch of its state-of-the-art Infosys Center for Advanced AI, Cybersecurity, and Space Technology at its Hubballi Development Center (DC) in Karnataka. This new center is part of 'Infosys Living Labs', a network of over 12 established centers globally designed to help clients accelerate innovation and leverage emerging technologies to future-proof their businesses. It also establishes Hubballi as a key technology hub for Infosys, specializing in advanced digital solutions like AI, cloud computing, cybersecurity, engineering services, SAP, and space technology. The center will serve clients globally across industries including manufacturing, financial services, retail, and healthcare.\nThe center was inaugurated by Shri M B Patil, Hon'ble Minister for Large & Medium Industries, Infrastructure Development, Government of Karnataka and Shri Priyank Kharge, Hon'ble Minister for Electronics, Information Technology & Biotechnology, and Rural Development & Panchayat Raj, Government of Karnataka. Senior Infosys leaders, including Mr. Sunil Kumar Dhareshwar, Executive Vice President, Infosys, and Mr. Rajneesh Malviya, Executive Vice President, Infosys, were also present, along with other senior officials from the state government and Infosys.\nWith over 1,000 employees working out of the Hubballi DC, Infosys has demonstrated its commitment to building industry-ready talent and fostering inclusive growth in Karnataka. The company has also forged strong ties with local institutions like IIIT Dharwad and KLE Tech to drive innovation and collaboration in the region.\nShri M B Patil, Hon'ble Minister for Large & Medium Industries, Infrastructure Development, Government of Karnataka, said, \"We are thrilled to see Infosys expanding its presence in North Karnataka by surpassing 1,000 employees at its Hubballi Development Center. This milestone not only creates vital employment opportunities but also strengthens industry-academia collaboration, paving the way for local talent to thrive in emerging domains like AI and cybersecurity. We encourage Infosys to explore possibilities of expanding its business footprint to other districts of North Karnataka as well, further boosting regional growth and inclusivity.\"\nShri Priyank Kharge, Hon'ble Minister for Electronics, Information Technology & Biotechnology, and Rural Development & Panchayat Raj, Government of Karnataka, said, \"The inauguration of this new Living Labs is a testament to North Karnataka's emergence as a regional innovation hub. It will also drive economic activity, strengthen industry-academia collaboration, and position Hubballi as a vital contributor to Karnataka's digital future.\"\nSunil Kumar Dhareshwar, Executive Vice President, Infosys, said, \"The new Living Labs is a significant step forward in our mission to deliver AI-driven digital solutions that transform industries. With state-of-theart infrastructure and an AI-first approach, this center will help us address key client needs while driving innovation at scale. It also highlights our dedication to supporting regional growth and nurturing diverse local talents.\"\nShares of Infosys Limited was last trading in BSE at Rs. 1435.75 as compared to the previous close of Rs. 1459.75. The total number of shares traded during the day was 96277 in over 5059 trades.\nThe stock hit an intraday high of Rs. 1455.70 and intraday low of 1430.30. The net turnover during the day was Rs. 138845273.00.",
    "highlightText": "",
    "highlightTitle": "",
    "highlightThreadTitle": "",
    "language": "english",
    "sentiment": "positive",
    "categories": [
        "Science and Technology",
        "Economy, Business and Finance",
        "Health"
    ],
    "topics": [
        "Science and Technology->scientific innovation",
        "Science and Technology->scientific research",
        "Science and Technology->technology and engineering",
        "Economy, Business and Finance->financial and economic news",
        "Economy, Business and Finance->business strategy and marketing",
        "Economy, Business and Finance->computing and information technology",
        "Health->health organisation",
        "Health->health care approach",
        "Health->medical profession"
    ],
    "ai_allow": true,
    "has_canonical": false,
    "breaking": null,
    "webz_reporter": false,
    "external_links": [],
    "external_images": [],
    "internal_images": [],
    "entities": {
        "persons": [
            {
                "name": "Shri Priyank Kharge",
                "sentiment": "none"
            },
            {
                "name": "Shri M B Patil",
                "sentiment": "none"
            },
            {
                "name": "Hubballi",
                "sentiment": "none"
            }
        ],
        "locations": [
            {
                "name": "Karnataka",
                "sentiment": "none"
            }
        ],
        "organizations": [
            {
                "name": "Infosys Living Labs",
                "sentiment": "none",
                "tickers": []
            },
            {
                "name": "NSE",
                "sentiment": "none",
                "tickers": [
                    {
                        "ticker": null,
                        "exchange": null
                    }
                ]
            },
            {
                "name": "Information Technology & Biotechnology",
                "sentiment": "none",
                "tickers": []
            },
            {
                "name": "Infosys Center for Advanced AI",
                "sentiment": "none",
                "tickers": []
            },
            {
                "name": "SAP",
                "sentiment": "none",
                "tickers": [
                    {
                        "ticker": "SAP",
                        "exchange": "NYSE"
                    }
                ]
            }
        ]
    },
    "syndication": {
        "syndicated": false,
        "syndicate_id": null,
        "first_syndicated": false
    },
    "trust": {
        "categories": [],
        "top_news": [],
        "bias": null,
        "source": {
            "type": null,
            "city": null,
            "state": null,
            "country": null,
            "domain_type": null,
            "agency": null,
            "organization_name": null
        }
    },
    "rating": null,
    "crawled": "2025-08-07T07:32:07.192+03:00",
    "updated": "2025-08-07T07:38:27.000+03:00"
}