{
    "thread": {
        "uuid": "d1f091aeaf42b094b17d28eb292151f86ec0f1d0",
        "url": "https://100percentfedup.com/white-house-announce-100-billion-investment-american-manufacturing",
        "site_full": "100percentfedup.com",
        "site": "100percentfedup.com",
        "site_section": "https://www.100percentfedup.com",
        "site_categories": [
            "media",
            "hobbies_and_interests"
        ],
        "section_title": "100PercentFedUp.com * Conservative news, social commentary and breaking stories. Up-to-date election and legislation news.",
        "site_title": "100PercentFedUp.com * Conservative news, social commentary and breaking stories. Up-to-date election and legislation news.",
        "title": "White House To Announce $100 Billion Investment In American Manufacturing",
        "title_full": "White House To Announce $100 Billion Investment In American Manufacturing",
        "published": "2025-08-06T19:23:00.000+03:00",
        "replies_count": 0,
        "participants_count": 1,
        "site_type": "news",
        "country": "US",
        "main_image": "",
        "performance_score": 0,
        "domain_rank": 65639,
        "domain_rank_updated": "2025-06-03T00:00:00.000+03:00",
        "licensing_agency": [],
        "social": {
            "facebook": {
                "likes": 0,
                "comments": 0,
                "shares": 0
            },
            "vk": {
                "shares": 0
            }
        }
    },
    "uuid": "d1f091aeaf42b094b17d28eb292151f86ec0f1d0",
    "url": "https://100percentfedup.com/white-house-announce-100-billion-investment-american-manufacturing",
    "ord_in_thread": 0,
    "author": "Danielle",
    "published": "2025-08-06T19:23:00.000+03:00",
    "title": "White House To Announce $100 Billion Investment In American Manufacturing",
    "text": "President Trump and Apple are expected to announce on Wednesday a $100 billion investment to boost manufacturing in the United States.\nTrump is expected to make the announcement at 4 p.m. alongside Apple CEO Tim Cook.\nThe $100 billion will bring Apple’s total planned U.S. investments to $600 billion over the next four years.\n🚨 BREAKING: President Trump will be announcing yet ANOTHER $100 BILLION investment in American manufacturing by Apple\nThat brings Apple’s total investment in the U.S. to $600 BILLION!\nTrump’s economic policies are paying DIVIDENDS for the American people! 🇺🇸 pic.twitter.com/Ni4lMUQ8Hl\n— Nick Sortor (@nicksortor) August 6, 2025\n“President Trump’s America First economic agenda has secured trillions of dollars in investments that support American jobs and bolster American businesses,” White House spokesperson Taylor Rogers said, according to Fox Business .\nCBS News has more:\nAnd it’s expected to include a new “American Manufacturing Program” focused on bringing more of Apple’s supply chain and advanced manufacturing to the U.S.\nWhite House spokesperson Taylor Rogers said in a statement that the announcement with Apple “will simultaneously help reshore the production of critical components to protect America’s economic and national security.”\nThe company announced in February that it would invest $500 billion in the U.S. over the next four years and hire 20,000 U.S.-based workers. Apple said then that it would build a new 250,000 square-foot manufacturing plant in Houston, set to open in 2026, that will make servers to power Apple’s AI services. The company also said it would establish an educational academy in Michigan focused on manufacturing and boost its investment in a fund aimed at fostering innovation across the U.S.\nBloomberg TV provided coverage:\nPresident Donald Trump plans to announce that Apple will commit to spending another $100 billion on domestic manufacturing, the latest pledge by the tech giant to increase US production of its products as it seeks to avoid punishing tariffs on its flagship iPhones… pic.twitter.com/NYIjKoxgVv\n— Bloomberg TV (@BloombergTV) August 6, 2025\nFox Business noted:\nThrough the AMP, Apple plans to increase its investment in the U.S. and incentivize global firms to manufacture more critical components in the U.S.\nThe White House has touted Apple as supporting over 450,000 jobs through its network of thousands of suppliers and partners across all 50 states.\nApple intends on expanding its teams and facilities in several U.S. states, including Michigan, Texas, California, Arizona, Nevada, Iowa, Oregon, North Carolina and Washington.",
    "highlightText": "",
    "highlightTitle": "",
    "highlightThreadTitle": "",
    "language": "english",
    "sentiment": "positive",
    "categories": [
        "Economy, Business and Finance",
        "Politics",
        "Social Issue"
    ],
    "topics": [
        "Economy, Business and Finance->financial and economic news",
        "Economy, Business and Finance->business financing",
        "Economy, Business and Finance->manufacturing and engineering",
        "Politics->government",
        "Politics->regulation of industry",
        "Politics->economic policy",
        "Social Issue->social condition"
    ],
    "ai_allow": true,
    "has_canonical": false,
    "breaking": null,
    "webz_reporter": false,
    "external_links": [
        "https://twitter.com/BloombergTV/status/1953097215251026361?ref_src=twsrc%5Etfw",
        "https://www.foxbusiness.com/markets/white-house-says-apple-announce-100b-us-investment-commitment-manufacturing",
        "https://t.co/Ni4lMUQ8Hl",
        "https://twitter.com/nicksortor/status/1953083939679072366?ref_src=twsrc%5Etfw",
        "https://t.co/NYIjKoxgVv",
        "https://www.cbsnews.com/colorado/news/trump-apple-committing-100-billion-manufacturing-us/?intcid=CNR-01-0623",
        "https://cbsnews.com/colorado/news/trump-apple-committing-100-billion-manufacturing-us/?intcid=CNR-01-0623",
        "https://www.twitter.com/BloombergTV/status/1953097215251026361?ref_src=twsrc%5Etfw",
        "https://www.cbsnews.com/colorado/news/trump-apple-committing-100-billion-manufacturing-us/",
        "https://twitter.com/nicksortor/status/1953083939679072366",
        "https://www.twitter.com/nicksortor/status/1953083939679072366?ref_src=twsrc%5Etfw",
        "https://www.t.co/NYIjKoxgVv",
        "https://twitter.com/BloombergTV/status/1953097215251026361",
        "https://www.t.co/Ni4lMUQ8Hl",
        "https://foxbusiness.com/markets/white-house-says-apple-announce-100b-us-investment-commitment-manufacturing"
    ],
    "external_images": [],
    "internal_images": [],
    "entities": {
        "persons": [
            {
                "name": "Trump",
                "sentiment": "negative"
            },
            {
                "name": "Taylor Rogers",
                "sentiment": "none"
            },
            {
                "name": "Nick Sortor",
                "sentiment": "none"
            },
            {
                "name": "Tim Cook",
                "sentiment": "none"
            }
        ],
        "locations": [],
        "organizations": [
            {
                "name": "Apple",
                "sentiment": "negative",
                "tickers": [
                    {
                        "ticker": "AAPL",
                        "exchange": "NASDAQ"
                    }
                ]
            },
            {
                "name": "American Manufacturing Program",
                "sentiment": "none",
                "tickers": [
                    {
                        "ticker": null,
                        "exchange": null
                    }
                ]
            },
            {
                "name": "Fox Business",
                "sentiment": "none",
                "tickers": []
            },
            {
                "name": "CBS News",
                "sentiment": "none",
                "tickers": [
                    {
                        "ticker": null,
                        "exchange": null
                    }
                ]
            }
        ]
    },
    "syndication": {
        "syndicated": false,
        "syndicate_id": null,
        "first_syndicated": false
    },
    "trust": {
        "categories": [
            "fake_news"
        ],
        "top_news": [],
        "bias": null,
        "source": {
            "type": null,
            "city": null,
            "state": null,
            "country": null,
            "domain_type": null,
            "agency": null,
            "organization_name": null
        }
    },
    "rating": null,
    "crawled": "2025-08-07T08:08:55.323+03:00",
    "updated": "2025-08-07T08:12:59.000+03:00"
}