{
    "thread": {
        "uuid": "d69e95d3411cc51f082e4f800484cd393c96e970",
        "url": "https://www.marketbeat.com/instant-alerts/pan-american-silver-tsepaas-trading-77-higher-heres-why-2025-08-05/",
        "site_full": "www.marketbeat.com",
        "site": "marketbeat.com",
        "site_section": "https://www.marketbeat.com/instant-alerts",
        "site_categories": [
            "investing",
            "financial_news",
            "finance",
            "stocks"
        ],
        "section_title": "\r\n\tStock Market Alerts | MarketBeat\r\n",
        "site_title": "MarketBeat: Stock Market News and Research Tools",
        "title": "Pan American Silver (TSE:PAAS) Trading 7.7% Higher - Here's Why",
        "title_full": "Pan American Silver (TSE:PAAS) Trading 7.7% Higher - Here's Why",
        "published": "2025-08-07T07:42:00.000+03:00",
        "replies_count": 0,
        "participants_count": 1,
        "site_type": "news",
        "country": "US",
        "main_image": "https://www.marketbeat.com/logos/pan-american-silver-corp-logo-1200x675.png",
        "performance_score": 0,
        "domain_rank": 9003,
        "domain_rank_updated": "2025-06-03T00:00:00.000+03:00",
        "licensing_agency": [],
        "social": {
            "facebook": {
                "likes": 0,
                "comments": 0,
                "shares": 0
            },
            "vk": {
                "shares": 0
            }
        }
    },
    "uuid": "d69e95d3411cc51f082e4f800484cd393c96e970",
    "url": "https://www.marketbeat.com/instant-alerts/pan-american-silver-tsepaas-trading-77-higher-heres-why-2025-08-05/",
    "ord_in_thread": 0,
    "author": "MarketBeat",
    "published": "2025-08-07T07:42:00.000+03:00",
    "title": "Pan American Silver (TSE:PAAS) Trading 7.7% Higher - Here's Why",
    "text": "Pan American Silver (TSE:PAAS) Trading 7.7% Higher - Here's Why Written by MarketBeat August 6, 2025 Share Link copied to clipboard. Key Points Pan American Silver's stock price surged 7.7% to C$40.14, with trading volume up 54% compared to its average, suggesting increased investor interest. The company announced a quarterly dividend of $0.10 per share , making it an annualized dividend of $0.40, with a dividend yield of 1.0%. Insiders sold 53,983 shares of the company's stock worth approximately $2.11 million in the last 90 days, indicating potential caution among company leadership. Want stock alerts on Pan American Silver? Get 5 Weeks of MarketBeat All Access for $5. Get My Stock Alerts . Get Pan American Silver alerts: Sign Up Pan American Silver Corp. ( TSE:PAAS - Get Free Report )'s stock price was up 7.7% on Tuesday . The stock traded as high as C$40.19 and last traded at C$40.14. Approximately 1,477,323 shares traded hands during trading, an increase of 54% from the average daily volume of 958,132 shares. The stock had previously closed at C$37.28. Pan American Silver Price Performance Silver Pushes Past Gold This Year, These Stocks Will Capitalize\nThe company has a debt-to-equity ratio of 17.60, a current ratio of 2.06 and a quick ratio of 0.88. The stock has a market capitalization of C$10.25 billion, a PE ratio of -215.21, a P/E/G ratio of 24.57 and a beta of 1.40. The stock's fifty day moving average is C$38.84 and its 200-day moving average is C$36.19. Pan American Silver Announces Dividend\nThe firm also recently announced a quarterly dividend, which was paid on Monday, June 2nd. Stockholders of record on Monday, June 2nd were given a dividend of $0.10 per share. The ex-dividend date was Tuesday, May 20th. This represents a $0.40 dividend on an annualized basis and a dividend yield of 1.0%. Pan American Silver's dividend payout ratio (DPR) is -289.52%. Insider Buying and Selling\nIn related news, Senior Officer Siren Fisekci sold 4,763 shares of Pan American Silver stock in a transaction dated Monday, July 14th. The stock was sold at an average price of C$41.21, for a total value of C$196,303.71. Also, Senior Officer Guido Mastropietro sold 1,289 shares of the firm's stock in a transaction that occurred on Thursday, July 10th. The shares were sold at an average price of C$39.62, for a total value of C$51,070.18. Insiders have sold 53,983 shares of company stock worth $2,115,496 in the last 90 days. 0.07% of the stock is owned by insiders. Pan American Silver Company Profile ( Get Free Report )\nPan American Silver Corp is a mining company focused exclusively on the exploration and development of silver mines. It produced roughly 22 million ounces of silver in 2011. The company operates primarily in Central and South America. It also sells the byproducts from its silver mining operations, including zinc, lead, copper, and gold. Featured Articles\nThis instant news alert was generated by narrative science technology and financial data from MarketBeat in order to provide readers with the fastest and most accurate reporting. This story was reviewed by MarketBeat's editorial team prior to publication. Please send any questions or comments about this story to contact@marketbeat.com.\nShould You Invest $1,000 in Pan American Silver Right Now? Before you consider Pan American Silver, you'll want to hear this.\nMarketBeat keeps track of Wall Street's top-rated and best performing research analysts and the stocks they recommend to their clients on a daily basis. MarketBeat has identified the five stocks that top analysts are quietly whispering to their clients to buy now before the broader market catches on... and Pan American Silver wasn't on the list.\nWhile Pan American Silver currently has a Buy rating among analysts, top-rated analysts believe these five stocks are better buys.\nView The Five Stocks Here\nReduce the Risk Market downturns give many investors pause, and for good reason. Wondering how to offset this risk? Enter your email address to learn more about using beta to protect your portfolio.\nGet This Free Report Like this article? Share it with a colleague. Link copied to clipboard.",
    "highlightText": "",
    "highlightTitle": "",
    "highlightThreadTitle": "",
    "language": "english",
    "sentiment": "positive",
    "categories": [
        "Economy, Business and Finance"
    ],
    "topics": [
        "Economy, Business and Finance->financial and economic news",
        "Economy, Business and Finance->investment and opinion pieces",
        "Economy, Business and Finance->business reporting and performance"
    ],
    "ai_allow": true,
    "has_canonical": false,
    "breaking": false,
    "webz_reporter": false,
    "external_links": [
        "https://s3.us-east-1.amazonaws.com/marketingassets.cloudsna.com/prod/images/brownstoneresearch/et/2025/Colossus+2.jpeg",
        "https://www.linkedin.com/cws/share?mini=true&url=https://www.marketbeat.com/instant-alerts/pan-american-silver-tsepaas-trading-77-higher-heres-why-2025-08-05/",
        "https://twitter.com/intent/tweet?text=Pan+American+Silver+(TSE%3aPAAS)+Trading+7.7%25+Higher+++-+Here%27s+Why%20https://www.marketbeat.com/instant-alerts/pan-american-silver-tsepaas-trading-77-higher-heres-why-2025-08-05/",
        "https://www.americanconsumernews.net/scripts/standalone/viewcount.ashx?type=h&id=2927400&domain=marketbeat.com&referrer=",
        "https://www.facebook.com/sharer/sharer.php?u=https://www.marketbeat.com/instant-alerts/pan-american-silver-tsepaas-trading-77-higher-heres-why-2025-08-05/",
        "https://twitter.com/intent/tweet?text=Pan+American+Silver+(TSE%3aPAAS)+Trading+7.7%25+Higher+++-+Here%27s+Why%20%24PAAS%20%23PAAS%20https://www.marketbeat.com/instant-alerts/pan-american-silver-tsepaas-trading-77-higher-heres-why-2025-08-05/",
        "https://api.stocktwits.com/widgets/share?via=MarketBeat&body=Pan+American+Silver+(TSE%3aPAAS)+Trading+7.7%25+Higher+++-+Here%27s+Why%20https://www.marketbeat.com/instant-alerts/pan-american-silver-tsepaas-trading-77-higher-heres-why-2025-08-05/",
        "https://linkedin.com/cws/share?mini=true&url=https://marketbeat.com/instant-alerts/pan-american-silver-tsepaas-trading-77-higher-heres-why-2025-08-05/",
        "https://twitter.com/intent/tweet?text=Pan+American+Silver+(TSE%3aPAAS)+Trading+7.7%25+Higher+++-+Here%27s+Why%20%24PAAS%20%23PAAS%20https://marketbeat.com/instant-alerts/pan-american-silver-tsepaas-trading-77-higher-heres-why-2025-08-05/",
        "https://www.facebook.com/sharer/sharer.php?u=https://www.marketbeat.com/instant-alerts/pan-american-silver-tsepaas-trading-77-higher-heres-why-2025-08-05",
        "https://www.facebook.com/sharer/sharer.php",
        "https://facebook.com/sharer/sharer.php?u=https://marketbeat.com/instant-alerts/pan-american-silver-tsepaas-trading-77-higher-heres-why-2025-08-05/",
        "https://www.americanconsumernews.net/scripts/standalone/viewcount.ashx",
        "https://twitter.com/intent/tweet?text=Pan+American+Silver+(TSE%3aPAAS)+Trading+7.7%25+Higher+++-+Here%27s+Why%20%24PAAS%20%23PAAS%20https://www.marketbeat.com/instant-alerts/pan-american-silver-tsepaas-trading-77-higher-heres-why-2025-08-05",
        "https://api.stocktwits.com/widgets/share",
        "https://api.stocktwits.com/widgets/share?via=MarketBeat&body=Pan+American+Silver+(TSE%3aPAAS)+Trading+7.7%25+Higher+++-+Here%27s+Why%20https://marketbeat.com/instant-alerts/pan-american-silver-tsepaas-trading-77-higher-heres-why-2025-08-05/",
        "https://www.s3.us-east-1.amazonaws.com/marketingassets.cloudsna.com/prod/images/brownstoneresearch/et/2025/Colossus+2.jpeg",
        "https://www.linkedin.com/cws/share",
        "https://www.linkedin.com/cws/share?mini=true&url=https://www.marketbeat.com/instant-alerts/pan-american-silver-tsepaas-trading-77-higher-heres-why-2025-08-05",
        "https://twitter.com/intent/tweet?text=Pan+American+Silver+(TSE%3aPAAS)+Trading+7.7%25+Higher+++-+Here%27s+Why%20https://www.marketbeat.com/instant-alerts/pan-american-silver-tsepaas-trading-77-higher-heres-why-2025-08-05",
        "https://twitter.com/intent/tweet?text=Pan+American+Silver+(TSE%3aPAAS)+Trading+7.7%25+Higher+++-+Here%27s+Why%20https://marketbeat.com/instant-alerts/pan-american-silver-tsepaas-trading-77-higher-heres-why-2025-08-05/",
        "https://americanconsumernews.net/scripts/standalone/viewcount.ashx?type=h&id=2927400&domain=marketbeat.com&referrer=",
        "https://twitter.com/intent/tweet",
        "https://api.stocktwits.com/widgets/share?via=MarketBeat&body=Pan+American+Silver+(TSE%3aPAAS)+Trading+7.7%25+Higher+++-+Here%27s+Why%20https://www.marketbeat.com/instant-alerts/pan-american-silver-tsepaas-trading-77-higher-heres-why-2025-08-05"
    ],
    "external_images": [],
    "internal_images": [],
    "entities": {
        "persons": [],
        "locations": [],
        "organizations": [
            {
                "name": "Pan American Silver Corp.",
                "sentiment": "none",
                "tickers": []
            }
        ]
    },
    "syndication": {
        "syndicated": false,
        "syndicate_id": null,
        "first_syndicated": false
    },
    "trust": {
        "categories": [],
        "top_news": [],
        "bias": null,
        "source": {
            "type": null,
            "city": null,
            "state": null,
            "country": null,
            "domain_type": null,
            "agency": null,
            "organization_name": null
        }
    },
    "rating": null,
    "crawled": "2025-08-07T08:08:02.863+03:00",
    "updated": "2025-08-07T08:09:39.000+03:00"
}