{
    "thread": {
        "uuid": "5383ddfc216a8d2db1c68b6c5de7981437c57b52",
        "url": "https://www.newsghana.com.gh/ghanas-inflation-dips-to-42-month-low-at-12-1/",
        "site_full": "www.newsghana.com.gh",
        "site": "newsghana.com.gh",
        "site_section": "https://golf.einnews.com/live_feed",
        "site_categories": [
            "media"
        ],
        "section_title": "Live Feed Wire - Golf News Today - EIN Presswire",
        "site_title": "Latest Updates &amp; Breaking News of Ghana",
        "title": "Ghana's Inflation Dips to 42-Month Low at 12.1% | News Ghana",
        "title_full": "Ghana's Inflation Dips to 42-Month Low at 12.1% | News Ghana",
        "published": "2025-08-06T12:11:00.000+03:00",
        "replies_count": 0,
        "participants_count": 1,
        "site_type": "news",
        "country": "GH",
        "main_image": "",
        "performance_score": 0,
        "domain_rank": 51206,
        "domain_rank_updated": "2025-06-03T00:00:00.000+03:00",
        "licensing_agency": [],
        "social": {
            "facebook": {
                "likes": 0,
                "comments": 0,
                "shares": 0
            },
            "vk": {
                "shares": 0
            }
        }
    },
    "uuid": "5383ddfc216a8d2db1c68b6c5de7981437c57b52",
    "url": "https://www.newsghana.com.gh/ghanas-inflation-dips-to-42-month-low-at-12-1/",
    "ord_in_thread": 0,
    "author": "News Ghana",
    "published": "2025-08-06T12:11:00.000+03:00",
    "title": "Ghana's Inflation Dips to 42-Month Low at 12.1% | News Ghana",
    "text": "Ghana’s inflation rate fell to 12.1% year-on-year in July 2025, its seventh consecutive monthly decline and the lowest level recorded since October 2021.\nThe Ghana Statistical Service (GSS) confirmed the drop, signalling sustained progress in taming price pressures that have burdened households and businesses for years.\nGovernment Statistician Dr. Alhassan Iddrisu credited fiscal consolidation, monetary policy interventions, and exchange rate stability for the improving trend. However, he cautioned against complacency, noting a 0.7% month-on-month rise in the Consumer Price Index (CPI) to 259.1. “Prices are 12.1% higher than July 2024. This is steady progress, but marginal increases persist,” Iddrisu stated in Accra.\nFood inflation remained the primary driver at 15.1%, though its pace showed signs of easing. Non-food inflation dropped below 10% for the first time in years, settling at 9.5%. Key contributors included food and non-alcoholic beverages, housing utilities, and clothing. Notably, locally produced goods saw higher inflation (12.9%) than imports (10%), accounting for 73% of the overall rate.\nSharp regional disparities emerged, with the Central Region recording just 7.7% inflation while Upper West Region soared to 24.8%. Iddrisu urged targeted interventions, including enhanced price monitoring in high-inflation areas and adjustments to social programs like LEAP and school feeding. He advised households to adopt bulk buying and energy efficiency, while encouraging businesses to source locally and streamline product offerings.",
    "highlightText": "",
    "highlightTitle": "",
    "highlightThreadTitle": "",
    "language": "english",
    "sentiment": "positive",
    "categories": [
        "Economy, Business and Finance",
        "Social Issue",
        "Human Interest"
    ],
    "topics": [
        "Economy, Business and Finance->economy",
        "Economy, Business and Finance->financial and economic news",
        "Social Issue->social condition",
        "Social Issue->demographics"
    ],
    "ai_allow": true,
    "has_canonical": false,
    "breaking": null,
    "webz_reporter": false,
    "external_links": [],
    "external_images": [],
    "internal_images": [],
    "entities": {
        "persons": [
            {
                "name": "Alhassan Iddrisu",
                "sentiment": "none"
            }
        ],
        "locations": [],
        "organizations": [
            {
                "name": "Ghana Statistical Service",
                "sentiment": "none",
                "tickers": []
            }
        ]
    },
    "syndication": {
        "syndicated": false,
        "syndicate_id": null,
        "first_syndicated": false
    },
    "trust": {
        "categories": [],
        "top_news": [],
        "bias": null,
        "source": {
            "type": null,
            "city": null,
            "state": null,
            "country": null,
            "domain_type": null,
            "agency": null,
            "organization_name": null
        }
    },
    "rating": null,
    "crawled": "2025-08-07T08:05:04.497+03:00",
    "updated": "2025-08-07T08:09:24.000+03:00"
}