{
    "thread": {
        "uuid": "06c77fbefe6cc1cd081fbb1ac3081c7f637e6b76",
        "url": "https://www.mitrade.com/insights/commodity-analysis/metal/fxstreet-XAUUSD-202508071417",
        "site_full": "www.mitrade.com",
        "site": "mitrade.com",
        "site_section": "https://news.google.com/search?q=as%20when%3a1h&hl=en-us&gl=us&ceid=us%3aen",
        "site_categories": [],
        "section_title": "Google News - Search",
        "site_title": "Mitrade | Trade Forex, Gold, Oil, Indices, Shares &amp; More on Our Award-Winning Platform",
        "title": "Gold price bulls look to seize control as trade concerns boost safe-haven assets",
        "title_full": "Gold price bulls look to seize control as trade concerns boost safe-haven assets",
        "published": "2025-08-07T09:17:00.000+03:00",
        "replies_count": 0,
        "participants_count": 1,
        "site_type": "news",
        "country": "TW",
        "main_image": "https://tw.mitrade.com/cms_uploads/img/20240927/5bf9f180386eda63344b64a157defbdc.jpg",
        "performance_score": 0,
        "domain_rank": 47154,
        "domain_rank_updated": "2025-06-03T00:00:00.000+03:00",
        "licensing_agency": [],
        "social": {
            "facebook": {
                "likes": 0,
                "comments": 0,
                "shares": 0
            },
            "vk": {
                "shares": 0
            }
        }
    },
    "uuid": "06c77fbefe6cc1cd081fbb1ac3081c7f637e6b76",
    "url": "https://www.mitrade.com/insights/commodity-analysis/metal/fxstreet-XAUUSD-202508071417",
    "ord_in_thread": 0,
    "author": "FXStreet",
    "published": "2025-08-07T09:17:00.000+03:00",
    "title": "Gold price bulls look to seize control as trade concerns boost safe-haven assets",
    "text": "Gold price bulls look to seize control as trade concerns boost safe-haven assets\nGold price attracts some safe-haven flows in reaction to Trump’s fresh tariff threats.\nRising bets for a Fed rate cut in September also benefit the non-yielding commodity.\nA modest USD recovery caps the precious metal amid a generally positive risk tone.\nGold price (XAU/USD) regains positive traction during the Asian session on Thursday and reverses the previous day's modest losses as fresh trade concerns boost demand for traditional safe-haven assets. Apart from this, the growing acceptance that the US Federal Reserve (Fed) will resume its rate-cutting cycle in September turns out to be another factor lending support to the non-yielding yellow metal.\nMeanwhile, the global risk sentiment seems rather unaffected by the latest trade-related developments. Adding to this, a modest rebound in the US Dollar (USD) from a one-week low touched on Wednesday could act as a headwind for the Gold price. This warrants caution before placing fresh bullish bets around the XAU/USD pair and positioning for any further upward move.\nDaily Digest Market Movers: Gold price is backed by reviving safe-haven demand amid tariff jitters\nUS President Donald Trump on Wednesday signed an executive order imposing an additional 25% tariff on Indian imports as \"punishment\" for buying oil from Russia, taking the total tariffs to 50%. Furthermore, reports suggest that Trump could impose an extra 15% tariff on all Japanese imports.\nMoreover, Trump had announced earlier this week that US tariffs on semiconductor and pharmaceutical imports would be unveiled within the next week or so. This revives concerns about the potential economic fallout from a global trade war and boosts the safe-haven Gold price on Thursday.\nTraders have been pricing in the possibility of more interest rate cuts than previously expected by the Federal Reserve this year. The bets were lifted by the weaker-than-expected US Nonfarm Payrolls report released last Friday and Tuesday's disappointing US ISM Services PMI print.\nAccording to the CME Group's FedWatch Tool, market participants see over a 90% chance that the US central bank will lower borrowing costs at the next monetary policy meeting in September. Moreover, the Fed is expected to deliver at least two 25-basis-point rate cuts by the end of this year.\nDovish Fed expectations fail to assist the US Dollar in registering any meaningful recovery from a one-week low touched on Wednesday and further benefit the non-yielding yellow metal. However, a positive risk tone, tracking overnight gains on Wall Street, caps gains for the precious metal.\nTraders now look forward to the US Weekly Initial Jobless Claims, due for release later during the North American session. This, along with speeches from influential FOMC members, would drive the USD demand and produce short-term trading opportunities around the XAU/USD pair.\nGold price bulls need to wait for sustained move beyond $3,400 before positioning for any further gains\nFrom a technical perspective, the commodity has been struggling to capitalize on the recent strength beyond the $3,380-3,385 region. Moreover, mixed oscillators on the daily chart warrant caution for the XAU/USD bulls. That said, this week's bounce from the 200-period Simple Moving Average (SMA) on the 4-hour chart backs the case for a further appreciating move. Some follow-through buying beyond the $3,400 mark will reaffirm the constructive outlook and lift the Gold price to the $3,420-3,422 intermediate hurdle en route to the $3,434-3,435 supply zone. A strength move beyond the latter would set the stage for a move towards retesting the all-time peak, around the $3,500 psychological mark touched in April.\nOn the flip side, any corrective pullback might continue to find decent support near the $3,350 area. This is closely followed by the 200-period SMA on the 4-hour chart, which, if broken decisively, might prompt some technical selling and drag the Gold price to the $3,315 intermediate support en route to the $3,300 round figure. Acceptance below the latter would expose the $3,268 region, or a one-month low touched last week.\n* The content presented above, whether from a third party or not, is considered as general advice only. This article should not be construed as containing investment advice, investment recommendations, an offer of or solicitation for any transactions in financial instruments.",
    "highlightText": "",
    "highlightTitle": "",
    "highlightThreadTitle": "",
    "language": "english",
    "sentiment": "positive",
    "categories": [
        "Economy, Business and Finance",
        "Politics"
    ],
    "topics": [
        "Economy, Business and Finance->financial and economic news",
        "Economy, Business and Finance->market and exchange",
        "Economy, Business and Finance->investment and opinion pieces",
        "Politics->economic policy"
    ],
    "ai_allow": true,
    "has_canonical": false,
    "breaking": false,
    "webz_reporter": false,
    "external_links": [],
    "external_images": [],
    "internal_images": [],
    "entities": {
        "persons": [],
        "locations": [],
        "organizations": [
            {
                "name": "Fed",
                "sentiment": "none",
                "tickers": [
                    {
                        "ticker": null,
                        "exchange": null
                    }
                ]
            }
        ]
    },
    "syndication": {
        "syndicated": false,
        "syndicate_id": null,
        "first_syndicated": false
    },
    "trust": {
        "categories": [],
        "top_news": [],
        "bias": null,
        "source": {
            "type": null,
            "city": null,
            "state": null,
            "country": null,
            "domain_type": null,
            "agency": null,
            "organization_name": null
        }
    },
    "rating": null,
    "crawled": "2025-08-07T09:27:21.783+03:00",
    "updated": "2025-08-07T09:30:21.000+03:00"
}