{
    "thread": {
        "uuid": "5504e15960716af8873b31962fa16cc80e3785c5",
        "url": "https://zeenews.india.com/other-sports/us-open-2025-sets-new-benchmark-announces-record-prize-pool-check-here-2942536.html",
        "site_full": "zeenews.india.com",
        "site": "india.com",
        "site_section": "https://news.google.com/search?q=each%20when%3a1h&hl=en-us&gl=us&ceid=us%3aen",
        "site_categories": [
            "media",
            "health",
            "cold_and_flu",
            "top_news_in",
            "top_news_qa",
            "top_news_pk",
            "top_news_ae",
            "top_news"
        ],
        "section_title": "Google News - Search",
        "site_title": "Latest News, Breaking News, LIVE News, Top News Headlines, Viral Video, Cricket LIVE, Sports, Entertainment, Business, Health, Lifestyle and Utility News | India.Com News",
        "title": "US Open 2025 Sets New Benchmark; Announces Record Prize Pool - Check Here",
        "title_full": "US Open 2025 Sets New Benchmark; Announces Record Prize Pool - Check Here",
        "published": "2025-08-07T07:22:00.000+03:00",
        "replies_count": 0,
        "participants_count": 1,
        "site_type": "news",
        "country": "IN",
        "main_image": "https://english.cdn.zeenews.com/sites/default/files/2025/08/07/1806209-usopen2025.png",
        "performance_score": 0,
        "domain_rank": 2637,
        "domain_rank_updated": "2025-06-03T00:00:00.000+03:00",
        "licensing_agency": [],
        "social": {
            "facebook": {
                "likes": 0,
                "comments": 0,
                "shares": 17
            },
            "vk": {
                "shares": 0
            }
        }
    },
    "uuid": "5504e15960716af8873b31962fa16cc80e3785c5",
    "url": "https://zeenews.india.com/other-sports/us-open-2025-sets-new-benchmark-announces-record-prize-pool-check-here-2942536.html",
    "ord_in_thread": 0,
    "author": "@zeenews",
    "published": "2025-08-07T07:22:00.000+03:00",
    "title": "US Open 2025 Sets New Benchmark; Announces Record Prize Pool - Check Here",
    "text": "US Open 2025 Sets New Benchmark; Announces Record Prize Pool - Check Here\nThe U.S. Open 2025 will offer a record $85 million in prize money, with $5 million each for singles champions. Total player compensation reaches $90 million, driven by player pressure. A new mixed doubles event and stadium renovation are also announced.\nUS Open 2025: The U.S. Open 2025 is set to make history by offering a record-breaking $85 million in prize money across all competitions. This includes a massive $5 million each for the men’s and women’s singles champions the highest in tennis history.\n$90 Million in Total Player Compensation\nAccording to the U.S. Tennis Association (USTA), total player compensation this year, which includes travel and other benefits, will jump 20% to $90 million. The move follows increasing pressure from top players demanding a larger share of revenue from Grand Slam events.\nNew Schedule and Mixed Doubles Event\nFor the first time, the U.S. Open will start singles matches on a Sunday, expanding the main draw from 14 to 15 days. The tournament kicks off on August 19-20 with a new mixed doubles event, offering a $1 million prize to the winning team.\nMajor Boosts Across All Rounds\n2025 Singles Champion: $5 million (up 39% from $3.6 million in 2024)\nRunner-up: $2.5 million (also a 39% hike)\nSemifinalists: $1.26 million (26% increase)\nDoubles Winners: $1 million per team (new record)\nQualifiers' Prize Pool: $8 million (10% increase)\nThe previous highest singles payout at the U.S. Open was $3.85 million in 2019, which had dropped due to the pandemic. This year’s increase marks a big leap in support for players at all levels.\nPressure From Top Players Pays Off\nIn March 2025, 20 top players including Novak Djokovic, Coco Gauff, and 2024 champions Aryna Sabalenka and Jannik Sinner sent a letter to the four Grand Slam organizers. They asked for higher prize money and a stronger voice in tournament decisions. Discussions between the players and Grand Slam officials have continued since then.\nOther Grand Slams Compared\nAt Wimbledon 2025, total prize money increased by around 7% to $73 million, with singles winners receiving about $4 million. In comparison, the U.S. Open's $5 million prize is a new benchmark for the sport.\nArthur Ashe Stadium Gets a Makeover\nThe prize money announcement follows USTA’s earlier news about a major $800 million renovation project for Arthur Ashe Stadium, the main venue at Flushing Meadows. It’s being called the “largest single investment” in U.S. Open history.\nStay informed on all the latest news, real-time breaking news updates, and follow all the important headlines in india news andworld News on Zee News.\nLive Tv",
    "highlightText": "",
    "highlightTitle": "",
    "highlightThreadTitle": "",
    "language": "english",
    "sentiment": "positive",
    "categories": [
        "Sport",
        "Economy, Business and Finance",
        "Lifestyle and Leisure"
    ],
    "topics": [
        "Sport->tennis",
        "Economy, Business and Finance->financial and economic news",
        "Economy, Business and Finance->tourism and leisure industry",
        "Lifestyle and Leisure->lifestyle",
        "Lifestyle and Leisure->game"
    ],
    "ai_allow": true,
    "has_canonical": false,
    "breaking": true,
    "webz_reporter": false,
    "external_links": [],
    "external_images": [],
    "internal_images": [],
    "entities": {
        "persons": [],
        "locations": [],
        "organizations": [
            {
                "name": "U.S. Tennis Association",
                "sentiment": "none",
                "tickers": []
            },
            {
                "name": "USTA",
                "sentiment": "none",
                "tickers": [
                    {
                        "ticker": null,
                        "exchange": null
                    }
                ]
            }
        ]
    },
    "syndication": {
        "syndicated": false,
        "syndicate_id": null,
        "first_syndicated": false
    },
    "trust": {
        "categories": [
            "trusted_news"
        ],
        "top_news": [
            "top_news_in",
            "top_news_qa",
            "top_news_pk",
            "top_news_ae",
            "top_news"
        ],
        "bias": "center",
        "source": {
            "type": null,
            "city": null,
            "state": null,
            "country": null,
            "domain_type": null,
            "agency": null,
            "organization_name": null
        }
    },
    "rating": null,
    "crawled": "2025-08-07T07:38:41.826+03:00",
    "updated": "2025-08-08T08:07:42.000+03:00"
}