{
    "thread": {
        "uuid": "2a79aef9cf64b5cdf52f1e4745d55f2440878cd5",
        "url": "https://www.fxstreet.com/news/gbp-usd-rises-above-12900-as-us-yields-decline-q4-gdp-annualized-report-eyed-202503270232",
        "site_full": "www.fxstreet.com",
        "site": "fxstreet.com",
        "site_section": "http://xml.fxstreet.com/index.xml",
        "site_categories": [
            "investing",
            "financial_news",
            "finance",
            "stocks"
        ],
        "section_title": "FXStreet News",
        "site_title": "FXStreet - The Forex Market",
        "title": "GBP/USD rises above 1.2900 as US yields decline, Q4 GDP Annualized report eyed",
        "title_full": "GBP/USD rises above 1.2900 as US yields decline, Q4 GDP Annualized report eyed",
        "published": "2025-03-27T04:32:00.000+02:00",
        "replies_count": 0,
        "participants_count": 1,
        "site_type": "news",
        "country": "US",
        "main_image": "https://editorial.fxsstatic.com/images/i/GBPUSD-bullish-object-1_Large.png",
        "performance_score": 0,
        "domain_rank": 7589,
        "domain_rank_updated": "2025-03-24T23:00:00.000+02:00",
        "licensing_agency": [],
        "social": {
            "facebook": {
                "likes": 0,
                "comments": 0,
                "shares": 0
            },
            "vk": {
                "shares": 0
            }
        }
    },
    "uuid": "2a79aef9cf64b5cdf52f1e4745d55f2440878cd5",
    "url": "https://www.fxstreet.com/news/gbp-usd-rises-above-12900-as-us-yields-decline-q4-gdp-annualized-report-eyed-202503270232",
    "ord_in_thread": 0,
    "author": "FXStreet",
    "published": "2025-03-27T04:32:00.000+02:00",
    "title": "GBP/USD rises above 1.2900 as US yields decline, Q4 GDP Annualized report eyed",
    "text": "- GBP/USD appreciates as the US Dollar loses ground amid lower yields.\n- Traders await weekly Initial Jobless Claims and Q4 Gross Domestic Product Annualized data from the US on Thursday.\n- The weaker UK CPI data has strengthened expectations that the Bank of England may consider easing its monetary policy.\nGBP/USD recovers its recent losses from the previous session, climbing to around 1.2910 during Thursday’s Asian session. The pair is strengthening as the US Dollar (USD) remains under pressure due to declining Treasury yields, with the 2-year and 10-year yields hovering at 4.0% and 4.34%, respectively. Market participants are closely monitoring upcoming US economic data, including weekly Initial Jobless Claims and the final Q4 Gross Domestic Product (GDP) Annualized report, set for release later in the day.\nHowever, the upside of the GBP/USD pair could be limited as risk-off sentiment rises amid escalating US trade policies. Late Wednesday, US President Donald Trump signed an order imposing a 25% tariff on auto imports, set to take effect on April 2, with collections beginning the following day. However, a one-month reprieve will be granted for auto parts imports. The move has intensified global trade tensions, adding uncertainty to the markets.\nAdding to trade-war concerns, St. Louis Fed President Alberto Musalem issued strong remarks on Wednesday, joining other Federal Reserve policymakers in criticizing the tariff policies. Musalem warned that these measures are unsettling the US economy, increasing uncertainty, and pushing inflation higher.\nMeanwhile, the Pound Sterling (GBP) weakened following the release of the UK Consumer Price Index (CPI) report for February, which showed inflation cooling faster than expected. The softer CPI figures have fueled speculation that the Bank of England (BoE) may lean toward monetary easing.\nHeadline CPI rose 2.8% year-over-year, missing the 2.9% forecast and cooling from January’s 3.0%. Core CPI, which excludes volatile items, increased by 3.5%, below expectations of 3.6% and the previous 3.7% reading. On a monthly basis, headline CPI grew 0.4% after a 0.1% decline in January, falling short of the 0.5% estimate. However, services sector inflation—closely watched by BoE officials—remained steady at 5%.\nPound Sterling FAQs\nThe Pound Sterling (GBP) is the oldest currency in the world (886 AD) and the official currency of the United Kingdom. It is the fourth most traded unit for foreign exchange (FX) in the world, accounting for 12% of all transactions, averaging $630 billion a day, according to 2022 data. Its key trading pairs are GBP/USD, also known as ‘Cable’, which accounts for 11% of FX, GBP/JPY, or the ‘Dragon’ as it is known by traders (3%), and EUR/GBP (2%). The Pound Sterling is issued by the Bank of England (BoE).\nThe single most important factor influencing the value of the Pound Sterling is monetary policy decided by the Bank of England. The BoE bases its decisions on whether it has achieved its primary goal of “price stability” – a steady inflation rate of around 2%. Its primary tool for achieving this is the adjustment of interest rates. When inflation is too high, the BoE will try to rein it in by raising interest rates, making it more expensive for people and businesses to access credit. This is generally positive for GBP, as higher interest rates make the UK a more attractive place for global investors to park their money. When inflation falls too low it is a sign economic growth is slowing. In this scenario, the BoE will consider lowering interest rates to cheapen credit so businesses will borrow more to invest in growth-generating projects.\nData releases gauge the health of the economy and can impact the value of the Pound Sterling. Indicators such as GDP, Manufacturing and Services PMIs, and employment can all influence the direction of the GBP. A strong economy is good for Sterling. Not only does it attract more foreign investment but it may encourage the BoE to put up interest rates, which will directly strengthen GBP. Otherwise, if economic data is weak, the Pound Sterling is likely to fall.\nAnother significant data release for the Pound Sterling is the Trade Balance. This indicator measures the difference between what a country earns from its exports and what it spends on imports over a given period. If a country produces highly sought-after exports, its currency will benefit purely from the extra demand created from foreign buyers seeking to purchase these goods. Therefore, a positive net Trade Balance strengthens a currency and vice versa for a negative balance.\nInformation on these pages contains forward-looking statements that involve risks and uncertainties. Markets and instruments profiled on this page are for informational purposes only and should not in any way come across as a recommendation to buy or sell in these assets. You should do your own thorough research before making any investment decisions. FXStreet does not in any way guarantee that this information is free from mistakes, errors, or material misstatements. It also does not guarantee that this information is of a timely nature. Investing in Open Markets involves a great deal of risk, including the loss of all or a portion of your investment, as well as emotional distress. All risks, losses and costs associated with investing, including total loss of principal, are your responsibility. The views and opinions expressed in this article are those of the authors and do not necessarily reflect the official policy or position of FXStreet nor its advertisers. The author will not be held responsible for information that is found at the end of links posted on this page.\nIf not otherwise explicitly mentioned in the body of the article, at the time of writing, the author has no position in any stock mentioned in this article and no business relationship with any company mentioned. The author has not received compensation for writing this article, other than from FXStreet.\nFXStreet and the author do not provide personalized recommendations. The author makes no representations as to the accuracy, completeness, or suitability of this information. FXStreet and the author will not be liable for any errors, omissions or any losses, injuries or damages arising from this information and its display or use. Errors and omissions excepted.\nThe author and FXStreet are not registered investment advisors and nothing in this article is intended to be investment advice.\nRecommended content\nEditors’ Picks\nAUD/USD recovers to near 0.6300 as US Dollar retreats\nAUD/USD has trimmed losses to trade near 0.6300 in Thursday's Asian session. The US Dollar sees a sharp pullback from three-week highs after US President Trump announced some tariff exemptions on auto part imports, supporting the pair. However, buyers remain caution amid fears of global trade war escalation.\nAUD/USD News\nUSD/JPY drops to test 150.00, tracks US Dollar pull\nUSD/JPY is dropping to test 150.00 in the Asian session on Thursday. The pair meets fresh supply in tandem with the US Dollar on US President Trump's latest tariff exemption announcement. Further, hawkish BoJ bets and the risk-off impulse also underpin the safe-haven Japanese Yen, aiding the latest leg down\nUSD/JPY News\nGold price sticks to positive bias above $3,000 on safe-haven demand\nGold price ticks higher in the Asian session on Thursday as worries about Trump's tariff plans continue to benefit the safe-haven bullion. This combined with a fresh US Dollar selliing from a three-week high add to Gold price upside. Traders now look to tariff updates and Friday's US PCE data for further impetus.\nGold News\nStablecoin mania kicks off as Wyoming and Fidelity join the race\nAccording to Governor Mark Gordon, the state of Wyoming has joined the race for a stablecoin, following plans to launch WYST, a US Dollar-backed token in July. WYST will be fully backed by US Treasuries, cash, and repurchase agreements, with a capitalization requirement of at least 102%.\nRead more\nSticky UK services inflation shows signs of tax hike impact\nThere are tentative signs that the forthcoming rise in employer National Insurance is having an impact on service sector inflation, which came in a tad higher than expected in February. It should still fall back in the second quarter, though, keeping the Bank of England on track for three further rate cuts this year.\nRead more\nThe Best brokers to trade EUR/USD\nSPONSORED Discover the top brokers for trading EUR/USD in 2025. Our list features brokers with competitive spreads, fast execution, and powerful platforms. Whether you're a beginner or an expert, find the right partner to navigate the dynamic Forex market.\nRead More",
    "highlightText": "",
    "highlightTitle": "",
    "highlightThreadTitle": "",
    "language": "english",
    "sentiment": "positive",
    "categories": [
        "Economy, Business and Finance"
    ],
    "topics": [
        "Economy, Business and Finance->foreign exchange market",
        "Economy, Business and Finance->financial and economic news"
    ],
    "ai_allow": true,
    "has_canonical": false,
    "breaking": false,
    "webz_reporter": false,
    "external_links": [],
    "entities": {
        "persons": [
            {
                "name": "Donald Trump",
                "sentiment": "negative"
            },
            {
                "name": "Alberto Musalem",
                "sentiment": "neutral"
            },
            {
                "name": "Mark Gordon",
                "sentiment": "neutral"
            }
        ],
        "locations": [
            {
                "name": "EUR",
                "sentiment": "positive"
            },
            {
                "name": "BoE",
                "sentiment": "neutral"
            },
            {
                "name": "US",
                "sentiment": "neutral"
            },
            {
                "name": "UK",
                "sentiment": "neutral"
            },
            {
                "name": "the United Kingdom",
                "sentiment": "neutral"
            },
            {
                "name": "Wyoming",
                "sentiment": "neutral"
            }
        ],
        "organizations": [
            {
                "name": "the Trade Balance",
                "sentiment": "positive",
                "tickers": []
            },
            {
                "name": "SPONSORED",
                "sentiment": "positive",
                "tickers": []
            },
            {
                "name": "Treasury",
                "sentiment": "negative",
                "tickers": []
            },
            {
                "name": "Musalem",
                "sentiment": "negative",
                "tickers": []
            },
            {
                "name": "WYST",
                "sentiment": "negative",
                "tickers": []
            },
            {
                "name": "US Treasuries",
                "sentiment": "negative",
                "tickers": []
            },
            {
                "name": "Initial Jobless Claims",
                "sentiment": "neutral",
                "tickers": []
            },
            {
                "name": "the Bank of England",
                "sentiment": "neutral",
                "tickers": []
            },
            {
                "name": "Q4 Gross Domestic Product",
                "sentiment": "neutral",
                "tickers": []
            },
            {
                "name": "St. Louis Fed",
                "sentiment": "neutral",
                "tickers": []
            },
            {
                "name": "Federal Reserve",
                "sentiment": "neutral",
                "tickers": []
            },
            {
                "name": "The Pound Sterling (GBP",
                "sentiment": "neutral",
                "tickers": []
            },
            {
                "name": "FX",
                "sentiment": "neutral",
                "tickers": []
            },
            {
                "name": "GBP/USD",
                "sentiment": "neutral",
                "tickers": []
            },
            {
                "name": "EUR/GBP",
                "sentiment": "neutral",
                "tickers": []
            },
            {
                "name": "Manufacturing and Services",
                "sentiment": "neutral",
                "tickers": []
            },
            {
                "name": "FXStreet",
                "sentiment": "neutral",
                "tickers": []
            },
            {
                "name": "AUD",
                "sentiment": "neutral",
                "tickers": []
            },
            {
                "name": "The US Dollar",
                "sentiment": "neutral",
                "tickers": []
            },
            {
                "name": "USD News",
                "sentiment": "neutral",
                "tickers": []
            },
            {
                "name": "BoJ",
                "sentiment": "neutral",
                "tickers": []
            },
            {
                "name": "JPY News",
                "sentiment": "neutral",
                "tickers": []
            },
            {
                "name": "US PCE",
                "sentiment": "neutral",
                "tickers": []
            },
            {
                "name": "Gold News",
                "sentiment": "neutral",
                "tickers": []
            },
            {
                "name": "Fidelity",
                "sentiment": "neutral",
                "tickers": []
            },
            {
                "name": "National Insurance",
                "sentiment": "neutral",
                "tickers": []
            }
        ]
    },
    "syndication": {
        "syndicated": false,
        "syndicate_id": null,
        "first_syndicated": false
    },
    "trust": {
        "categories": []
    },
    "rating": null,
    "crawled": "2025-03-27T04:39:32.164+02:00",
    "updated": "2025-03-27T04:39:32.164+02:00"
}