{
    "thread": {
        "uuid": "3624b509eca5d5f66e6b038104503796a1c6c898",
        "url": "https://www.cbsnews.com/detroit/news/uaw-shawn-fain-reacts-to-trump-auto-tariffs",
        "site_full": "www.cbsnews.com",
        "site": "cbsnews.com",
        "site_section": "https://cbslocal.com#site-header:66",
        "site_categories": [
            "media",
            "television",
            "entertainment",
            "top_news_ca",
            "top_news_ph",
            "top_news_iq",
            "top_news_nz",
            "top_news_au",
            "top_news_us",
            "top_news_za",
            "top_news_sg",
            "top_news_kw",
            "top_news"
        ],
        "section_title": "CBS Local - Your local news and live free 24/7 streaming news",
        "site_title": "CBS News | Breaking news, top stories &amp; today's latest headlines",
        "title": "UAW president applauds Trump administration for tariffs on foreign-made cars, says it ends \"free trade disaster\" - CBS Detroit",
        "title_full": "UAW president applauds Trump administration for tariffs on foreign-made cars, says it ends \"free trade disaster\" - CBS Detroit",
        "published": "2025-03-27T04:20:00.000+02:00",
        "replies_count": 0,
        "participants_count": 1,
        "site_type": "news",
        "country": "US",
        "main_image": "https://assets2.cbsnewsstatic.com/hub/i/r/2025/03/27/fc03edfd-332d-4dca-ad03-1e5a51bdf90f/thumbnail/1200x630/7cead5f7c0452e8804ca0dff253e57d4/gettyimages-2083891342.jpg?v=95354023eeb6141c58c08d9a5716f291",
        "performance_score": 0,
        "domain_rank": 201,
        "domain_rank_updated": "2025-03-24T23:00:00.000+02:00",
        "licensing_agency": [],
        "social": {
            "facebook": {
                "likes": 0,
                "comments": 0,
                "shares": 0
            },
            "vk": {
                "shares": 0
            }
        }
    },
    "uuid": "3624b509eca5d5f66e6b038104503796a1c6c898",
    "url": "https://www.cbsnews.com/detroit/news/uaw-shawn-fain-reacts-to-trump-auto-tariffs",
    "ord_in_thread": 0,
    "author": null,
    "published": "2025-03-27T04:20:00.000+02:00",
    "title": "UAW president applauds Trump administration for tariffs on foreign-made cars, says it ends \"free trade disaster\" - CBS Detroit",
    "text": "United Auto Workers union President Shawn Fain, who has been critical of President Trump in the past, says the 25% tariffs on foreign-made cars is a step to \"end the free trade disaster.\"\nMr. Trump announced on Wednesday that he would impose tariffs on automobiles and light trucks imported into the United States. The tariffs, he said, would go into effect on April 2, and the U.S. would start collecting the duties the following day. Mr. Trump said he believes the new import duty could raise between $600 billion and $1 trillion in revenue over the next two years.\nWhite House officials predicted roughly $100 billion in revenue.\n\"This will continue to spur growth like you haven't seen before,\" Mr. Trump said from the Oval Office Wednesday afternoon. \"We'll effectively be charging a 25% tariff. But if you build your car in the United States, there is no tariff.\"\nFain's response to tariffs on foreign-made cars \"We applaud the Trump administration for stepping up to end the free trade disaster that has devastated working-class communities for decades. Ending the race to the bottom in the auto industry starts with fixing our broken trade deals, and the Trump administration has made history with today's actions.\"\n\"But ending the race to the bottom also means securing union rights for autoworkers everywhere with a strong National Labor Relations Board, a decent retirement with Social Security benefits protected, healthcare for all workers including through Medicare and Medicaid, and dignity on and off the job. The UAW and the working class, in general, couldn't care less about party politics; working people expect leaders to work together to deliver results. The UAW has been clear: we will work with any politician, regardless of party, who is willing to reverse decades of working-class people going backwards in the most profitable times in our nation's history. These tariffs are a major step in the right direction for autoworkers and blue-collar communities across the country, and it is now on the automakers, from the Big Three to Volkswagen and beyond, to bring back good union jobs to the U.S.\"\nFain has been in conflict with automakers for allegedly attempting to move production out of the United States. Last year, the union filed federal unfair labor practice charges , accusing Stellantis of proposing to move production of the Dodge Durango out of the country.\nFain was critical of Mr. Trump during the 2024 election, even calling the now-president a \"scab\" during the Democratic National Convention and linking him to the closures of auto plants during his last term. However, he backed Mr. Trump earlier this month after he announced proposed tariffs against Mexico and Canada.\nOn Wednesday, the union said the tariffs could help bring back thousands of more automotive jobs across the U.S.\n\"The UAW has encouraged the Trump administration to take clear, aggressive action to bring back good, union auto jobs,\" the union said in a news release. \"We are heartened by the significant measures they have announced today, and we urge the administration to take similar action to protect and reshore the heavy truck sector. Beyond tariffs, a continued, dramatic shift in our country's trade agreements and economic policies will be necessary to end the free trade disaster.\"\nLawmakers react to Trump's auto tariffs Democratic Congresswoman Debbie Dingell, who recently spoke of tariffs and the auto industry on CBS' \"Face the Nation,\" issued the following statement Mr. Trump's auto tariffs:\n \"Today's announcement appears to be a step toward on-shoring supply chains and bringing manufacturing back to our country. Tariffs, when applied strategically, are a valuable tool to support American manufacturing and competitiveness, and I will work with anyone to support these goals. We need to remember we must allow the auto companies and suppliers the time they need to adjust - production changes can't take place overnight. Our domestic auto industry relies on a closely integrated North American supply chain, which is why it's important this includes exceptions for USMCA-compliant imports. However, it is time to renegotiate USMCA.\"\nDemocratic Congresswoman Haley Stevens also issued a statement:\n\"The Michigan auto industry and our best-in-class workforce are the crown jewels of the Midwest industrial economy. We need smart trade policy that supports jobs in Michigan and tariffs are critical to how we compete globally with countries like China that don't play by the rules. Stronger protection for American-made cars and trucks is long overdue. I welcome that, but we need to fully understand the details. Over the next few days, I will do what I always do: listen to the people. I am eager to hear more from autoworkers, suppliers, and auto companies. I plan to continue to stand alongside Michiganders and the drivers of our economy while navigating this new trade policy. And I will keep pushing in the Congress to invest in innovative tech, our workforce, and manufacturing infrastructure, so we can win the mid-21st century and beyond.\"\nIn: DeJanay Booth-Singleton DeJanay Booth-Singleton is a digital producer at CBS Detroit. She covers various topics such as crime, business and politics.",
    "highlightText": "",
    "highlightTitle": "",
    "highlightThreadTitle": "",
    "language": "english",
    "sentiment": "positive",
    "categories": [
        "Politics",
        "Economy, Business and Finance",
        "Social Issue"
    ],
    "topics": [
        "Politics->government policy",
        "Politics->economic policy",
        "Politics->political process",
        "Economy, Business and Finance->economy",
        "Economy, Business and Finance->financial and economic news",
        "Economy, Business and Finance->business governance",
        "Social Issue->demographics",
        "Social Issue->communities",
        "Social Issue->social problem"
    ],
    "ai_allow": true,
    "has_canonical": false,
    "breaking": true,
    "webz_reporter": false,
    "external_links": [],
    "entities": {
        "persons": [],
        "locations": [],
        "organizations": []
    },
    "syndication": {
        "syndicated": false,
        "syndicate_id": null,
        "first_syndicated": false
    },
    "trust": {
        "categories": []
    },
    "rating": null,
    "crawled": "2025-03-27T04:24:54.037+02:00",
    "updated": "2025-03-29T07:14:05.844+03:00"
}