{
    "thread": {
        "uuid": "72dedf9577219ec1187dea38534ca99c2badd35b",
        "url": "https://www.scoop.co.nz/stories/AK2503/S00915/kauri-coast-community-pool-funding-extended-while-council-investigates-future-options.htm",
        "site_full": "www.scoop.co.nz",
        "site": "scoop.co.nz",
        "site_section": "https://www.scoop.co.nz/storyindex/index.rss?s.c=AK",
        "site_categories": [
            "media",
            "law_government_and_politics",
            "politics",
            "top_news_nz",
            "top_news"
        ],
        "section_title": "Scoop NZ - Regional",
        "site_title": "Scoop - New Zealand News",
        "title": "Kauri Coast Community Pool Funding Extended While Council Investigates Future Options",
        "title_full": "Kauri Coast Community Pool Funding Extended While Council Investigates Future Options",
        "published": "2025-03-27T02:52:00.000+02:00",
        "replies_count": 0,
        "participants_count": 1,
        "site_type": "news",
        "country": "NZ",
        "main_image": "http://img.scoop.co.nz/stories/images/1908/scoop_image.jpg",
        "performance_score": 0,
        "domain_rank": 5378,
        "domain_rank_updated": "2025-03-24T23:00:00.000+02:00",
        "licensing_agency": [],
        "social": {
            "facebook": {
                "likes": 0,
                "comments": 0,
                "shares": 0
            },
            "vk": {
                "shares": 0
            }
        }
    },
    "uuid": "72dedf9577219ec1187dea38534ca99c2badd35b",
    "url": "https://www.scoop.co.nz/stories/AK2503/S00915/kauri-coast-community-pool-funding-extended-while-council-investigates-future-options.htm",
    "ord_in_thread": 0,
    "author": "Thursday",
    "published": "2025-03-27T02:52:00.000+02:00",
    "title": "Kauri Coast Community Pool Funding Extended While Council Investigates Future Options",
    "text": "Kauri Coast Community Pool Funding Extended While Council Investigates Future Options\nThe Kauri Coast Community Pool will receive funding from Kaipara District Council for another year, while staff investigate ownership options for the future.\nThe Kauri Coast Community Pool, owned by Sport Northland, currently operates with support from Kaipara District Council through an annual grant of around $350,000. This grant, which covers operations, repairs, and maintenance, is adjusted annually to reflect changes in the Consumer Price Index (CPI) and for the 2024/2025 year was $395,390. The existing funding arrangement is set to expire in June 2025.\nAt a council briefing in August 2024, Sport Northland sought direction from elected members regarding a preferred future ownership model and potential funding mechanisms for the pool. Discussions continued during a February 2025 briefing and the March council meeting. As a result, Council has approved the preparation of a comprehensive report to evaluate future ownership and management options, including associated costs and funding methods. The cost of the grant is currently paid through general rates, which is shared across all Kaipara District ratepayers. Future ownership options include transferring ownership to Kaipara District Council or a charitable trust.\nAny changes to the current model would likely require adjustments to address previously identified issues, including the lack of local employment opportunities.\nKaipara District Council Mayor Craig Jepson said elected members had been clear on their strong support for the pool.\n“We recognise the immense value the Kauri Coast Community Pool provides to our community and the wider region. It’s not just a local facility – it’s a regional asset. This is why we have extended the pool’s annual grant for another year while we explore all funding opportunities and operational models to ensure it runs as a top-quality facility.”\nCouncil staff will work with Brett Young of Community Asset Solutions to prepare the detailed report, which will outline future ownership and management models and propose improvements to the operating model. This report will be presented by December 2025. The findings will help guide Council’s decision-making for the pool’s long-term future.\nView the council discussion and decision on the Kaipara District Council YouTube channel. Read the council meeting report and the Kauri Coast Community Pool Operating Grant Review and Business Case.",
    "highlightText": "",
    "highlightTitle": "",
    "highlightThreadTitle": "",
    "language": "english",
    "sentiment": "positive",
    "categories": [
        "Economy, Business and Finance",
        "Politics",
        "Social Issue"
    ],
    "topics": [
        "Economy, Business and Finance->financial and economic news",
        "Economy, Business and Finance->business governance",
        "Economy, Business and Finance->economy",
        "Politics->government policy",
        "Politics->public inquiry",
        "Politics->local government and authority",
        "Social Issue->social services",
        "Social Issue->communities",
        "Social Issue->welfare"
    ],
    "ai_allow": true,
    "has_canonical": false,
    "breaking": true,
    "webz_reporter": false,
    "external_links": [],
    "entities": {
        "persons": [
            {
                "name": "Craig Jepson",
                "sentiment": "neutral"
            }
        ],
        "locations": [
            {
                "name": "Kaipara District",
                "sentiment": "neutral"
            }
        ],
        "organizations": [
            {
                "name": "Kauri Coast Community Pool Funding Extended While Council Investigates Future Options",
                "sentiment": "neutral",
                "tickers": []
            },
            {
                "name": "Sport Northland",
                "sentiment": "neutral",
                "tickers": []
            },
            {
                "name": "Brett Young of Community Asset Solutions",
                "sentiment": "neutral",
                "tickers": []
            },
            {
                "name": "the Kaipara District Council YouTube",
                "sentiment": "neutral",
                "tickers": []
            },
            {
                "name": "the Kauri Coast Community Pool Operating Grant Review and Business Case",
                "sentiment": "neutral",
                "tickers": []
            }
        ]
    },
    "syndication": {
        "syndicated": false,
        "syndicate_id": null,
        "first_syndicated": false
    },
    "trust": {
        "categories": []
    },
    "rating": null,
    "crawled": "2025-03-27T03:03:31.521+02:00",
    "updated": "2025-03-27T03:03:31.521+02:00"
}