{
    "thread": {
        "uuid": "16abbfd06d6b7a96b11ff1e51bd039aae2a8bcd9",
        "url": "https://mishtalk.com/economics/news-flash-trump-says-car-companies-will-be-thrilled-with-tariffs",
        "site_full": "mishtalk.com",
        "site": "mishtalk.com",
        "site_section": "https://www.mishtalk.com",
        "site_categories": [
            "media"
        ],
        "section_title": "MishTalk &#8211; Global Economic Trend Analysis",
        "site_title": "MishTalk &#8211; Global Economic Trend Analysis",
        "title": "News Flash: Trump Says \"Car Companies Will Be Thrilled With Tariffs\"",
        "title_full": "News Flash: Trump Says \"Car Companies Will Be Thrilled With Tariffs\"",
        "published": "2025-03-27T01:47:00.000+02:00",
        "replies_count": 0,
        "participants_count": 1,
        "site_type": "news",
        "country": "US",
        "main_image": "",
        "performance_score": 0,
        "domain_rank": 68437,
        "domain_rank_updated": "2025-03-24T23:00:00.000+02:00",
        "licensing_agency": [],
        "social": {
            "facebook": {
                "likes": 0,
                "comments": 0,
                "shares": 0
            },
            "vk": {
                "shares": 0
            }
        }
    },
    "uuid": "16abbfd06d6b7a96b11ff1e51bd039aae2a8bcd9",
    "url": "https://mishtalk.com/economics/news-flash-trump-says-car-companies-will-be-thrilled-with-tariffs",
    "ord_in_thread": 0,
    "author": "Mike Shedlock",
    "published": "2025-03-27T01:47:00.000+02:00",
    "title": "News Flash: Trump Says \"Car Companies Will Be Thrilled With Tariffs\"",
    "text": "The word of the hour is “thrilled” by 25 percent tariffs on autos starting April 2.\nPrepared to be Thrilled\nThe Wall Street Journal reports Trump Plans 25% Tariff on Imported Vehicles\n“What we’re going to be doing is a 25% tariff on all cars not made in the U.S.,” Trump said Wednesday in the Oval Office, appearing to dispel any chance of an exemption for countries such as Canada and Mexico, which have a free trade agreement with the U.S. It wasn’t clear when those tariffs would be effective, or whether they would extend to auto parts, which Trump’s trade team had considered exempting from tariffs in recent days.\nThe U.S. will start collecting the auto tariffs on April 3, Trump said, the day after he is slated to announce a broader slate of trade actions. Trump’s so-called reciprocal tariffs, slated for that day, were originally planned to equalize U.S. tariffs with those charged by foreign nations, but Trump said Wednesday that the tariffs he plans to implement would likely be lower than that.\nCanadian Prime Minister Mark Carney called the tariffs a direct attack on Canadian workers. He said Canadian officials would decide what actions to take, including possible retaliatory tariffs, after seeing the language of Trump’s executive order.\n“It’s clear that this is a violation and he has betrayed our trade agreement,” said Carney, who has just begun an election campaign that will culminate in an April 28 vote.\nNearly half of new passenger vehicles sold in the U.S. in 2024 were assembled outside the U.S., according to data from S&P Global Mobility. Mexico is the biggest auto exporter to the U.S., sending pickups from General Motors, Ram and Toyota as well as affordable sedans from Nissan and luxury models from BMW and Volkswagen’s Audi.\nIn many cases, Trump said, the tariffs will be “less than the tariff [trading partners] have been charging us for decades.”\nTrump also said the reciprocal tariffs will target “all countries,” and not just the 15% of nations that Treasury Secretary Scott Bessent had said could be given priority in the April 2 action.\nTrump batted away concerns over higher prices for cars or effects on U.S. automakers, saying that car companies with factories in the U.S. would be “thrilled” with the tariffs .\nTrump’s previously implemented, but largely delayed, tariffs of 25% on Canada and Mexico would add about $6,000 in costs to vehicles assembled in those countries, assuming parts were also included in the levies, Cox Automotive said.\nAnalysts have said that auto tariffs, if broadly applied and lasting more than a few weeks, would lead to a slowdown across the industry.\n“Bottom line: lower production, tighter supply and higher prices are around the corner,” Cox Automotive chief economist Jonathan Smoke said.\nWhen consumers might start to feel higher prices remains uncertain, because many dealers have built up a stockpile of cars on their lots to prepare for the tariffs.\nI am Thrilled Already\nHowever, I don’t know if I will be thrilled next week, tomorrow, or even an hour from now, due to Trump’s propensity to repeatedly change his mind on tariffs.\nAre Automakers Thrilled?\nI asked Grok “What do GM and Ford think of Trump’s 25 percent tariff on cars?”\nGeneral Motors (GM) and Ford have expressed significant concerns about President Donald Trump’s 25% tariff on imported cars, particularly those from Mexico and Canada, due to the potential for increased costs, disrupted supply chains, and negative impacts on their profitability and the broader U.S. automotive industry.\nGM has been vocal about the potential fallout. CEO Mary Barra has acknowledged the challenges posed by the tariffs, emphasizing that they could lead to higher vehicle prices and reduced competitiveness. However, she has also outlined a proactive stance, stating that GM has contingency plans to mitigate up to 30% to 50% of the additional costs in the short term without significant capital investment. This could involve shifting some production to U.S. plants, where GM has capacity, or adjusting global sales strategies. Barra has met with Trump to discuss investment plans, indicating a willingness to adapt, though the company has not accounted for tariffs in its 2025 financial guidance, reflecting ongoing uncertainty. GM’s heavy reliance on Mexican production—over 842,000 vehicles in 2024, including key models like the Chevrolet Silverado and Equinox—makes it particularly vulnerable, and the company fears long-term damage to its bottom line and American jobs if tariffs persist.\nFord has been more overtly critical. CEO Jim Farley has described the tariffs as injecting “chaos” into the industry, warning that a sustained 25% tariff on imports from Mexico and Canada would “blow a hole” in the U.S. auto sector, an impact he considers unprecedented. Farley has highlighted the added costs and disruption to Ford’s operations, which include producing popular models like the Bronco Sport and Mustang Mach-E in Mexico. He has expressed frustration over the unpredictability, noting that even short-term tariffs add “a lot of cost” and complicate planning. While Ford has engaged with the Trump administration—Farley and Chairman Bill Ford spoke with Trump, securing a one-month exemption for USMCA-compliant vehicles until April 2, 2025—the company remains wary. Farley has also suggested that if tariffs are inevitable, they should be applied comprehensively across all countries to level the playing field, pointing to competitors like Toyota and Hyundai that import from Japan and South Korea with lower duties.\nBoth companies have lobbied for exemptions, particularly for vehicles meeting the United States-Mexico-Canada Agreement (USMCA) rules, arguing that tariffs undermine their investments in North American manufacturing. They secured a temporary reprieve in early March 2025, but the looming April 2 deadline keeps the pressure on. While GM seems more focused on mitigation and adaptation, Ford leans toward highlighting the broader industry chaos and economic risks, reflecting a mix of pragmatic and alarmed perspectives on Trump’s tariff policy.\nWho Do You Believe?\nThe Ford CEO, GM CEO, and Cox Automotive chief economist Jonathan Smoke say they are not thrilled by the tariffs.\nBut Trump says they are thrilled.\nSince Trump has never been known to lie, you have to go with Trump on this one.\nConsumers Will Be Thrilled Too\nTrump largely won the election on the economy, especially inflation.\nOne of the reasons Trump one is his promise of lower higher inflation. So consumers will likely be as thrilled as Ford, GM, Cox, Trump, and me when prices rise by $6,000.\nWait. I have even better news, especially regarding trucks.\nOn February 26, I noted Trump’s Tariffs Will Increase the Cost of a Pickup Truck by $8,000.\nAnderson Economic Group examines the potential tariff damage.\nThe study estimates that a 25% tariff on the U.S. neighbors would increase the cost of a full-size SUV assembled in North America by $9,000 and a pickup truck by $8,000. The cost of an electric-vehicle cross-over would increase by $12,200.\nI’m not sure if that properly factors in steel and aluminum tariffs. So I am geared up for even bigger thrills.\nRelated Posts\nMarch 24, 2025: Trump Announces 25 Percent Tariffs on Countries that Buy Venezuela Oil\nI eagerly await Trump’s major announcement for Venezuela to be the 53rd state.\nTrump Postpones “Liberation Day” to Focus on the “Dirty 15”\nOn March 24, 2025 I noted Trump Postpones “Liberation Day” to Focus on the “Dirty 15”\nTrump proclaimed April 2 as “Liberation Day” on which he would announce specific tariffs on each of 200 countries.\nI had my flags out and firecrackers ready.\nAnd as my lead chart clearly shows, we desperately need liberation from Canada.\nI put my flags and firecrackers away, but after today’s announcement I am buying more immediately.\nBeat the rush before prices rise.\nAddendum – Tired of Rebutting Stupidity\nReader: “Tariffs are reciprocal. All Canada has to do is to lower the tariffs they charge the US to what they want the US to charge them.”\nUSMCA IS reciprocal right now.\nIn extremely minor instances where it isn’t, TRUMP negotiated the deal.\nPlease read over and over Cheese Was a “Key Achievement” of Trump’s USMCA Trade Agreement\nThe fact of the matter is Trump has no legitimate right to unilaterally break a deal ratified by the Senate 89-10.\nSpare me the sap about absurd lies on national security.\nThe additional pertinent fact is Trump just proclaimed to the world that he may not honor any deal, even those he signs. At some point there is a cost to this lack of trust.",
    "highlightText": "",
    "highlightTitle": "",
    "highlightThreadTitle": "",
    "language": "english",
    "sentiment": "positive",
    "categories": [
        "Economy, Business and Finance",
        "Politics"
    ],
    "topics": [
        "Economy, Business and Finance->economy",
        "Economy, Business and Finance->business strategy and marketing",
        "Economy, Business and Finance->financial and economic news",
        "Politics->national elections",
        "Politics->government policy",
        "Politics->political candidates"
    ],
    "ai_allow": true,
    "has_canonical": false,
    "breaking": false,
    "webz_reporter": false,
    "external_links": [
        "https://www.wsj.com/politics/policy/trump-considers-more-limited-tariff-plans-09b36d26?mod=hp_lead_pos1",
        "https://wsj.com/politics/policy/trump-considers-more-limited-tariff-plans-09b36d26?mod=hp_lead_pos1",
        "https://www.wsj.com/politics/policy/trump-considers-more-limited-tariff-plans-09b36d26"
    ],
    "entities": {
        "persons": [
            {
                "name": "Jim Farley",
                "sentiment": "positive"
            },
            {
                "name": "Jonathan Smoke",
                "sentiment": "negative"
            },
            {
                "name": "Bill Ford",
                "sentiment": "negative"
            },
            {
                "name": "Mark Carney",
                "sentiment": "neutral"
            },
            {
                "name": "Scott Bessent",
                "sentiment": "neutral"
            },
            {
                "name": "Donald Trump",
                "sentiment": "neutral"
            },
            {
                "name": "Mary Barra",
                "sentiment": "neutral"
            }
        ],
        "locations": [
            {
                "name": "U.S.",
                "sentiment": "neutral"
            },
            {
                "name": "Japan",
                "sentiment": "neutral"
            },
            {
                "name": "South Korea",
                "sentiment": "neutral"
            },
            {
                "name": "the United States-Mexico-Canada Agreement",
                "sentiment": "neutral"
            },
            {
                "name": "North America",
                "sentiment": "neutral"
            },
            {
                "name": "Venezuela",
                "sentiment": "neutral"
            }
        ],
        "organizations": [
            {
                "name": "Cox Automotive",
                "sentiment": "negative",
                "tickers": []
            },
            {
                "name": "Chevrolet",
                "sentiment": "negative",
                "tickers": []
            },
            {
                "name": "Trump Postpones",
                "sentiment": "negative",
                "tickers": []
            },
            {
                "name": "Focus on the “",
                "sentiment": "negative",
                "tickers": []
            },
            {
                "name": "The Wall Street Journal",
                "sentiment": "neutral",
                "tickers": []
            },
            {
                "name": "S&P Global Mobility",
                "sentiment": "neutral",
                "tickers": []
            },
            {
                "name": "General Motors",
                "sentiment": "neutral",
                "tickers": []
            },
            {
                "name": "Ram",
                "sentiment": "neutral",
                "tickers": []
            },
            {
                "name": "Toyota",
                "sentiment": "neutral",
                "tickers": []
            },
            {
                "name": "Nissan",
                "sentiment": "neutral",
                "tickers": []
            },
            {
                "name": "BMW",
                "sentiment": "neutral",
                "tickers": []
            },
            {
                "name": "Volkswagen",
                "sentiment": "neutral",
                "tickers": []
            },
            {
                "name": "Audi",
                "sentiment": "neutral",
                "tickers": []
            },
            {
                "name": "Treasury",
                "sentiment": "neutral",
                "tickers": []
            },
            {
                "name": "GM",
                "sentiment": "neutral",
                "tickers": []
            },
            {
                "name": "Ford",
                "sentiment": "neutral",
                "tickers": []
            },
            {
                "name": "USMCA",
                "sentiment": "neutral",
                "tickers": []
            },
            {
                "name": "Hyundai",
                "sentiment": "neutral",
                "tickers": []
            },
            {
                "name": "Anderson Economic Group",
                "sentiment": "neutral",
                "tickers": []
            },
            {
                "name": "Trump Announces",
                "sentiment": "neutral",
                "tickers": []
            }
        ]
    },
    "syndication": {
        "syndicated": false,
        "syndicate_id": null,
        "first_syndicated": false
    },
    "trust": {
        "categories": []
    },
    "rating": null,
    "crawled": "2025-03-27T03:26:48.433+02:00",
    "updated": "2025-03-27T10:05:41.701+02:00"
}