{
    "thread": {
        "uuid": "6ec9005db63ab27a77d1f19573b264110ea9dd7c",
        "url": "https://www.businesslive.co.za/bd/opinion/editorials/2025-03-27-editorial-a-fight-for-fairness",
        "site_full": "www.businesslive.co.za",
        "site": "businesslive.co.za",
        "site_section": "https://businesslive.co.za/opinion/editorials/",
        "site_categories": [
            "social",
            "top_news_za",
            "top_news"
        ],
        "section_title": "Editorials - Opinion | BusinessLIVE",
        "site_title": "BusinessLIVE - Latest news and analysis from SA's business sector",
        "title": "EDITORIAL: A fight for fairness",
        "title_full": "EDITORIAL: A fight for fairness",
        "published": "2025-03-27T05:00:00.000+02:00",
        "replies_count": 0,
        "participants_count": 1,
        "site_type": "news",
        "country": "ZA",
        "main_image": "https://lh3.googleusercontent.com/b_7ZkqFzPyHXQDTS-42sJkZIN5vSyB193Jk2wI1qxv5Jv8ZkzxtVDri2Pimv-gvdmCjZDmEZtls2tFu11Rw0w_w=s1000",
        "performance_score": 0,
        "domain_rank": 11110,
        "domain_rank_updated": "2025-03-24T23:00:00.000+02:00",
        "licensing_agency": [],
        "social": {
            "facebook": {
                "likes": 0,
                "comments": 0,
                "shares": 0
            },
            "vk": {
                "shares": 0
            }
        }
    },
    "uuid": "6ec9005db63ab27a77d1f19573b264110ea9dd7c",
    "url": "https://www.businesslive.co.za/bd/opinion/editorials/2025-03-27-editorial-a-fight-for-fairness",
    "ord_in_thread": 0,
    "author": "Business Day",
    "published": "2025-03-27T05:00:00.000+02:00",
    "title": "EDITORIAL: A fight for fairness",
    "text": "EDITORIAL: A fight for fairness When valuations appear arbitrary and potentially disastrous, it’s rational, even admirable, to demand fair play 27 March 2025 - 05:00",
    "highlightText": "",
    "highlightTitle": "",
    "highlightThreadTitle": "",
    "language": "english",
    "sentiment": "positive",
    "categories": [
        "Politics",
        "Social Issue",
        "Economy, Business and Finance"
    ],
    "topics": [
        "Politics->fundamental rights",
        "Politics->civil rights",
        "Politics->political process",
        "Social Issue->ethics",
        "Social Issue->social condition",
        "Economy, Business and Finance->financial and economic news",
        "Economy, Business and Finance->business reporting and performance"
    ],
    "ai_allow": true,
    "has_canonical": false,
    "breaking": false,
    "webz_reporter": false,
    "external_links": [],
    "entities": {
        "persons": [],
        "locations": [],
        "organizations": []
    },
    "syndication": {
        "syndicated": false,
        "syndicate_id": null,
        "first_syndicated": false
    },
    "trust": {
        "categories": []
    },
    "rating": null,
    "crawled": "2025-03-27T06:37:23.005+02:00",
    "updated": "2025-04-03T18:04:15.262+03:00"
}