{
    "thread": {
        "uuid": "c4580e62cc4412e2f2719a67f8192aa389888293",
        "url": "https://local.newsbreak.com/wric-abc-8news-1589993/3873435056714-million-dollar-lottery-ticket-was-nearly-thrown-out-winner-says",
        "site_full": "local.newsbreak.com",
        "site": "newsbreak.com",
        "site_section": "https://local.newsbreak.com/wric-abc-8news-1589993",
        "site_categories": [],
        "section_title": "WRIC - ABC 8News&#x27;s Home Page | NewsBreak",
        "site_title": "404 Not Found",
        "title": "Million-dollar lottery ticket was nearly thrown out, winner says - NewsBreak",
        "title_full": "Million-dollar lottery ticket was nearly thrown out, winner says - NewsBreak",
        "published": "2025-03-27T01:26:00.000+02:00",
        "replies_count": 0,
        "participants_count": 0,
        "site_type": "news",
        "country": "US",
        "main_image": "https://img.particlenews.com/img/id/3ScXr6_0zxy9xwK00",
        "performance_score": 0,
        "domain_rank": 3154,
        "domain_rank_updated": "2025-03-24T23:00:00.000+02:00",
        "licensing_agency": [],
        "social": {
            "facebook": {
                "likes": 0,
                "comments": 0,
                "shares": 0
            },
            "vk": {
                "shares": 0
            }
        }
    },
    "uuid": "c4580e62cc4412e2f2719a67f8192aa389888293",
    "url": "https://local.newsbreak.com/wric-abc-8news-1589993/3873435056714-million-dollar-lottery-ticket-was-nearly-thrown-out-winner-says",
    "ord_in_thread": 0,
    "author": null,
    "published": "2025-03-27T01:26:00.000+02:00",
    "title": "Million-dollar lottery ticket was nearly thrown out, winner says - NewsBreak",
    "text": "( KTLA ) — A Mega Millions ticket purchased on a whim nearly ended up in the trash, but instead it turned into a $1 million win for the lucky owner. Joaquin Vaughn Redo was traveling through California with his family when they stopped at a Pavilions on Newport Coast Drive in Newport Beach . Along with their groceries, he grabbed a Mega Millions ticket, a routine family tradition when jackpots grow. “When the pot’s big enough, the whole family gets excited and puts in whatever bites,” Vaughn Redo told the California Lottery. Days passed, and the family forgot about the ticket until they found it two weeks later. Initially, Vaughn Redo was ready to throw it away. “I was actually kind of going to throw them away, because I said ‘I’ve never won the lottery,’” he admitted. But after checking the numbers, he was in disbelief. He had matched five numbers in the August 16, 2024 drawing, missing only the Mega number. Instead of being trashed, the winning Mega Millions ticket will help him with a down payment on a home, lottery officials said. His win is just one of several recent million-dollar prizes claimed in California, including a handful in the greater Los Angeles area. Jose Baltazar Campos won on a scratcher purchased at B&K Market in Bellflower ; a player with the last name Erskine purchased a winning scratcher at a 7-Eleven in Huntington Beach ; and Royer Villatoro Lopez won on a ticket bought from Jade Video in Rowland Heights . These three, along with winners in San Diego and Santa Clara counties, all captured at least $1 million playing these scratcher games. In total, these recent wins netted over $6 million in prizes for California Lottery players. The California Lottery says the funds purchased by players provide supplemental funding for public education efforts across the state. For the latest news, weather, sports, and streaming video, head to WRIC ABC 8News.",
    "highlightText": "",
    "highlightTitle": "",
    "highlightThreadTitle": "",
    "language": "english",
    "sentiment": "positive",
    "categories": [
        "Human Interest",
        "Economy, Business and Finance",
        "Social Issue"
    ],
    "topics": [
        "Human Interest->record and achievement",
        "Economy, Business and Finance->financial and economic news",
        "Economy, Business and Finance->business and market analysis",
        "Economy, Business and Finance->consumer goods",
        "Social Issue->social condition",
        "Social Issue->poverty",
        "Social Issue->demographics"
    ],
    "ai_allow": true,
    "has_canonical": true,
    "breaking": false,
    "webz_reporter": false,
    "external_links": [
        "http://ktla.com/tag/newport-beach",
        "http://ktla.com/tag/rowland-heights",
        "https://www.wric.com",
        "https://img.particlenews.com/image.php?type=thumbnail_580x000&url=3ScXr6_0zxy9xwK00",
        "http://ktla.com/tag/bellflower",
        "http://ktla.com/tag/huntington-beach",
        "https://ktla.com/news/california/million-dollar-lottery-ticket-sold-in-orange-county-was-nearly-thrown-out-winner-says/",
        "https://www.calottery.com/who-benefits",
        "https://img.particlenews.com/image.php?url=3ScXr6_0zxy9xwK00",
        "https://ktla.com/news/california/million-dollar-lottery-ticket-sold-in-orange-county-was-nearly-thrown-out-winner-says",
        "http://www.ktla.com/tag/rowland-heights",
        "https://wric.com",
        "https://www.ktla.com/news/california/million-dollar-lottery-ticket-sold-in-orange-county-was-nearly-thrown-out-winner-says/",
        "https://img.particlenews.com/image.php",
        "http://www.ktla.com/tag/bellflower",
        "https://calottery.com/who-benefits",
        "http://www.ktla.com/tag/newport-beach",
        "http://www.ktla.com/tag/huntington-beach",
        "https://www.img.particlenews.com/image.php?type=thumbnail_580x000&url=3ScXr6_0zxy9xwK00",
        "https://www.img.particlenews.com/image.php?url=3ScXr6_0zxy9xwK00"
    ],
    "entities": {
        "persons": [],
        "locations": [],
        "organizations": []
    },
    "syndication": {
        "syndicated": false,
        "syndicate_id": null,
        "first_syndicated": false
    },
    "trust": {
        "categories": []
    },
    "rating": null,
    "crawled": "2025-03-27T03:22:45.368+02:00",
    "updated": "2025-03-27T03:22:45.368+02:00"
}