{
    "thread": {
        "uuid": "400df91bb3b88f065166ed5ae2c165df80ffbe58",
        "url": "https://www.marketbeat.com/instant-alerts/akzo-nobel-otcmktsakzod-hits-new-1-year-low-heres-what-happened-2024-12-17",
        "site_full": "www.marketbeat.com",
        "site": "marketbeat.com",
        "site_section": "https://www.marketbeat.com/rss.ashx?type=headlines",
        "site_categories": [
            "investing",
            "financial_news",
            "finance",
            "stocks"
        ],
        "section_title": "MarketBeat News Feed",
        "title": "Akzo Nobel (OTCMKTS:AKZOD) Hits New 1-Year Low - Here's What Happened",
        "title_full": "Akzo Nobel (OTCMKTS:AKZOD) Hits New 1-Year Low - Here's What Happened",
        "published": "2024-12-17T12:03:00.000+02:00",
        "replies_count": 0,
        "participants_count": 1,
        "site_type": "news",
        "country": "US",
        "main_image": "https://www.marketbeat.com/logos/akzo-nobel-logo-1200x675.png?v=20240531124440",
        "performance_score": 0,
        "domain_rank": 9424,
        "domain_rank_updated": "2024-12-09T23:00:00.000+02:00",
        "social": {
            "facebook": {
                "likes": 0,
                "comments": 0,
                "shares": 0
            },
            "vk": {
                "shares": 0
            }
        }
    },
    "uuid": "400df91bb3b88f065166ed5ae2c165df80ffbe58",
    "url": "https://www.marketbeat.com/instant-alerts/akzo-nobel-otcmktsakzod-hits-new-1-year-low-heres-what-happened-2024-12-17",
    "ord_in_thread": 0,
    "parent_url": null,
    "author": "MarketBeat",
    "published": "2024-12-17T12:03:00.000+02:00",
    "title": "Akzo Nobel (OTCMKTS:AKZOD) Hits New 1-Year Low - Here's What Happened",
    "text": "Akzo Nobel (OTCMKTS:AKZOD) Hits New 1-Year Low - Here's What Happened Written by MarketBeat December 17, 2024 Share Link copied to clipboard. Akzo Nobel ( OTCMKTS:AKZOD - Get Free Report ) reached a new 52-week low during trading on Monday . The company traded as low as $20.13 and last traded at $20.25, with a volume of 526116 shares trading hands. The stock had previously closed at $20.54. Get Akzo Nobel alerts: Sign Up Akzo Nobel Trading Down 1.4 %\nThe company has a debt-to-equity ratio of 0.35, a quick ratio of 1.28 and a current ratio of 1.46. The firm has a market capitalization of $13.83 billion, a P/E ratio of 12.82, a PEG ratio of 8.70 and a beta of 0.76. The firm has a 50 day simple moving average of $21.14 and a two-hundred day simple moving average of $21.17. Akzo Nobel Company Profile ( Get Free Report )\nAkzo Nobel N.V. operates as a paints and coatings company in the Netherlands and internationally. The company operates through Decorative Paints and Performance Coatings segments. It provides decorative paints, including paints, lacquers, and varnishes; mixing machines, color concepts, and training courses for the building and renovation industry; and specialty coatings for metal, wood, and other building materials. Featured Stories Five stocks we like better than Akzo Nobel Most active stocks: Dollar volume vs share volume Semtech Stock Climbs as AI Boom Drives Turnaround Success Dividend Screener: How to Evaluate Dividend Stocks Before Buying 3 Companies Leading the Way With Aggressive Stock Buybacks 3 Stocks to Protect Your Portfolio from the Coronavirus Contagion Is It Time to Buy Nuclear Energy Stocks After the Latest Dip?\nThis instant news alert was generated by narrative science technology and financial data from MarketBeat in order to provide readers with the fastest and most accurate reporting. This story was reviewed by MarketBeat's editorial team prior to publication. Please send any questions or comments about this story to contact@marketbeat.com.\n→ AI breakthrough about to upend industry (From Porter & Company) (Ad) Should you invest $1,000 in Akzo Nobel right now? Before you consider Akzo Nobel, you'll want to hear this.\nMarketBeat keeps track of Wall Street's top-rated and best performing research analysts and the stocks they recommend to their clients on a daily basis. MarketBeat has identified the five stocks that top analysts are quietly whispering to their clients to buy now before the broader market catches on... and Akzo Nobel wasn't on the list.\nWhile Akzo Nobel currently has a \"Hold\" rating among analysts, top-rated analysts believe these five stocks are better buys.\nView The Five Stocks Here\nInvesting Strategies To Help Grow Your Retirement Income Need to stretch out your 401K or Roth IRA plan? Use these time-tested investing strategies to grow the monthly retirement income that your stock portfolio generates.\nGet This Free Report Like this article? Share it with a colleague. Link copied to clipboard.",
    "highlightText": "",
    "highlightTitle": "",
    "highlightThreadTitle": "",
    "language": "english",
    "sentiment": "negative",
    "categories": [
        "Economy, Business and Finance",
        "Politics",
        "Social Issue"
    ],
    "ai_allow": true,
    "canonical": false,
    "webz_reporter": false,
    "external_links": [
        "https://www.facebook.com/sharer/sharer.php?u=https://www.marketbeat.com/instant-alerts/akzo-nobel-otcmktsakzod-hits-new-1-year-low-heres-what-happened-2024-12-17/",
        "https://twitter.com/intent/tweet?text=Akzo+Nobel+(OTCMKTS%3aAKZOD)+Hits+New+1-Year+Low++-+Here%27s+What+Happened%20https://www.marketbeat.com/instant-alerts/akzo-nobel-otcmktsakzod-hits-new-1-year-low-heres-what-happened-2024-12-17/",
        "https://www.american",
        "https://api.stocktwits.com/widgets/share?via=MarketBeat&body=Akzo+Nobel+(OTCMKTS%3aAKZOD)+Hits+New+1-Year+Low++-+Here%27s+What+Happened%20https://www.marketbeat.com/instant-alerts/akzo-nobel-otcmktsakzod-hits-new-1-year-low-heres-what-happened-2024-12-17/",
        "https://www.linkedin.com/cws/share?mini=true&url=https://www.marketbeat.com/instant-alerts/akzo-nobel-otcmktsakzod-hits-new-1-year-low-heres-what-happened-2024-12-17/",
        "https://twitter.com/intent/tweet?text=Akzo+Nobel+(OTCMKTS%3aAKZOD)+Hits+New+1-Year+Low++-+Here%27s+What+Happened%20%24AKZOD%20%23AKZOD%20https://www.marketbeat.com/instant-alerts/akzo-nobel-otcmktsakzod-hits-new-1-year-low-heres-what-happened-2024-12-17/",
        "https://www.americanconsumernews.net/scripts/standalone/viewcount.ashx?type=h&id=2631047&domain=marketbeat.com&referrer=",
        "https://twitter.com/intent/tweet?text=Akzo+Nobel+(OTCMKTS%3aAKZOD)+Hits+New+1-Year+Low++-+Here%27s+What+Happened%20https://www.marketbeat.com/instant-alerts/akzo-nobel-otcmktsakzod-hits-new-1-year-low-heres-what-happened-2024-12-17",
        "https://twitter.com/intent/tweet?text=Akzo+Nobel+(OTCMKTS%3aAKZOD)+Hits+New+1-Year+Low++-+Here%27s+What+Happened%20%24AKZOD%20%23AKZOD%20https://www.marketbeat.com/instant-alerts/akzo-nobel-otcmktsakzod-hits-new-1-year-low-heres-what-happened-2024-12-17",
        "https://www.linkedin.com/cws/share?mini=true&url=https://www.marketbeat.com/instant-alerts/akzo-nobel-otcmktsakzod-hits-new-1-year-low-heres-what-happened-2024-12-17",
        "https://twitter.com/intent/tweet?text=Akzo+Nobel+(OTCMKTS%3aAKZOD)+Hits+New+1-Year+Low++-+Here%27s+What+Happened%20%24AKZOD%20%23AKZOD%20https://marketbeat.com/instant-alerts/akzo-nobel-otcmktsakzod-hits-new-1-year-low-heres-what-happened-2024-12-17/",
        "https://american",
        "https://api.stocktwits.com/widgets/share?via=MarketBeat&body=Akzo+Nobel+(OTCMKTS%3aAKZOD)+Hits+New+1-Year+Low++-+Here%27s+What+Happened%20https://marketbeat.com/instant-alerts/akzo-nobel-otcmktsakzod-hits-new-1-year-low-heres-what-happened-2024-12-17/",
        "https://api.stocktwits.com/widgets/share?via=MarketBeat&body=Akzo+Nobel+(OTCMKTS%3aAKZOD)+Hits+New+1-Year+Low++-+Here%27s+What+Happened%20https://www.marketbeat.com/instant-alerts/akzo-nobel-otcmktsakzod-hits-new-1-year-low-heres-what-happened-2024-12-17",
        "https://twitter.com/intent/tweet?text=Akzo+Nobel+(OTCMKTS%3aAKZOD)+Hits+New+1-Year+Low++-+Here%27s+What+Happened%20https://marketbeat.com/instant-alerts/akzo-nobel-otcmktsakzod-hits-new-1-year-low-heres-what-happened-2024-12-17/",
        "https://www.facebook.com/sharer/sharer.php",
        "https://linkedin.com/cws/share?mini=true&url=https://marketbeat.com/instant-alerts/akzo-nobel-otcmktsakzod-hits-new-1-year-low-heres-what-happened-2024-12-17/",
        "https://twitter.com/intent/tweet",
        "https://www.americanconsumernews.net/scripts/standalone/viewcount.ashx",
        "https://api.stocktwits.com/widgets/share",
        "https://facebook.com/sharer/sharer.php?u=https://marketbeat.com/instant-alerts/akzo-nobel-otcmktsakzod-hits-new-1-year-low-heres-what-happened-2024-12-17/",
        "https://americanconsumernews.net/scripts/standalone/viewcount.ashx?type=h&id=2631047&domain=marketbeat.com&referrer=",
        "https://www.facebook.com/sharer/sharer.php?u=https://www.marketbeat.com/instant-alerts/akzo-nobel-otcmktsakzod-hits-new-1-year-low-heres-what-happened-2024-12-17",
        "https://www.linkedin.com/cws/share"
    ],
    "external_images": [],
    "entities": {
        "persons": [],
        "organizations": [],
        "locations": []
    },
    "syndication": {
        "syndicated": false,
        "syndicate_id": null,
        "first_syndicated": false
    },
    "rating": null,
    "crawled": "2024-12-17T12:13:06.727+02:00",
    "updated": "2024-12-17T12:13:06.727+02:00"
}