{
    "thread": {
        "uuid": "4873a12dba407644415e6fe2bed56dc2b449af4e",
        "url": "https://www.finanznachrichten.de/nachrichten-2024-12/64100459-cheetah-mobile-inc-q3-loss-rises-020.htm",
        "site_full": "www.finanznachrichten.de",
        "site": "finanznachrichten.de",
        "site_section": "https://www.finanznachrichten.de/rss-news",
        "site_categories": [
            "stocks",
            "finance",
            "financial_news"
        ],
        "section_title": "FinanzNachrichten.de: News",
        "title": "Cheetah Mobile Inc. Q3 Loss Rises",
        "title_full": "Cheetah Mobile Inc. Q3 Loss Rises",
        "published": "2024-12-17T09:10:00.000+02:00",
        "replies_count": 0,
        "participants_count": 1,
        "site_type": "news",
        "country": "DE",
        "main_image": "https://finanznachrichten.de/content/g/fb.png",
        "performance_score": 0,
        "domain_rank": 9535,
        "domain_rank_updated": "2024-12-09T23:00:00.000+02:00",
        "social": {
            "facebook": {
                "likes": 0,
                "comments": 0,
                "shares": 0
            },
            "vk": {
                "shares": 0
            }
        }
    },
    "uuid": "4873a12dba407644415e6fe2bed56dc2b449af4e",
    "url": "https://www.finanznachrichten.de/nachrichten-2024-12/64100459-cheetah-mobile-inc-q3-loss-rises-020.htm",
    "ord_in_thread": 0,
    "parent_url": null,
    "author": "AFX News",
    "published": "2024-12-17T09:10:00.000+02:00",
    "title": "Cheetah Mobile Inc. Q3 Loss Rises",
    "text": "BEIJING (dpa-AFX) - Cheetah Mobile Inc. (CMCM) released Loss for its third quarter that increased from last year\nThe company's bottom line totaled -RMB46.90 million, or -RMB1.6150 per share. This compares with -RMB24.29 million, or -RMB0.7206 per share, in last year's third quarter.\nExcluding items, Cheetah Mobile Inc. reported adjusted earnings of -RMB35.36 million or -RMB1.2300 per share for the period.\nThe company's revenue for the quarter rose 16.6% to RMB192.08 million from RMB164.80 million last year.\nCheetah Mobile Inc. earnings at a glance (GAAP) :\n-Earnings (Q3): -RMB46.90 Mln. vs. -RMB24.29 Mln. last year. -EPS (Q3): -RMB1.6150 vs. -RMB0.7206 last year. -Revenue (Q3): RMB192.08 Mln vs. RMB164.80 Mln last year.\nCopyright(c) 2024 RTTNews.com. All Rights Reserved\nCopyright RTT News/dpa-AFX © 2024 AFX News 5 heiße Wetten für den Jahresendspurt! Nach dem unerwartet schnellen Ende der US-Wahlen mit dem Sieg des republikanischen Kandidaten Donald Trump fackelten die Aktien- und Krypto- Märkte ein wahres Kursfeuerwerk ab und bliesen zur Jahresendrallye.\nIm aktuellen kostenlosen Report beleuchten wir 5 aussichtsreiche Unternehmen, die das Fundament besitzen, in den nächsten Monaten den breiten Markt zu schlagen.\nSeien Sie dabei!\nFordern Sie jetzt unseren brandneuen neuen Spezialreport an und erfahren Sie, welche Aktien aufgrund ihrer Bewertung sowie charttechnischen Situation das Potenzial zu einer Outperformance besitzen.\nHandeln Sie jetzt und sichern Sie sich Ihren kostenfreien Report! Hier klicken",
    "highlightText": "",
    "highlightTitle": "",
    "highlightThreadTitle": "",
    "language": "english",
    "sentiment": "negative",
    "categories": [
        "Economy, Business and Finance",
        "Corporate News and Profiles",
        "Human Interest"
    ],
    "ai_allow": true,
    "canonical": false,
    "webz_reporter": false,
    "external_links": [
        "https://getpocket.com/edit?url=https://www.finanznachrichten.de/nachrichten-2024-12/64100459-cheetah-mobile-inc-q3-loss-rises-020.htm",
        "https://www.linkedin.com/shareArticle?mini=true&url=https://www.finanznachrichten.de/nachrichten-2024-12/64100459-cheetah-mobile-inc-q3-loss-rises-020.htm&title=deintitel",
        "https://www.wallstreet-online.de/reports/aktien/aktien/willkommen",
        "https://twitter.com/intent/tweet?source=webclient&url=https://www.finanznachrichten.de/nachrichten-2024-12/64100459-cheetah-mobile-inc-q3-loss-rises-020.htm%2F&text=Cheetah",
        "https://www.xing.com/app/user?op=share;url=https://www.finanznachrichten.de/nachrichten-2024-12/64100459-cheetah-mobile-inc-q3-loss-rises-020.htm",
        "https://www.facebook.com/sharer.php?u=https://www.finanznachrichten.de/nachrichten-2024-12/64100459-cheetah-mobile-inc-q3-loss-rises-020.htm",
        "https://share.flipboard.com/bookmarklet/popout?v=2&title=Cheetah",
        "https://wallstreet-online.de/reports/aktien/aktien/willkommen",
        "https://share.flipboard.com/bookmarklet/popout",
        "https://linkedin.com/shareArticle?mini=true&url=https://finanznachrichten.de/nachrichten-2024-12/64100459-cheetah-mobile-inc-q3-loss-rises-020.htm&title=deintitel",
        "https://www.share.flipboard.com/bookmarklet/popout?v=2&title=Cheetah",
        "https://www.xing.com/app/user",
        "https://xing.com/app/user?op=share;url=https://finanznachrichten.de/nachrichten-2024-12/64100459-cheetah-mobile-inc-q3-loss-rises-020.htm",
        "https://www.linkedin.com/shareArticle",
        "https://facebook.com/sharer.php?u=https://finanznachrichten.de/nachrichten-2024-12/64100459-cheetah-mobile-inc-q3-loss-rises-020.htm",
        "https://twitter.com/intent/tweet",
        "https://www.facebook.com/sharer.php",
        "https://twitter.com/intent/tweet?source=webclient&url=https://finanznachrichten.de/nachrichten-2024-12/64100459-cheetah-mobile-inc-q3-loss-rises-020.htm%2F&text=Cheetah",
        "https://getpocket.com/edit",
        "https://getpocket.com/edit?url=https://finanznachrichten.de/nachrichten-2024-12/64100459-cheetah-mobile-inc-q3-loss-rises-020.htm"
    ],
    "external_images": [],
    "entities": {
        "persons": [],
        "organizations": [],
        "locations": []
    },
    "syndication": {
        "syndicated": false,
        "syndicate_id": null,
        "first_syndicated": false
    },
    "rating": null,
    "crawled": "2024-12-17T11:19:55.883+02:00",
    "updated": "2024-12-17T11:19:55.883+02:00"
}