{
    "thread": {
        "uuid": "d0229d53a4b0a8950341902cb8e5aa7fecc82018",
        "url": "https://www.briefingwire.com/pr/latest-natural-gas-prices-rise-due-to-weather-supply-strain",
        "site_full": "www.briefingwire.com",
        "site": "briefingwire.com",
        "site_section": "http://www.briefingwire.com/rss.xml",
        "site_categories": [
            "marketing",
            "financial_news",
            "finance",
            "business"
        ],
        "section_title": "BriefingWire.com",
        "title": "Latest Natural Gas Prices Rise Due to Weather & Supply Strain",
        "title_full": "Latest Natural Gas Prices Rise Due to Weather & Supply Strain",
        "published": "2024-12-17T07:16:00.000+02:00",
        "replies_count": 0,
        "participants_count": 0,
        "site_type": "news",
        "country": "NG",
        "main_image": "",
        "performance_score": 0,
        "domain_rank": 195695,
        "domain_rank_updated": "2024-12-09T23:00:00.000+02:00",
        "social": {
            "facebook": {
                "likes": 0,
                "comments": 0,
                "shares": 0
            },
            "vk": {
                "shares": 0
            }
        }
    },
    "uuid": "d0229d53a4b0a8950341902cb8e5aa7fecc82018",
    "url": "https://www.briefingwire.com/pr/latest-natural-gas-prices-rise-due-to-weather-supply-strain",
    "ord_in_thread": 0,
    "parent_url": null,
    "author": null,
    "published": "2024-12-17T07:16:00.000+02:00",
    "title": "Latest Natural Gas Prices Rise Due to Weather & Supply Strain",
    "text": "Natural Gas Prices in the United States:\nNatural Gas Prices in the U.S. surged to 2,865 USD per 1,000 MMBtu in the last quarter, driven by several key factors. Increased demand due to hot weather and active market usage put pressure on supply, while production faced constraints from maintenance delays and slower progress on new well projects. Elevated liquefied natural gas (LNG) exports further strained local availability, adding to the price pressure. This combination of seasonal demand, robust market activity, and production limitations led to significant price increases, reflecting both strong demand and unpredictable growth in the sector.\nSpeak To An Analyst: https://www.imarcgroup.com/request?type=report&id=22409&flag=C\nAPAC Natural Gas Prices Movement Last Quarter:\nNatural Gas Prices in China:\nIn the last quarter, natural gas prices in China surged to 2,864 USD per 1,000 MMBtu, driven by several critical factors. The post-pandemic industrial recovery led to higher energy demand, particularly during the hot summer months, which intensified the need for power. Meanwhile, limited local production and disruptions in the international LNG supply chain exacerbated the situation, contributing to the sharp price increase. Additionally, China's ongoing energy shift toward cleaner, purer gases further boosted natural gas consumption, highlighting its growing role in meeting power needs. Seasonal factors also amplified demand, making it increasingly difficult for the country to balance supply stability with dynamic consumption patterns.\nMEA Natural Gas Prices Movement Last Quarter:\nNatural Gas Prices in Saudi Arabia:\nIn the last quarter, natural gas prices in Saudi Arabia reached 2,799 USD per 1,000 MMBtu, driven by several key factors. Rising domestic energy demand, particularly from an expanding manufacturing sector, placed upward pressure on prices. The country's investments in LNG infrastructure and export capabilities also influenced the market, positioning Saudi Arabia to play a larger role in the global energy market. Additionally, seasonal peaks in air cooling demand during high summer temperatures further strained supply, contributing to steady price growth. The overall market remained positive, reflecting a climate of robust demand dynamics and strategic investments in energy infrastructure.\nHow the IMARC Pricing Database Can Help\nThe latest IMARC Group study, “Natural Gas Prices, Trend, Chart, Demand, Market Analysis, News, Historical and Forecast Data 2024 Edition,” presents a detailed analysis of Natural Gas price trends, offering key insights into global Natural Gas market dynamics. This report includes comprehensive price charts, which trace historical data and highlight major shifts in the market.\nThe analysis delves into the factors driving these trends, including raw material costs, production fluctuations, and geopolitical influences. Moreover, the report examines Natural Gas demand, illustrating how consumer behavior and industrial needs affect overall market dynamics. By exploring the intricate relationship between supply and demand, the price report uncovers critical factors influencing current and future prices.\nGet Real-Time Prices of Natural Gas: https://www.imarcgroup.com/natural-gas-pricing-report",
    "highlightText": "",
    "highlightTitle": "",
    "highlightThreadTitle": "",
    "language": "english",
    "sentiment": "negative",
    "categories": [
        "Economy, Business and Finance"
    ],
    "ai_allow": true,
    "canonical": false,
    "webz_reporter": false,
    "external_links": [],
    "external_images": [],
    "entities": {
        "persons": [],
        "organizations": [
            {
                "name": "APAC",
                "sentiment": "none"
            }
        ],
        "locations": []
    },
    "syndication": {
        "syndicated": false,
        "syndicate_id": null,
        "first_syndicated": false
    },
    "rating": null,
    "crawled": "2024-12-17T12:05:54.979+02:00",
    "updated": "2024-12-17T12:05:54.979+02:00"
}