{
    "thread": {
        "uuid": "acc41e14730fb6b653e2b63d3bdf6cf2f2f13a03",
        "url": "https://markets.financialcontent.com/stocks/article/newmediawire-2025-9-18-lifemd-inc-sued-for-securities-law-violations-contact-levi-and-korsinsky-before-october-25-2025-to-discuss-your-rights-lfmd",
        "site_full": "markets.financialcontent.com",
        "site": "financialcontent.com",
        "site_section": "https://markets.financialcontent.com/stocks/markets/news/newmediawire?CurrentPage=12&amp;provider=newmediawire",
        "site_categories": [
            "financial_news",
            "finance"
        ],
        "section_title": "Stock Market News | NSDQ, NYSE, and AMEX Stock Market News, Market News Categories, Market Indicators | FinancialContent ",
        "site_title": null,
        "title": "LifeMD, Inc. Sued for Securities Law Violations - Contact Levi & Korsinsky Before October 25, 2025 to Discuss Your Rights - LFMD | FinancialContent",
        "title_full": "LifeMD, Inc. Sued for Securities Law Violations - Contact Levi & Korsinsky Before October 25, 2025 to Discuss Your Rights - LFMD | FinancialContent",
        "published": "2025-09-18T16:15:00.000+03:00",
        "replies_count": 0,
        "participants_count": 0,
        "site_type": "news",
        "country": "US",
        "main_image": "",
        "performance_score": 0,
        "domain_rank": 13685,
        "domain_rank_updated": "2025-10-06T00:00:00.000+03:00",
        "licensing_agency": [],
        "social": {
            "facebook": {
                "likes": 0,
                "comments": 0,
                "shares": 0
            },
            "vk": {
                "shares": 0
            }
        }
    },
    "uuid": "acc41e14730fb6b653e2b63d3bdf6cf2f2f13a03",
    "url": "https://markets.financialcontent.com/stocks/article/newmediawire-2025-9-18-lifemd-inc-sued-for-securities-law-violations-contact-levi-and-korsinsky-before-october-25-2025-to-discuss-your-rights-lfmd",
    "ord_in_thread": 0,
    "author": null,
    "published": "2025-09-18T16:15:00.000+03:00",
    "title": "LifeMD, Inc. Sued for Securities Law Violations - Contact Levi & Korsinsky Before October 25, 2025 to Discuss Your Rights - LFMD | FinancialContent",
    "text": "NEW YORK - September 18, 2025 ( NEWMEDIAWIRE ) - Levi & Korsinsky, LLP notifies investors in LifeMD, Inc. ( NASDAQ: LFMD ) of a class action securities lawsuit.\nCLASS DEFINITION: The lawsuit seeks to recover losses on behalf of LifeMD, Inc. investors who were adversely affected by alleged securities fraud between May 7, 2025 and August 5, 2025. Follow the link below to get more information and be contacted by a member of our team:\nhttps://zlk.com/pslra-1/lifemd-inc-lawsuit-submission-form?prid=167868&wire=56\nLFMD investors may also contact Joseph E. Levi, Esq. via email at jlevi@levikorsinsky.com or by telephone at (212) 363-7500.\nCASE DETAILS: The filed complaint alleges that defendants made false statements and/or concealed that: (1) defendants materially overstated LifeMD’s competitive position; (2) defendants were reckless in raising LifeMD’s 2025 guidance, considering that they had not properly accounted for rising customer acquisition costs in LifeMD’s RexMD segment, as well as for customer acquisition costs related to the sale of drugs designed to treat obesity, including Wegovy and Zepbound; and (3) as a result, defendants’ statements about LifeMD’s business, operations, and prospects were materially false and misleading and/or lacked a reasonable basis at all relevant times.\nWHAT'S NEXT? If you suffered a loss in LifeMD, Inc. during the relevant time frame, you have until October 25, 2025 to request that the Court appoint you as lead plaintiff. Your ability to share in any recovery doesn't require that you serve as a lead plaintiff. To learn more about this case, subscribe to the Bulls & Betrayals podcast, which features a dedicated episode unpacking the allegations against LifeMD, Inc. Listen now and find out if you are eligible to join the lawsuit.\nNO COST TO YOU: If you are a class member, you may be entitled to compensation without payment of any out-of-pocket costs or fees. There is no cost or obligation to participate.\nWHY LEVI & KORSINSKY: Over the past 20 years, the team at Levi & Korsinsky has secured hundreds of millions of dollars for aggrieved shareholders and built a track record of winning high-stakes cases. Our firm has extensive expertise representing investors in complex securities litigation and a team of over 70 employees to serve our clients. For seven years in a row, Levi & Korsinsky has ranked in ISS Securities Class Action Services' Top 50 Report as one of the top securities litigation firms in the United States.\nCONTACT:\nLevi & Korsinsky, LLP\nJoseph E. Levi, Esq.\nEd Korsinsky, Esq.\n33 Whitehall Street, 17th Floor\nNew York, NY 10004\njlevi@levikorsinsky.com\nTel: (212) 363-7500\nFax: (212) 363-7171\nwww.zlk.com\nView the original release on www.newmediawire.com",
    "highlightText": "",
    "highlightTitle": "",
    "highlightThreadTitle": "",
    "language": "english",
    "sentiment": "negative",
    "categories": [
        "Crime, Law and Justice",
        "Economy, Business and Finance",
        "Social Issue"
    ],
    "topics": [
        "Crime, Law and Justice->fraud",
        "Crime, Law and Justice->corporate crime",
        "Economy, Business and Finance->financial and economic news"
    ],
    "ai_allow": true,
    "has_canonical": false,
    "breaking": null,
    "webz_reporter": false,
    "external_links": [
        "http://www.zlk.com",
        "http://newmediawire.s3.amazonaws.com/68be1fc5da846f64f5ce207d_1",
        "https://www.newmediawire.com/nmw_release/?rid=68cb4816da846f71ab77aff7/lifemd-inc-sued-for-securities-law-violations-contact-levi-korsinsky-before-october-25-2025-to-discuss-your-rights-lfmd",
        "https://tracking.newsrpm.com/pixel?slug=newmediawire-2025-9-18-lifemd-inc-sued-for-securities-law-violations-contact-levi-and-korsinsky-before-october-25-2025-to-discuss-your-rights-lfmd",
        "https://www.newmediawire.com",
        "https://zlk.com/pslra-1/lifemd-inc-lawsuit-submission-form?prid=167868&wire=56",
        "https://newmediawire.com/nmw_release/?rid=68cb4816da846f71ab77aff7/lifemd-inc-sued-for-securities-law-violations-contact-levi-korsinsky-before-october-25-2025-to-discuss-your-rights-lfmd",
        "https://newmediawire.com",
        "https://tracking.newsrpm.com/pixel",
        "https://www.tracking.newsrpm.com/pixel?slug=newmediawire-2025-9-18-lifemd-inc-sued-for-securities-law-violations-contact-levi-and-korsinsky-before-october-25-2025-to-discuss-your-rights-lfmd",
        "http://zlk.com",
        "http://www.newmediawire.s3.amazonaws.com/68be1fc5da846f64f5ce207d_1",
        "https://www.newmediawire.com/nmw_release/",
        "https://www.zlk.com/pslra-1/lifemd-inc-lawsuit-submission-form?prid=167868&wire=56",
        "https://zlk.com/pslra-1/lifemd-inc-lawsuit-submission-form"
    ],
    "external_images": [],
    "internal_images": [],
    "entities": {
        "persons": [
            {
                "name": "Joseph E. Levi",
                "sentiment": "none"
            }
        ],
        "locations": [
            {
                "name": "Esq.",
                "sentiment": "none"
            }
        ],
        "organizations": []
    },
    "syndication": {
        "syndicated": false,
        "syndicate_id": null,
        "first_syndicated": false
    },
    "trust": {
        "categories": [],
        "top_news": [],
        "bias": null,
        "source": {
            "type": null,
            "city": null,
            "state": null,
            "country": null,
            "domain_type": null,
            "agency": null,
            "organization_name": null
        }
    },
    "rating": null,
    "crawled": "2025-10-09T08:26:49.652+03:00",
    "updated": "2025-10-09T08:32:07.000+03:00"
}