{
    "thread": {
        "uuid": "76e45fb452fe1e9c7a140095aef19b0dd4df26f2",
        "url": "https://www.afr.com/policy/economy/labor-ignored-its-own-fiscal-target-three-budgets-in-a-row-20251007-p5n0nc",
        "site_full": "www.afr.com",
        "site": "afr.com",
        "site_section": "https://news.google.com/search?q=its%20when%3A1h&hl=en-US&gl=US&ceid=US%3Aen",
        "site_categories": [
            "financial_news",
            "finance",
            "top_news_au",
            "top_news"
        ],
        "section_title": "Google News - Search",
        "site_title": "Financial Review - Business, Finance and Investment News | afr.com",
        "title": "Federal Labor ignored its own fiscal target for extra tax revenue three budgets in a row",
        "title_full": "Federal Labor ignored its own fiscal target for extra tax revenue three budgets in a row",
        "published": "2025-10-09T07:07:00.000+03:00",
        "replies_count": 0,
        "participants_count": 1,
        "site_type": "news",
        "country": "AU",
        "main_image": "https://static.ffx.io/images/$zoom_0.3311%2C$multiply_3%2C$ratio_1.777778%2C$width_1059%2C$x_0%2C$y_0/t_crop_custom/c_scale%2Cw_800%2Cq_88%2Cf_jpg/t_afr_no_label_no_age_social_wm/b7de33e6dae34f451bf47fa748def02c9e294e5178f8167b4781c944baea296b",
        "performance_score": 0,
        "domain_rank": 5982,
        "domain_rank_updated": "2025-10-06T00:00:00.000+03:00",
        "licensing_agency": [],
        "social": {
            "facebook": {
                "likes": 0,
                "comments": 0,
                "shares": 8
            },
            "vk": {
                "shares": 0
            }
        }
    },
    "uuid": "76e45fb452fe1e9c7a140095aef19b0dd4df26f2",
    "url": "https://www.afr.com/policy/economy/labor-ignored-its-own-fiscal-target-three-budgets-in-a-row-20251007-p5n0nc",
    "ord_in_thread": 0,
    "author": "Luke Kinsella",
    "published": "2025-10-09T07:07:00.000+03:00",
    "title": "Federal Labor ignored its own fiscal target for extra tax revenue three budgets in a row",
    "text": "The Albanese government has violated a key rule of its own fiscal strategy for three budget updates in a row by failing to bank at least 50 per cent of the proceeds from upgrades to tax revenue.\nEconomists warned the government’s failure to save money from unexpected tax intakes represented a lack of fiscal discipline and said current budget rules should be overhauled to prevent higher spending during tax upgrades and create more ambition to save during downgrades.\nLoading... Luke Kinsella is a journalist based in The Australian Financial Review’s Sydney office. He was previously a policy analyst at Treasury. Email Luke at luke.kinsella@nine.com.au\nSave Log in or Subscribe to save article\nShare\nCopy link\nCopied\nEmail\nLinkedIn\nTwitter\nFacebook\nCopy link\nCopied\nShare via... Gift this article\nSubscribe to gift this article\nGift 5 articles to anyone you choose each month when you subscribe.\nSubscribe now Already a subscriber? Login\nLicense article Introducing your Newsfeed\nFollow the topics, people and companies that matter to you.\nFind out more\nRead More Latest In Economy Fetching latest articles\nMost Viewed In Policy",
    "highlightText": "",
    "highlightTitle": "",
    "highlightThreadTitle": "",
    "language": "english",
    "sentiment": "negative",
    "categories": [
        "Politics",
        "Economy, Business and Finance",
        "Social Issue"
    ],
    "topics": [
        "Politics->taxation",
        "Politics->government budget",
        "Economy, Business and Finance->economy",
        "Economy, Business and Finance->financial and economic news",
        "Social Issue->social condition"
    ],
    "ai_allow": false,
    "has_canonical": false,
    "breaking": true,
    "webz_reporter": false,
    "external_links": [
        "http://www.linkedin.com/shareArticle?mini=true&url=https%3A%2F%2Fwww.afr.com%2Fpolicy%2Feconomy%2Flabor-ignored-its-own-fiscal-target-three-budgets-in-a-row-20251007-p5n0nc%3Futm_source%3Dafr-web%26utm_medium%3Dshare_article%26utm_campaign%3Dpolicy%26utm_term%3Dproduct_feature&title=Labor",
        "https://twitter.com/share?url=https%3A%2F%2Fwww.afr.com%2Fpolicy%2Feconomy%2Flabor-ignored-its-own-fiscal-target-three-budgets-in-a-row-20251007-p5n0nc%3Futm_source%3Dafr-web%26utm_medium%3Dshare_article%26utm_campaign%3Dpolicy%26utm_term%3Dproduct_feature&text=Labor",
        "https://professional.licensing-publishing.nine.com.au/C.aspx?VP3=CMS3&VF=FXJFXT_3",
        "https://www.facebook.com/sharer/sharer.php?u=https%3A%2F%2Fwww.afr.com%2Fpolicy%2Feconomy%2Flabor-ignored-its-own-fiscal-target-three-budgets-in-a-row-20251007-p5n0nc%3Futm_source%3Dafr-web%26utm_medium%3Dshare_article%26utm_campaign%3Dpolicy%26utm_term%3Dproduct_feature&title=Labor",
        "https://www.twitter.com/share?url=https%3A%2F%2Fwww.afr.com%2Fpolicy%2Feconomy%2Flabor-ignored-its-own-fiscal-target-three-budgets-in-a-row-20251007-p5n0nc%3Futm_source%3Dafr-web%26utm_medium%3Dshare_article%26utm_campaign%3Dpolicy%26utm_term%3Dproduct_feature&text=Labor",
        "https://www.facebook.com/sharer/sharer.php",
        "https://facebook.com/sharer/sharer.php?u=https%3A%2F%2Fwww.afr.com%2Fpolicy%2Feconomy%2Flabor-ignored-its-own-fiscal-target-three-budgets-in-a-row-20251007-p5n0nc%3Futm_source%3Dafr-web%26utm_medium%3Dshare_article%26utm_campaign%3Dpolicy%26utm_term%3Dproduct_feature&title=Labor",
        "https://www.professional.licensing-publishing.nine.com.au/C.aspx?VP3=CMS3&VF=FXJFXT_3",
        "http://linkedin.com/shareArticle?mini=true&url=https%3A%2F%2Fwww.afr.com%2Fpolicy%2Feconomy%2Flabor-ignored-its-own-fiscal-target-three-budgets-in-a-row-20251007-p5n0nc%3Futm_source%3Dafr-web%26utm_medium%3Dshare_article%26utm_campaign%3Dpolicy%26utm_term%3Dproduct_feature&title=Labor",
        "https://twitter.com/share",
        "https://professional.licensing-publishing.nine.com.au/C.aspx",
        "http://www.linkedin.com/shareArticle"
    ],
    "external_images": [],
    "internal_images": [],
    "entities": {
        "persons": [
            {
                "name": "Luke Kinsella",
                "sentiment": "none"
            }
        ],
        "locations": [],
        "organizations": [
            {
                "name": "Federal Labor",
                "sentiment": "negative",
                "tickers": []
            },
            {
                "name": "Twitter\nFacebook\nCopy",
                "sentiment": "none",
                "tickers": [
                    {
                        "ticker": "TWTR",
                        "exchange": "NYSE"
                    }
                ]
            },
            {
                "name": "Treasury",
                "sentiment": "none",
                "tickers": [
                    {
                        "ticker": null,
                        "exchange": null
                    }
                ]
            }
        ]
    },
    "syndication": {
        "syndicated": false,
        "syndicate_id": null,
        "first_syndicated": false
    },
    "trust": {
        "categories": [
            "trusted_news"
        ],
        "top_news": [
            "top_news_au",
            "top_news"
        ],
        "bias": "center",
        "source": {
            "type": null,
            "city": null,
            "state": null,
            "country": null,
            "domain_type": null,
            "agency": null,
            "organization_name": null
        }
    },
    "rating": null,
    "crawled": "2025-10-09T07:31:38.180+03:00",
    "updated": "2025-10-10T08:08:11.000+03:00"
}