{
    "thread": {
        "uuid": "314873909a740aad8334d5cf17a43c1b71c7d006",
        "url": "https://www.defenseworld.net/2025/10/09/airiq-cveiq-trading-down-2-heres-what-happened.html",
        "site_full": "www.defenseworld.net",
        "site": "defenseworld.net",
        "site_section": "https://www.defenseworld.net/feed/atom",
        "site_categories": [
            "media"
        ],
        "section_title": "Defense World",
        "site_title": "Defense World",
        "title": "AirIQ (CVE:IQ) Trading Down 2% - Here's What Happened - Defense World",
        "title_full": "AirIQ (CVE:IQ) Trading Down 2% - Here's What Happened - Defense World",
        "published": "2025-10-09T09:02:00.000+03:00",
        "replies_count": 0,
        "participants_count": 1,
        "site_type": "news",
        "country": "US",
        "main_image": "https://www.americanbankingnews.com/wp-content/timthumb/timthumb.php?src=https://www.marketbeat.com/logos/airiq-inc-logo-1200x675.jpg?v=20211201093827&amp;w=240&amp;h=240&amp;zc=2",
        "performance_score": 0,
        "domain_rank": 159846,
        "domain_rank_updated": "2025-10-06T00:00:00.000+03:00",
        "licensing_agency": [],
        "social": {
            "facebook": {
                "likes": 0,
                "comments": 0,
                "shares": 0
            },
            "vk": {
                "shares": 0
            }
        }
    },
    "uuid": "314873909a740aad8334d5cf17a43c1b71c7d006",
    "url": "https://www.defenseworld.net/2025/10/09/airiq-cveiq-trading-down-2-heres-what-happened.html",
    "ord_in_thread": 0,
    "author": "Defense World Staff",
    "published": "2025-10-09T09:02:00.000+03:00",
    "title": "AirIQ (CVE:IQ) Trading Down 2% - Here's What Happened - Defense World",
    "text": "AirIQ Inc. ( CVE:IQ – Get Free Report )’s share price fell 2% during trading on Wednesday . The stock traded as low as C$0.48 and last traded at C$0.49. 35,500 shares changed hands during trading, an increase of 63% from the average session volume of 21,814 shares. The stock had previously closed at C$0.50. The stock has a market cap of C$14.27 million, a PE ratio of 77.03 and a beta of -0.64. The stock has a fifty day simple moving average of C$0.39 and a two-hundred day simple moving average of C$0.37. ( Get Free Report ) AirIQ Inc provides wireless asset management and location services in Canada. The company also develops and operates telematics asset management system by digitized mapping, wireless communications, internet, and the global positioning system. Its web-based platform provides fleet operators and vehicle owners with a suite of asset management solutions to monitor, manage, and protect their assets.",
    "highlightText": "",
    "highlightTitle": "",
    "highlightThreadTitle": "",
    "language": "english",
    "sentiment": "negative",
    "categories": [
        "Economy, Business and Finance",
        "Economy, Business and Finance"
    ],
    "topics": [
        "Economy, Business and Finance->financial and economic news",
        "Economy, Business and Finance->business and market analysis",
        "Economy, Business and Finance->business and market analysis",
        "Economy, Business and Finance->investment and opinion pieces",
        "Economy, Business and Finance->financial and economic news"
    ],
    "ai_allow": true,
    "has_canonical": false,
    "breaking": false,
    "webz_reporter": false,
    "external_links": [
        "https://www.marketbeat.com/stocks/CVE/IQ/",
        "https://www.marketbeat.com/arnreports/ReportTickerOptin.aspx?RegistrationCode=TickerHyperlink&Prefix=CVE&Symbol=IQ",
        "https://www.marketbeat.com/arnreports/ReportTickerOptin.aspx",
        "https://marketbeat.com/stocks/CVE/IQ/",
        "https://www.marketbeat.com/stocks/CVE/IQ",
        "https://marketbeat.com/arnreports/ReportTickerOptin.aspx?RegistrationCode=TickerHyperlink&Prefix=CVE&Symbol=IQ"
    ],
    "external_images": [],
    "internal_images": [],
    "entities": {
        "persons": [],
        "locations": [],
        "organizations": [
            {
                "name": "AirIQ Inc.",
                "sentiment": "none",
                "tickers": []
            }
        ]
    },
    "syndication": {
        "syndicated": false,
        "syndicate_id": null,
        "first_syndicated": false
    },
    "trust": {
        "categories": [],
        "top_news": [],
        "bias": null,
        "source": {
            "type": null,
            "city": null,
            "state": null,
            "country": null,
            "domain_type": null,
            "agency": null,
            "organization_name": null
        }
    },
    "rating": null,
    "crawled": "2025-10-09T09:35:34.577+03:00",
    "updated": "2025-10-09T09:37:04.000+03:00"
}