{
    "thread": {
        "uuid": "316b082b572c59fd4c1d1d3b79b8b8aed8490052",
        "url": "https://www.marketscreener.com/news/italy-eyes-first-rating-upgrade-from-moody-s-in-23-years-ce7d5ed9df8df32d",
        "site_full": "www.marketscreener.com",
        "site": "marketscreener.com",
        "site_section": "http://www.marketscreener.com/news/topics/central-banks/",
        "site_categories": [
            "photography",
            "hobbies_and_interests"
        ],
        "section_title": "Central Banks: Follow the news live on MarketScreener",
        "site_title": "Stock Market Today : Reports, Quotes and News - MarketScreener",
        "title": "Italy eyes first rating upgrade from Moody's in 23 years | MarketScreener",
        "title_full": "Italy eyes first rating upgrade from Moody's in 23 years | MarketScreener",
        "published": "2025-11-20T08:48:00.000+02:00",
        "replies_count": 0,
        "participants_count": 1,
        "site_type": "news",
        "country": "DE",
        "main_image": "https://cdn.zonebourse.com/static/resize/0/0//images/reuters/2025-05/2025-05-15T093602Z_1_LYNXMPEL4E0FE_RTROPTP_4_ITALY-DAILYLIFE.JPG",
        "performance_score": 0,
        "domain_rank": 11487,
        "domain_rank_updated": "2025-11-16T23:00:00.000+02:00",
        "licensing_agency": [],
        "social": {
            "facebook": {
                "likes": 0,
                "comments": 0,
                "shares": 0
            },
            "vk": {
                "shares": 0
            }
        }
    },
    "uuid": "316b082b572c59fd4c1d1d3b79b8b8aed8490052",
    "url": "https://www.marketscreener.com/news/italy-eyes-first-rating-upgrade-from-moody-s-in-23-years-ce7d5ed9df8df32d",
    "ord_in_thread": 0,
    "author": "Reuters",
    "published": "2025-11-20T08:48:00.000+02:00",
    "title": "Italy eyes first rating upgrade from Moody's in 23 years | MarketScreener",
    "text": "MILAN (Reuters) -Moody's review of Italy on Friday may yield the first rating upgrade for almost a quarter of a century, analysts say, reflecting growing confidence in the public finances of the euro zone's third largest economy.\nThe agency lifted Italy's outlook in May this year to positive from stable while keeping the rating at 'Baa3', the lowest rung of investment grade, citing a stronger-than-expected fiscal performance and a steadier political backdrop.\nSince then Giorgia Meloni's government has cut its 2025 budget deficit goal to 3% of gross domestic product, respecting the European Union's limit a year ahead of schedule helped by stronger tax revenues and lower debt servicing costs.\nRATING UNCHANGED SINCE 2018\n\"Italy's fiscal outturns keep surprising positively, supported by the unwinding of a massive fiscal stimulus, job-rich and tax-rich GDP growth and EU-financed fiscal support,\" Citi analysts wrote in a weekly report.\nThey added that \"positive fundamentals have not yet been captured in the rating, which remains close to 2015-16 levels.\"\nMoody's has not improved Italy's rating since May 2002, when it passed from Aa3 to Aa2, and the rating has not changed since a downgrade in October 2018.\nPositive action from the agency would round off a string of ratings boosts for Italy in the autumn round of reviews, with Fitch upgrading it to BBB+, DBRS lifting it to A (low), and Scope improving the outlook on its BBB+ to positive from stable.\nS&P Global was the only agency to make no change, confirming the sovereign at 'BBB+' with a stable outlook, having hiked the rating just six months earlier.\nItalian government bonds have rallied strongly: the gap between 10-year BTPs over safe-haven German Bunds - a key gauge of the extra return investors demand to hold Italian debt - has narrowed by around about 40 basis points since early September to around 75 basis points, near a 15-year low.\nAnalysts at UniCredit said a potential upgrade on Friday would mark \"another step in the constructive trend that has characterised the overall assessment of Italy's creditworthiness,\" noting that among major rating agencies Moody's remains the most cautious.\nBBVA assigned a 60% probability to an upgrade, arguing that Moody's decision not to downgrade France but to merely move its outlook to negative in October \"might be interpreted as a signal supporting a positive action on Italy.\"\nSTAGNANT ECONOMY\nStill, challenges remain. Italy's aging population and high debt burden weigh on long-term sustainability, while global trade tensions add uncertainty to its already chronically weak economic growth.\nGross domestic product stagnated in the third quarter after shrinking by 0.1% in the second, and the government last month cut its forecast for full-year growth to just 0.5%, after 0.7% expansion last year.\nYet for now, ratings agencies and markets are focused on the positives and rewarding Rome for its fiscal discipline and political stability, with Meloni's government still popular after three years in office.\n(Additional reporting Valentina Consiglio, editing by Gavin Jones)\nBy Alessia Pe\n© Reuters - 2025",
    "highlightText": "",
    "highlightTitle": "",
    "highlightThreadTitle": "",
    "language": "english",
    "sentiment": "positive",
    "categories": [
        "Economy, Business and Finance"
    ],
    "topics": [
        "Economy, Business and Finance->financial and economic news"
    ],
    "ai_allow": true,
    "has_canonical": false,
    "breaking": false,
    "webz_reporter": false,
    "external_links": [
        "https://cdn.zonebourse.com/static/resize/768/432//images/reuters/2025-05/2025-05-15T093602Z_1_LYNXMPEL4E0FE_RTROPTP_4_ITALY-DAILYLIFE.JPG",
        "https://www.linkedin.com/shareArticle?mini=true&url=https%3A%2F%2Fwww.marketscreener.com%2Fnews%2Fitaly-eyes-first-rating-upgrade-from-moody-s-in-23-years-ce7d5ed9df8df32d%3Futm_source%3Dlinkedin%26utm_medium%3Dsocial%26utm_campaign%3Dshare&title=Italy",
        "https://wa.me/?text=https%3A%2F%2Fwww.marketscreener.com%2Fnews%2Fitaly-eyes-first-rating-upgrade-from-moody-s-in-23-years-ce7d5ed9df8df32d%3Futm_source%3Dwhatsapp%26utm_medium%3Dsocial%26utm_campaign%3Dshare",
        "https://telegram.me/share/url?url=https%3A%2F%2Fwww.marketscreener.com%2Fnews%2Fitaly-eyes-first-rating-upgrade-from-moody-s-in-23-years-ce7d5ed9df8df32d%3Futm_source%3Dtelegram%26utm_medium%3Dsocial%26utm_campaign%3Dshare",
        "https://www.facebook.com/sharer/sharer.php?u=https%3A%2F%2Fwww.marketscreener.com%2Fnews%2Fitaly-eyes-first-rating-upgrade-from-moody-s-in-23-years-ce7d5ed9df8df32d%3Futm_source%3Dfacebook%26utm_medium%3Dsocial%26utm_campaign%3Dshare",
        "https://x.com/intent/tweet?text=Italy",
        "https://www.wa.me/?text=https%3A%2F%2Fwww.marketscreener.com%2Fnews%2Fitaly-eyes-first-rating-upgrade-from-moody-s-in-23-years-ce7d5ed9df8df32d%3Futm_source%3Dwhatsapp%26utm_medium%3Dsocial%26utm_campaign%3Dshare",
        "https://x.com/intent/tweet",
        "https://telegram.me/share/url",
        "https://facebook.com/sharer/sharer.php?u=https%3A%2F%2Fwww.marketscreener.com%2Fnews%2Fitaly-eyes-first-rating-upgrade-from-moody-s-in-23-years-ce7d5ed9df8df32d%3Futm_source%3Dfacebook%26utm_medium%3Dsocial%26utm_campaign%3Dshare",
        "https://www.cdn.zonebourse.com/static/resize/768/432//images/reuters/2025-05/2025-05-15T093602Z_1_LYNXMPEL4E0FE_RTROPTP_4_ITALY-DAILYLIFE.JPG",
        "https://wa.me/",
        "https://www.facebook.com/sharer/sharer.php",
        "https://www.linkedin.com/shareArticle",
        "https://www.x.com/intent/tweet?text=Italy",
        "https://www.telegram.me/share/url?url=https%3A%2F%2Fwww.marketscreener.com%2Fnews%2Fitaly-eyes-first-rating-upgrade-from-moody-s-in-23-years-ce7d5ed9df8df32d%3Futm_source%3Dtelegram%26utm_medium%3Dsocial%26utm_campaign%3Dshare",
        "https://linkedin.com/shareArticle?mini=true&url=https%3A%2F%2Fwww.marketscreener.com%2Fnews%2Fitaly-eyes-first-rating-upgrade-from-moody-s-in-23-years-ce7d5ed9df8df32d%3Futm_source%3Dlinkedin%26utm_medium%3Dsocial%26utm_campaign%3Dshare&title=Italy"
    ],
    "external_images": [],
    "internal_images": [],
    "entities": {
        "persons": [
            {
                "name": "Giorgia Meloni",
                "sentiment": "none"
            }
        ],
        "locations": [],
        "organizations": [
            {
                "name": "Reuters",
                "sentiment": "negative",
                "tickers": [
                    {
                        "ticker": "TRI",
                        "exchange": "NASDAQ"
                    }
                ]
            },
            {
                "name": "Moody",
                "sentiment": "neutral",
                "tickers": [
                    {
                        "ticker": null,
                        "exchange": null
                    }
                ]
            },
            {
                "name": "European Union",
                "sentiment": "none",
                "tickers": [
                    {
                        "ticker": null,
                        "exchange": null
                    }
                ]
            }
        ]
    },
    "syndication": {
        "syndicated": false,
        "syndicate_id": "316b082b572c59fd4c1d1d3b79b8b8aed8490052",
        "first_syndicated": true
    },
    "trust": {
        "categories": [],
        "top_news": [],
        "bias": null,
        "source": {
            "type": null,
            "city": null,
            "state": null,
            "country": null,
            "domain_type": null,
            "agency": null,
            "organization_name": null
        }
    },
    "rating": null,
    "crawled": "2025-11-20T09:07:36.792+02:00",
    "updated": "2025-11-20T09:08:46.000+02:00"
}