{
    "thread": {
        "uuid": "37cc43d912742387af77e8c484cca38c641836c9",
        "url": "https://www.defenseworld.net/2025/11/20/td-cowen-issues-positive-forecast-for-micron-technology-nasdaqmu-stock-price.html",
        "site_full": "www.defenseworld.net",
        "site": "defenseworld.net",
        "site_section": "https://defenseworld.net",
        "site_categories": [
            "media"
        ],
        "section_title": "Defense World",
        "site_title": "Defense World",
        "title": "TD Cowen Issues Positive Forecast for Micron Technology (NASDAQ:MU) Stock Price",
        "title_full": "TD Cowen Issues Positive Forecast for Micron Technology (NASDAQ:MU) Stock Price",
        "published": "2025-11-20T10:26:00.000+02:00",
        "replies_count": 0,
        "participants_count": 1,
        "site_type": "news",
        "country": "US",
        "main_image": "",
        "performance_score": 0,
        "domain_rank": 159846,
        "domain_rank_updated": "2025-11-16T23:00:00.000+02:00",
        "licensing_agency": [],
        "social": {
            "facebook": {
                "likes": 0,
                "comments": 0,
                "shares": 0
            },
            "vk": {
                "shares": 0
            }
        }
    },
    "uuid": "37cc43d912742387af77e8c484cca38c641836c9",
    "url": "https://www.defenseworld.net/2025/11/20/td-cowen-issues-positive-forecast-for-micron-technology-nasdaqmu-stock-price.html",
    "ord_in_thread": 0,
    "author": "Defense World Staff",
    "published": "2025-11-20T10:26:00.000+02:00",
    "title": "TD Cowen Issues Positive Forecast for Micron Technology (NASDAQ:MU) Stock Price",
    "text": "Micron Technology ( NASDAQ:MU – Free Report ) had its price target boosted by TD Cowen from $200.00 to $275.00 in a research note released on Wednesday morning, Marketbeat Ratings reports. TD Cowen currently has a buy rating on the semiconductor manufacturer’s stock.Several other equities research analysts have also weighed in on the company. Itau BBA Securities started coverage on Micron Technology in a research report on Tuesday, October 7th. They issued an “outperform” rating and a $249.00 target price on the stock. CLSA started coverage on shares of Micron Technology in a report on Wednesday, August 27th. They issued an “outperform” rating and a $155.00 price objective on the stock. Morgan Stanley lifted their price objective on shares of Micron Technology from $220.00 to $325.00 and gave the company an “overweight” rating in a research report on Thursday, November 13th. Piper Sandler boosted their target price on shares of Micron Technology from $165.00 to $200.00 and gave the company an “overweight” rating in a research note on Wednesday, September 24th. Finally, Wolfe Research upped their target price on shares of Micron Technology from $160.00 to $180.00 and gave the stock an “outperform” rating in a research report on Wednesday, September 17th. Five equities research analysts have rated the stock with a Strong Buy rating, twenty-six have issued a Buy rating and four have given a Hold rating to the company’s stock. According to data from MarketBeat.com, Micron Technology presently has an average rating of “Buy” and a consensus target price of $214.57. Check Out Our Latest Stock Analysis on MU MU opened at $225.92 on Wednesday. The company has a quick ratio of 1.79, a current ratio of 2.52 and a debt-to-equity ratio of 0.26. The company’s 50-day moving average price is $199.35 and its 200 day moving average price is $142.96. Micron Technology has a fifty-two week low of $61.54 and a fifty-two week high of $260.58. The firm has a market cap of $253.59 billion, a price-to-earnings ratio of 29.77, a price-to-earnings-growth ratio of 0.51 and a beta of 1.62. Micron Technology ( NASDAQ:MU – Get Free Report ) last issued its earnings results on Tuesday, September 23rd. The semiconductor manufacturer reported $3.03 EPS for the quarter, beating analysts’ consensus estimates of $2.86 by $0.17. The company had revenue of $11.32 billion during the quarter, compared to the consensus estimate of $11.05 billion. Micron Technology had a return on equity of 17.21% and a net margin of 22.84%.Micron Technology’s quarterly revenue was up 46.1% compared to the same quarter last year. During the same period in the previous year, the firm posted $1.18 earnings per share. Micron Technology has set its Q1 2026 guidance at 3.600-3.900 EPS. As a group, sell-side analysts expect that Micron Technology will post 6.08 earnings per share for the current year. The company also recently announced a quarterly dividend, which was paid on Tuesday, October 21st. Investors of record on Friday, October 3rd were paid a dividend of $0.115 per share. The ex-dividend date of this dividend was Friday, October 3rd. This represents a $0.46 annualized dividend and a yield of 0.2%. Micron Technology’s dividend payout ratio (DPR) is currently 6.06%. In other Micron Technology news, CAO Scott R. Allen sold 8,800 shares of the company’s stock in a transaction dated Monday, October 20th. The shares were sold at an average price of $210.02, for a total value of $1,848,176.00. Following the completion of the sale, the chief accounting officer directly owned 40,237 shares of the company’s stock, valued at approximately $8,450,574.74. This represents a 17.95% decrease in their position. The sale was disclosed in a legal filing with the Securities & Exchange Commission, which can be accessed through this hyperlink . Also, CFO Mark J. Murphy sold 126,000 shares of Micron Technology stock in a transaction that occurred on Thursday, October 30th. The stock was sold at an average price of $225.31, for a total transaction of $28,389,060.00. Following the completion of the transaction, the chief financial officer directly owned 219,693 shares in the company, valued at $49,499,029.83. This represents a 36.45% decrease in their position. The SEC filing for this sale provides additional information. Insiders have sold a total of 409,756 shares of company stock valued at $85,308,033 in the last ninety days. 0.30% of the stock is owned by insiders. Several institutional investors have recently modified their holdings of MU. REAP Financial Group LLC bought a new position in Micron Technology in the 3rd quarter worth approximately $25,000. Barnes Dennig Private Wealth Management LLC bought a new position in shares of Micron Technology during the 3rd quarter worth about $27,000. First Command Advisory Services Inc. increased its holdings in shares of Micron Technology by 225.0% during the 2nd quarter. First Command Advisory Services Inc. now owns 221 shares of the semiconductor manufacturer’s stock worth $27,000 after purchasing an additional 153 shares during the period. Howard Hughes Medical Institute acquired a new position in shares of Micron Technology during the second quarter valued at about $30,000. Finally, AlphaQuest LLC lifted its stake in shares of Micron Technology by 13,250.0% in the second quarter. AlphaQuest LLC now owns 267 shares of the semiconductor manufacturer’s stock valued at $33,000 after buying an additional 265 shares during the period. Institutional investors own 80.84% of the company’s stock. ( Get Free Report )Micron Technology, Inc designs, develops, manufactures, and sells memory and storage products worldwide. The company operates through four segments: Compute and Networking Business Unit, Mobile Business Unit, Embedded Business Unit, and Storage Business Unit. It provides memory and storage technologies comprising dynamic random access memory semiconductor devices with low latency that provide high-speed data retrieval; non-volatile and re-writeable semiconductor storage devices; and non-volatile re-writable semiconductor memory devices that provide fast read speeds under the Micron and Crucial brands, as well as through private labels.",
    "highlightText": "",
    "highlightTitle": "",
    "highlightThreadTitle": "",
    "language": "english",
    "sentiment": "positive",
    "categories": [
        "Economy, Business and Finance"
    ],
    "topics": [
        "Economy, Business and Finance->business reporting and performance",
        "Economy, Business and Finance->financial and economic news",
        "Economy, Business and Finance->investment and opinion pieces"
    ],
    "ai_allow": true,
    "has_canonical": false,
    "breaking": false,
    "webz_reporter": false,
    "external_links": [
        "https://www.insidertrades.com/micron-technology-inc-stock/mark-j-murphy-1",
        "https://www.insidertrades.com/micron-technology-inc-stock/scott-r-allen",
        "https://www.marketbeat.com/arnreports/ReportTickerOptin.aspx?RegistrationCode=TickerHyperlink&Prefix=NASDAQ&Symbol=MU",
        "http://www.sec.gov/Archives/edgar/data/723125/000149828725000007/xslF345X05/primarydocument.xml",
        "https://www.marketbeat.com/",
        "https://www.marketbeat.com/stocks/NASDAQ/MU/",
        "https://www.marketbeat.com/stocks/NASDAQ/MU/forecast/",
        "http://www.sec.gov/Archives/edgar/data/723125/000165214925000006/xslF345X05/primarydocument.xml",
        "https://marketbeat.com/",
        "https://marketbeat.com/arnreports/ReportTickerOptin.aspx?RegistrationCode=TickerHyperlink&Prefix=NASDAQ&Symbol=MU",
        "http://sec.gov/Archives/edgar/data/723125/000165214925000006/xslF345X05/primarydocument.xml",
        "https://marketbeat.com/stocks/NASDAQ/MU/",
        "https://www.marketbeat.com/arnreports/ReportTickerOptin.aspx",
        "https://insidertrades.com/micron-technology-inc-stock/mark-j-murphy-1",
        "https://www.marketbeat.com",
        "http://sec.gov/Archives/edgar/data/723125/000149828725000007/xslF345X05/primarydocument.xml",
        "https://marketbeat.com/stocks/NASDAQ/MU/forecast/",
        "https://www.marketbeat.com/stocks/NASDAQ/MU/forecast",
        "https://insidertrades.com/micron-technology-inc-stock/scott-r-allen",
        "https://www.marketbeat.com/stocks/NASDAQ/MU"
    ],
    "external_images": [],
    "internal_images": [],
    "entities": {
        "persons": [],
        "locations": [],
        "organizations": [
            {
                "name": "Micron Technology",
                "sentiment": "none",
                "tickers": [
                    {
                        "ticker": "MU",
                        "exchange": "NASDAQ"
                    }
                ]
            },
            {
                "name": "Morgan Stanley",
                "sentiment": "none",
                "tickers": [
                    {
                        "ticker": "MS",
                        "exchange": "NYSE"
                    }
                ]
            },
            {
                "name": "CLSA",
                "sentiment": "none",
                "tickers": [
                    {
                        "ticker": null,
                        "exchange": null
                    }
                ]
            }
        ]
    },
    "syndication": {
        "syndicated": false,
        "syndicate_id": null,
        "first_syndicated": false
    },
    "trust": {
        "categories": [],
        "top_news": [],
        "bias": null,
        "source": {
            "type": null,
            "city": null,
            "state": null,
            "country": null,
            "domain_type": null,
            "agency": null,
            "organization_name": null
        }
    },
    "rating": null,
    "crawled": "2025-11-20T10:34:33.184+02:00",
    "updated": "2025-11-20T10:35:44.000+02:00"
}