{
    "thread": {
        "uuid": "217024060ecc2ea477714dd08e19f7b61fcc0384",
        "url": "https://www.newindianexpress.com/business/2025/Nov/20/stock-markets-sensex-holds-firm-at-85400-as-foreign-funds-fuel-mid-morning-rally",
        "site_full": "www.newindianexpress.com",
        "site": "newindianexpress.com",
        "site_section": "https://newindianexpress.com/feed",
        "site_categories": [
            "media",
            "top_news_in",
            "top_news_qa",
            "top_news"
        ],
        "section_title": "newindianexpress",
        "site_title": "India News,Latest News,Today&#x27;s News Headlines,World,Live Updates,Politics,Business,Sports,Entertainment: The New Indian Express",
        "title": "Stock markets: Sensex holds firm at 85,400 as foreign funds fuel mid-morning rally",
        "title_full": "Stock markets: Sensex holds firm at 85,400 as foreign funds fuel mid-morning rally",
        "published": "2025-11-20T08:48:00.000+02:00",
        "replies_count": 0,
        "participants_count": 1,
        "site_type": "news",
        "country": "IN",
        "main_image": "https://media.newindianexpress.com/newindianexpress%2F2025-03-26%2Funyv0n65%2F202503073345488.jpg?w=1200&amp;ar=40%3A21&amp;auto=format%2Ccompress&amp;ogImage=true&amp;mode=crop&amp;enlarge=true&amp;overlay=false&amp;overlay_position=bottom&amp;overlay_width=100",
        "performance_score": 0,
        "domain_rank": 12703,
        "domain_rank_updated": "2025-11-16T23:00:00.000+02:00",
        "licensing_agency": [],
        "social": {
            "facebook": {
                "likes": 0,
                "comments": 0,
                "shares": 0
            },
            "vk": {
                "shares": 0
            }
        }
    },
    "uuid": "217024060ecc2ea477714dd08e19f7b61fcc0384",
    "url": "https://www.newindianexpress.com/business/2025/Nov/20/stock-markets-sensex-holds-firm-at-85400-as-foreign-funds-fuel-mid-morning-rally",
    "ord_in_thread": 0,
    "author": "TNIE online desk",
    "published": "2025-11-20T08:48:00.000+02:00",
    "title": "Stock markets: Sensex holds firm at 85,400 as foreign funds fuel mid-morning rally",
    "text": "A continuation of foreign buying, firm corporate updates and supportive domestic demand indicators could help the market stretch its gains. Bombay Stock Exchange at Dalal Street, Mumbai. File photo TNIE online desk Updated on: 20 Nov 2025, 6:48 am 2 min read\nCopied\nCHENNAI: Indian equities held on to early gains through mid-morning trade on Thursday (November 20) with risk appetite improving on the back of steady foreign inflows and upbeat global cues. The Nifty 50 hovered a little above 26,000 and the Sensex inched higher in a narrow range, reflecting a market that is firm but not exuberant.\nBSE Sensex was trading around 85,427, up approximately 241 points or 0.28 % at 11:50 AM.\nMuch of the positive tone was carried over from overnight strength in global technology shares, after Nvidia’s latest numbers lifted sentiment across Asian markets. That momentum filtered into domestic trading as investors resumed buying in large-cap counters. Early data showed foreign investors continuing to add to Indian equities, a trend that has offered crucial support over the past couple of sessions. Domestic institutions also remained net buyers, helping the indices stabilise above key levels.\nReliance Industries provided an early anchor to the market after the stock advanced following renewed optimism around its energy and new-business verticals. Select auto stocks, including Hero MotoCorp, traded with healthy gains on expectations of steady retail demand, while infrastructure-linked names such as NBCC also moved higher on project-pipeline visibility. The rally, however, was not broad-based, and several mid- and small-cap shares saw only mild participation, keeping the overall market breadth balanced.\nDespite the steady upmove, traders remain conscious of the indices’ proximity to their previous record highs, which continue to act as a psychological barrier. With the Nifty still short of its September 2024 peak, the market appears hesitant to commit to a stronger breakout without clearer cues. Investors are also tracking global macro signals closely, particularly US economic data that could shape expectations for the Federal Reserve’s policy path. Any shift in the interest-rate narrative may quickly alter the flow of foreign money, which has been central to the recent rebound.\nFor now, the undertone remains cautiously constructive. A continuation of foreign buying, firm corporate updates and supportive domestic demand indicators could help the market stretch its gains. But the near-term landscape still carries sensitivity to global developments, leaving traders alert to any trigger that could stall the current momentum.",
    "highlightText": "",
    "highlightTitle": "",
    "highlightThreadTitle": "",
    "language": "english",
    "sentiment": "positive",
    "categories": [
        "Economy, Business and Finance"
    ],
    "topics": [
        "Economy, Business and Finance->market and exchange",
        "Economy, Business and Finance->financial and economic news",
        "Economy, Business and Finance->investment and opinion pieces"
    ],
    "ai_allow": true,
    "has_canonical": false,
    "breaking": true,
    "webz_reporter": false,
    "external_links": [
        "https://www.facebook.com/sharer.php?u=https%3A%2F%2Fwww.newindianexpress.com%2Fbusiness%2F2025%2FNov%2F20%2Fstock-markets-sensex-holds-firm-at-85400-as-foreign-funds-fuel-mid-morning-rally",
        "https://twitter.com/intent/tweet?url=https%3A%2F%2Fwww.newindianexpress.com%2Fbusiness%2F2025%2FNov%2F20%2Fstock-markets-sensex-holds-firm-at-85400-as-foreign-funds-fuel-mid-morning-rally&text=Stock%20markets%3A%20Sensex%20holds%20firm%20at%2085%2C400%20as%20foreign%20funds%20fuel%20mid-morning%20rally&hashtags=",
        "https://www.linkedin.com/shareArticle?url=https%3A%2F%2Fwww.newindianexpress.com%2Fbusiness%2F2025%2FNov%2F20%2Fstock-markets-sensex-holds-firm-at-85400-as-foreign-funds-fuel-mid-morning-rally&title=Stock%20markets%3A%20Sensex%20holds%20firm%20at%2085%2C400%20as%20foreign%20funds%20fuel%20mid-morning%20rally",
        "https://api.whatsapp.com/send?text=https%3A%2F%2Fwww.newindianexpress.com%2Fbusiness%2F2025%2FNov%2F20%2Fstock-markets-sensex-holds-firm-at-85400-as-foreign-funds-fuel-mid-morning-rally",
        "https://www.api.whatsapp.com/send?text=https%3A%2F%2Fwww.newindianexpress.com%2Fbusiness%2F2025%2FNov%2F20%2Fstock-markets-sensex-holds-firm-at-85400-as-foreign-funds-fuel-mid-morning-rally",
        "https://www.twitter.com/intent/tweet?url=https%3A%2F%2Fwww.newindianexpress.com%2Fbusiness%2F2025%2FNov%2F20%2Fstock-markets-sensex-holds-firm-at-85400-as-foreign-funds-fuel-mid-morning-rally&text=Stock%20markets%3A%20Sensex%20holds%20firm%20at%2085%2C400%20as%20foreign%20funds%20fuel%20mid-morning%20rally&hashtags=",
        "https://www.linkedin.com/shareArticle",
        "https://www.facebook.com/sharer.php",
        "https://linkedin.com/shareArticle?url=https%3A%2F%2Fwww.newindianexpress.com%2Fbusiness%2F2025%2FNov%2F20%2Fstock-markets-sensex-holds-firm-at-85400-as-foreign-funds-fuel-mid-morning-rally&title=Stock%20markets%3A%20Sensex%20holds%20firm%20at%2085%2C400%20as%20foreign%20funds%20fuel%20mid-morning%20rally",
        "https://facebook.com/sharer.php?u=https%3A%2F%2Fwww.newindianexpress.com%2Fbusiness%2F2025%2FNov%2F20%2Fstock-markets-sensex-holds-firm-at-85400-as-foreign-funds-fuel-mid-morning-rally",
        "https://api.whatsapp.com/send",
        "https://twitter.com/intent/tweet"
    ],
    "external_images": [],
    "internal_images": [],
    "entities": {
        "persons": [],
        "locations": [],
        "organizations": [
            {
                "name": "Bombay Stock Exchange",
                "sentiment": "none",
                "tickers": [
                    {
                        "ticker": "BSE",
                        "exchange": "Bombay Stock Exchange"
                    }
                ]
            }
        ]
    },
    "syndication": {
        "syndicated": false,
        "syndicate_id": null,
        "first_syndicated": false
    },
    "trust": {
        "categories": [
            "trusted_news"
        ],
        "top_news": [
            "top_news_in",
            "top_news_qa",
            "top_news"
        ],
        "bias": "center",
        "source": {
            "type": null,
            "city": null,
            "state": null,
            "country": null,
            "domain_type": null,
            "agency": null,
            "organization_name": null
        }
    },
    "rating": null,
    "crawled": "2025-11-20T08:52:10.582+02:00",
    "updated": "2025-11-21T09:05:27.000+02:00"
}