{
    "thread": {
        "uuid": "516b3d6940ec5dc98716ad2b327116288181e530",
        "url": "https://en.ilsole24ore.com/art/stock-markets-jump-tokyo-quarterly-nvidia-nikkei-294percent-AHR2N1qD",
        "site_full": "en.ilsole24ore.com",
        "site": "ilsole24ore.com",
        "site_section": "https://en.ilsole24ore.com/sez/finanza",
        "site_categories": [],
        "section_title": "Finance and stock exchange: prices, shares and financial markets - Il Sole 24 ORE",
        "site_title": "Il Sole 24 Ore: notizie di economia, finanza, borsa, fisco, cronaca italiana ed esteri - Il Sole 24 ORE",
        "title": "Stock exchanges: Nvidia's quarterly report sees Tokyo close +2.65% higher - Il Sole 24 ORE",
        "title_full": "Stock exchanges: Nvidia's quarterly report sees Tokyo close +2.65% higher - Il Sole 24 ORE",
        "published": "2025-11-20T08:21:00.000+02:00",
        "replies_count": 0,
        "participants_count": 1,
        "site_type": "news",
        "country": "IT",
        "main_image": "https://i2.res.24o.it/images2010/S24/Documenti/2025/11/21/Immagini/Ritagli/2247296656-U01035851572Foh-1440x752@IlSole24Ore-Web.jpg?r=1170x507",
        "performance_score": 0,
        "domain_rank": 4459,
        "domain_rank_updated": "2025-11-16T23:00:00.000+02:00",
        "licensing_agency": [],
        "social": {
            "facebook": {
                "likes": 0,
                "comments": 0,
                "shares": 0
            },
            "vk": {
                "shares": 0
            }
        }
    },
    "uuid": "516b3d6940ec5dc98716ad2b327116288181e530",
    "url": "https://en.ilsole24ore.com/art/stock-markets-jump-tokyo-quarterly-nvidia-nikkei-294percent-AHR2N1qD",
    "ord_in_thread": 0,
    "author": "@sole24ore",
    "published": "2025-11-20T08:21:00.000+02:00",
    "title": "Stock exchanges: Nvidia's quarterly report sees Tokyo close +2.65% higher - Il Sole 24 ORE",
    "text": "(Il Sole 24 Ore Radiocor) - Better-than-expected accounts and outlook announced by Nvidia appease, at least for the moment, fears about a bubble in technology stocks and allow the European stock markets to travel into positive territory after recent pressures. Thus, the FTSE MIB of Piazza Affari rose after five consecutive days of declines. Also doing well were the CAC 40 of Paris, the DAX 40 of Frankfurt and the IBEX 35 of Madrid, the AEX of Amsterdam and the FT-SE 100 of London. Moreover, Wall Street had already closed positively on Wednesday and this morning Tokyo ended the session with +2.65%. Investors, meanwhile, are awaiting the publication of the September US labour market data, postponed due to the shutdown, and seem to believe less in a US rate cut in December: an eventuality now considered likely at around 30% on the basis of Fed Funds futures processed by Cme FedWatch, against 50% on the eve of the event. The dollar strengthened as a result, while gold lost share.",
    "highlightText": "",
    "highlightTitle": "",
    "highlightThreadTitle": "",
    "language": "english",
    "sentiment": "positive",
    "categories": [
        "Economy, Business and Finance"
    ],
    "topics": [
        "Economy, Business and Finance->market and exchange",
        "Economy, Business and Finance->financial and economic news",
        "Economy, Business and Finance->computing and information technology"
    ],
    "ai_allow": true,
    "has_canonical": false,
    "breaking": null,
    "webz_reporter": false,
    "external_links": [],
    "external_images": [],
    "internal_images": [],
    "entities": {
        "persons": [],
        "locations": [],
        "organizations": [
            {
                "name": "Nvidia",
                "sentiment": "negative",
                "tickers": [
                    {
                        "ticker": "NVDA",
                        "exchange": "NASDAQ"
                    }
                ]
            },
            {
                "name": "Tokyo Stock Exchange",
                "sentiment": "negative",
                "tickers": [
                    {
                        "ticker": null,
                        "exchange": null
                    }
                ]
            }
        ]
    },
    "syndication": {
        "syndicated": false,
        "syndicate_id": null,
        "first_syndicated": false
    },
    "trust": {
        "categories": [],
        "top_news": [],
        "bias": null,
        "source": {
            "type": null,
            "city": null,
            "state": null,
            "country": null,
            "domain_type": null,
            "agency": null,
            "organization_name": null
        }
    },
    "rating": null,
    "crawled": "2025-11-20T09:56:32.582+02:00",
    "updated": "2025-11-20T12:37:36.353+02:00"
}