{
    "thread": {
        "uuid": "a87acbfe9d103de718d047b1677062eb4f44cb4e",
        "url": "https://www.ibef.org/news/indian-brands-hit-us-523-5-billion-valuation-as-hdfc-bank-leads-kantar-brandz-2025-ranking",
        "site_full": "www.ibef.org",
        "site": "ibef.org",
        "site_section": "https://www.ibef.org",
        "site_categories": [
            "media"
        ],
        "section_title": "Business Opportunities in India: Investment Ideas & Industry Insights | IBEF",
        "site_title": "Business Opportunities in India: Investment Ideas & Industry Insights | IBEF",
        "title": "Indian brands hit US$ 523.5 billion valuation as HDFC Bank leads Kantar BrandZ 2025 Ranking",
        "title_full": "Indian brands hit US$ 523.5 billion valuation as HDFC Bank leads Kantar BrandZ 2025 Ranking",
        "published": "2025-11-20T08:03:11.224+02:00",
        "replies_count": 0,
        "participants_count": 1,
        "site_type": "news",
        "country": "IN",
        "main_image": "",
        "performance_score": 0,
        "domain_rank": 60882,
        "domain_rank_updated": "2025-11-16T23:00:00.000+02:00",
        "licensing_agency": [],
        "social": {
            "facebook": {
                "likes": 0,
                "comments": 0,
                "shares": 0
            },
            "vk": {
                "shares": 0
            }
        }
    },
    "uuid": "a87acbfe9d103de718d047b1677062eb4f44cb4e",
    "url": "https://www.ibef.org/news/indian-brands-hit-us-523-5-billion-valuation-as-hdfc-bank-leads-kantar-brandz-2025-ranking",
    "ord_in_thread": 0,
    "author": "@IBEFIndia",
    "published": "2025-11-20T08:03:11.224+02:00",
    "title": "Indian brands hit US$ 523.5 billion valuation as HDFC Bank leads Kantar BrandZ 2025 Ranking",
    "text": "India’s most valuable brands are now worth a combined Rs. 46,41,875 crore (US$ 523.5 billion) in 2025, equivalent to about 13% of the country’s Gross Domestic Product (GDP), according to the Kantar BrandZ Top 100 Most Valuable Indian Brands report. The 2025 list posted 6% YoY growth, with 34 brands increasing in value. HDFC Bank remained India’s most valuable brand, up 18% at Rs. 3,98,926 crore (US$ 44.99 billion), reflecting its strong digital investments and consumer-centric innovation. Tata Consultancy Services Rs. 3,92,187 crore (US$ 44.23 billion), Airtel Rs. 3,64,168 crore (US$ 41.07 billion), Infosys Rs. 2,26,463 crore (US$ 25.54 billion), and ICICI Bank Rs. 1,82,926 crore (US$ 20.63 billion) rounded out the top five. Collectively, the top ten brands account for 47% of total brand value. This year saw 18 new entrants, including UltraTech Cement at No.7 with a Rs. 1,28,572 crore (US$ 14.5 billion) valuation after being added under the newly introduced Materials category. Retail brands Westside Rs. 29,261 crore (US$ 3.3 billion) and Zudio Rs. 22,168 crore (US$ 2.5 billion) also debuted.\nThe report highlighted the strong performance of India’s 10 fastest-growing brands, which expanded an average of 42%, driven by meaningful differentiation, innovation, and sharper consumer understanding. Zomato ranked as the fastest-growing brand for the second consecutive year, rising 10 places to No.21 with a 69% jump in value to Rs. 53,202 crore (US$ 6 billion), supported by its expansion into dine-out experiences and lifestyle services through District by Zomato. Kantar noted that the brands delivering the strongest gains are those that track consumer behaviour in real time, adapt quickly, and invest consistently in brand building, with actionable insights emerging as a strategic necessity in an evolving marketplace.\nDisclaimer: This information has been collected through secondary research and IBEF is not responsible for any errors in the same.",
    "highlightText": "",
    "highlightTitle": "",
    "highlightThreadTitle": "",
    "language": "english",
    "sentiment": "positive",
    "categories": [
        "Economy, Business and Finance"
    ],
    "topics": [
        "Economy, Business and Finance->business reporting and performance",
        "Economy, Business and Finance->financial and economic news",
        "Economy, Business and Finance->business and market analysis"
    ],
    "ai_allow": true,
    "has_canonical": false,
    "breaking": false,
    "webz_reporter": false,
    "external_links": [],
    "external_images": [],
    "internal_images": [],
    "entities": {
        "persons": [],
        "locations": [],
        "organizations": [
            {
                "name": "HDFC Bank",
                "sentiment": "negative",
                "tickers": [
                    {
                        "ticker": "HDB",
                        "exchange": "NYSE"
                    }
                ]
            },
            {
                "name": "UltraTech Cement",
                "sentiment": "none",
                "tickers": [
                    {
                        "ticker": "ULTCEM",
                        "exchange": "NSE"
                    }
                ]
            }
        ]
    },
    "syndication": {
        "syndicated": false,
        "syndicate_id": null,
        "first_syndicated": false
    },
    "trust": {
        "categories": [],
        "top_news": [],
        "bias": null,
        "source": {
            "type": null,
            "city": null,
            "state": null,
            "country": null,
            "domain_type": null,
            "agency": null,
            "organization_name": null
        }
    },
    "rating": null,
    "crawled": "2025-11-20T08:03:11.224+02:00",
    "updated": "2025-11-20T08:04:17.000+02:00"
}