{
    "thread": {
        "uuid": "5fddc4e9f01bc8f20cc4505c14b283ab04f97ae3",
        "url": "https://in.benzinga.com/news/25/03/44408726/got-laid-off-so-i-went-all-in-on-living-frugally-redditor-shares-how-they-saved-big-and-why-these-tips-may-be-more-important-than-ever",
        "site_full": "in.benzinga.com",
        "site": "benzinga.com",
        "site_section": "https://news.google.com/search?q=these%20when%3A1h&hl=en-US&gl=US&ceid=US%3Aen",
        "site_categories": [],
        "section_title": "Google News - Search",
        "site_title": null,
        "title": "'Got Laid Off, So I Went All-In On Living Frugally'-Redditor Shares How They Saved Big And Why These Tips May Be More Important Than Ever - Benzinga",
        "title_full": "'Got Laid Off, So I Went All-In On Living Frugally'-Redditor Shares How They Saved Big And Why These Tips May Be More Important Than Ever - Benzinga",
        "published": "2025-03-20T02:11:00.000+02:00",
        "replies_count": 0,
        "participants_count": 1,
        "site_type": "news",
        "country": "IN",
        "main_image": "https://cdn.benzinga.com/files/images/story/2025/03/19/Keeping-Up-A-Frugal-Lifestyle.jpeg?width=1200&amp;height=800&amp;fit=crop",
        "performance_score": 0,
        "domain_rank": 1935,
        "domain_rank_updated": "2025-03-17T23:00:00.000+02:00",
        "social": {
            "facebook": {
                "likes": 0,
                "comments": 0,
                "shares": 0
            },
            "vk": {
                "shares": 0
            }
        }
    },
    "uuid": "5fddc4e9f01bc8f20cc4505c14b283ab04f97ae3",
    "url": "https://in.benzinga.com/news/25/03/44408726/got-laid-off-so-i-went-all-in-on-living-frugally-redditor-shares-how-they-saved-big-and-why-these-tips-may-be-more-important-than-ever",
    "ord_in_thread": 0,
    "parent_url": null,
    "author": "Adrian Volenik",
    "published": "2025-03-20T02:11:00.000+02:00",
    "title": "'Got Laid Off, So I Went All-In On Living Frugally'-Redditor Shares How They Saved Big And Why These Tips May Be More Important Than Ever - Benzinga",
    "text": "A Reddit user recently shared how they cut over $12,000 in annual expenses after being laid off—without sacrificing quality of life. Their post in r/Frugal, which quickly went viral, detailed every step of their cost-cutting journey and why more people might need these strategies as the economy tightens.\nPrioritizing Family Over a Bigger Paycheck The original poster was laid off just weeks before their second child was born. After a decade of working more than 55 hours per week, they decided to pursue freelancing instead of returning to the grind of agency life.\nDon't Miss:\nAre you rich? Here’s what Americans think you need to be considered wealthy. Warren Buffett once said, \"If you don't find a way to make money while you sleep, you will work until you die.\" Here’s how you can earn passive income with just $100. But with income uncertain, OP knew they had to cut costs fast. “I set off reducing my recurring expenses as much as possible,” they wrote. “Given how the economy is moving, many of us may need these tips sooner rather than later.”\nCutting $12,000 in Annual Expenses The biggest cuts came from subscription services, food costs, and health insurance. OP listed their previous monthly expenses, which totaled $2,127, and detailed how they slashed that to $1,093—saving over $12,000 per year.\nStreaming services, memberships, and phone bills were taking up a big part of OP’s budget. To save money, they canceled Netflix, Crunchyroll, and Amazon Prime and started using Stremio with Real-Debrid instead. They also stopped paying for Spotify and used YouTube Music, which comes with YouTube Premium.\nTrending: BlackRock is calling 2025 the year of alternative assets. One firm from NYC has quietly built a group of 60,000+ investors who have all joined in on an alt asset class previously exclusive to billionaires like Bezos and Gates.\nInstead of paying for LastPass Family, they switched to Bitwarden, a free option that does the same thing. They also got rid of their Chase Sapphire Reserve credit card and replaced it with a cashback card that gives them rewards at Costco.\nPerhaps most importantly here, they switched from T-Mobile to Mint Mobile, cutting almost $800 a year from their phone bill.\nReducing Shopping and Takeout OP used to spend $100 per month on Amazon but realized that removing Prime's one-day shipping actually helped curb impulse buys. Now, they only spend about $30 per month, mostly on essentials for their kids.\nTrending: Have $200K saved? Here's how to turn it into lasting wealth\nFood was another major cut. Instead of buying baked goods, OP learned to bake at home, saving $30 per month. They also learned to cook their favorite takeout meals, reducing spending from $150 to $35 per month. To further cut grocery costs, they started a backyard garden, replacing some store-bought veggies. “We are definitely going much bigger this year (2x what we had previously) with proper equipment, so hopefully we can grow much more as we develop our green thumb,” OP wrote.\nBiggest Win: Health Insurance Savings One of the most surprising savings came from switching health insurance plans . When OP was employed, their family plan cost $1,600 per month. After their income dropped, they qualified for free health insurance . As they said, “With this cheaper health plan, even if my earnings go up significantly and I pay full price for the insurance, it’ll only come out to $950/month”.\nThat change alone saved $7,800 per year, making it the single biggest financial win.\nSee Also: Dogecoin millionaires are increasing – investors with $1M+ in DOGE revealed!\nReddit Reacts: More Ways to Save The post sparked more than 600 comments, with Redditors sharing additional frugal hacks . For instance, using local libraries for free streaming services like Hoopla and Kanopy, utilizing Buy Nothing groups for free baby supplies and household items, using ad blockers and browser extensions instead of paying for ad-free streaming, switching to eBay or thrift stores for cheaper purchases instead of Amazon, and taking advantage of grocery store apps for fast food discounts.\nMany came to the realization that lifestyle creep is real and that when you cut back, you realize how little you actually need.\nWhy These Tips Matter More Than Ever OP's story resonated because it highlights how quickly financial stability can change. Whether due to layoffs , inflation, or shifting priorities, having a plan to cut expenses can make a huge difference.\nAnd as OP pointed out, frugality doesn't have to mean sacrifice. “I feel pride in my work, and baking something my family loves fills me with oxytocin and dopamine.”\nRead Next:\nCan you guess how many retire with a $5,000,000 nest egg? The percentage may shock you . These five entrepreneurs are worth $223 billion – they all believe in one platform that offers a 7-9% target yield with monthly dividends Don't miss a beat on the share market. Get real-time updates on top stock movers and trading ideas on Benzinga India Telegram channel .\n© 2025 Benzinga.com. Benzinga does not provide investment advice. All rights reserved.\nComments\nClose menu\nLoading...",
    "highlightText": "",
    "highlightTitle": "",
    "highlightThreadTitle": "",
    "language": "english",
    "sentiment": "positive",
    "categories": [
        "Social Issue",
        "Economy, Business and Finance",
        "Lifestyle and Leisure"
    ],
    "topics": [
        "Social Issue->social condition",
        "Economy, Business and Finance->financial and economic news",
        "Economy, Business and Finance->human resources",
        "Lifestyle and Leisure->lifestyle",
        "Lifestyle and Leisure->trend"
    ],
    "ai_allow": true,
    "has_canonical": false,
    "breaking": true,
    "webz_reporter": false,
    "external_links": [
        "https://t.me/benzingaindia",
        "https://www.reddit.com/r/Frugal/comments/1j58b0q/got_laid_off_so_i_went_allin_on_living_frugally/",
        "https://www.reddit.com/r/Frugal/comments/1j58b0q/got_laid_off_so_i_went_allin_on_living_frugally",
        "https://reddit.com/r/Frugal/comments/1j58b0q/got_laid_off_so_i_went_allin_on_living_frugally/",
        "https://www.t.me/benzingaindia"
    ],
    "external_images": [],
    "entities": {
        "persons": [],
        "locations": [],
        "organizations": []
    },
    "syndication": {
        "syndicated": false,
        "syndicate_id": null,
        "first_syndicated": false
    },
    "trust": null,
    "rating": null,
    "crawled": "2025-03-20T02:28:15.480+02:00",
    "updated": "2025-03-20T02:28:15.480+02:00"
}