{
    "thread": {
        "uuid": "0ca769c6e1f7fa61acc0eb7c142ea834e2465967",
        "url": "https://flipboard.com/topic/northeastohio/cleveland-heights-city-council-unanimously-passes-105m-annual-budget-for-2025/a-MEMmxeMpTHClUBDDqWjAqA%3Aa%3A2850025240-66a955862e%2Fhoodline.com",
        "site_full": "flipboard.com",
        "site": "flipboard.com",
        "site_section": "https://flipboard.com/topic/northeastohio",
        "site_categories": [
            "family_and_parenting",
            "eldercare"
        ],
        "section_title": "Discover More in Northeast Ohio on Flipboard",
        "site_title": "Flipboard: Your Social Magazine",
        "title": "Cleveland Heights City Council Unanimously Passes $105M Annual Budget for 2025 | Flipboard",
        "title_full": "Cleveland Heights City Council Unanimously Passes $105M Annual Budget for 2025 | Flipboard",
        "published": "2025-03-20T00:03:00.000+02:00",
        "replies_count": 0,
        "participants_count": 1,
        "site_type": "news",
        "country": "US",
        "main_image": "https://ic-cdn.flipboard.com/hoodline.com/60b4aa191ebbe57143881364728a58f1044a82b3/_medium.png",
        "performance_score": 0,
        "domain_rank": 1234,
        "domain_rank_updated": "2025-03-17T23:00:00.000+02:00",
        "social": {
            "facebook": {
                "likes": 0,
                "comments": 0,
                "shares": 0
            },
            "vk": {
                "shares": 0
            }
        }
    },
    "uuid": "0ca769c6e1f7fa61acc0eb7c142ea834e2465967",
    "url": "https://flipboard.com/topic/northeastohio/cleveland-heights-city-council-unanimously-passes-105m-annual-budget-for-2025/a-MEMmxeMpTHClUBDDqWjAqA%3Aa%3A2850025240-66a955862e%2Fhoodline.com",
    "ord_in_thread": 0,
    "parent_url": null,
    "author": "hoodline.com - Gavin Ortiz",
    "published": "2025-03-20T00:03:00.000+02:00",
    "title": "Cleveland Heights City Council Unanimously Passes $105M Annual Budget for 2025 | Flipboard",
    "text": "Cleveland Heights City Council Unanimously Passes $105M Annual Budget for 2025 The Cleveland Heights City Council has come to a decisive agreement on their fiscal plan for the upcoming year. At their recent meeting held on …\nhoodline.com - Gavin Ortiz • 3h",
    "highlightText": "",
    "highlightTitle": "",
    "highlightThreadTitle": "",
    "language": "english",
    "sentiment": "positive",
    "categories": [
        "Economy, Business and Finance",
        "Politics"
    ],
    "topics": [
        "Economy, Business and Finance->financial and economic news",
        "Economy, Business and Finance->business governance",
        "Economy, Business and Finance->business reporting and performance",
        "Politics->local government and authority",
        "Politics->national government",
        "Politics->government budget"
    ],
    "ai_allow": true,
    "has_canonical": false,
    "breaking": false,
    "webz_reporter": false,
    "external_links": [],
    "external_images": [],
    "entities": {
        "persons": [],
        "locations": [],
        "organizations": []
    },
    "syndication": {
        "syndicated": false,
        "syndicate_id": null,
        "first_syndicated": false
    },
    "trust": null,
    "rating": null,
    "crawled": "2025-03-20T03:07:43.889+02:00",
    "updated": "2025-03-20T03:07:43.889+02:00"
}