{
    "thread": {
        "uuid": "4708949919ea6fceaf1a55a15035ed577c0573e8",
        "url": "https://in.marketscreener.com/quote/stock/HUSQVARNA-AB-6498674/news/Sweden-s-Husqvarna-warns-of-weaker-sales-operating-loss-in-Q4-48556805",
        "site_full": "in.marketscreener.com",
        "site": "marketscreener.com",
        "site_section": "https://in.marketscreener.com/quote/stock/husqvarna-ab-6498674/news",
        "site_categories": [],
        "section_title": "Latest news about Husqvarna AB - MarketScreener",
        "title": "Sweden's Husqvarna warns of weaker sales, operating loss in Q4 - MarketScreener",
        "title_full": "Sweden's Husqvarna warns of weaker sales, operating loss in Q4 - MarketScreener",
        "published": "2024-12-10T09:08:00.000+02:00",
        "replies_count": 0,
        "participants_count": 1,
        "site_type": "news",
        "country": "IN",
        "main_image": "https://in.marketscreener.com/images/reuters/2022-06/2022-06-20T055904Z_1_LYNXMPEI5J05H_RTROPTP_3_AUTOSHOW-MUNICH.JPG",
        "performance_score": 0,
        "domain_rank": 3910,
        "domain_rank_updated": "2024-12-09T23:00:00.000+02:00",
        "social": {
            "facebook": {
                "likes": 0,
                "comments": 0,
                "shares": 0
            },
            "vk": {
                "shares": 0
            }
        }
    },
    "uuid": "4708949919ea6fceaf1a55a15035ed577c0573e8",
    "url": "https://in.marketscreener.com/quote/stock/HUSQVARNA-AB-6498674/news/Sweden-s-Husqvarna-warns-of-weaker-sales-operating-loss-in-Q4-48556805",
    "ord_in_thread": 0,
    "parent_url": null,
    "author": "MarketScreener",
    "published": "2024-12-10T09:08:00.000+02:00",
    "title": "Sweden's Husqvarna warns of weaker sales, operating loss in Q4 - MarketScreener",
    "text": "COPENHAGEN (Reuters) - Husqvarna expects its organic sales for the fourth quarter to decline year-on-year due to challenging market conditions, particularly in North America, as well as an unfavourable product mix, the Swedish group said late on Monday.\nHusqvarna now expects organic sales in the quarter to fall by 5% from a year ago, resulting in an operating loss of between 700 million and 800 million Swedish crowns ($64.2 million-$73.4 million), the garden equipment and tools maker said.\n\"I am disappointed in our continued negative development in the fourth quarter,\" CEO Pavel Hajman said in a statement.\n\"We continue to execute on our previously announced cost-saving initiatives and prepare for the 2025 gardening season with strong product launches,\" he added.\nHusqvarna said its sales were also impacted by retail partners and servicing dealers focused on reducing their inventory levels, resulting in lower production volumes.\n($1 = 10.9048 Swedish crowns)\n(Reporting by Louise Breusch Rasmussen, editing by Terje Solsvik)\nShare © Reuters - 2024",
    "highlightText": "",
    "highlightTitle": "",
    "highlightThreadTitle": "",
    "language": "english",
    "sentiment": "negative",
    "categories": [
        "Economy, Business and Finance",
        "Social Issue",
        "Crime, Law and Justice"
    ],
    "ai_allow": true,
    "canonical": false,
    "webz_reporter": false,
    "external_links": [
        "https://www.facebook.com/sharer/sharer.php?u=https%3A%2F%2Fwww.marketscreener.com%2Fquote%2Fstock%2FHUSQVARNA-AB-6498674%2Fnews%2FSweden-s-Husqvarna-warns-of-weaker-sales-operating-loss-in-Q4-48556805%2F%3Futm_source%3Dfacebook%26utm_medium%3Dsocial%26utm_campaign%3Dshare",
        "https://telegram.me/share/url?url=https%3A%2F%2Fwww.marketscreener.com%2Fquote%2Fstock%2FHUSQVARNA-AB-6498674%2Fnews%2FSweden-s-Husqvarna-warns-of-weaker-sales-operating-loss-in-Q4-48556805%2F%3Futm_source%3Dtelegram%26utm_medium%3Dsocial%26utm_campaign%3Dshare",
        "https://twitter.com/intent/tweet?text=Sweden&#039;s",
        "https://www.linkedin.com/shareArticle?mini=true&url=https%3A%2F%2Fwww.marketscreener.com%2Fquote%2Fstock%2FHUSQVARNA-AB-6498674%2Fnews%2FSweden-s-Husqvarna-warns-of-weaker-sales-operating-loss-in-Q4-48556805%2F%3Futm_source%3Dlinkedin%26utm_medium%3Dsocial%26utm_campaign%3Dshare&title=Sweden&#039;s",
        "https://wa.me/?text=https%3A%2F%2Fwww.marketscreener.com%2Fquote%2Fstock%2FHUSQVARNA-AB-6498674%2Fnews%2FSweden-s-Husqvarna-warns-of-weaker-sales-operating-loss-in-Q4-48556805%2F%3Futm_source%3Dwhatsapp%26utm_medium%3Dsocial%26utm_campaign%3Dshare",
        "https://cdn.zonebourse.com/static/resize/464/261//images/reuters/2022-06/2022-06-20T055904Z_1_LYNXMPEI5J05H_RTROPTP_3_AUTOSHOW-MUNICH.JPG",
        "https://facebook.com/sharer/sharer.php?u=https%3A%2F%2Fwww.marketscreener.com%2Fquote%2Fstock%2FHUSQVARNA-AB-6498674%2Fnews%2FSweden-s-Husqvarna-warns-of-weaker-sales-operating-loss-in-Q4-48556805%2F%3Futm_source%3Dfacebook%26utm_medium%3Dsocial%26utm_campaign%3Dshare",
        "https://www.wa.me/?text=https%3A%2F%2Fwww.marketscreener.com%2Fquote%2Fstock%2FHUSQVARNA-AB-6498674%2Fnews%2FSweden-s-Husqvarna-warns-of-weaker-sales-operating-loss-in-Q4-48556805%2F%3Futm_source%3Dwhatsapp%26utm_medium%3Dsocial%26utm_campaign%3Dshare",
        "https://www.twitter.com/intent/tweet?text=Sweden&#039;s",
        "https://telegram.me/share/url",
        "https://www.telegram.me/share/url?url=https%3A%2F%2Fwww.marketscreener.com%2Fquote%2Fstock%2FHUSQVARNA-AB-6498674%2Fnews%2FSweden-s-Husqvarna-warns-of-weaker-sales-operating-loss-in-Q4-48556805%2F%3Futm_source%3Dtelegram%26utm_medium%3Dsocial%26utm_campaign%3Dshare",
        "https://wa.me/",
        "https://www.facebook.com/sharer/sharer.php",
        "https://www.linkedin.com/shareArticle",
        "https://linkedin.com/shareArticle?mini=true&url=https%3A%2F%2Fwww.marketscreener.com%2Fquote%2Fstock%2FHUSQVARNA-AB-6498674%2Fnews%2FSweden-s-Husqvarna-warns-of-weaker-sales-operating-loss-in-Q4-48556805%2F%3Futm_source%3Dlinkedin%26utm_medium%3Dsocial%26utm_campaign%3Dshare&title=Sweden&#039;s",
        "https://www.cdn.zonebourse.com/static/resize/464/261//images/reuters/2022-06/2022-06-20T055904Z_1_LYNXMPEI5J05H_RTROPTP_3_AUTOSHOW-MUNICH.JPG",
        "https://twitter.com/intent/tweet"
    ],
    "external_images": [],
    "entities": {
        "persons": [],
        "organizations": [],
        "locations": []
    },
    "syndication": {
        "syndicated": false,
        "syndicate_id": null,
        "first_syndicated": false
    },
    "rating": null,
    "crawled": "2024-12-17T11:52:36.422+02:00",
    "updated": "2024-12-17T11:52:36.422+02:00"
}