{
    "thread": {
        "uuid": "215efe9a7c525c9b8f912fd4e08e5636ad461917",
        "url": "https://news.ssbcrack.com/trumps-approval-rating-drops-amid-economic-concerns-and-lack-of-empathy/",
        "site_full": "news.ssbcrack.com",
        "site": "ssbcrack.com",
        "site_section": "https://news.ssbcrack.com/",
        "site_categories": [],
        "section_title": "SSBCrack News – Breaking News Around the World",
        "site_title": "Latest Defence, Technology, and AI Updates | SSBCrack News",
        "title": "Trump's Approval Rating Drops Amid Economic Concerns and Lack of Empathy",
        "title_full": "Trump's Approval Rating Drops Amid Economic Concerns and Lack of Empathy",
        "published": "2025-12-18T07:53:00.000+02:00",
        "replies_count": 0,
        "participants_count": 1,
        "site_type": "news",
        "country": "IN",
        "main_image": "",
        "performance_score": 0,
        "domain_rank": 72238,
        "domain_rank_updated": "2025-12-14T23:00:00.000+02:00",
        "licensing_agency": [],
        "social": {
            "facebook": {
                "likes": 0,
                "comments": 0,
                "shares": 0
            },
            "vk": {
                "shares": 0
            }
        }
    },
    "uuid": "215efe9a7c525c9b8f912fd4e08e5636ad461917",
    "url": "https://news.ssbcrack.com/trumps-approval-rating-drops-amid-economic-concerns-and-lack-of-empathy/",
    "ord_in_thread": 0,
    "author": "News Desk",
    "published": "2025-12-18T07:53:00.000+02:00",
    "title": "Trump's Approval Rating Drops Amid Economic Concerns and Lack of Empathy",
    "text": "In a stark contrast to the expectations of some Republicans, former President Donald Trump did not deliver a more sympathetic or understanding message during his recent televised address, which aimed to address the economic concerns plaguing many Americans. Instead, he leaned heavily on familiar themes, dismissing current economic struggles by falsely claiming rapid declines in prices and asserting that progress was underway.\nThe backdrop of his speech was marked by a collection of plaques that lauded Trump’s achievements while simultaneously disparaging President Joe Biden and former President Barack Obama. This display aimed to reinforce a narrative of past successes over current challenges.\nDespite Trump’s assertions, economic indicators tell a different story. Current inflation rates stand at 3 percent, showing little fluctuation since January when Biden’s administration began, with forecasts suggesting a potential increase rather than relief for consumers. A recent poll by Reuters/Ipsos reflected this disconnect, revealing Trump’s approval rating had dropped to 39 percent, marked as a new low. Notably, only one-third of voters expressed confidence in his management of the economy, a statistic that raises concerns given Trump’s self-portrayal as a shrewd businessman.\nAmidst his claims of economic revival, only 20 percent of respondents believed the country was heading in the right direction concerning inflation, and a mere 27 percent rated employment positively. This disconnect between Trump’s narrative and public sentiment highlights a potential vulnerability for the former president. Historically, Trump was viewed as more in touch with the realities of ordinary Americans, especially when contrasting with Democrats who often focused on identity politics. However, the recent address risks altering that perception as Trump may now be seen as detached from the struggles everyday people face.\nRepublican Congressman Kevin Kiley commented on the address, stating that while Trump addressed the right issues, there was a significant need for greater empathy towards the challenges people are encountering. This sentiment underscores a broader concern within the party regarding Trump’s ability to connect with voters amidst their ongoing economic dilemmas.\nWhile assigning blame to predecessors is a common political strategy, experts suggest that such tactics may lose effectiveness over time. The current political landscape raises critical questions for the Republican Party and its future direction. The pressing inquiry is whether Trump can adapt his approach moving forward, particularly as signs indicate that his usual strategies may not resonate as strongly as they once did.",
    "highlightText": "",
    "highlightTitle": "",
    "highlightThreadTitle": "",
    "language": "english",
    "sentiment": "negative",
    "categories": [
        "Politics",
        "Economy, Business and Finance"
    ],
    "topics": [
        "Politics->political campaigns",
        "Politics->government",
        "Economy, Business and Finance->economy",
        "Economy, Business and Finance->financial and economic news",
        "Economy, Business and Finance->investment and opinion pieces"
    ],
    "ai_allow": true,
    "has_canonical": false,
    "breaking": null,
    "webz_reporter": false,
    "external_links": [],
    "external_images": [],
    "internal_images": [],
    "entities": {
        "persons": [
            {
                "name": "Donald Trump",
                "sentiment": "negative"
            },
            {
                "name": "Barack Obama",
                "sentiment": "none"
            },
            {
                "name": "Joe Biden",
                "sentiment": "none"
            }
        ],
        "locations": [],
        "organizations": [
            {
                "name": "Reuters/Ipsos",
                "sentiment": "none",
                "tickers": [
                    {
                        "ticker": null,
                        "exchange": null
                    }
                ]
            }
        ]
    },
    "syndication": {
        "syndicated": false,
        "syndicate_id": null,
        "first_syndicated": false
    },
    "trust": {
        "categories": [],
        "top_news": [],
        "bias": null,
        "source": {
            "type": null,
            "city": null,
            "state": null,
            "country": null,
            "domain_type": null,
            "agency": null,
            "organization_name": null
        }
    },
    "rating": null,
    "crawled": "2025-12-18T09:22:37.723+02:00",
    "updated": "2025-12-18T09:26:44.000+02:00"
}