{
    "thread": {
        "uuid": "8388b72c361217fc9d43687f101637da7da4fd9a",
        "url": "https://blockonomi.com/bitcoin-under-pressure-etf-selling-accelerates-as-long-term-holders-retain-supply/",
        "site_full": "blockonomi.com",
        "site": "blockonomi.com",
        "site_section": "https://news.google.com/search?q=under%20when%3A1h&hl=en-US&gl=US&ceid=US%3Aen",
        "site_categories": [
            "finance"
        ],
        "section_title": "Google News - Search",
        "site_title": "Blockonomi: Cryptocurrency News &amp; Your Guide to The Blockchain Economy",
        "title": "Bitcoin Under Pressure: ETF Selling Accelerates as Long-Term Holders Retain Supply",
        "title_full": "Bitcoin Under Pressure: ETF Selling Accelerates as Long-Term Holders Retain Supply",
        "published": "2025-12-18T10:41:00.000+02:00",
        "replies_count": 0,
        "participants_count": 1,
        "site_type": "news",
        "country": "US",
        "main_image": "https://blockonomi.com/wp-content/uploads/2025/05/Bitcoin.jpg",
        "performance_score": 0,
        "domain_rank": 89070,
        "domain_rank_updated": "2025-12-14T23:00:00.000+02:00",
        "licensing_agency": [],
        "social": {
            "facebook": {
                "likes": 0,
                "comments": 0,
                "shares": 0
            },
            "vk": {
                "shares": 0
            }
        }
    },
    "uuid": "8388b72c361217fc9d43687f101637da7da4fd9a",
    "url": "https://blockonomi.com/bitcoin-under-pressure-etf-selling-accelerates-as-long-term-holders-retain-supply/",
    "ord_in_thread": 0,
    "author": "Brenda Mary",
    "published": "2025-12-18T10:41:00.000+02:00",
    "title": "Bitcoin Under Pressure: ETF Selling Accelerates as Long-Term Holders Retain Supply",
    "text": "TLDR:\n- Bitcoin ETFs recorded $634.8M outflows over two days amid BTC correction.\n- Fear & Greed Index at 11 shows extreme market fear.\n- Miners reduce BTC sent to exchanges, easing short-term selling pressure.\n- Whales accumulated 694K BTC in 60 days, maintaining long-term supply discipline.\nBitcoin is under pressure as short-term selling accelerates, while long-term holders maintain strategic retention.\nBitcoin traded at $86.9 at the time of publication, posting a slight daily gain of 0.85% but experiencing a weekly decline of 4.01%. Market dynamics show a sharp contrast between institutional outflows and continued accumulation by major holders.\nRecent movements indicate that ETF liquidations are weighing on market sentiment.\nWhile ETFs report large-scale outflows, miners and whales are signaling supply discipline, suggesting the market is navigating immediate stress rather than fundamental weakness.\nBitcoin ETF Outflows Drive Short-Term Market Stress\nBitcoin is under pressure as ETFs recorded withdrawals totaling $634.8 million over two days.\nThis level of capital movement emphasizes near-term selling pressure among institutional participants. Exchange-traded funds, often considered key liquidity providers, are currently reducing exposure amid ongoing market volatility.\nAdditional sentiment indicators reinforce the selling trend. The Coinbase Premium Gap sits at -16.04, reflecting weaker buying demand, while the Fear & Greed Index at 11 points to extreme fear among market participants.\nOn-chain data shows SOPR at 0.98, signaling coins are being sold at a loss and short-term holders are capitulating.\nShort-term stress also emerges from broader on-chain metrics. Supply in Loss has risen to 35%, while MVRV-STH is at 0.84, confirming that recent entrants are experiencing negative returns.\nSocial media commentary from Cryptoquant analyst GugaOnChain notes that this pressure is concentrated among short-term holders rather than long-term participants.\nLong-Term Holders Retain BTC, Reducing Available Supply\nWhile ETF selling accelerates, long-term holders continue to tighten supply. The Puell Multiple at 0.85 points to moderate undervaluation, indicating miners may limit BTC sales during this period.\nReduced distribution from miners suggests that supply pressure is being managed despite market stress.\nMiner activity further supports retention trends. The Miner Position Index at -0.81 shows fewer coins moving to exchanges, mitigating selling pressure.\nThis indicates miners are holding strategically, maintaining market stability during a correction.\nWhale accumulation reinforces the long-term outlook. Addresses holding between 1,000 and 10,000 BTC accumulated roughly 694,000 BTC over the past 60 days.\nThe MVRV-LTH of 1.55 shows long-term holders remain profitable, with continued conviction in Bitcoin’s future. Michael Saylor’s holdings, exceeding 671,000 BTC, exemplify the persistence of major market players despite short-term volatility.\nBitcoin is under pressure from institutional selling, yet long-term holders are reinforcing supply discipline.\nMarket trends suggest a divergence between immediate stress and strategic retention, highlighting contrasting behaviors in current trading dynamics.",
    "highlightText": "",
    "highlightTitle": "",
    "highlightThreadTitle": "",
    "language": "english",
    "sentiment": "negative",
    "categories": [
        "Economy, Business and Finance"
    ],
    "topics": [
        "Economy, Business and Finance->cryptocurrency",
        "Economy, Business and Finance->financial and economic news",
        "Economy, Business and Finance->market and exchange"
    ],
    "ai_allow": true,
    "has_canonical": false,
    "breaking": true,
    "webz_reporter": false,
    "external_links": [
        "https://cryptoquant.com/insights/quicktake/69424830cf8c0063d28f559c-Institutions-flee-ETFs-but-miners-hold-the-line-with-a-long-term-view",
        "https://parameter.io/strategy-faces-crisis-michael-saylor-signals-possible-bitcoin-sale/",
        "https://moneycheck.com/bitcoin-falls-below-90000-as-fed-rate-cut-fails-to-boost-crypto-market/",
        "https://coincentral.com/bitcoin-btc-price-holds-85000-support-ahead-of-november-inflation-data-thursday/",
        "https://www.coincentral.com/bitcoin-btc-price-holds-85000-support-ahead-of-november-inflation-data-thursday/",
        "https://moneycheck.com/bitcoin-falls-below-90000-as-fed-rate-cut-fails-to-boost-crypto-market",
        "https://www.parameter.io/strategy-faces-crisis-michael-saylor-signals-possible-bitcoin-sale/",
        "https://coincentral.com/bitcoin-btc-price-holds-85000-support-ahead-of-november-inflation-data-thursday",
        "https://www.cryptoquant.com/insights/quicktake/69424830cf8c0063d28f559c-Institutions-flee-ETFs-but-miners-hold-the-line-with-a-long-term-view",
        "https://www.moneycheck.com/bitcoin-falls-below-90000-as-fed-rate-cut-fails-to-boost-crypto-market/",
        "https://parameter.io/strategy-faces-crisis-michael-saylor-signals-possible-bitcoin-sale"
    ],
    "external_images": [],
    "internal_images": [],
    "entities": {
        "persons": [],
        "locations": [],
        "organizations": [
            {
                "name": "BTC",
                "sentiment": "none",
                "tickers": [
                    {
                        "ticker": null,
                        "exchange": null
                    }
                ]
            }
        ]
    },
    "syndication": {
        "syndicated": false,
        "syndicate_id": "8388b72c361217fc9d43687f101637da7da4fd9a",
        "first_syndicated": true
    },
    "trust": {
        "categories": [],
        "top_news": [],
        "bias": null,
        "source": {
            "type": null,
            "city": null,
            "state": null,
            "country": null,
            "domain_type": null,
            "agency": null,
            "organization_name": null
        }
    },
    "rating": null,
    "crawled": "2025-12-18T11:01:55.132+02:00",
    "updated": "2025-12-18T11:03:01.000+02:00"
}