{
    "thread": {
        "uuid": "06807075553084d119c9186a7f01ff6fd0262ab4",
        "url": "https://www.archyde.com/this-tax-on-your-life-insurance-will-cost-you-e3000-i-should-have-done-it-differently/",
        "site_full": "www.archyde.com",
        "site": "archyde.com",
        "site_section": "https://www.archyde.com/feed/atom/",
        "site_categories": [
            "media"
        ],
        "section_title": "Archyde",
        "site_title": "HOME &#8211; Archyde",
        "title": "This tax on your life insurance will cost you €3,000: \"I should have done it differently\"",
        "title_full": "This tax on your life insurance will cost you €3,000: \"I should have done it differently\"",
        "published": "2025-12-18T10:12:00.000+02:00",
        "replies_count": 0,
        "participants_count": 1,
        "site_type": "news",
        "country": "US",
        "main_image": "https://amiex-expertises.fr/wp-content/uploads/2025/12/une-prise-de-conscience-face-a-l-impact-fiscal-sur-l-assurance-vie.jpg",
        "performance_score": 0,
        "domain_rank": 112848,
        "domain_rank_updated": "2025-12-14T23:00:00.000+02:00",
        "licensing_agency": [],
        "social": {
            "facebook": {
                "likes": 0,
                "comments": 0,
                "shares": 0
            },
            "vk": {
                "shares": 0
            }
        }
    },
    "uuid": "06807075553084d119c9186a7f01ff6fd0262ab4",
    "url": "https://www.archyde.com/this-tax-on-your-life-insurance-will-cost-you-e3000-i-should-have-done-it-differently/",
    "ord_in_thread": 0,
    "author": "Daniel Foster - Senior Editor, Economy",
    "published": "2025-12-18T10:12:00.000+02:00",
    "title": "This tax on your life insurance will cost you €3,000: \"I should have done it differently\"",
    "text": "French Life Savings Under Attack: New Tax Threatens Millions – Urgent Breaking News\nParis, France – A quiet but potentially devastating tax change is sending shockwaves through French households, threatening the savings of millions and raising concerns about the stability of the French economy. The new levy, applied to euro funds within life insurance policies, is prompting savers to reconsider a cornerstone of their financial planning, and experts warn of a systemic risk that could have far-reaching consequences. This is a breaking news story with significant SEO implications for those searching for information on French finance.\nThe Pillar of French Savings: Life Insurance Explained\nFor generations, life insurance has been a bedrock of financial security for the French. Unlike some investment vehicles, it offers a compelling combination of safety, flexibility, and tax benefits. Specifically, euro funds – which guarantee your capital – have been particularly popular, attracting a broad base of investors. Currently, these contracts hold a staggering €2,084 billion, with a significant portion – almost 50% – representing policies worth less than €10,000. This highlights the crucial role life insurance plays in the financial well-being of everyday French citizens, not just the wealthy.\nThe Stealth Tax: How the IFI is Eroding Returns\nThe recent introduction of a 1% tax on euro funds, channeled through the Real Estate Wealth Tax (IFI), is the source of the current turmoil. While seemingly small, this tax significantly diminishes the already modest returns generated by euro funds. With current yields hovering around 2.6% annually, the tax, coupled with inflation, can effectively wipe out any real gains, leaving savers with stagnant or even shrinking purchasing power. For the average saver, this could translate to losing up to €3,000 over just a few years – a painful blow in the current economic climate.\nA Ripple Effect: Impact on the French Economy\nThe implications extend far beyond individual savings accounts. Euro funds aren’t simply a repository for personal wealth; they are a vital source of funding for the French economy. Currently, 57% of these funds are invested in French businesses, while 30% support the national debt. A mass exodus of capital from euro funds could therefore cripple crucial financing channels. Ironically, while the government anticipates a revenue boost of €500 million from the tax, estimates suggest it could ultimately cost the economy between €5 to €6 billion in increased interest payments over time.\nThe Great Shift: Savers Seek Alternatives\nThe response from savers has been swift and decisive. Wealthier individuals are already diverting their funds into “units of account” – investments not subject to the IFI – often seeking higher returns in international markets, albeit with increased risk. This capital flight weakens the French economy and benefits competing nations. Meanwhile, the traditionally popular Livret A savings account, offering a tax-exempt 3% interest rate, is becoming an increasingly attractive alternative, particularly for smaller savers. This shift is forcing wealth management advisors to fundamentally reassess their recommendations.\nA Systemic Risk Ignored?\nFinancial experts are sounding the alarm, warning that weakening euro funds poses a significant, and often underestimated, systemic risk to France’s financial stability. These funds are an integral component of the country’s financial infrastructure, and tampering with them without providing adequate relief or compensatory measures is akin to sawing off the branch you’re sitting on. This reform, driven by short-term gains, risks creating a lasting economic divide and undermining long-term financial security for millions of French citizens.\nThe situation demands careful consideration. The long-term consequences of this tax could be far more damaging than the immediate revenue it generates. Savvy investors should proactively review their life insurance options, consult with a financial advisor, and explore strategies to mitigate the impact of this new levy. Staying informed and taking action is crucial in navigating this evolving financial landscape. For more in-depth analysis and breaking financial news, stay tuned to Archyde.com.",
    "highlightText": "",
    "highlightTitle": "",
    "highlightThreadTitle": "",
    "language": "english",
    "sentiment": "negative",
    "categories": [
        "Economy, Business and Finance"
    ],
    "topics": [
        "Economy, Business and Finance->financial service",
        "Economy, Business and Finance->financial and economic news"
    ],
    "ai_allow": true,
    "has_canonical": false,
    "breaking": false,
    "webz_reporter": false,
    "external_links": [],
    "external_images": [],
    "internal_images": [],
    "entities": {
        "persons": [],
        "locations": [],
        "organizations": []
    },
    "syndication": {
        "syndicated": false,
        "syndicate_id": null,
        "first_syndicated": false
    },
    "trust": {
        "categories": [],
        "top_news": [],
        "bias": null,
        "source": {
            "type": null,
            "city": null,
            "state": null,
            "country": null,
            "domain_type": null,
            "agency": null,
            "organization_name": null
        }
    },
    "rating": null,
    "crawled": "2025-12-18T10:17:31.296+02:00",
    "updated": "2025-12-18T10:19:29.000+02:00"
}