{
    "thread": {
        "uuid": "047ff3ade627e1fbe575e666d29eeaf0fad73a6d",
        "url": "https://www.ainvest.com/news/markit-services-pmi-misses-forecast-signaling-sector-divergence-strategic-rotation-slowing-economy-2512/",
        "site_full": "www.ainvest.com",
        "site": "ainvest.com",
        "site_section": "https://www.ainvest.com",
        "site_categories": [],
        "section_title": "AInvest: AI Stock Analysis, Quotes &amp; News - Get Free Tools Now!",
        "site_title": "AInvest: AI Stock Analysis, Quotes &amp; News - Get Free Tools Now!",
        "title": "U.S. Markit Services PMI Misses Forecast, Signaling Sector Divergence: Strategic Rotation in a Slowing Economy",
        "title_full": "U.S. Markit Services PMI Misses Forecast, Signaling Sector Divergence: Strategic Rotation in a Slowing Economy",
        "published": "2025-12-18T10:36:00.000+02:00",
        "replies_count": 0,
        "participants_count": 1,
        "site_type": "news",
        "country": "US",
        "main_image": "https://cdn.ainvest.com/aigc/hxcmp/images/compress-qwen_generated_1766046935411.jpg.png",
        "performance_score": 0,
        "domain_rank": 20569,
        "domain_rank_updated": "2025-12-14T23:00:00.000+02:00",
        "licensing_agency": [],
        "social": {
            "facebook": {
                "likes": 0,
                "comments": 0,
                "shares": 0
            },
            "vk": {
                "shares": 0
            }
        }
    },
    "uuid": "047ff3ade627e1fbe575e666d29eeaf0fad73a6d",
    "url": "https://www.ainvest.com/news/markit-services-pmi-misses-forecast-signaling-sector-divergence-strategic-rotation-slowing-economy-2512/",
    "ord_in_thread": 0,
    "author": "Ainvest Macro News",
    "published": "2025-12-18T10:36:00.000+02:00",
    "title": "U.S. Markit Services PMI Misses Forecast, Signaling Sector Divergence: Strategic Rotation in a Slowing Economy",
    "text": "AInvest Newsletter\nDaily stocks & crypto headlines, free to your inbox\nThe U.S. economy is entering a phase of uneven growth, as evidenced by the November 2025 Markit Services PMI reading of 54.1, which fell short of the forecasted 54.6 and marked the weakest expansion in five months. This divergence from the manufacturing sector—where the PMI stood at 51.9, also below expectations—highlights a critical inflection point for investors. While both sectors remain in expansion, the services sector's slowdown in new orders and employment growth, coupled with manufacturing's weaker production and inventory pressures, demands a recalibration of sector rotation strategies.\nThe services PMI's decline to 54.1 reflects a moderation in demand and labor dynamics. New orders grew at the fastest pace since early 2025, yet employment expansion eased as companies struggled to retain staff amid rising input costs (driven by tariffs and supply chain bottlenecks). Meanwhile, the manufacturing PMI's 51.9 reading, though still in expansion, signals a contraction in new orders and a buildup of unsold inventories. This asymmetry—services grappling with labor and pricing pressures while manufacturing faces demand weakness—points to a broader structural shift in economic momentum.\nThe key takeaway: services sectors with resilient demand (e.g., healthcare, retail) are outpacing manufacturing industries (e.g., industrial goods, construction). This divergence is not merely cyclical but reflects long-term trends such as digital transformation in services and global supply chain fragility in manufacturing.\nLeverage Inflation-Linked Opportunities\nThe services sector's elevated prices index (65.4 for November) indicates persistent inflationary pressures, particularly in labor and logistics. This creates opportunities in sectors like real estate (REITs) and utilities, which are less sensitive to interest rate volatility. Consider the IYR (iShares U.S. Real Estate ETF) or XLU (Utilities Select Sector SPDR Fund) for inflation hedging.\nMonitor Employment-Driven Sectors\nThe services sector's employment contraction (48.9 in November) underscores labor market fragility. However, sectors like education and professional services are bucking the trend, with companies investing in upskilling and automation. Target firms with strong ESG (Environmental, Social, Governance) metrics in these areas, as they are better positioned to navigate labor shortages.\nThe Federal Reserve's policy stance and the resolution of the recent government shutdown will influence sector rotation. A dovish pivot could benefit high-dividend sectors like utilities and real estate, while a hawkish stance may pressure growth-oriented services. Additionally, the UPS plane crash in November and customs delays highlight the need for supply chain resilience in manufacturing, favoring companies with localized production.\nThe U.S. economy is no longer a monolith. As the services sector adapts to inflation and labor challenges while manufacturing grapples with demand weakness, investors must adopt a nuanced approach. Prioritize sectors with structural growth, hedge against inflation, and avoid overexposure to cyclical manufacturing. By aligning portfolios with these divergent trends, investors can capitalize on the next phase of the economic cycle.\nDaily stocks & crypto headlines, free to your inbox\nNo comments yet",
    "highlightText": "",
    "highlightTitle": "",
    "highlightThreadTitle": "",
    "language": "english",
    "sentiment": "negative",
    "categories": [
        "Economy, Business and Finance"
    ],
    "topics": [
        "Economy, Business and Finance->financial and economic news",
        "Economy, Business and Finance->business and market analysis",
        "Economy, Business and Finance->economy"
    ],
    "ai_allow": true,
    "has_canonical": false,
    "breaking": false,
    "webz_reporter": false,
    "external_links": [],
    "external_images": [],
    "internal_images": [],
    "entities": {
        "persons": [],
        "locations": [],
        "organizations": [
            {
                "name": "AInvest Newsletter\nDaily",
                "sentiment": "neutral",
                "tickers": [
                    {
                        "ticker": null,
                        "exchange": null
                    }
                ]
            }
        ]
    },
    "syndication": {
        "syndicated": false,
        "syndicate_id": null,
        "first_syndicated": false
    },
    "trust": {
        "categories": [],
        "top_news": [],
        "bias": null,
        "source": {
            "type": null,
            "city": null,
            "state": null,
            "country": null,
            "domain_type": null,
            "agency": null,
            "organization_name": null
        }
    },
    "rating": null,
    "crawled": "2025-12-18T10:42:53.938+02:00",
    "updated": "2025-12-18T10:46:01.000+02:00"
}