{
    "thread": {
        "uuid": "6be9b76cafd743e1482d3d48519744692b3b33f0",
        "url": "https://www.gurufocus.com/news/2817647/bank-of-the-james-financial-group-inc-reports-q1-2025-earnings-eps-at-019-revenue-at-1123-million",
        "site_full": "www.gurufocus.com",
        "site": "gurufocus.com",
        "site_section": "https://www.gurufocus.com/rss.php",
        "site_categories": [
            "investing",
            "financial_news",
            "finance"
        ],
        "section_title": "GuruFocus New Articles",
        "site_title": "GuruFocus | Stock Market Research, Data and Tools",
        "title": "Bank of the James Financial Group Inc Reports Q1 2025 Earnings: EPS at $0.19, Revenue at $11. ...",
        "title_full": "Bank of the James Financial Group Inc Reports Q1 2025 Earnings: EPS at $0.19, Revenue at $11. ...",
        "published": "2025-05-01T01:02:45.862+03:00",
        "replies_count": 0,
        "participants_count": 1,
        "site_type": "news",
        "country": "US",
        "main_image": "https://static.gurufocus.com/logos/0C00000D2F.png?5",
        "performance_score": 0,
        "domain_rank": 8416,
        "domain_rank_updated": "2025-04-22T00:00:00.000+03:00",
        "licensing_agency": [],
        "social": {
            "facebook": {
                "likes": 0,
                "comments": 0,
                "shares": 0
            },
            "vk": {
                "shares": 0
            }
        }
    },
    "uuid": "6be9b76cafd743e1482d3d48519744692b3b33f0",
    "url": "https://www.gurufocus.com/news/2817647/bank-of-the-james-financial-group-inc-reports-q1-2025-earnings-eps-at-019-revenue-at-1123-million",
    "ord_in_thread": 0,
    "author": "@gurufocus",
    "published": "2025-05-01T01:02:45.862+03:00",
    "title": "Bank of the James Financial Group Inc Reports Q1 2025 Earnings: EPS at $0.19, Revenue at $11. ...",
    "text": "Bank of the James Financial Group Inc (BOTJ, Financial) released its 8-K filing on April 30, 2025, announcing its financial results for the first quarter of 2025. The company, a bank holding entity, offers a wide range of financial services, including retail and commercial banking, mortgage brokerage, and investment advisory services. Operating primarily in Virginia, BOTJ serves various markets, including Lynchburg, Roanoke, and Charlottesville.\nPerformance Overview: Earnings Impacted by Non-Recurring Expenses\nFor the first quarter of 2025, Bank of the James Financial Group Inc reported a net income of $842,000, translating to $0.19 per basic and diluted share. This marks a significant decline from the $2.19 million, or $0.48 per share, reported in the same period last year. The decrease in earnings was primarily due to a one-time expense of approximately $1 million related to a contract negotiation with a core service provider. Despite this setback, the company anticipates long-term cost savings from the new contract.\nFinancial Achievements: Interest Income and Asset Quality\nBank of the James Financial Group Inc achieved a 6.90% increase in total interest income, reaching $11.23 million in Q1 2025 compared to $10.51 million in Q1 2024. This growth was driven by higher yields on loans and an increase in commercial real estate and residential mortgage loans. The net interest margin improved to 3.25%, up from 3.02% a year earlier, reflecting effective management of interest expenses and loan rate adjustments.\nKey Financial Metrics and Balance Sheet Highlights\nThe company's balance sheet remains robust, with total assets reaching $1.01 billion as of March 31, 2025, up from $979.24 million at the end of 2024. Loans, net of allowance for credit losses, increased to $642.39 million, supported by growth in commercial real estate loans. The ratio of nonperforming loans to total loans was 0.28%, indicating high asset quality.\nMetric | Q1 2025 | Q1 2024 |\n---|---|---|\nNet Income | $842,000 | $2.19 million |\nEarnings Per Share (EPS) | $0.19 | $0.48 |\nTotal Interest Income | $11.23 million | $10.51 million |\nNet Interest Margin | 3.25% | 3.02% |\nOperational Insights and Strategic Developments\nCEO Robert R. Chapman III highlighted the company's focus on managing interest expenses in a high-rate environment, which contributed to steady interest income growth. He stated,\nOur focus during the past several years on managing interest expense in a significantly higher rate environment was reflected in the first quarter’s lower year-over-year interest expense.\"Additionally, the company plans to pay off approximately $10 million of capital notes maturing in June, which is expected to reduce annual interest expenses by $327,000.\nConclusion: Navigating Challenges and Opportunities\nWhile Bank of the James Financial Group Inc faced challenges due to non-recurring expenses, its strong liquidity and asset quality position it well for future growth. The company's strategic focus on interest income and operational efficiency, coupled with its robust balance sheet, underscores its potential to navigate economic uncertainties and deliver shareholder value.\nExplore the complete 8-K earnings release (here) from Bank of the James Financial Group Inc for further details.",
    "highlightText": "",
    "highlightTitle": "",
    "highlightThreadTitle": "",
    "language": "english",
    "sentiment": "positive",
    "categories": [
        "Economy, Business and Finance"
    ],
    "topics": [
        "Economy, Business and Finance->business reporting and performance",
        "Economy, Business and Finance->financial and economic news",
        "Economy, Business and Finance->financial service"
    ],
    "ai_allow": true,
    "has_canonical": false,
    "breaking": false,
    "webz_reporter": false,
    "external_links": [
        "https://www.sec.gov//Archives/edgar/data/1275101/000156276225000101/botj-20250430xex99_1.htm",
        "https://sec.gov//Archives/edgar/data/1275101/000156276225000101/botj-20250430xex99_1.htm"
    ],
    "entities": {
        "persons": [],
        "locations": [],
        "organizations": [
            {
                "name": "Bank of the James Financial Group Inc",
                "sentiment": "negative",
                "tickers": []
            }
        ]
    },
    "syndication": {
        "syndicated": false,
        "syndicate_id": null,
        "first_syndicated": false
    },
    "trust": {
        "categories": [],
        "bias": null,
        "source": {
            "type": null,
            "city": null,
            "state": null,
            "country": null,
            "domain_type": null,
            "agency": null,
            "organization_name": null
        }
    },
    "rating": null,
    "crawled": "2025-05-01T01:02:45.862+03:00",
    "updated": "2025-04-30T22:05:32.000+00:00"
}