{
    "thread": {
        "uuid": "484b9f4be24bdbdeaf1184c745816367e1337a00",
        "url": "https://www.marketscreener.com/quote/stock/C-H-ROBINSON-WORLDWIDE-IN-4915/news/C-H-Robinson-beats-quarterly-profit-estimates-on-new-business-gains-improved-margins-49781851",
        "site_full": "www.marketscreener.com",
        "site": "marketscreener.com",
        "site_section": "http://www.marketscreener.com/news/companies/",
        "site_categories": [
            "photography",
            "hobbies_and_interests"
        ],
        "section_title": "Stock Market Listed Companies News - MarketScreener",
        "site_title": "Stock Market Today : Reports, Quotes and News - MarketScreener",
        "title": "C.H. Robinson beats quarterly profit estimates on new business gains, improved margins | MarketScreener",
        "title_full": "C.H. Robinson beats quarterly profit estimates on new business gains, improved margins | MarketScreener",
        "published": "2025-05-01T00:17:00.000+03:00",
        "replies_count": 0,
        "participants_count": 1,
        "site_type": "news",
        "country": "DE",
        "main_image": "https://www.marketscreener.com/images/twitter_MS_fdblanc.png",
        "performance_score": 0,
        "domain_rank": 3557,
        "domain_rank_updated": "2025-04-22T00:00:00.000+03:00",
        "licensing_agency": [
            "CFC"
        ],
        "social": {
            "facebook": {
                "likes": 0,
                "comments": 0,
                "shares": 0
            },
            "vk": {
                "shares": 0
            }
        }
    },
    "uuid": "484b9f4be24bdbdeaf1184c745816367e1337a00",
    "url": "https://www.marketscreener.com/quote/stock/C-H-ROBINSON-WORLDWIDE-IN-4915/news/C-H-Robinson-beats-quarterly-profit-estimates-on-new-business-gains-improved-margins-49781851",
    "ord_in_thread": 0,
    "author": "MarketScreener",
    "published": "2025-05-01T00:17:00.000+03:00",
    "title": "C.H. Robinson beats quarterly profit estimates on new business gains, improved margins | MarketScreener",
    "text": "(Reuters) -Global freight forwarder C.H. Robinson's first-quarter profit beat Wall Street estimates on Wednesday, helped by new business gains in its global forwarding segment and improved margins in North American surface transportation business.\n\"We outgrew the market in both truckload and less-than-truckload while expanding gross margins and improving productivity,\" said CEO Dave Bozeman.\n\"In our global forwarding business, we continued to win new business and optimize our expenses through further increases in productivity.\"\nPresident Donald Trump's tariffs, however, have created market uncertainty and a lack of clarity, causing many of C.H. Robinson's customers to adopt a wait-and-see approach until the impact of the tariffs on consumer spending and global demand becomes clear.\n\"We are certainly not immune to global market dynamics,\" Bozeman added.\nThe Minnesota-based company reported adjusted profit of $1.17 per share for the quarter ended March 31, compared with analysts' average estimate of $1.04, according to data compiled by LSEG.\nHowever, its total revenue fell 8.3% to $4.05 billion, below estimates of $4.26 billion.\n(Reporting by Abhinav Parmar in Bengaluru; Editing by Mohammed Safi Shamsi)\nShare © Reuters - 2025",
    "highlightText": "",
    "highlightTitle": "",
    "highlightThreadTitle": "",
    "language": "english",
    "sentiment": "positive",
    "categories": [
        "Economy, Business and Finance"
    ],
    "topics": [
        "Economy, Business and Finance->business and market analysis",
        "Economy, Business and Finance->business reporting and performance",
        "Economy, Business and Finance->financial and economic news"
    ],
    "ai_allow": false,
    "has_canonical": false,
    "breaking": false,
    "webz_reporter": false,
    "external_links": [
        "https://wa.me/?text=https%3A%2F%2Fwww.marketscreener.com%2Fquote%2Fstock%2FC-H-ROBINSON-WORLDWIDE-IN-4915%2Fnews%2FC-H-Robinson-beats-quarterly-profit-estimates-on-new-business-gains-improved-margins-49781851%2F%3Futm_source%3Dwhatsapp%26utm_medium%3Dsocial%26utm_campaign%3Dshare",
        "https://www.facebook.com/sharer/sharer.php?u=https%3A%2F%2Fwww.marketscreener.com%2Fquote%2Fstock%2FC-H-ROBINSON-WORLDWIDE-IN-4915%2Fnews%2FC-H-Robinson-beats-quarterly-profit-estimates-on-new-business-gains-improved-margins-49781851%2F%3Futm_source%3Dfacebook%26utm_medium%3Dsocial%26utm_campaign%3Dshare",
        "https://twitter.com/intent/tweet?text=C.H.",
        "https://www.linkedin.com/shareArticle?mini=true&url=https%3A%2F%2Fwww.marketscreener.com%2Fquote%2Fstock%2FC-H-ROBINSON-WORLDWIDE-IN-4915%2Fnews%2FC-H-Robinson-beats-quarterly-profit-estimates-on-new-business-gains-improved-margins-49781851%2F%3Futm_source%3Dlinkedin%26utm_medium%3Dsocial%26utm_campaign%3Dshare&title=C.H.",
        "https://telegram.me/share/url?url=https%3A%2F%2Fwww.marketscreener.com%2Fquote%2Fstock%2FC-H-ROBINSON-WORLDWIDE-IN-4915%2Fnews%2FC-H-Robinson-beats-quarterly-profit-estimates-on-new-business-gains-improved-margins-49781851%2F%3Futm_source%3Dtelegram%26utm_medium%3Dsocial%26utm_campaign%3Dshare",
        "https://www.telegram.me/share/url?url=https%3A%2F%2Fwww.marketscreener.com%2Fquote%2Fstock%2FC-H-ROBINSON-WORLDWIDE-IN-4915%2Fnews%2FC-H-Robinson-beats-quarterly-profit-estimates-on-new-business-gains-improved-margins-49781851%2F%3Futm_source%3Dtelegram%26utm_medium%3Dsocial%26utm_campaign%3Dshare",
        "https://telegram.me/share/url",
        "https://www.wa.me/?text=https%3A%2F%2Fwww.marketscreener.com%2Fquote%2Fstock%2FC-H-ROBINSON-WORLDWIDE-IN-4915%2Fnews%2FC-H-Robinson-beats-quarterly-profit-estimates-on-new-business-gains-improved-margins-49781851%2F%3Futm_source%3Dwhatsapp%26utm_medium%3Dsocial%26utm_campaign%3Dshare",
        "https://www.twitter.com/intent/tweet?text=C.H.",
        "https://www.linkedin.com/shareArticle",
        "https://wa.me/",
        "https://www.facebook.com/sharer/sharer.php",
        "https://linkedin.com/shareArticle?mini=true&url=https%3A%2F%2Fwww.marketscreener.com%2Fquote%2Fstock%2FC-H-ROBINSON-WORLDWIDE-IN-4915%2Fnews%2FC-H-Robinson-beats-quarterly-profit-estimates-on-new-business-gains-improved-margins-49781851%2F%3Futm_source%3Dlinkedin%26utm_medium%3Dsocial%26utm_campaign%3Dshare&title=C.H.",
        "https://facebook.com/sharer/sharer.php?u=https%3A%2F%2Fwww.marketscreener.com%2Fquote%2Fstock%2FC-H-ROBINSON-WORLDWIDE-IN-4915%2Fnews%2FC-H-Robinson-beats-quarterly-profit-estimates-on-new-business-gains-improved-margins-49781851%2F%3Futm_source%3Dfacebook%26utm_medium%3Dsocial%26utm_campaign%3Dshare",
        "https://twitter.com/intent/tweet"
    ],
    "entities": {
        "persons": [
            {
                "name": "C.H. Robinson",
                "sentiment": "negative"
            },
            {
                "name": "Donald Trump",
                "sentiment": "none"
            },
            {
                "name": "Dave Bozeman",
                "sentiment": "none"
            }
        ],
        "locations": [],
        "organizations": [
            {
                "name": "Reuters",
                "sentiment": "negative",
                "tickers": [
                    {
                        "ticker": "TRI",
                        "exchange": "NASDAQ"
                    }
                ]
            }
        ]
    },
    "syndication": {
        "syndicated": false,
        "syndicate_id": "484b9f4be24bdbdeaf1184c745816367e1337a00",
        "first_syndicated": true
    },
    "trust": {
        "categories": [],
        "bias": null,
        "source": {
            "type": null,
            "city": null,
            "state": null,
            "country": null,
            "domain_type": null,
            "agency": null,
            "organization_name": null
        }
    },
    "rating": null,
    "crawled": "2025-05-01T00:23:11.395+03:00",
    "updated": "2025-04-30T21:24:12.000+00:00"
}