{
    "thread": {
        "uuid": "95ded5583cf96a794585314f020a536317ceea4f",
        "url": "https://qz.com/emails/daily-brief/1851778571/sticker-shock",
        "site_full": "qz.com",
        "site": "qz.com",
        "site_section": "https://news.google.com/search?q=yourself%20when%3A1h&hl=en-US&gl=US&ceid=US%3Aen",
        "site_categories": [
            "media",
            "financial_news",
            "finance"
        ],
        "section_title": "Google News - Search",
        "site_title": "Quartz",
        "title": "🌏 Sticker shock",
        "title_full": "🌏 Sticker shock",
        "published": "2025-05-01T01:00:00.000+03:00",
        "replies_count": 0,
        "participants_count": 1,
        "site_type": "news",
        "country": "US",
        "main_image": "https://i.kinja-img.com/image/upload/c_fill,h_675,pg_1,q_80,w_1200/c85a3a6f87a9d693c81e3f8d8b4812fc.jpg",
        "performance_score": 0,
        "domain_rank": 493,
        "domain_rank_updated": "2025-04-22T00:00:00.000+03:00",
        "licensing_agency": [],
        "social": {
            "facebook": {
                "likes": 0,
                "comments": 0,
                "shares": 0
            },
            "vk": {
                "shares": 0
            }
        }
    },
    "uuid": "95ded5583cf96a794585314f020a536317ceea4f",
    "url": "https://qz.com/emails/daily-brief/1851778571/sticker-shock",
    "ord_in_thread": 0,
    "author": "Quartz Staff",
    "published": "2025-05-01T01:00:00.000+03:00",
    "title": "🌏 Sticker shock",
    "text": "Good morning, Quartz readers!\nHere’s what you need to know\nMeta Reels in revenue. Meta kicked off the year with a strong first-quarter earnings report that signaled continued momentum in AI and its core businesses.\nOn cloud nine. Microsoft blew past Wall Street’s quarterly earnings expectations, fueled by relentless demand for cloud and AI.\nRed numbers, blue blame. President Donald Trump said that he isn’t to blame for the cratering stock market — former President Joe Biden is.\nThe long way ’round. GM and other big automakers are stuck in a tariff “Twilight Zone,” according to Wedbush analysts, even after Trump offered a glimpse at some industry reprieve.\nNot their strongest brew. Starbucks has a “grande” problem: Its stock plunged after a lackluster Q1 earnings report. But CEO Brian Niccol says the company remains on track.\nGLP-1s lighten the load. A study of health insurance claims found that weight-loss drugs like GLP-1s could pay off for employers who cover their prices by cutting overall medical spending.\nTariff-iying prices\nFrom power tools to pretty dresses, American consumers are starting to see rising prices. The sweeping trade war — including 145% tariffs on Chinese goods and the end of the de minimis exemption — is sending shockwaves through global supply chains.\nMore than 1,000 Amazon items have jumped in price — a 30% hike, on average. Fast-fashion retailers Shein and Temu have drastically raised some prices, while Ford and Volkswagen are signaling that car prices will soar. Stanley Black & Decker, Nintendo, Best Buy, Hermès, and Procter & Gamble all have signaled or implemented increases, too.\nAll told: The president’s trade policies are making it more expensive to be a consumer right now. Quartz’s Ben Kesslen has more on which companies are putting spending under siege.\nSlow your roll\nBig, red warning lights are flashing for the U.S. economy amid tariffs and broader geopolitical concerns.\nRecently released economic data paints a picture of a wide-ranging slowdown: Quarterly GDP contracted for the first time since 2022, private-sector hiring is slumping, Chinese factories are idling, and consumer confidence is cratering. This data is the most tangible fallout from Trump’s tariffs — a universal 10% levy on all imported goods and a steep 145% duty on Chinese goods.\nThe GDP results reported by the Commerce Department were worse than economists expected, and markets dropped on the news, although they mostly recovered by the end of the day. Payroll processor ADP said in a report that private employers added just 62,000 jobs in April, less than half of what was expected.\nMeanwhile, the U.S. manufacturing industry is taking a hit as factories in China show severe slowdowns, which Chinese officials have said are due to “sharp changes in the external environment.” And while consumer spending is holding on as shoppers rush to beat tariffs, their confidence isn’t.\nThe signs that tariffs are continuing to hurt are rising. Quartz’s Kevin Williams has more on what’s dragging GDP — and what’s just dragging.\nMore from Quartz\n🤑 These are the biggest winners (and losers) from Trump’s first 100 days\n👋 Elon Musk has left the White House — but not his DOGE role\n🇨🇦 These Canadian goods will cost more because of tariffs\nOur best wishes on a safe start to the day. Send any news, comments, and more to talk@qz.com.",
    "highlightText": "",
    "highlightTitle": "",
    "highlightThreadTitle": "",
    "language": "english",
    "sentiment": "positive",
    "categories": [
        "Economy, Business and Finance",
        "Science and Technology"
    ],
    "topics": [
        "Economy, Business and Finance->financial and economic news",
        "Economy, Business and Finance->media and entertainment industry",
        "Economy, Business and Finance->business reporting and performance",
        "Science and Technology->economics",
        "Science and Technology->social sciences"
    ],
    "ai_allow": true,
    "has_canonical": false,
    "breaking": true,
    "webz_reporter": false,
    "external_links": [],
    "entities": {
        "persons": [
            {
                "name": "Donald Trump",
                "sentiment": "none"
            },
            {
                "name": "Brian Niccol",
                "sentiment": "none"
            },
            {
                "name": "Joe Biden",
                "sentiment": "none"
            }
        ],
        "locations": [],
        "organizations": [
            {
                "name": "Microsoft",
                "sentiment": "none",
                "tickers": []
            },
            {
                "name": "Starbucks",
                "sentiment": "none",
                "tickers": []
            },
            {
                "name": "GM",
                "sentiment": "none",
                "tickers": []
            }
        ]
    },
    "syndication": {
        "syndicated": false,
        "syndicate_id": null,
        "first_syndicated": false
    },
    "trust": {
        "categories": [],
        "bias": "center",
        "source": {
            "type": null,
            "city": null,
            "state": null,
            "country": null,
            "domain_type": null,
            "agency": null,
            "organization_name": null
        }
    },
    "rating": null,
    "crawled": "2025-05-01T01:08:36.575+03:00",
    "updated": "2025-04-30T22:12:42.000+00:00"
}