{
    "thread": {
        "uuid": "cb09b33edc257cb50d4cae1d280ae5e179bf9647",
        "url": "https://electrek.co/2025/04/30/home-solar-prices-just-hit-record-lows-and-storage-is-even-cheaper",
        "site_full": "electrek.co",
        "site": "electrek.co",
        "site_section": "https://news.google.com/search?q=just%20when%3A1h&hl=en-US&gl=US&ceid=US%3Aen",
        "site_categories": [
            "vehicles"
        ],
        "section_title": "Google News - Search",
        "site_title": "Electrek | EV and Tesla News, Green Energy, Ebikes, and more",
        "title": "Home solar prices just hit record lows - and storage is even cheaper | Electrek",
        "title_full": "Home solar prices just hit record lows - and storage is even cheaper | Electrek",
        "published": "2025-05-01T00:34:00.000+03:00",
        "replies_count": 0,
        "participants_count": 1,
        "site_type": "news",
        "country": "CO",
        "main_image": "https://i0.wp.com/electrek.co/wp-content/uploads/sites/3/2024/08/sunrun-solar_panels_1500x900_v1.jpg?resize=1200%2C628&amp;quality=82&amp;strip=all&amp;ssl=1",
        "performance_score": 0,
        "domain_rank": 2456,
        "domain_rank_updated": "2025-04-22T00:00:00.000+03:00",
        "licensing_agency": [],
        "social": {
            "facebook": {
                "likes": 4,
                "comments": 0,
                "shares": 2
            },
            "vk": {
                "shares": 0
            }
        }
    },
    "uuid": "cb09b33edc257cb50d4cae1d280ae5e179bf9647",
    "url": "https://electrek.co/2025/04/30/home-solar-prices-just-hit-record-lows-and-storage-is-even-cheaper",
    "ord_in_thread": 0,
    "author": "Electrek",
    "published": "2025-05-01T00:34:00.000+03:00",
    "title": "Home solar prices just hit record lows - and storage is even cheaper | Electrek",
    "text": "If you’ve been holding off on going solar, now might be the time to revisit that quote. According to EnergySage’s new Solar & Storage Marketplace Report, prices for both home solar and solar + storage reached record lows in the second half of 2024.\nEnergySage, an online solar shopping marketplace (and Electrek affiliate) analyzed millions of quotes from installers across the US in its 20th semiannual report. The data covers January through December 2024 and offers a detailed look at what homeowners pay for solar panels, batteries, inverters, and more.\nHome solar and battery storage price quotes hit record lows The median price for solar-only systems dropped to $2.65 per watt in the second half of 2024, down from $2.80 per watt earlier in the year. That’s the lowest price EnergySage has recorded.\nBattery-backed systems saw an even bigger price drop: home solar + storage quotes fell from $2.59 per watt in H1 2024 to $2.40 per watt in H2 2024. Tesla’s Powerwall 3 is playing a big role in the storage price drop. The new version includes an integrated inverter, which shifts some of the cost from the solar quote (measured in $/W) to the storage quote (measured in $/kWh).\nThese falling prices were driven by a mix of factors. Equipment costs have dropped – Wood Mackenzie reports that residential solar panel prices were down 30% year-over-year. High interest rates and stable electricity prices have softened demand, pushing installers to offer more competitive pricing. And in California, changes to the state’s Net Billing Tariff have also pressured installers to drop prices.\n“Heading into 2025, solar and battery prices had never been lower on the EnergySage Marketplace, and for homeowners, that means more affordable and accessible clean energy solutions,” said Emily Walker, director of content and insights at EnergySage. “This creates a compelling record-low benchmark to measure against as we begin to see the effects of shifting policies and tariffs take hold this year.”\nSay hello to high-wattage solar panels Home solar panels are getting more powerful, faster. In H2 2023, 81% of quotes included panels rated under 400 watts. By H2 2024, that number had dropped to just 14%. The shift is thanks to advances in panel efficiency and design: Either the panels themselves are getting bigger, or they’re packing more power into the same space.\nHigh-wattage panels can reduce the number of panels needed per home, saving space and installation time. But there’s a wild card in 2025: tariffs. Bloomberg reported in April that the US had a stockpile of 40-50 gigawatts of solar panels at the end of 2024, which may buffer the US solar industry from big price hikes. However, that could slow down innovation and complicate the supply chain.\n“As panel technologies improve, more homeowners are being offered higher-output systems – meaning fewer panels, more power, and a better return on investment,” said Walker. “We’re closely watching how inventory strategies and upcoming tariffs may shape this trend.”\nRead more: Tesla Powerwall 3 is disrupting the solar inverter market",
    "highlightText": "",
    "highlightTitle": "",
    "highlightThreadTitle": "",
    "language": "english",
    "sentiment": "positive",
    "categories": [
        "Environment",
        "Economy, Business and Finance",
        "Science and Technology"
    ],
    "topics": [
        "Environment->energy resources",
        "Environment->energy saving",
        "Environment->sustainability",
        "Economy, Business and Finance->products and services",
        "Economy, Business and Finance->financial and economic news",
        "Economy, Business and Finance->energy and resource",
        "Science and Technology->technology and engineering",
        "Science and Technology->physics",
        "Science and Technology->materials science"
    ],
    "ai_allow": true,
    "has_canonical": false,
    "breaking": true,
    "webz_reporter": false,
    "external_links": [
        "https://www.energysage.com/landing/home-solar/p/electrek-rsm-ml/?utm_medium=Partner&utm_source=Electrek",
        "https://energysage.com/landing/home-solar/p/electrek-rsm-ml/?utm_medium=Partner&utm_source=Electrek",
        "https://www.energysage.com/landing/home-solar/p/electrek-rsm-ml/"
    ],
    "entities": {
        "persons": [],
        "locations": [],
        "organizations": []
    },
    "syndication": {
        "syndicated": false,
        "syndicate_id": null,
        "first_syndicated": false
    },
    "trust": {
        "categories": [],
        "bias": null,
        "source": {
            "type": null,
            "city": null,
            "state": null,
            "country": null,
            "domain_type": null,
            "agency": null,
            "organization_name": null
        }
    },
    "rating": null,
    "crawled": "2025-05-01T00:40:32.542+03:00",
    "updated": "2025-05-01T10:33:08.526+03:00"
}