{
    "thread": {
        "uuid": "d89a60de196796ed3d106e59e021fa6476f4b40d",
        "url": "https://seekingalpha.com/article/4780111-first-commonwealth-financial-corporation-2025-q1-results-earnings-call-presentation?source=feed_all_articles",
        "site_full": "seekingalpha.com",
        "site": "seekingalpha.com",
        "site_section": "https://seekingalpha.com/feed.xml",
        "site_categories": [
            "investing",
            "financial_news",
            "finance",
            "mutual_funds"
        ],
        "section_title": "All Articles on Seeking Alpha",
        "site_title": "Seeking Alpha | Stock Market Analysis &amp; Tools for Investors",
        "title": "First Commonwealth Financial Corporation 2025 Q1 - Results - Earnings Call Presentation",
        "title_full": "First Commonwealth Financial Corporation 2025 Q1 - Results - Earnings Call Presentation",
        "published": "2025-05-01T00:18:00.000+03:00",
        "replies_count": 0,
        "participants_count": 1,
        "site_type": "news",
        "country": "US",
        "main_image": "https://static.seekingalpha.com/assets/og_image_1200-29b2bfe1a595477db6826bd2126c63ac2091efb7ec76347a8e7f81ba17e3de6c.png",
        "performance_score": 0,
        "domain_rank": 1145,
        "domain_rank_updated": "2025-04-22T00:00:00.000+03:00",
        "licensing_agency": [],
        "social": {
            "facebook": {
                "likes": 0,
                "comments": 0,
                "shares": 0
            },
            "vk": {
                "shares": 0
            }
        }
    },
    "uuid": "d89a60de196796ed3d106e59e021fa6476f4b40d",
    "url": "https://seekingalpha.com/article/4780111-first-commonwealth-financial-corporation-2025-q1-results-earnings-call-presentation?source=feed_all_articles",
    "ord_in_thread": 0,
    "author": "SA Transcripts",
    "published": "2025-05-01T00:18:00.000+03:00",
    "title": "First Commonwealth Financial Corporation 2025 Q1 - Results - Earnings Call Presentation",
    "text": "The following slide deck was published by First Commonwealth Financial Corporation in conjunction with their 2025 Q1 earnings call.\nFirst Commonwealth Financial Corporation 2025 Q1 - Results - Earnings Call Presentation\nQ1: 2025-04-29 Earnings Summary\nEPS of $0.32 misses by $0.00| Revenue of $118.02M (1.49% Y/Y) beats by $423.75K\nSeeking Alpha's transcripts team is responsible for the development of all of our transcript-related projects. We currently publish thousands of quarterly earnings calls per quarter on our site and are continuing to grow and expand our coverage. The purpose of this profile is to allow us to share with our readers new transcript-related developments. Thanks, SA Transcripts Team",
    "highlightText": "",
    "highlightTitle": "",
    "highlightThreadTitle": "",
    "language": "english",
    "sentiment": "positive",
    "categories": [
        "Economy, Business and Finance"
    ],
    "topics": [
        "Economy, Business and Finance->financial and economic news",
        "Economy, Business and Finance->financial service",
        "Economy, Business and Finance->business reporting and performance"
    ],
    "ai_allow": true,
    "has_canonical": false,
    "breaking": false,
    "webz_reporter": false,
    "external_links": [],
    "entities": {
        "persons": [],
        "locations": [],
        "organizations": [
            {
                "name": "First Commonwealth Financial Corporation",
                "sentiment": "negative",
                "tickers": []
            }
        ]
    },
    "syndication": {
        "syndicated": false,
        "syndicate_id": null,
        "first_syndicated": false
    },
    "trust": {
        "categories": [],
        "bias": "center",
        "source": {
            "type": null,
            "city": null,
            "state": null,
            "country": null,
            "domain_type": null,
            "agency": null,
            "organization_name": null
        }
    },
    "rating": null,
    "crawled": "2025-05-01T00:33:20.376+03:00",
    "updated": "2025-04-30T21:35:53.000+00:00"
}