{
    "thread": {
        "uuid": "1b3efa63a5a4fa6d2aa107e10c43b074ad50c8fe",
        "url": "https://www.aonl.org/news/Overdose-deaths-fall-by-24-CDC-says",
        "site_full": "www.aonl.org",
        "site": "aonl.org",
        "site_section": "http://aonl.org",
        "site_categories": [
            "jobs",
            "nursing"
        ],
        "section_title": "Nurse Leaders | AONL",
        "site_title": null,
        "title": "Overdose deaths fall by 24%, CDC says | AONL",
        "title_full": "Overdose deaths fall by 24%, CDC says | AONL",
        "published": "2025-02-27T02:00:00.000+02:00",
        "replies_count": 0,
        "participants_count": 1,
        "site_type": "news",
        "country": "US",
        "main_image": "https://www.aonl.org/sites/default/files/2020-08/aonl-meta-news-update.png",
        "performance_score": 0,
        "domain_rank": 172980,
        "domain_rank_updated": "2025-02-24T23:00:00.000+02:00",
        "social": {
            "facebook": {
                "likes": 0,
                "comments": 0,
                "shares": 0
            },
            "vk": {
                "shares": 0
            }
        }
    },
    "uuid": "1b3efa63a5a4fa6d2aa107e10c43b074ad50c8fe",
    "url": "https://www.aonl.org/news/Overdose-deaths-fall-by-24-CDC-says",
    "ord_in_thread": 0,
    "parent_url": null,
    "author": "@TweetAONL",
    "published": "2025-02-27T02:00:00.000+02:00",
    "title": "Overdose deaths fall by 24%, CDC says | AONL",
    "text": "Overdose deaths fall by 24%, CDC says\nThe Centers for Disease Control and Prevention released provisional data predicting a nearly 24% decline in U.S. drug overdose deaths for the 12 months ending in September 2024 compared with the prior year. This data shows a continued steep decrease in overdose deaths, falling to around 87,000 from October 2023 to September 2024 compared with 114,000 the previous year. This is the fewest overdose deaths in any 12-month period since June 2020, resulting in more than 70 lives saved every day. The agency attributes the decline to its public health investments, improved data and laboratory systems for overdose response and state partnerships with public safety colleagues. However, overdose remains the leading cause of death for Americans aged 18-44, highlighting the importance of sustained efforts. (CDC news release, 2/25/25)",
    "highlightText": "",
    "highlightTitle": "",
    "highlightThreadTitle": "",
    "language": "english",
    "sentiment": "positive",
    "categories": [
        "Health",
        "Social Issue",
        "Economy, Business and Finance"
    ],
    "topics": [
        "Health->drug rehabilitation",
        "Health->medical condition",
        "Health->health organisation",
        "Social Issue->demographics",
        "Social Issue->social services",
        "Social Issue->social problem",
        "Economy, Business and Finance->healthcare industry",
        "Economy, Business and Finance->financial and economic news"
    ],
    "ai_allow": true,
    "has_canonical": false,
    "breaking": false,
    "webz_reporter": false,
    "external_links": [
        "https://www.cdc.gov/nchs/nvss/vsrr/drug-overdose-data.htm",
        "https://www.cdc.gov/media/releases/2025/2025-cdc-reports-decline-in-us-drug-overdose-deaths.html",
        "https://cdc.gov/media/releases/2025/2025-cdc-reports-decline-in-us-drug-overdose-deaths.html",
        "https://cdc.gov/nchs/nvss/vsrr/drug-overdose-data.htm"
    ],
    "external_images": [],
    "entities": {
        "persons": [],
        "organizations": [
            {
                "name": "Centers for Disease Control and Prevention",
                "sentiment": "none"
            },
            {
                "name": "CDC",
                "sentiment": "none"
            }
        ],
        "locations": []
    },
    "syndication": {
        "syndicated": false,
        "syndicate_id": null,
        "first_syndicated": false
    },
    "trust": null,
    "rating": null,
    "crawled": "2025-02-28T01:11:13.520+02:00",
    "updated": "2025-02-28T01:11:13.520+02:00"
}