{
    "thread": {
        "uuid": "c6e0c0b3e4e796d23c14556057ab8d7455cf0990",
        "url": "https://www.marketbeat.com/instant-alerts/epr-properties-nyseepr-announces-quarterly-earnings-results-beats-expectations-by-056-eps-2025-02-26",
        "site_full": "www.marketbeat.com",
        "site": "marketbeat.com",
        "site_section": "https://www.marketbeat.com/rss.ashx?type=headlines",
        "site_categories": [
            "investing",
            "financial_news",
            "finance",
            "stocks"
        ],
        "section_title": "MarketBeat News Feed",
        "site_title": null,
        "title": "EPR Properties (NYSE:EPR) Announces Quarterly Earnings Results, Beats Expectations By $0.56 EPS",
        "title_full": "EPR Properties (NYSE:EPR) Announces Quarterly Earnings Results, Beats Expectations By $0.56 EPS",
        "published": "2025-02-28T01:21:00.000+02:00",
        "replies_count": 0,
        "participants_count": 1,
        "site_type": "news",
        "country": "US",
        "main_image": "https://www.marketbeat.com/logos/epr-properties-logo-1200x675.png?v=20221121145102",
        "performance_score": 0,
        "domain_rank": 7907,
        "domain_rank_updated": "2025-02-24T23:00:00.000+02:00",
        "social": {
            "facebook": {
                "likes": 0,
                "comments": 0,
                "shares": 0
            },
            "vk": {
                "shares": 0
            }
        }
    },
    "uuid": "c6e0c0b3e4e796d23c14556057ab8d7455cf0990",
    "url": "https://www.marketbeat.com/instant-alerts/epr-properties-nyseepr-announces-quarterly-earnings-results-beats-expectations-by-056-eps-2025-02-26",
    "ord_in_thread": 0,
    "parent_url": null,
    "author": "MarketBeat",
    "published": "2025-02-28T01:21:00.000+02:00",
    "title": "EPR Properties (NYSE:EPR) Announces Quarterly Earnings Results, Beats Expectations By $0.56 EPS",
    "text": "EPR Properties (NYSE:EPR) Announces Quarterly Earnings Results, Beats Expectations By $0.56 EPS Written by MarketBeat February 27, 2025 Share Link copied to clipboard. EPR Properties ( NYSE:EPR - Get Free Report ) announced its quarterly earnings data on Wednesday. The real estate investment trust reported $1.22 earnings per share (EPS) for the quarter, beating the consensus estimate of $0.66 by $0.56, Zacks reports. EPR Properties had a return on equity of 8.22% and a net margin of 28.87%. EPR Properties updated its FY 2025 guidance to 4.940-5.140 EPS. Get EPR Properties alerts: Sign Up EPR Properties Stock Performance Look To REITs For Reliable Yield Even In Recessionary Environment\nEPR stock traded up $0.50 during mid-day trading on Wednesday, reaching $51.28. The company had a trading volume of 991,090 shares, compared to its average volume of 643,503. EPR Properties has a one year low of $39.65 and a one year high of $51.37. The stock has a market capitalization of $3.88 billion, a P/E ratio of 22.20 and a beta of 1.75. The company has a quick ratio of 7.81, a current ratio of 7.81 and a debt-to-equity ratio of 1.19. The stock's 50-day simple moving average is $46.32 and its two-hundred day simple moving average is $46.50. EPR Properties Dividend Announcement\nThe business also recently disclosed a feb 25 dividend, which will be paid on Monday, March 17th. Investors of record on Friday, February 28th will be paid a dividend of $0.285 per share. The ex-dividend date is Friday, February 28th. This represents a yield of 7%. EPR Properties's payout ratio is currently 148.05%. Analyst Upgrades and Downgrades\nA number of equities research analysts have recently weighed in on EPR shares. Royal Bank of Canada reiterated an \"outperform\" rating and issued a $50.00 price target on shares of EPR Properties in a report on Thursday, January 30th. UBS Group started coverage on shares of EPR Properties in a report on Thursday, November 14th. They issued a \"neutral\" rating and a $48.00 price objective for the company. Two research analysts have rated the stock with a sell rating, five have assigned a hold rating, two have given a buy rating and one has issued a strong buy rating to the company's stock. According to MarketBeat.com, the stock currently has a consensus rating of \"Hold\" and an average target price of $47.94.\nGet Our Latest Research Report on EPR Properties EPR Properties Company Profile ( Get Free Report )\nEPR Properties NYSE: EPR is the leading diversified experiential net lease real estate investment trust (REIT), specializing in select enduring experiential properties in the real estate industry. We focus on real estate venues that create value by facilitating out of home leisure and recreation experiences where consumers choose to spend their discretionary time and money. Featured Articles\nThis instant news alert was generated by narrative science technology and financial data from MarketBeat in order to provide readers with the fastest and most accurate reporting. This story was reviewed by MarketBeat's editorial team prior to publication. Please send any questions or comments about this story to contact@marketbeat.com.\nShould You Invest $1,000 in EPR Properties Right Now? Before you consider EPR Properties, you'll want to hear this.\nMarketBeat keeps track of Wall Street's top-rated and best performing research analysts and the stocks they recommend to their clients on a daily basis. MarketBeat has identified the five stocks that top analysts are quietly whispering to their clients to buy now before the broader market catches on... and EPR Properties wasn't on the list.\nWhile EPR Properties currently has a Hold rating among analysts, top-rated analysts believe these five stocks are better buys.\nView The Five Stocks Here\n20 High-Yield Dividend Stocks that Could Ruin Your Retirement Almost everyone loves strong dividend-paying stocks, but high yields can signal danger. Discover 20 high-yield dividend stocks paying an unsustainably large percentage of their earnings. Enter your email to get this report and avoid a high-yield dividend trap.\nGet This Free Report Like this article? Share it with a colleague. Link copied to clipboard.",
    "highlightText": "",
    "highlightTitle": "",
    "highlightThreadTitle": "",
    "language": "english",
    "sentiment": "positive",
    "categories": [
        "Economy, Business and Finance",
        "Economy, Business and Finance",
        "Politics"
    ],
    "topics": [
        "Economy, Business and Finance->business reporting and performance",
        "Economy, Business and Finance->business reporting and performance",
        "Economy, Business and Finance->financial and economic news"
    ],
    "ai_allow": true,
    "has_canonical": false,
    "breaking": false,
    "webz_reporter": false,
    "external_links": [
        "http://www.zacks.com/",
        "https://www.facebook.com/sharer/sharer.php?u=https://www.marketbeat.com/instant-alerts/epr-properties-nyseepr-announces-quarterly-earnings-results-beats-expectations-by-056-eps-2025-02-26/",
        "https://twitter.com/intent/tweet?text=EPR+Properties+(NYSE%3aEPR)+Announces+Quarterly++Earnings+Results%2c+Beats+Expectations+By+%240.56+EPS%20%24EPR%20%23EPR%20https://www.marketbeat.com/instant-alerts/epr-properties-nyseepr-announces-quarterly-earnings-results-beats-expectations-by-056-eps-2025-02-26/",
        "https://api.stocktwits.com/widgets/share?via=MarketBeat&body=EPR+Properties+(NYSE%3aEPR)+Announces+Quarterly++Earnings+Results%2c+Beats+Expectations+By+%240.56+EPS%20https://www.marketbeat.com/instant-alerts/epr-properties-nyseepr-announces-quarterly-earnings-results-beats-expectations-by-056-eps-2025-02-26/",
        "https://www.americanconsumernews.net/scripts/standalone/viewcount.ashx?type=e&id=747787&domain=marketbeat.com&referrer=",
        "https://www.american",
        "https://twitter.com/intent/tweet?text=EPR+Properties+(NYSE%3aEPR)+Announces+Quarterly++Earnings+Results%2c+Beats+Expectations+By+%240.56+EPS%20https://www.marketbeat.com/instant-alerts/epr-properties-nyseepr-announces-quarterly-earnings-results-beats-expectations-by-056-eps-2025-02-26/",
        "https://www.linkedin.com/cws/share?mini=true&url=https://www.marketbeat.com/instant-alerts/epr-properties-nyseepr-announces-quarterly-earnings-results-beats-expectations-by-056-eps-2025-02-26/",
        "https://twitter.com/intent/tweet?text=EPR+Properties+(NYSE%3aEPR)+Announces+Quarterly++Earnings+Results%2c+Beats+Expectations+By+%240.56+EPS%20%24EPR%20%23EPR%20https://marketbeat.com/instant-alerts/epr-properties-nyseepr-announces-quarterly-earnings-results-beats-expectations-by-056-eps-2025-02-26/",
        "https://twitter.com/intent/tweet?text=EPR+Properties+(NYSE%3aEPR)+Announces+Quarterly++Earnings+Results%2c+Beats+Expectations+By+%240.56+EPS%20https://marketbeat.com/instant-alerts/epr-properties-nyseepr-announces-quarterly-earnings-results-beats-expectations-by-056-eps-2025-02-26/",
        "https://americanconsumernews.net/scripts/standalone/viewcount.ashx?type=e&id=747787&domain=marketbeat.com&referrer=",
        "https://www.facebook.com/sharer/sharer.php?u=https://www.marketbeat.com/instant-alerts/epr-properties-nyseepr-announces-quarterly-earnings-results-beats-expectations-by-056-eps-2025-02-26",
        "http://www.zacks.com",
        "https://american",
        "https://api.stocktwits.com/widgets/share?via=MarketBeat&body=EPR+Properties+(NYSE%3aEPR)+Announces+Quarterly++Earnings+Results%2c+Beats+Expectations+By+%240.56+EPS%20https://www.marketbeat.com/instant-alerts/epr-properties-nyseepr-announces-quarterly-earnings-results-beats-expectations-by-056-eps-2025-02-26",
        "https://www.facebook.com/sharer/sharer.php",
        "https://www.linkedin.com/cws/share?mini=true&url=https://www.marketbeat.com/instant-alerts/epr-properties-nyseepr-announces-quarterly-earnings-results-beats-expectations-by-056-eps-2025-02-26",
        "https://facebook.com/sharer/sharer.php?u=https://marketbeat.com/instant-alerts/epr-properties-nyseepr-announces-quarterly-earnings-results-beats-expectations-by-056-eps-2025-02-26/",
        "https://twitter.com/intent/tweet?text=EPR+Properties+(NYSE%3aEPR)+Announces+Quarterly++Earnings+Results%2c+Beats+Expectations+By+%240.56+EPS%20%24EPR%20%23EPR%20https://www.marketbeat.com/instant-alerts/epr-properties-nyseepr-announces-quarterly-earnings-results-beats-expectations-by-056-eps-2025-02-26",
        "https://api.stocktwits.com/widgets/share?via=MarketBeat&body=EPR+Properties+(NYSE%3aEPR)+Announces+Quarterly++Earnings+Results%2c+Beats+Expectations+By+%240.56+EPS%20https://marketbeat.com/instant-alerts/epr-properties-nyseepr-announces-quarterly-earnings-results-beats-expectations-by-056-eps-2025-02-26/",
        "https://api.stocktwits.com/widgets/share",
        "https://www.americanconsumernews.net/scripts/standalone/viewcount.ashx",
        "http://zacks.com/",
        "https://linkedin.com/cws/share?mini=true&url=https://marketbeat.com/instant-alerts/epr-properties-nyseepr-announces-quarterly-earnings-results-beats-expectations-by-056-eps-2025-02-26/",
        "https://www.linkedin.com/cws/share",
        "https://twitter.com/intent/tweet",
        "https://twitter.com/intent/tweet?text=EPR+Properties+(NYSE%3aEPR)+Announces+Quarterly++Earnings+Results%2c+Beats+Expectations+By+%240.56+EPS%20https://www.marketbeat.com/instant-alerts/epr-properties-nyseepr-announces-quarterly-earnings-results-beats-expectations-by-056-eps-2025-02-26"
    ],
    "external_images": [],
    "entities": {
        "persons": [],
        "organizations": [],
        "locations": []
    },
    "syndication": {
        "syndicated": false,
        "syndicate_id": null,
        "first_syndicated": false
    },
    "trust": null,
    "rating": null,
    "crawled": "2025-02-28T01:41:10.008+02:00",
    "updated": "2025-02-28T01:41:10.008+02:00"
}