{
    "thread": {
        "uuid": "425efd25a56237fc82c85c2bcd0fe8c2c045c16f",
        "url": "https://cryptonews.net/news/analytics/30596674",
        "site_full": "cryptonews.net",
        "site": "cryptonews.net",
        "site_section": "https://cryptonews.net/",
        "site_categories": [
            "finance"
        ],
        "section_title": "World news about cryptocurrency and blockchain technology from different sources",
        "site_title": null,
        "title": "Time to Buy Dogecoin? Whales Buy 530 Million DOGE",
        "title_full": "Time to Buy Dogecoin? Whales Buy 530 Million DOGE",
        "published": "2025-02-28T02:56:00.000+02:00",
        "replies_count": 0,
        "participants_count": 0,
        "site_type": "news",
        "country": "RU",
        "main_image": "https://cnews24.ru/uploads/e2d/e2df57f42a4032206a8e083bca8ea77667fdebe0.webp",
        "performance_score": 0,
        "domain_rank": 49958,
        "domain_rank_updated": "2025-02-24T23:00:00.000+02:00",
        "social": {
            "facebook": {
                "likes": 0,
                "comments": 0,
                "shares": 0
            },
            "vk": {
                "shares": 0
            }
        }
    },
    "uuid": "425efd25a56237fc82c85c2bcd0fe8c2c045c16f",
    "url": "https://cryptonews.net/news/analytics/30596674",
    "ord_in_thread": 0,
    "parent_url": null,
    "author": null,
    "published": "2025-02-28T02:56:00.000+02:00",
    "title": "Time to Buy Dogecoin? Whales Buy 530 Million DOGE",
    "text": "Time to Buy Dogecoin? Whales Buy 530 Million DOGE coinpedia.org 8 m Story Highlights Whales have bought the dip and accumulated a significant 530 million DOGE in the past three days.\nDespite ongoing accumulation, DOGE still seems bearish and could drop another 15% in the future.\nDOGE's OI has fallen from $5.25 billion to $1.79 billion, reflecting fading trader interest.\nAmid the ongoing bearish price momentum, Dogecoin (DOGE), the largest and most popular meme coin, has been gaining significant attention from crypto enthusiasts due to its notable price drop in recent days.\nCrypto Whales Buy 530 Million DOGE On February 28, 2025, a prominent crypto expert shared a post on X (formerly Twitter), revealing that during the past three days of DOGE’s price decline, whales have bought the dip, accumulating a significant 530 million DOGE.\nAs of now, the asset is trading below the 200-day Exponential Moving Average (EMA) on the daily timeframe, indicating a downtrend.\nCurrent Price Momentum and Decline of Open Interest DOGE is currently trading near $0.206 and has experienced a modest price surge of over 1.75% in the past 24 hours. However, during the same period, its trading volume dropped by 30%, indicating lower participation from traders and investors, possibly due to the significant price fluctuations the meme coin has witnessed in recent days.\nWith the bearish market outlook, data from the on-chain analytics firm Coinglass revealed that intraday and derivative traders appear to be abandoning DOGE, as its futures open interest (OI) has dropped to its lowest level in 2025.\nSince the presidential inauguration, DOGE’s OI has fallen from $5.25 billion to $1.79 billion, reflecting fading trader interest, possibly due to market uncertainty and declining momentum.\nDownload the Crypto News app and get news about crypto and blockchain from various sources: Latest news",
    "highlightText": "",
    "highlightTitle": "",
    "highlightThreadTitle": "",
    "language": "english",
    "sentiment": "positive",
    "categories": [
        "Economy, Business and Finance"
    ],
    "topics": [
        "Economy, Business and Finance->market and exchange",
        "Economy, Business and Finance->financial and economic news"
    ],
    "ai_allow": true,
    "has_canonical": false,
    "breaking": false,
    "webz_reporter": false,
    "external_links": [],
    "external_images": [],
    "entities": {
        "persons": [],
        "organizations": [],
        "locations": []
    },
    "syndication": {
        "syndicated": false,
        "syndicate_id": null,
        "first_syndicated": false
    },
    "trust": null,
    "rating": null,
    "crawled": "2025-02-28T03:10:26.217+02:00",
    "updated": "2025-02-28T03:10:26.217+02:00"
}