{
    "thread": {
        "uuid": "3d7ce72b9733055f2cca0a719a8df2c120de5925",
        "url": "https://www.crossville-chronicle.com/news/county-sales-tax-collections-remain-above-budget/article_c72c11a6-f45a-11ef-b46f-5b8782103ca7.html",
        "site_full": "www.crossville-chronicle.com",
        "site": "crossville-chronicle.com",
        "site_section": "https://www.crossville-chronicle.com/news/glade_sun",
        "site_categories": [
            "media"
        ],
        "section_title": "Glade Sun | crossville-chronicle.com",
        "site_title": null,
        "title": "County sales tax collections remain above budget | News | crossville-chronicle.com",
        "title_full": "County sales tax collections remain above budget | News | crossville-chronicle.com",
        "published": "2025-02-27T21:30:00.000+02:00",
        "replies_count": 0,
        "participants_count": 1,
        "site_type": "news",
        "country": "US",
        "main_image": "https://bloximages.chicago2.vip.townnews.com/crossville-chronicle.com/content/tncms/custom/image/e4af7994-09c4-11ed-bdcc-7bcd47b3de52.png?resize=600%2C223",
        "performance_score": 0,
        "domain_rank": 123066,
        "domain_rank_updated": "2025-02-24T23:00:00.000+02:00",
        "social": {
            "facebook": {
                "likes": 0,
                "comments": 0,
                "shares": 0
            },
            "vk": {
                "shares": 0
            }
        }
    },
    "uuid": "3d7ce72b9733055f2cca0a719a8df2c120de5925",
    "url": "https://www.crossville-chronicle.com/news/county-sales-tax-collections-remain-above-budget/article_c72c11a6-f45a-11ef-b46f-5b8782103ca7.html",
    "ord_in_thread": 0,
    "parent_url": null,
    "author": "Gary Nelson | Senior staff writer gnelson@crossville-chronicle.com",
    "published": "2025-02-27T21:30:00.000+02:00",
    "title": "County sales tax collections remain above budget | News | crossville-chronicle.com",
    "text": "Cumberland County local option sales tax collections year to date remain $190,529 ahead of budgeted projections for fiscal year 2024-’25.\nLocal option sales taxes are primarily used for funding the county’s Board of Education General Purpose School Fund budget.\nkAmy6??:76C %FC?6C[ rF>36C=2?5 r@F?EJ 7:?2?46 5:C64E@C[ 82G6 E96 7:?2?4:2= C6A@CE 5FC:?8 u63CF2CJ’D rF>36C=2?5 r@F?EJ r@>>:DD:@? >66E:?8]k^Am\nkAm%FC?6C D2:5 :E H2D 2 3:E E@@ 62C=J :? E96 >@?E9 E@ C646:G6 E96 C6DF=ED 7@C u63CF2CJ]k^Am\nkAm%FC?6C C6A@CE65 AC@A6CEJ E2I 4@==64E:@?D H6C6 efT @7 3F586Ej w@E6=^>@E6= E2I 4@==64E:@?D H6C6 db]`hT 2E Seed[d`c @7 2 S`]ad >:==:@? 3F586Ej 2?5 AC:D@?6C 3@2C5:?8 4@==64E:@?D 7C@> E96 DE2E6 H6C6 faT 2E Sag_[bhh @7 2 Sbge[hda 3F586E]k^Am\nkAm$96 D2:5 4@F?EJ t|$ 4@==64E:@?D 7@C E96 2>3F=2?46 D6CG:46 C6>2:?65 36=@H 3F586E 3J S`hb[_hd 7@C J62C\\E@\\52E6 4@==64E:@?D] %FC?6C D2:5 D96 2?E:4:A2E65 4@==64E:@? 7F?5D E@ :?4C62D6 :? E96 4@>:?8 >@?E9D 5F6 E@ D@>6 3:==:?8 :DDF6D E9C@F89 E96 4@F?EJ’D E9:C5 A2CEJ 3:==:?8 4@>A2?J[ p|q q:==:?8 $6CG:46] %96 4@F?EJ’D 2??F2= 3F586E65 AC@;64E:@? 7@C E96 7:D42= J62C :D Sc]d >:==:@?[ H9:49 C6BF:C6D Sbfd[___ A6C >@?E9 @7 C6G6?F6 4@==64E:@?D]k^Am\nkAm%96 4@F?EJ 4@>>:DD:@? 2AAC@G65 E96 7@==@H:?8 3F586E 2>6?5>6?ED 7@C E96 4@F?EJ 86?6C2= 7F?5ik^Am\nkAm• S`[f__ 7@C E96 rF>36C=2?5 r@F?EJ u:C6 s6A2CE>6?E E@ AFC492D6 2 A:646 @7 AC@A6CEJ 7C@> E96 r2=G2CJ r9FC49 :? E96 q:8 {:4< 4@>>F?:EJ E92E H2D AC6G:@FD=J =62D65]k^Am\nkAm• Sb[___ 7@C E96 r=6C< 2?5 |2DE6C’D @77:46 E@ AFC492D6 52E2 AC@46DD:?8 6BF:A>6?E]k^Am\nkAm• Sd[gfc 7@C E96 t|$ 56A2CE>6?E E@ AFC492D6 2 ?6H A9@?6 DJDE6>]k^Am\nkAm• Se[c__ 7@C E96 D96C:77’D @77:46 E@ 2H2C5 DFAA=6>6?ED 7C@> E96 DE2E6 E@ D49@@= C6D@FC46 @77:46CD 7@C 4@>A=6E:?8 !6246 ~77:46CD $E2?52C5D %C2:?:?8]k^Am\nkAm• S`e[afd 7@C E96 AC@A6CEJ 2DD6DD@C’D @77:46 7@C 6>A=@J66 :? D6CG:46 EC2:?:?8j >2:?E6?2?46 28C66>6?EDj @E96C DFAA=:6D 2?5 >2E6C:2=Dj 2?5 AC6>:F>D @? 4@CA@C2E6 DFC6EJ 3@?5D]k^Am\nkAm• Sda[ce` 7@C E96 D96C:77’D @77:46 E@ 2446AE 7F?5:?8 7@C E96 EC2?DA@CE 2?5 DFAA@CE @7 >6?E2= 962=E9 A2E:6?ED 2?5 E96 AFC492D6 @7 2 G69:4=6 7@C EC2?DA@CE]k^Am\nkAm• Sb_[___ 7@C E96 4@F?EJ 4@>>:DD:@? E@ 4@?EC:3FE6 E@ E96 u2:C7:6=5 v=256 r@>>F?:EJ r=F3 E@H2C5 E96 4@?DECF4E:@? @7 2 ?6H 7:C6 92== E92E H:== :?4=F56 2 32J E@ 9@FD6 4@F?EJ 2>3F=2?46D[ 2 4@>>@?D 2C62[ <:E496?[ 7@FC 3F?< C@@>D 2?5 EH@ @77:46D]k^Am\nkAm• Sbe[dae 7@C E96 D96C:77’D @77:46 E@ C6A=246 E96 @C:8:?2= A9@?6 DJDE6> 7C@> `hh` :? E96 @77:46] %96 A9@?6 DJDE6> :D :? ?665 @7 C6A2:CD]k^Am\nkAm%96 4@F?EJ 4@>>:DD:@? 2AAC@G65 E96 7@==@H:?8 3F586E 2>6?5>6?ED 7@C E96 rF>36C=2?5 r@F?EJ q@2C5 @7 t5F42E:@?ik^Am\nkAm• Sad_ E@ 2446AE 2 5@?2E:@? 7@C E96 4@@C5:?2E65 D49@@= 962=E9 5:C64E@C]k^Am\nkAm• S`[`cg]fd 7@C 2 C6G:D:@? E@ 2 C64CF:E>6?E 2?5 C6E6?E:@? 8C2?E]k^Am\nkAm• S`[b__ E@ 2446AE 5@?2E:@?D 7C@> 4:E:K6? 8C@FAD 7@C $@FE9 rF>36C=2?5 2?5 !:?6 ':6H 6=6>6?E2CJ D49@@=D]k^Am\nkAm• Sa[fea 7@C E96 r6?EC2= r276E6C:2 uF?5 7@C 2 7C66K6C C6A2:C 2E E96 !9@6?:I $49@@=]k^Am\nkAm• Sg[bfh]be 7@C E96 r6?EC2= r276E6C:2 uF?5 7@C &$sp 7@@5D 2?5 4@>>@5:EJ 56=:G6CJ 4@DED]k^Am\nkAm• S``[dba E@ 4@>A=6E6 3FD AFC492D6D 7@C E96 a_ac\\’ad 7:D42= J62C]k^Am\nkAm• S`c[hgg]de E@ 2446AE C67F?5D 7C@> E96 %6??6DD66 #:D< |2?286>6?E %CFDE D276EJ AC@8C2>]k^Am\nkAm• Sa_[___ E@ 2446AE 4:E:K6? 5@?2E:@?D 7@C w@>6DE625[ }@CE9 rF>36C=2?5[ uC2?< !] qC@H? 6=6>6?E2CJ D49@@=D 2?5 $E@?6 |6>@C:2= w:89 $49@@=]k^Am\nkAm• Sfb[bec]_c 7@C 2 C6G:D:@? E@ x??@G2E:G6 $49@@= |@56=D DE2E6 8C2?E 7F?5D 7@C E96 4@F?EJ D49@@= DJDE6>]k^Am\nkAm• S`bd[d__ E@ 2446AE 2 DE2E6 2?5 7656C2= vtp# &! vC2?E]k^Am\nkAm• Sfac[cg_ 7@C 2 C6G:D:@? @7 %6??6DD66 x?G6DE>6?E :? $EF56?E p49:6G6>6?E 7F?5:?8 7@C E96 D49@@= DJDE6>]k^Am",
    "highlightText": "",
    "highlightTitle": "",
    "highlightThreadTitle": "",
    "language": "english",
    "sentiment": "positive",
    "categories": [
        "Economy, Business and Finance",
        "Social Issue",
        "Politics"
    ],
    "topics": [
        "Economy, Business and Finance->financial and economic news",
        "Economy, Business and Finance->economy",
        "Social Issue->social condition",
        "Politics->local government and authority",
        "Politics->government budget"
    ],
    "ai_allow": false,
    "has_canonical": false,
    "breaking": false,
    "webz_reporter": false,
    "external_links": [],
    "external_images": [],
    "entities": {
        "persons": [],
        "organizations": [
            {
                "name": "Board of Education General Purpose School Fund",
                "sentiment": "none"
            }
        ],
        "locations": [
            {
                "name": "County",
                "sentiment": "none"
            }
        ]
    },
    "syndication": {
        "syndicated": false,
        "syndicate_id": null,
        "first_syndicated": false
    },
    "trust": null,
    "rating": null,
    "crawled": "2025-02-28T01:12:28.877+02:00",
    "updated": "2025-02-28T01:12:28.877+02:00"
}