{
    "thread": {
        "uuid": "2edbf9f737548e884f7185467da83e81cd5fb420",
        "url": "https://article.wn.com/view/2025/05/08/Trump_says_Harvard_shouldn_t_be_taxexempt_but_do_voters_agre",
        "site_full": "article.wn.com",
        "site": "wn.com",
        "site_section": "https://wn.com/what\\",
        "site_categories": [
            "media"
        ],
        "section_title": "What\\",
        "site_title": "World News",
        "title": "Trump says Harvard shouldn't be tax-exempt - but do voters agree? What poll found - Worldnews.com",
        "title_full": "Trump says Harvard shouldn't be tax-exempt - but do voters agree? What poll found - Worldnews.com",
        "published": "2025-05-08T02:57:45.497+03:00",
        "replies_count": 0,
        "participants_count": 0,
        "site_type": "news",
        "country": "US",
        "main_image": "",
        "performance_score": 0,
        "domain_rank": 4256,
        "domain_rank_updated": "2025-05-06T00:00:00.000+03:00",
        "licensing_agency": [],
        "social": {
            "facebook": {
                "likes": 0,
                "comments": 0,
                "shares": 0
            },
            "vk": {
                "shares": 0
            }
        }
    },
    "uuid": "2edbf9f737548e884f7185467da83e81cd5fb420",
    "url": "https://article.wn.com/view/2025/05/08/Trump_says_Harvard_shouldn_t_be_taxexempt_but_do_voters_agre",
    "ord_in_thread": 0,
    "author": null,
    "published": "2025-05-08T02:57:45.497+03:00",
    "title": "Trump says Harvard shouldn't be tax-exempt - but do voters agree? What poll found - Worldnews.com",
    "text": "“We are going to be taking away Harvard’s Tax Exempt Status,” Trump wrote on Truth Social. “It’s what they deserve!” read full story",
    "highlightText": "",
    "highlightTitle": "",
    "highlightThreadTitle": "",
    "language": "english",
    "sentiment": "negative",
    "categories": [
        "Politics",
        "Social Issue",
        "Economy, Business and Finance"
    ],
    "topics": [
        "Politics->government",
        "Politics->political development",
        "Politics->political candidates",
        "Social Issue->social condition",
        "Social Issue->discrimination",
        "Economy, Business and Finance->financial and economic news",
        "Economy, Business and Finance->business governance"
    ],
    "ai_allow": true,
    "has_canonical": false,
    "breaking": false,
    "webz_reporter": false,
    "external_links": [
        "https://www.kansas.com/news/nation-world/national/article305929431.html",
        "https://kansas.com/news/nation-world/national/article305929431.html"
    ],
    "entities": {
        "persons": [],
        "locations": [],
        "organizations": [
            {
                "name": "Harvard",
                "sentiment": "neutral",
                "tickers": []
            }
        ]
    },
    "syndication": {
        "syndicated": false,
        "syndicate_id": null,
        "first_syndicated": false
    },
    "trust": {
        "categories": [],
        "bias": "center",
        "source": {
            "type": null,
            "city": null,
            "state": null,
            "country": null,
            "domain_type": null,
            "agency": null,
            "organization_name": null
        }
    },
    "rating": null,
    "crawled": "2025-05-08T02:57:45.497+03:00",
    "updated": "2025-05-08T00:02:45.000+00:00"
}