{
    "thread": {
        "uuid": "031b2bdd62388c1087a2bb2b18312ed2c9c95e9d",
        "url": "https://dev.to/zack_pediay_848c35d437d65/security-training-is-failing-heres-what-really-works-476c",
        "site_full": "dev.to",
        "site": "dev.to",
        "site_section": "https://dev.to/rss",
        "site_categories": [
            "javascript",
            "tech",
            "databases"
        ],
        "section_title": "DEV Community",
        "site_title": "DEV Community",
        "title": "Security training is failing. Here's what really works. - DEV Community",
        "title_full": "Security training is failing. Here's what really works. - DEV Community",
        "published": "2025-05-08T02:12:00.000+03:00",
        "replies_count": 0,
        "participants_count": 1,
        "site_type": "news",
        "country": "US",
        "main_image": "https://media2.dev.to/dynamic/image/width=1000,height=500,fit=cover,gravity=auto,format=auto/https%3A%2F%2Fdev-to-uploads.s3.amazonaws.com%2Fuploads%2Farticles%2Fl1hnmp47ty3x5nxlwr1y.webp",
        "performance_score": 0,
        "domain_rank": 1387,
        "domain_rank_updated": "2025-05-06T00:00:00.000+03:00",
        "licensing_agency": [],
        "social": {
            "facebook": {
                "likes": 0,
                "comments": 0,
                "shares": 0
            },
            "vk": {
                "shares": 0
            }
        }
    },
    "uuid": "031b2bdd62388c1087a2bb2b18312ed2c9c95e9d",
    "url": "https://dev.to/zack_pediay_848c35d437d65/security-training-is-failing-heres-what-really-works-476c",
    "ord_in_thread": 0,
    "author": "Zack Pediay",
    "published": "2025-05-08T02:12:00.000+03:00",
    "title": "Security training is failing. Here's what really works. - DEV Community",
    "text": "Summary Traditional security training isn’t working—60% of breaches still involve human error. One-size-fits-all programs fail to engage, adapt, or reflect how people actually work. Human risk management replaces static training with real-time behavior tracking and smart nudges. HRM helps build lasting security habits—reducing risk and empowering users in the workflow. Companies are pouring more money than ever into training their people to spot and stop cyber threats. But despite the investment, one stubborn issue won’t go away: humans are still behind the vast majority of data breaches. Even with security awareness training becoming the norm, the numbers show they’re having little impact—60% of breaches still involve human error.\nSo what gives?\nThe truth is, traditional training isn’t cutting it. Clicking through a few slides or watching a bi-monthly phishing video won’t rewire risky behavior. Organizations need a new strategy—one that reduces human error once and for all.\nThe problem with traditional security training\nDespite best intentions, most employee training programs fall short—leaving employees unprepared and businesses exposed.\nHere’s why.\nNot built for retention. Learning new behaviors takes repetition, but many programs are delivered infrequently or as a one-time event. As Harvard Business Review notes, employees retain just 10% of what they learn in a single session. Without consistent reinforcement, the message fades fast.\nFails to engage. Long, outdated, and often irrelevant—security training is too often seen as a checkbox exercise. It’s no surprise that one in five employees choose to skip it. If the experience doesn’t feel relevant or useful, it simply won’t stick.\nTreats everyone the same. A one-size-fits-all approach doesn’t reflect how people work. Different roles carry different levels of access and risk. When training isn’t tailored to an employee’s responsibilities, it creates confusion, fatigue, and critical knowledge gaps.\nPlaces the burden on users. Modern threats are more advanced than ever. Phishing emails are nearly indistinguishable from the real thing. AI-generated content can mimic human behavior with alarming accuracy. All of this means expecting users to detect and stop threats without better tools or context is simply unfair.\nOverlooks compromised credentials: We can’t forget that the insider threat takes into account hijacked accounts. But most training programs do nothing to monitor for instances of compromised credentials.\nHuman risk management: the solution for the AI era Traditional security training no longer meets the demands of today’s threat landscape. One-off workshops and compliance checklists can’t keep pace with the speed of AI-generated attacks, the complexity of modern SaaS environments, and the everyday realities of how people work.\nOrganizations need a more adaptive, intelligence-driven approach—one that moves beyond awareness and toward actionable behavior change. That’s where human risk management (HRM) comes in.\nHRM redefines how we think about user risk. It replaces static, compliance-focused programs with a dynamic model built on real-time behavioral insights and timely nudges to guide users toward safer decisions as they go about their work.\nHere’s how HRM works in practice: Establish user baselines The first step in managing human risk is understanding what normal looks like. HRM establishes behavioral baselines for every user—tracking patterns in how they access data, which systems they use, and how they interact with sensitive information. This allows organizations to detect subtle anomalies that may indicate risk—such as an employee suddenly downloading large volumes of data or accessing tools at unusual hours. These deviations are then flagged automatically, enabling early intervention before a potential incident escalates.\nNudge users towards secure decisions HRM goes beyond just identifying risky behavior—it actively guides users toward safer actions in real time. Instead of relying on blanket training or generic warnings, HRM delivers contextual nudges—short, relevant prompts that help employees make better choices without interrupting their workflow. For example, if a user is about to share a sensitive file with an external party, HRM can deliver a discreet, well-timed message encouraging them to pause and reconsider. Or if someone changes access permissions on a shared folder, HRM can redact the data, notify the user, and deliver targeted, in-the-moment guidance to prevent future mistakes.\nMake security a habit\nSecurity training doesn’t stick when it’s delivered once. What works is continuous, contextual learning—the kind that meets employees in the moment. That’s exactly what HRM delivers. It brings training to life through micro-learning moments that are relevant to what users are actually doing. If someone mishandles a sensitive document or breaches compliance, HRM doesn’t just log it—it turns it into a learning moment and reinforces the right habits over time.\nEquip security teams with data-driven insights\nMost training programs are designed to satisfy regulators. But HRM is built to reduce actual risk. That means going beyond completion rates and quizzes to look at real human behavior, analyzing whether:\nUsers follow data protection protocols more reliably\nThe number of risky actions drops over time\nNudges translate into long-term habits\nHRM then assigns individual risk scores to users based on AI analysis, helping security teams see who’s improving and who might need more support.\nBuild a culture of security Employees aren’t the weakest link—they’re your frontline. HRM treats them as such, giving them the tools, confidence, and context to make secure decisions. Positive actions are recognized, reinforcing the idea that security is everyone’s job—and that it’s something they’re empowered to do well. This is your nudge to level up your security awareness program. Request a demo to see how Polymer’s human risk management solution can help you transform employees from your biggest risk to your first line of defence.",
    "highlightText": "",
    "highlightTitle": "",
    "highlightThreadTitle": "",
    "language": "english",
    "sentiment": "negative",
    "categories": [
        "Economy, Business and Finance"
    ],
    "topics": [
        "Economy, Business and Finance->human resources",
        "Economy, Business and Finance->business governance",
        "Economy, Business and Finance->financial and economic news"
    ],
    "ai_allow": true,
    "has_canonical": false,
    "breaking": false,
    "webz_reporter": false,
    "external_links": [
        "https://www.polymerhq.io/request-demo/",
        "https://www.polymerhq.io/request-demo",
        "https://polymerhq.io/request-demo/"
    ],
    "entities": {
        "persons": [],
        "locations": [],
        "organizations": [
            {
                "name": "AI",
                "sentiment": "none",
                "tickers": [
                    {
                        "ticker": "AI",
                        "exchange": "NYSE"
                    }
                ]
            }
        ]
    },
    "syndication": {
        "syndicated": false,
        "syndicate_id": null,
        "first_syndicated": false
    },
    "trust": {
        "categories": [],
        "bias": null,
        "source": {
            "type": null,
            "city": null,
            "state": null,
            "country": null,
            "domain_type": null,
            "agency": null,
            "organization_name": null
        }
    },
    "rating": null,
    "crawled": "2025-05-08T03:21:16.865+03:00",
    "updated": "2025-05-08T00:22:49.000+00:00"
}