{
    "thread": {
        "uuid": "ea811a133d48e02494a10ba230c7e46782af5526",
        "url": "https://flipboard.com/@newyorktimes/states-sue-over-freeze-on-funding-for-electric-vehicle-charging/a-_6T_hQZfTASp-bdwAuyN_w%3Aa%3A3195393-8c39ba4191%2Fnytimes.com",
        "site_full": "flipboard.com",
        "site": "flipboard.com",
        "site_section": "https://flipboard.com/@newyorktimes",
        "site_categories": [
            "family_and_parenting",
            "eldercare"
        ],
        "section_title": "The New York Times (@newyorktimes) on Flipboard",
        "site_title": "Flipboard: Your Social Magazine",
        "title": "States Sue Over Freeze on Funding for Electric-Vehicle Charging | Flipboard",
        "title_full": "States Sue Over Freeze on Funding for Electric-Vehicle Charging | Flipboard",
        "published": "2025-05-08T02:15:00.000+03:00",
        "replies_count": 0,
        "participants_count": 1,
        "site_type": "news",
        "country": "US",
        "main_image": "https://static01.nyt.com/images/2025/05/07/multimedia/07cli-ev-chargers-wzkc/07cli-ev-chargers-wzkc-facebookJumbo.jpg",
        "performance_score": 0,
        "domain_rank": 1243,
        "domain_rank_updated": "2025-05-06T00:00:00.000+03:00",
        "licensing_agency": [],
        "social": {
            "facebook": {
                "likes": 0,
                "comments": 0,
                "shares": 0
            },
            "vk": {
                "shares": 0
            }
        }
    },
    "uuid": "ea811a133d48e02494a10ba230c7e46782af5526",
    "url": "https://flipboard.com/@newyorktimes/states-sue-over-freeze-on-funding-for-electric-vehicle-charging/a-_6T_hQZfTASp-bdwAuyN_w%3Aa%3A3195393-8c39ba4191%2Fnytimes.com",
    "ord_in_thread": 0,
    "author": "The New York Times - By Karen Zraick and Shawn Hubler",
    "published": "2025-05-08T02:15:00.000+03:00",
    "title": "States Sue Over Freeze on Funding for Electric-Vehicle Charging | Flipboard",
    "text": "States Sue Over Freeze on Funding for Electric-Vehicle Charging A lawsuit led by Washington, Colorado and California accuses the Trump administration of unlawfully withholding funds for new charging stations. A coalition of states led by Washington, Colorado and California sued the Trump administration on Wednesday, charging that it was unlawfully withholding …\nThe New York Times - By Karen Zraick and Shawn Hubler • 42m",
    "highlightText": "",
    "highlightTitle": "",
    "highlightThreadTitle": "",
    "language": "english",
    "sentiment": "negative",
    "categories": [
        "Politics",
        "Economy, Business and Finance",
        "Social Issue"
    ],
    "topics": [
        "Politics->government policy",
        "Politics->political process",
        "Politics->economic policy",
        "Economy, Business and Finance->financial and economic news",
        "Economy, Business and Finance->business financing",
        "Social Issue->social problem",
        "Social Issue->social condition"
    ],
    "ai_allow": true,
    "has_canonical": false,
    "breaking": false,
    "webz_reporter": false,
    "external_links": [],
    "entities": {
        "persons": [
            {
                "name": "Shawn Hubler",
                "sentiment": "none"
            },
            {
                "name": "Karen Zraick",
                "sentiment": "none"
            }
        ],
        "locations": [],
        "organizations": [
            {
                "name": "New York Times",
                "sentiment": "none",
                "tickers": [
                    {
                        "ticker": "NYT",
                        "exchange": "NYSE"
                    }
                ]
            }
        ]
    },
    "syndication": {
        "syndicated": false,
        "syndicate_id": null,
        "first_syndicated": false
    },
    "trust": {
        "categories": [],
        "bias": null,
        "source": {
            "type": null,
            "city": null,
            "state": null,
            "country": null,
            "domain_type": null,
            "agency": null,
            "organization_name": null
        }
    },
    "rating": null,
    "crawled": "2025-05-08T03:00:05.551+03:00",
    "updated": "2025-05-08T00:08:16.000+00:00"
}