{
    "thread": {
        "uuid": "902bd0986c0ccdfeb4a6a91b0e56641ab2353abe",
        "url": "https://business.inquirer.net/524321/us-fed-pauses-rate-cuts-again-and-warns-of-inflation-unemployment-risks",
        "site_full": "business.inquirer.net",
        "site": "inquirer.net",
        "site_section": "https://business.inquirer.net",
        "site_categories": [
            "media",
            "financial_news",
            "finance",
            "top_news_ph",
            "top_news"
        ],
        "section_title": "Philippines Business, Financial And Economic News | Inquirer.net",
        "site_title": "INQUIRER.net | Philippine news for Filipinos",
        "title": "US Fed pauses rate cuts, warns of inflation, unemployment risks",
        "title_full": "US Fed pauses rate cuts, warns of inflation, unemployment risks",
        "published": "2025-05-08T02:18:00.000+03:00",
        "replies_count": 0,
        "participants_count": 1,
        "site_type": "news",
        "country": "PH",
        "main_image": "https://business.inquirer.net/files/2025/03/Board-of-Governors-scaled.jpg",
        "performance_score": 0,
        "domain_rank": 2025,
        "domain_rank_updated": "2025-05-06T00:00:00.000+03:00",
        "licensing_agency": [],
        "social": {
            "facebook": {
                "likes": 1,
                "comments": 1,
                "shares": 1
            },
            "vk": {
                "shares": 0
            }
        }
    },
    "uuid": "902bd0986c0ccdfeb4a6a91b0e56641ab2353abe",
    "url": "https://business.inquirer.net/524321/us-fed-pauses-rate-cuts-again-and-warns-of-inflation-unemployment-risks",
    "ord_in_thread": 0,
    "author": "Agence France-Presse",
    "published": "2025-05-08T02:18:00.000+03:00",
    "title": "US Fed pauses rate cuts, warns of inflation, unemployment risks",
    "text": "(FILES) Federal Reserve Chair Jerome Powell speaks during a news conference in this November 2024 photo (Photo by ANDREW CABALLERO-REYNOLDS / AFP)\nWASHINGTON, United States — The US Federal Reserve on Wednesday announced another pause in rate cuts and warned of higher risks to its inflation and unemployment goals in a likely reference to President Donald Trump’s tariff rollout.\nPolicymakers voted unanimously to hold the US central bank’s key lending rate at between 4.25 percent and 4.5 percent, the Fed said in a statement.\nArticle continues after this advertisement Speaking to reporters in Washington after the decision was published, Fed Chair Jerome Powell said there was “a great deal of uncertainty” about where the Trump administration’s tariff policies will end up.\nThe US president introduced steep levies last month on China and lower “baseline” levies of 10 percent on goods from most other countries, sparking weeks of turbulence in the financial markets.\nThe White House also slapped higher tariffs on dozens of other trading partners and then abruptly paused them until July to give the United States time to renegotiate existing trade arrangements.\nMany analysts have warned that the administration’s actions will likely push up inflation and unemployment while slowing growth — at least in the short run.\nThat could complicate the path towards rate cuts for the Fed, which has a dual mandate to act independently of political pressure to keep inflation at two percent over the longer term, and the unemployment rate as low as possible.\nArticle continues after this advertisement READ: US Fed expected to pause rate cuts again, await clarity on tariffs\n‘A really difficult choice’ The Fed said Wednesday that “swings in net exports” did not appear to have affected the solid economic activity — a nod to the pre-tariff surge in imports in the first quarter ahead of the introduction of Trump’s “liberation day” tariffs.\nArticle continues after this advertisement Wall Street stocks closed higher following the Fed’s decision.\nREAD: Wall Street climbs in choppy trading after Fed warns of rising risks for economy, holds rates steady\nThe “hard” economic data published in recent weeks points towards an economic slowdown, while the unemployment rate has hovered close to historic lows, and the inflation rate has trended towards the Fed’s two percent target.\nHowever, the “softer” economic survey data have pointed to a sharp drop-off in consumer confidence and growing expectations of higher inflation over the longer term — in contrast to the market’s inflation expectations, which remain relatively well-anchored.\n“All the hard data are backward looking,” former Fed economist Rodney Ramcharan told AFP on Wednesday. “And all the soft data that they’re getting…those data look pretty bad.”\n“The Fed doesn’t have a lot of good options in front of them,” added Ramcharan, now a professor of finance at the University of Southern California’s Marshall School of Business. “It’s a really difficult choice.”\nREAD: No rate cuts expected from US Fed facing ‘unfavorable’ conditions\nRate cuts delayed Powell was also asked about the recent public criticism leveled at him and the Fed by senior government officials — including the president, who has called for him to cut rates to boost economic growth.\nAn upbeat Powell said Trump’s criticism didn’t affect the Fed’s job of tackling inflation and unemployment “at all.”\n“We are always going to consider only the economic data, the outlook, the balance of risks, and that’s it,” he added.\nFollowing the April tariff rollout, many analysts pared back or delayed their expectation of rate cuts for this year, predicting that tariffs will push up prices and slow growth — at least in the short run.\n“The best course of action for the FOMC may simply be to wait for more clarity about trade policy and its implications for the U.S. economy,” Wells Fargo chief economist Jay Bryson wrote in an investor note after the decision was published by the Fed’s rate-setting Federal Open Market Committee.\nYour subscription could not be saved. Please try again.",
    "highlightText": "",
    "highlightTitle": "",
    "highlightThreadTitle": "",
    "language": "english",
    "sentiment": "negative",
    "categories": [
        "Economy, Business and Finance",
        "Politics",
        "Social Issue"
    ],
    "topics": [
        "Economy, Business and Finance->financial and economic news",
        "Economy, Business and Finance->macro economics",
        "Politics->government",
        "Politics->economic policy",
        "Politics->national government",
        "Social Issue->social condition"
    ],
    "ai_allow": true,
    "has_canonical": false,
    "breaking": true,
    "webz_reporter": false,
    "external_links": [],
    "entities": {
        "persons": [
            {
                "name": "Jerome Powell",
                "sentiment": "negative"
            },
            {
                "name": "Donald Trump",
                "sentiment": "none"
            }
        ],
        "locations": [],
        "organizations": [
            {
                "name": "UnionBank",
                "sentiment": "none",
                "tickers": []
            },
            {
                "name": "Fed",
                "sentiment": "none",
                "tickers": []
            }
        ]
    },
    "syndication": {
        "syndicated": false,
        "syndicate_id": null,
        "first_syndicated": false
    },
    "trust": {
        "categories": [],
        "bias": "center",
        "source": {
            "type": null,
            "city": null,
            "state": null,
            "country": null,
            "domain_type": null,
            "agency": null,
            "organization_name": null
        }
    },
    "rating": null,
    "crawled": "2025-05-08T03:11:57.786+03:00",
    "updated": "2025-05-08T05:58:16.088+03:00"
}