{
    "thread": {
        "uuid": "1fc0159da09df8e74ad370c407a2aa76af61991f",
        "url": "https://www.taipeitimes.com/News/biz/archives/2025/05/08/2003836494",
        "site_full": "www.taipeitimes.com",
        "site": "taipeitimes.com",
        "site_section": "http://www.taipeitimes.com/xml/index.rss",
        "site_categories": [
            "media"
        ],
        "section_title": "Taipei Times",
        "site_title": "Taipei Times",
        "title": "China cuts key rate, reserve ratio amid tariff worries",
        "title_full": "China cuts key rate, reserve ratio amid tariff worries",
        "published": "2025-05-08T00:21:06.180+03:00",
        "replies_count": 0,
        "participants_count": 1,
        "site_type": "news",
        "country": "TW",
        "main_image": "https://www.taipeitimes.com/images/2025/05/08/P09-250508-336.jpg",
        "performance_score": 0,
        "domain_rank": 4293,
        "domain_rank_updated": "2025-05-06T00:00:00.000+03:00",
        "licensing_agency": [],
        "social": {
            "facebook": {
                "likes": 0,
                "comments": 0,
                "shares": 0
            },
            "vk": {
                "shares": 0
            }
        }
    },
    "uuid": "1fc0159da09df8e74ad370c407a2aa76af61991f",
    "url": "https://www.taipeitimes.com/News/biz/archives/2025/05/08/2003836494",
    "ord_in_thread": 0,
    "author": "台北時報",
    "published": "2025-05-08T00:21:06.180+03:00",
    "title": "China cuts key rate, reserve ratio amid tariff worries",
    "text": "China has reduced its policy rate and lowered the amount of cash lenders must keep in reserve, as Beijing ramps up efforts to help an economy caught in a second trade war with the US.\nThe People’s Bank of China (PBOC) cut the seven-day reverse repurchase rate to 1.4 percent from 1.5 percent, PBOC Governor Pan Gongsheng (潘功勝) said at a briefing yesterday.\nThe central bank would also trim the reserve requirement ratio (RRR) by half a percentage point, he said.\nPhoto: EPA-EFE\nPan’s announcement came hours after China said it would hold its first trade talks this weekend with US officials since US President Donald Trump unleashed a 145 percent tariff on most Chinese goods.\nThe latest steps aim to guide borrowing costs lower and are among the 10 measures outlined by Pan, which also include rate reductions on a slew of relending tools and loans for policy banks. The RRR cut would release about 1 trillion yuan (US$139 billion) in long-term liquidity, Pan said.\nThe seven-day reverse repo cut would go into force today, and the RRR reduction a week later, the PBOC said in separate statements.\nPan reiterated that officials would implement a “moderately loose” monetary policy, which would translate into ample liquidity and ensure funding with relatively low financing cost.\nThe RRR cut could enhance the stability of bank liabilities, he said.\n“The monetary package is stronger than we expected. It is a powerful signal that policymakers are committed to boosting sentiment and shoring up growth. The PBOC’s steps get the ball rolling. It’s important that the government follows up — fiscal measures are more central for stabilizing the economy, and we anticipate more measures to come,” Bloomberg Economics analysts David Qu (曲天石), Eric Zhu (朱懌) and Shu Chang (舒暢) said in a note.\nChina has pledged to shift to domestic demand to maintain growth, as Trump’s tariffs threaten to cripple trade with the US. Exports could well contract this year, after contributing to 40 percent of economic growth in the first quarter.\nUS Secretary of the Treasury Scott Bessent and US Trade Representative Jamieson Greer are to travel later this week to Switzerland for trade talks with China led by Chinese Vice Premier He Lifeng (何立峰). The plan was announced in statements on Tuesday from the Chinese and US governments.",
    "highlightText": "",
    "highlightTitle": "",
    "highlightThreadTitle": "",
    "language": "english",
    "sentiment": "negative",
    "categories": [
        "Economy, Business and Finance"
    ],
    "topics": [
        "Economy, Business and Finance->financial and economic news",
        "Economy, Business and Finance->economy"
    ],
    "ai_allow": true,
    "has_canonical": false,
    "breaking": false,
    "webz_reporter": false,
    "external_links": [],
    "entities": {
        "persons": [
            {
                "name": "Pan Gongsheng",
                "sentiment": "none"
            },
            {
                "name": "Donald Trump",
                "sentiment": "none"
            }
        ],
        "locations": [],
        "organizations": [
            {
                "name": "PBOC",
                "sentiment": "none",
                "tickers": []
            }
        ]
    },
    "syndication": {
        "syndicated": false,
        "syndicate_id": null,
        "first_syndicated": false
    },
    "trust": {
        "categories": [],
        "bias": "center",
        "source": {
            "type": null,
            "city": null,
            "state": null,
            "country": null,
            "domain_type": null,
            "agency": null,
            "organization_name": null
        }
    },
    "rating": null,
    "crawled": "2025-05-08T00:21:06.180+03:00",
    "updated": "2025-05-07T21:23:04.000+00:00"
}