{
    "thread": {
        "uuid": "3bca11c05c422e090f0fdf79082fc0676197f98c",
        "url": "https://timesofindia.indiatimes.com/business/india-business/sebi-launches-verified-upi-to-prevent-stock-market-scams/articleshow/121789580.cms",
        "site_full": "timesofindia.indiatimes.com",
        "site": "indiatimes.com",
        "site_section": "https://www.golf.einnews.com/live_feed",
        "site_categories": [
            "under_construction",
            "top_news_nz",
            "top_news_au",
            "top_news_ae",
            "top_news_us",
            "top_news_gb",
            "top_news_th",
            "top_news_sa",
            "top_news_sg",
            "top_news_ph",
            "top_news_hk",
            "top_news_nl",
            "top_news_qa",
            "top_news_ie",
            "top_news_pk",
            "top_news_id",
            "top_news_dk",
            "top_news_eg",
            "top_news_za",
            "top_news_my",
            "top_news_kw",
            "top_news_be",
            "top_news_in",
            "top_news_ca",
            "top_news_iq",
            "top_news"
        ],
        "section_title": "Live Feed Wire - Golf News Today - EIN Presswire",
        "site_title": "News - Breaking News,  Latest News, India News, World News, Bollywood, Sports, Business and Political News | Times of India",
        "title": "Sebi UPI Mechanism: Sebi Launches Verified UPI to Prevent Stock Market Scams, ET BFSI",
        "title_full": "Sebi UPI Mechanism: Sebi Launches Verified UPI to Prevent Stock Market Scams, ET BFSI",
        "published": "2025-06-12T10:50:00.000+03:00",
        "replies_count": 0,
        "participants_count": 1,
        "site_type": "news",
        "country": "IN",
        "main_image": "https://etimg.etb2bimg.com/thumb/msid-121796401,imgsize-963963,width-1200,height=627,overlay-etbfsi,resizemode-75/policy/sebi-launches-verified-upi-to-prevent-stock-market-scams.jpg",
        "performance_score": 0,
        "domain_rank": 294,
        "domain_rank_updated": "2025-06-03T00:00:00.000+03:00",
        "licensing_agency": [],
        "social": {
            "facebook": {
                "likes": 0,
                "comments": 0,
                "shares": 1
            },
            "vk": {
                "shares": 0
            }
        }
    },
    "uuid": "3bca11c05c422e090f0fdf79082fc0676197f98c",
    "url": "https://timesofindia.indiatimes.com/business/india-business/sebi-launches-verified-upi-to-prevent-stock-market-scams/articleshow/121789580.cms",
    "ord_in_thread": 0,
    "author": "www.ETBFSI.com",
    "published": "2025-06-12T10:50:00.000+03:00",
    "title": "Sebi UPI Mechanism: Sebi Launches Verified UPI to Prevent Stock Market Scams, ET BFSI",
    "text": "MUMBAI: To counter the increasing menace of stock market related cyber frauds, Sebi on Wednesday said it will launch a verified payment mechanism that will show if investors transferring funds are paying to genuine Sebi-registered entities or not. The new mechanism will be able to weed out fraudulent entities that often copy or mimic genuine Sebi-registered entities to lure investors and defraud them of their money.As part of the comprehensive facility, the UPI payment mechanism for all Sebi-registered intermediaries that collect funds from investors will have a verified sign that investors will be able to see while transferring funds. This will improve the safety and accessibility of financial transactions within the securities market, Sebi said.The UPI payment mechanism will go live from Oct 1, Sebi chairman Tuhin Kanta Pandey, said. He added that the new mechanism will in no way affect the existing mandates and payment mechanisms like RTGS, IMPS, e-NACH, etc., that are already in use for SIPs and other fund transfers by investments.\\\"This innovative mechanism is set to significantly improve the safety and accessibility of financial transactions within the securities market by providing a verified and secure payment channel,\\\" Pandey said. This mechanism will use a new UPI address structure for all Sebi-registered intermediaries. The new address will be verified at three levels: Sebi, banks, and NPCI. In addition, Sebi is developing another new functionality called 'Sebi Check' that will allow investors to verify the authenticity of UPI IDs either by scanning a QR code or entering the UPI ID manually and confirming the bank details, including the account number and IFSC of a registered intermediary.",
    "highlightText": "",
    "highlightTitle": "",
    "highlightThreadTitle": "",
    "language": "english",
    "sentiment": "positive",
    "categories": [
        "Economy, Business and Finance",
        "Crime, Law and Justice",
        "Social Issue"
    ],
    "topics": [
        "Economy, Business and Finance->financial and economic news",
        "Economy, Business and Finance->business governance",
        "Crime, Law and Justice->cyber crime",
        "Crime, Law and Justice->fraud",
        "Social Issue->demographics",
        "Social Issue->social problem",
        "Social Issue->welfare"
    ],
    "ai_allow": true,
    "has_canonical": false,
    "breaking": true,
    "webz_reporter": false,
    "external_links": [],
    "entities": {
        "persons": [],
        "locations": [],
        "organizations": [
            {
                "name": "UPI",
                "sentiment": "negative",
                "tickers": []
            },
            {
                "name": "SEBI",
                "sentiment": "none",
                "tickers": []
            }
        ]
    },
    "syndication": {
        "syndicated": false,
        "syndicate_id": null,
        "first_syndicated": false
    },
    "trust": {
        "categories": [],
        "top_news": [
            "top_news_nz",
            "top_news_au",
            "top_news_ae",
            "top_news_us",
            "top_news_gb",
            "top_news_th",
            "top_news_sa",
            "top_news_sg",
            "top_news_ph",
            "top_news_hk",
            "top_news_nl",
            "top_news_qa",
            "top_news_ie",
            "top_news_pk",
            "top_news_id",
            "top_news_dk",
            "top_news_eg",
            "top_news_za",
            "top_news_my",
            "top_news_kw",
            "top_news_be",
            "top_news_in",
            "top_news_ca",
            "top_news_iq",
            "top_news"
        ],
        "bias": "center"
    },
    "rating": null,
    "crawled": "2025-06-12T11:25:02.468+03:00",
    "updated": "2025-06-13T09:04:37.000+00:00"
}