{
    "thread": {
        "uuid": "8324386914b0f736c9f83dac567849d02ba5f4fd",
        "url": "https://www.realclearmarkets.com/2025/06/12/real_wages_13_inflation_down_20_since_trump_1116095.html",
        "site_full": "www.realclearmarkets.com",
        "site": "realclearmarkets.com",
        "site_section": "https://news.google.com/search?q=down%20when%3A1h&hl=en-US&gl=US&ceid=US%3Aen",
        "site_categories": [
            "uncategorized"
        ],
        "section_title": "Google News - Search",
        "site_title": "RealClearMarkets - Opinion, News, Analysis, Video and Polls",
        "title": "Real Wages +1.3%, Inflation Down 20% Since Trump | RealClearMarkets",
        "title_full": "Real Wages +1.3%, Inflation Down 20% Since Trump | RealClearMarkets",
        "published": "2025-06-12T08:00:00.000+03:00",
        "replies_count": 0,
        "participants_count": 1,
        "site_type": "news",
        "country": "US",
        "main_image": "https://assets.realclear.com/images/68/689201_6_.jpg",
        "performance_score": 0,
        "domain_rank": 34852,
        "domain_rank_updated": "2025-06-03T00:00:00.000+03:00",
        "licensing_agency": [],
        "social": {
            "facebook": {
                "likes": 0,
                "comments": 0,
                "shares": 0
            },
            "vk": {
                "shares": 0
            }
        }
    },
    "uuid": "8324386914b0f736c9f83dac567849d02ba5f4fd",
    "url": "https://www.realclearmarkets.com/2025/06/12/real_wages_13_inflation_down_20_since_trump_1116095.html",
    "ord_in_thread": 0,
    "author": "Tiana Lowe Doescher",
    "published": "2025-06-12T08:00:00.000+03:00",
    "title": "Real Wages +1.3%, Inflation Down 20% Since Trump | RealClearMarkets",
    "text": "Real Wages +1.3%, Inflation Down 20% Since Trump\nTiana Lowe Doescher\nWashington Examiner June 12, 2025\nPod Force One\nIf Trump reverts to raising import levies across the board, the Fed will correctly want to wait before cutting the federal funds rate from its current level.\nRead Full Article »\nRelated Topics:\nTiana Lowe Doescher\n,\nDonald Trump\nComment\nShow comments\nHide Comments\nRelated Articles\nMarket Overview\nFinancial Markets\nby TradingView\nSearch Stock Quotes\nSponsored by",
    "highlightText": "",
    "highlightTitle": "",
    "highlightThreadTitle": "",
    "language": "english",
    "sentiment": "positive",
    "categories": [
        "Economy, Business and Finance"
    ],
    "topics": [
        "Economy, Business and Finance->financial and economic news",
        "Economy, Business and Finance->business reporting and performance",
        "Economy, Business and Finance->macro economics"
    ],
    "ai_allow": true,
    "has_canonical": false,
    "breaking": null,
    "webz_reporter": false,
    "external_links": [],
    "entities": {
        "persons": [
            {
                "name": "Tiana Lowe Doescher",
                "sentiment": "none"
            },
            {
                "name": "Donald Trump",
                "sentiment": "none"
            }
        ],
        "locations": [],
        "organizations": [
            {
                "name": "Trump\nTiana Lowe Doescher\nWashington Examiner",
                "sentiment": "neutral",
                "tickers": []
            },
            {
                "name": "Fed",
                "sentiment": "none",
                "tickers": []
            }
        ]
    },
    "syndication": {
        "syndicated": false,
        "syndicate_id": null,
        "first_syndicated": false
    },
    "trust": {
        "categories": [],
        "top_news": [],
        "bias": "center"
    },
    "rating": null,
    "crawled": "2025-06-12T10:51:43.741+03:00",
    "updated": "2025-06-12T07:53:08.000+00:00"
}