{
    "thread": {
        "uuid": "3eaf3e68a072fb7f1e98098068e45dd77dbc9d49",
        "url": "https://www.rte.ie/news/business/2025/0612/1518042-oracle-ups-revenue-outlook",
        "site_full": "www.rte.ie",
        "site": "rte.ie",
        "site_section": "http://www.rte.ie/rss/business.xml",
        "site_categories": [
            "media"
        ],
        "section_title": "Business",
        "site_title": "RTÉ Ireland&#x27;s National Television and Radio Broadcaster",
        "title": "Oracle ups forecast on robust cloud services demand",
        "title_full": "Oracle ups forecast on robust cloud services demand",
        "published": "2025-06-12T11:25:00.000+03:00",
        "replies_count": 0,
        "participants_count": 1,
        "site_type": "news",
        "country": "IE",
        "main_image": "https://www.rte.ie/images/00092131-1600.jpg",
        "performance_score": 0,
        "domain_rank": 2072,
        "domain_rank_updated": "2025-06-03T00:00:00.000+03:00",
        "licensing_agency": [],
        "social": {
            "facebook": {
                "likes": 0,
                "comments": 0,
                "shares": 0
            },
            "vk": {
                "shares": 0
            }
        }
    },
    "uuid": "3eaf3e68a072fb7f1e98098068e45dd77dbc9d49",
    "url": "https://www.rte.ie/news/business/2025/0612/1518042-oracle-ups-revenue-outlook",
    "ord_in_thread": 0,
    "author": "@rtenews",
    "published": "2025-06-12T11:25:00.000+03:00",
    "title": "Oracle ups forecast on robust cloud services demand",
    "text": "Oracle has raised its annual revenue growth forecast, betting on robust demand for its cloud offerings from companies deploying artificial intelligence, sending its shares up more than 7% after the bell on Wall Street last night.\nFor fiscal 2026, Oracle expects total revenue to be at least $67 billion, CEO Safra Catz said on a post-earnings call.\nWith the new forecast, annual revenue is expected to grow by around 16.7%, compared with Oracle's prior projection of a 15% growth.\n\"We expect our total cloud growth rate - applications plus infrastructure - will increase from 24% in fiscal year 2025 to over 40% in fiscal year 2026,\" Catz said.\nThe company's growth is largely supported by its Oracle Cloud Infrastructure solution and support for AI workloads.\nOracle's confidence in OCI revenue comes with good reason, said Rebecca Wettemann, CEO of industry analyst firm Valoir.\n\"The multi-cloud approach and the increasing reliance of Oracle enterprise application cloud customers on OCI to support their enterprise data needs are important drivers,\" she said.\nThe company's willingness and ability to embed generative AI capabilities in its cloud suite of applications at no additional cost have reduced adoption barriers and encouraged experimentation, Wettemann added.\nRevenue for the quarter ended May 31 stood at $15.90 billion, beating analysts' estimate of $15.59 billion.\nQuarterly revenue at Oracle's largest unit, cloud services and license support, came in at $11.70 billion, a 14% increase from last year.\nExcluding items, the company earned $1.70 per share in the fourth quarter, compared with estimates of $1.64 apiece.",
    "highlightText": "",
    "highlightTitle": "",
    "highlightThreadTitle": "",
    "language": "english",
    "sentiment": "positive",
    "categories": [
        "Economy, Business and Finance",
        "Science and Technology",
        "Social Issue"
    ],
    "topics": [
        "Economy, Business and Finance->financial and economic news",
        "Economy, Business and Finance->business strategy and marketing",
        "Science and Technology->scientific innovation",
        "Science and Technology->information technology and computer science",
        "Science and Technology->technology and engineering"
    ],
    "ai_allow": true,
    "has_canonical": false,
    "breaking": false,
    "webz_reporter": false,
    "external_links": [],
    "entities": {
        "persons": [
            {
                "name": "Rebecca Wettemann",
                "sentiment": "none"
            }
        ],
        "locations": [],
        "organizations": [
            {
                "name": "Oracle",
                "sentiment": "none",
                "tickers": []
            }
        ]
    },
    "syndication": {
        "syndicated": false,
        "syndicate_id": null,
        "first_syndicated": false
    },
    "trust": {
        "categories": [],
        "top_news": null,
        "bias": "center"
    },
    "rating": null,
    "crawled": "2025-06-12T11:59:13.258+03:00",
    "updated": "2025-06-12T09:14:28.000+00:00"
}