{
    "thread": {
        "uuid": "ff188796c8db8cc43175666fab0d76fb0f50fc24",
        "url": "https://hr.economictimes.indiatimes.com/news/industry/india-achieves-historic-45-surge-in-social-security-coverage-in-a-decade/121790798",
        "site_full": "hr.economictimes.indiatimes.com",
        "site": "indiatimes.com",
        "site_section": "https://www.golf.einnews.com/live_feed",
        "site_categories": [
            "media",
            "top_news_nz",
            "top_news_au",
            "top_news_ae",
            "top_news_us",
            "top_news_gb",
            "top_news_th",
            "top_news_sa",
            "top_news_sg",
            "top_news_ph",
            "top_news_hk",
            "top_news_nl",
            "top_news_qa",
            "top_news_ie",
            "top_news_pk",
            "top_news_id",
            "top_news_dk",
            "top_news_eg",
            "top_news_za",
            "top_news_my",
            "top_news_kw",
            "top_news_be",
            "top_news_in",
            "top_news_ca",
            "top_news_iq",
            "top_news"
        ],
        "section_title": "Live Feed Wire - Golf News Today - EIN Presswire",
        "site_title": "ET HREMEA | HR News Europe, Middle East and Africa | Latest HR Industry News",
        "title": "India Job Creation: India Achieves Historic 45% Surge in Social Security Coverage in a Decade, ETHRWorld",
        "title_full": "India Job Creation: India Achieves Historic 45% Surge in Social Security Coverage in a Decade, ETHRWorld",
        "published": "2025-06-12T05:22:00.000+03:00",
        "replies_count": 0,
        "participants_count": 1,
        "site_type": "news",
        "country": "HR",
        "main_image": "https://etimg.etb2bimg.com/thumb/msid-121790798,imgsize-9288,width-1200,height=765,overlay-ethr/industry/india-achieves-historic-45-surge-in-social-security-coverage-in-a-decade.jpg",
        "performance_score": 0,
        "domain_rank": 294,
        "domain_rank_updated": "2025-06-03T00:00:00.000+03:00",
        "licensing_agency": [],
        "social": {
            "facebook": {
                "likes": 0,
                "comments": 0,
                "shares": 8
            },
            "vk": {
                "shares": 0
            }
        }
    },
    "uuid": "ff188796c8db8cc43175666fab0d76fb0f50fc24",
    "url": "https://hr.economictimes.indiatimes.com/news/industry/india-achieves-historic-45-surge-in-social-security-coverage-in-a-decade/121790798",
    "ord_in_thread": 0,
    "author": "www.ETHRWorld.com",
    "published": "2025-06-12T05:22:00.000+03:00",
    "title": "India Job Creation: India Achieves Historic 45% Surge in Social Security Coverage in a Decade, ETHRWorld",
    "text": "Industry- 2 min read\nIndia's social security coverage increased from 19% to 64% in 10 years\nAs per the International Labour Organization (ILO), India now ranks second in the world in terms of beneficiary count, providing social protection to around 94 crore citizens.\nIndia's social security coverage has increased to 64.3 per cent in 2025 from 19 per cent in 2015, according to the ILO data.\nAs per the International Labour Organization (ILO), India now ranks second in the world in terms of beneficiary count, providing social protection to around 94 crore citizens.\n\"The increase marks the fastest expansion in\nAccording to an official statement, ILO has acknowledged India's achievement and officially published on its dashboard that 64.3 per cent of India's population, i.e. over 94 crore people, are now covered under at least one social protection benefit.\nIt is an unprecedented 45 percentage point surge over the past decade, the global body has said.\nIndia is also the first country globally to update its 2025 social protection coverage data in the ILOSTAT database.\nDG ILO Gilbert F Houngbo has praised India's focused welfare policies for the poor and labour class under Prime Minister Narendra Modi's leadership, the Ministry of Labour & Employment statement said.\nILO's criteria for scheme consideration for each country include that the scheme should be legislatively backed, in cash and be active, and verified time series data of last three years has to be provided, the ministry said.\n\"It is important to note that the present figure reflects only Phase I of the data pooling exercise. This phase focused on beneficiary data of central sector schemes and women-centric schemes in selected 8 states,\" the ministry said.\nIt said that with the phase II and further consolidation underway, it is expected that India's total social protection coverage will soon surpass the 100-crore mark upon verification of additional schemes by the ILO. PTI\nAs per the International Labour Organization (ILO), India now ranks second in the world in terms of beneficiary count, providing social protection to around 94 crore citizens.\n\"The increase marks the fastest expansion in\nsocial protection coverageworldwide, reflecting the government's unwavering commitment to 'Antyodaya' i.e., empowering the last mile and fulfilling the promise of leaving no one behind,\" said Labour MinisterMansukh Mandaviyawho was in Geneva to attend the 113th session of theInternational Labour Conference(ILC) of the ILO.According to an official statement, ILO has acknowledged India's achievement and officially published on its dashboard that 64.3 per cent of India's population, i.e. over 94 crore people, are now covered under at least one social protection benefit.\nIt is an unprecedented 45 percentage point surge over the past decade, the global body has said.\nIndia is also the first country globally to update its 2025 social protection coverage data in the ILOSTAT database.\nDG ILO Gilbert F Houngbo has praised India's focused welfare policies for the poor and labour class under Prime Minister Narendra Modi's leadership, the Ministry of Labour & Employment statement said.\nILO's criteria for scheme consideration for each country include that the scheme should be legislatively backed, in cash and be active, and verified time series data of last three years has to be provided, the ministry said.\n\"It is important to note that the present figure reflects only Phase I of the data pooling exercise. This phase focused on beneficiary data of central sector schemes and women-centric schemes in selected 8 states,\" the ministry said.\nIt said that with the phase II and further consolidation underway, it is expected that India's total social protection coverage will soon surpass the 100-crore mark upon verification of additional schemes by the ILO. PTI",
    "highlightText": "",
    "highlightTitle": "",
    "highlightThreadTitle": "",
    "language": "english",
    "sentiment": "positive",
    "categories": [
        "Economy, Business and Finance",
        "Social Issue"
    ],
    "topics": [
        "Economy, Business and Finance->financial and economic news",
        "Economy, Business and Finance->human resources",
        "Social Issue->population and census",
        "Social Issue->social services",
        "Social Issue->demographics"
    ],
    "ai_allow": true,
    "has_canonical": false,
    "breaking": null,
    "webz_reporter": false,
    "external_links": [],
    "entities": {
        "persons": [
            {
                "name": "Gilbert F Houng",
                "sentiment": "none"
            }
        ],
        "locations": [],
        "organizations": [
            {
                "name": "International Labour Organization",
                "sentiment": "none",
                "tickers": []
            },
            {
                "name": "ILO",
                "sentiment": "none",
                "tickers": []
            }
        ]
    },
    "syndication": {
        "syndicated": false,
        "syndicate_id": null,
        "first_syndicated": false
    },
    "trust": {
        "categories": [],
        "top_news": [
            "top_news_nz",
            "top_news_au",
            "top_news_ae",
            "top_news_us",
            "top_news_gb",
            "top_news_th",
            "top_news_sa",
            "top_news_sg",
            "top_news_ph",
            "top_news_hk",
            "top_news_nl",
            "top_news_qa",
            "top_news_ie",
            "top_news_pk",
            "top_news_id",
            "top_news_dk",
            "top_news_eg",
            "top_news_za",
            "top_news_my",
            "top_news_kw",
            "top_news_be",
            "top_news_in",
            "top_news_ca",
            "top_news_iq",
            "top_news"
        ],
        "bias": "center"
    },
    "rating": null,
    "crawled": "2025-06-12T10:59:27.370+03:00",
    "updated": "2025-06-13T08:07:07.000+00:00"
}