{
    "thread": {
        "uuid": "09b5c1f6a8310e5b3a9c430bbc5019f138e7ce9e",
        "url": "https://tradearabia.com/News/433964/ROSHN-Group-backs-Hajj-Season-Support-Programme-as-Main-Sponsor",
        "site_full": "tradearabia.com",
        "site": "tradearabia.com",
        "site_section": "https://tradearabia.com:443",
        "site_categories": [
            "media"
        ],
        "section_title": "TradeArabia - Latest Business and Financial News in MENA",
        "site_title": "Trade Arabia | Trade Arabia Middle East & GCC business information Portal | Trade News Portal",
        "title": "ROSHN Group backs Hajj Season Support Programme as Main Sponsor",
        "title_full": "ROSHN Group backs Hajj Season Support Programme as Main Sponsor",
        "published": "2025-06-05T03:00:00.000+03:00",
        "replies_count": 0,
        "participants_count": 1,
        "site_type": "news",
        "country": "AE",
        "main_image": "https://taimages.ognnews.com/source/2025/06/05/roshnhaj2.jpg",
        "performance_score": 0,
        "domain_rank": 30172,
        "domain_rank_updated": "2025-06-03T00:00:00.000+03:00",
        "licensing_agency": [],
        "social": {
            "facebook": {
                "likes": 0,
                "comments": 0,
                "shares": 0
            },
            "vk": {
                "shares": 0
            }
        }
    },
    "uuid": "09b5c1f6a8310e5b3a9c430bbc5019f138e7ce9e",
    "url": "https://tradearabia.com/News/433964/ROSHN-Group-backs-Hajj-Season-Support-Programme-as-Main-Sponsor",
    "ord_in_thread": 0,
    "author": "MAKKAH",
    "published": "2025-06-05T03:00:00.000+03:00",
    "title": "ROSHN Group backs Hajj Season Support Programme as Main Sponsor",
    "text": "Home\nTrade News\nConstruction & Real Estate\nOil, Gas, Petrochemicals & Renewables\nAnalysis, Interviews, Opinionst\nTravel, Tourism & Hospitality\nLifestyle\nHealth & Environment\nEducation, HR & Training\nRetail & Wholesale\nFinance & Capital Market\nIndustry, Logistics & Shipping\nIT & Telecommunications\nMotoring\nMedia & Promotion\nMiscellaneous\nBusiness Directory\nAdvertise\nNewsletter\nEvents\nContact\nHome\nTrade News\nConstruction & Real Estate\nOil, Gas, Petrochemicals & Renewables\nTravel & Tourism News\nIndustry, Logistics & Shipping\nAnalysis, Interviews, Opinions\nLifestyle\nHealth & Environment\nEducation, HR & Training\nRetail & Wholesale\nFinance & Capital Market\nIT & Telecommunications\nMotoring\nMedia & Promotion\nMiscellaneous\nConstruction & Real Estate\nDLD achieves key milestone with tokenised real estate sell-out\nConstruction & Real Estate\nGlobal consortium in deal to build AAE-2 subsea cable network\nConstruction & Real Estate\nH&H expands Eden House brand with new Dubai project\nConstruction & Real Estate\nNew Kezad Business District to come up in Abu Dhabi\nConstruction & Real Estate\nPrime Marina unveils first Autograph Collection homes in UAE\nConstruction & Real Estate\nNew digital resale platform launched for Emaar Homes\nConstruction & Real Estate\nLux Collective, Qube set for Mideast debut of branded residences\nConstruction & Real Estate\nAlma launches new residential development at Dubailand\nConstruction & Real Estate\nAdnoc Gas awards $5bn contract for key Abu Dhabi RGD project\nConstruction & Real Estate\nMeraas unveils 754-unit Jumeirah residential towers project\nConstruction & Real Estate\nDriven Properties buys final Bulgari Lighthouse units for $77m\nConstruction & Real Estate\nSaudi Vision 2030 driving over $1 trillion in construction investment\nConstruction & Real Estate\nRTA launches traffic enhancement works in 40 locations\nConstruction & Real Estate\nArabian Acres enters new chapter with second-generation leadership\nConstruction & Real Estate\nDubai South Properties launches 550-unit South Square\nConstruction & Real Estate\nEgis makes new regional leadership appointments\nConstruction & Real Estate\nHeisco lands key Kuwait Oil Company contract\nConstruction & Real Estate\nSaudi RGA deploys largest AI-powered road inspection fleet\nConstruction & Real Estate\nAbu Dhabi approves $1.3bn housing benefits package for citizens\nConstruction & Real Estate\nMott MacDonald’s global revenue in 2024 soars to record $3.3bn\nConstruction & Real Estate\nSomerset House announce landmark collaboration for summer 2026\nConstruction & Real Estate\nBahrain's Sama Bay Project enters fast track\nConstruction & Real Estate\nLamar, Asyad break ground on major Aramco housing project\nConstruction & Real Estate\nKEC International wins key Saudi power project contract\nConstruction & Real Estate\nAbu Dhabi completes gas systems remediation in buildings\nConstruction & Real Estate\nROSHN Group signs MoU with Singapore to promote real estate innovation\nConstruction & Real Estate\nAlef breaks ground on $299m landmark Sharjah development\nConstruction & Real Estate\nEbara Elliott Energy starts work on new Abu Dhabi facility\nConstruction & Real Estate\nSaudi Electricity Company boosts Hajj grid capacity by 75%\nConstruction & Real Estate\nRitchie Bros. gears up for major auction in Dubai\nConstruction & Real Estate\nPort of NEOM receives fully automated cranes; work on track\nConstruction & Real Estate\nOne Development unveils prime mixed-use project on Dubai Islands\nConstruction & Real Estate\nOmran seeks consultancy bids for key Mutrah Waterfront project\nConstruction & Real Estate\nDubai Airports to launch final phase of lighting retrofit project\nConstruction & Real Estate\nTrojan, Samsung start work on 1,000MW Al Dhafra power plant\nConstruction & Real Estate\n73,000 new homes to be delivered in Dubai this year, says report\nConstruction & Real Estate\nSedar Global launches new store in Abu Dhabi\nConstruction & Real Estate\nMajid Al Futtaim awards $462m contract for Dubai forest living project\nConstruction & Real Estate\nOmnix launches key solutions to advance regional project delivery\nConstruction & Real Estate\nCombined Group secures $338m GCC infrastructure contracts\nConstruction & Real Estate\nEmirates Stallions Group launches new real estate entity\nConstruction & Real Estate\nCloud Spaces opens largest workspace at Downtown Dubai\nConstruction & Real Estate\nRTA announces new project for Al Wasl Road upgrade\nConstruction & Real Estate\nAzure unveils new luxury living development in Riyadh\nConstruction & Real Estate\nAldar unveils Fahid Island, a coastal wellness destination\nConstruction & Real Estate\nNEOM green hydrogen plant stands 80pc completed\nConstruction & Real Estate\nAramco announces completion of $5bn bond issuance\nConstruction & Real Estate\nOEG wins agreement to support oil major in North America\nConstruction & Real Estate\nTerex brand launches new conveyor range to serve smaller operations\nConstruction & Real Estate\nGalfar lands key Oman road dualisation project\nConstruction & Real Estate\nSaudi Arabia, UAE lead office quality fit-out investments\nConstruction & Real Estate\nSWPC celebrates Shuaiba 3 IWP project safety milestone\nConstruction & Real Estate\nKhimji Ramdas Special Projects delivers world-class indoor shooting range\nConstruction & Real Estate\nAl Seer Marine, B International Logistics launch new shipping JV\nConstruction & Real Estate\nNational Fire Protection Association to upskill Saudi FM workforce\nConstruction & Real Estate\nDelta Coatings completes roof insulation work at Rashid Centre\nConstruction & Real Estate\nMAG Group unveils debut residential project in Jordan\nConstruction & Real Estate\nRTA announces urban project to upgrade Umm Suqeim Street\nConstruction & Real Estate\nSGS signs five-year deal for Red Sea Airport operations\nConstruction & Real Estate\nTK Elevator snaps up key Kuwait International Airport contract\nEnergy, Oil & Gas\nKuwait to host flagship conferences on energy innovation\nEnergy, Oil & Gas\nABB wins electrical, automation contract for Petrobras FPSO vessels\nEnergy, Oil & Gas\nADNOC Distribution achieves major ESG milestones\nEnergy, Oil & Gas\nAED Energy pilots thermal battery demonstrator at Nigeria university\nEnergy, Oil & Gas\nChevron Lummus, Neste to convert biomass waste to renewable fuels\nEnergy, Oil & Gas\nGulf Navigation in deal to acquire Brooge Energy assets for $871m\nEnergy, Oil & Gas\nAdnoc Gas awards $5bn contract for key Abu Dhabi RGD project\nEnergy, Oil & Gas\nSungrow releases PowerTitan 3.0 energy storage system platform\nEnergy, Oil & Gas\nArmstrong Fluid Technology launches key new function in platform\nEnergy, Oil & Gas\nHeisco lands key Kuwait Oil Company contract\nEnergy, Oil & Gas\nIEA launches new global LNG capacity tracker\nEnergy, Oil & Gas\nDNO raises $400m in subordinated hybrid bonds\nEnergy, Oil & Gas\nAutomation key to refinery resilience amid slowing oil demand, says IEA\nEnergy, Oil & Gas\nScottishPower, MJR and Oasis studies put offshore charging on the horizon\nEnergy, Oil & Gas\nMOL Group, Socar agreed on terms for Azerbaijan onshore exploration\nEnergy, Oil & Gas\nRethink the way we produce, use plastics, urges WHO\nEnergy, Oil & Gas\nKEC International wins key Saudi power project contract\nEnergy, Oil & Gas\nAbu Dhabi completes gas systems remediation in buildings\nEnergy, Oil & Gas\nTeledyne GFD partners with IDS to manufacture in Saudi Arabia\nEnergy, Oil & Gas\nEbara Elliott Energy starts work on new Abu Dhabi facility\nEnergy, Oil & Gas\nSaudi Electricity Company boosts Hajj grid capacity by 75%\nEnergy, Oil & Gas\nAD Ports, key firms eye e-methanol bunkering facility in Kezad\nEnergy, Oil & Gas\nTrojan, Samsung start work on 1,000MW Al Dhafra power plant\nEnergy, Oil & Gas\n73,000 new homes to be delivered in Dubai this year, says report\nEnergy, Oil & Gas\nLummus, InnoVent sign tyre pyrolysis technology deal\nEnergy, Oil & Gas\nBrazil, Irena to co-host first global energy planning summit\nEnergy, Oil & Gas\nTAQA appoints new Executive VP of Products & Technologies and CTO\nEnergy, Oil & Gas\nALTÉRRA backs Absolute Energy to develop renewable capacity in Italy\nEnergy, Oil & Gas\nAdnoc Gas joins MSCI Emerging Market Index\nEnergy, Oil & Gas\nJubaili Bros, WEA to offer power generation solutions in Southeast Asia\nEnergy, Oil & Gas\nYokogawa releases next-generation of CENTUM VP integrated production control system\nEnergy, Oil & Gas\nNEOM green hydrogen plant stands 80pc completed\nEnergy, Oil & Gas\nAramco announces completion of $5bn bond issuance\nEnergy, Oil & Gas\nOEG wins agreement to support oil major in North America\nEnergy, Oil & Gas\nTerex brand launches new conveyor range to serve smaller operations\nEnergy, Oil & Gas\nGalfar lands key Oman road dualisation project\nEnergy, Oil & Gas\nFugro secures gas field development deal in Southeast Asia\nEnergy, Oil & Gas\nACWA Power enters potential $10bn investment deals in Malaysia\nEnergy, Oil & Gas\nGulftainer appoints Farid Belbouab as Group CEO\nEnergy, Oil & Gas\nAker Solutions wins BalWin2 wind project contract\nEnergy, Oil & Gas\nArctech to supply solar trackers for Oman green hydrogen project\nEnergy, Oil & Gas\nOPEC+ nations agree production adjustment of 411,000 bpd in July\nEnergy, Oil & Gas\nAbu Dhabi's data centre industry power investments to hit $10bn\nEnergy, Oil & Gas\nGE Vernova’s H-Class gas turbines to expand Qurayyah power plant\nEnergy, Oil & Gas\nTAQA announces CEO transition as part of strategic growth agenda\nEnergy, Oil & Gas\nAramco plans more borrowing to fund growth: CEO\nEnergy, Oil & Gas\nMubadala, Taqa complete acquisition of 875MW Uzbek power plant\nEnergy, Oil & Gas\nAdnoc Drilling to buy 70% stake in SLB Kuwait, Oman rigs unit\nEnergy, Oil & Gas\nAl Fanar Gas Group, Siemens Energy to collaborate on clean energy\nEnergy, Oil & Gas\nTaqa completes key phase of 9,000kWp Abu Dhabi solar project\nEnergy, Oil & Gas\nKanoo Energy, Spirax Sarco partner to distribute steam management systems in KSA\nEnergy, Oil & Gas\nMSA Safety forms detection assembly partnership in Saudi Arabia\nEnergy, Oil & Gas\nEnec, GE Vernova Hitachi in deal for SMR deployment evaluation\nEnergy, Oil & Gas\nVision Golfe 2025 to boost France-GCC ties\nEnergy, Oil & Gas\nSchneider Electric showcases AI-powered digital grid platform\nEnergy, Oil & Gas\nWorld Utilities Congress 2025 opens in Abu Dhabi\nEnergy, Oil & Gas\nITFC, TDFD in deal to deliver clean cooking solutions in Nigeria\nEnergy, Oil & Gas\nAdnoc Drilling secures $1.15bn contract for two jack-up rigs\nEnergy, Oil & Gas\nADNOC’s listed companies post strong Q1 results with $2.3bn net profit\nTravel, Tourism & Hospitality\nSeychelles connects with Bahrain’s travel industry\nTravel, Tourism & Hospitality\nShangri-La appoints new HR Lead for region\nTravel, Tourism & Hospitality\nEmirates forges interline partnership deal with Bahamas\nTravel, Tourism & Hospitality\nTanzania to host WTA, Indian Ocean Gala Ceremony 2025\nTravel, Tourism & Hospitality\nTPConnects launches International Reseller Program\nTravel, Tourism & Hospitality\nEtihad goes four daily to Karachi\nTravel, Tourism & Hospitality\nAir Arabia doubles frequency to the Maldives\nTravel, Tourism & Hospitality\nFairmont The Palm appoints two new directors\nTravel, Tourism & Hospitality\nAman plans debut property in Americas\nTravel, Tourism & Hospitality\nCebu Pacific celebrates Independence Day with AED3 seat sale\nTravel, Tourism & Hospitality\nGlobal Visitors Summit set to transform travel trade connections in Dubai\nTravel, Tourism & Hospitality\nLoyyal sets up global network for Air India’s Maharaja Club members\nTravel, Tourism & Hospitality\nDubai International Airport slashes parking fees for travellers\nTravel, Tourism & Hospitality\nSofitel teams up with Cordelia de Castellane for chic new uniforms\nTravel, Tourism & Hospitality\nLux Collective, Qube set for Mideast debut of branded residences\nTravel, Tourism & Hospitality\nMarhaba, Prime Health partner for services to medical tourists\nTravel, Tourism & Hospitality\nDubai's Museum of the Future launches new series of events\nTravel, Tourism & Hospitality\nGulf Air says experiences passenger disturbance on Kuwait flight\nTravel, Tourism & Hospitality\nHyatt gets all regulatory approvals for Playa Hotels' acquisition\nTravel, Tourism & Hospitality\nGlobal air cargo tonnages rebound +4% in May, says report\nTravel, Tourism & Hospitality\nSomerset House announce landmark collaboration for summer 2026\nTravel, Tourism & Hospitality\nBahrain's Sama Bay Project enters fast track\nTravel, Tourism & Hospitality\nJazeera Airways’ first direct flight to Budapest takes off\nTravel, Tourism & Hospitality\nFalcon Elite achieves exceptional Growth in aircraft movements\nTravel, Tourism & Hospitality\nJeddah Airports Company deploys advanced tech for airport operations\nTravel, Tourism & Hospitality\nAir Arabia Abu Dhabi takes off to Almaty\nTravel, Tourism & Hospitality\nAscott aims major expansion of its Crest Collection\nTravel, Tourism & Hospitality\nQueen Alia International Airport welcomes SunExpress flights\nTravel, Tourism & Hospitality\nLes Roches, Jetex launch world’s first Postgraduate program in private aviation\nTravel, Tourism & Hospitality\nWizz Air Abu Dhabi launches Beirut flights\nTravel, Tourism & Hospitality\nMiddle East tourism spend to jump 50% to $350bn by 2030\nTravel, Tourism & Hospitality\nOmran seeks consultancy bids for key Mutrah Waterfront project\nTravel, Tourism & Hospitality\nDubai Airports to launch final phase of lighting retrofit project\nTravel, Tourism & Hospitality\nInterview: Seychelles embraces eco-luxury and cultural discovery\nTravel, Tourism & Hospitality\nNofa Riyadh, a Radisson Collection Resort makes two key appointments\nTravel, Tourism & Hospitality\nEtihad Airways launches debut flights to Prague, Warsaw\nTravel, Tourism & Hospitality\nEmirates, Air China to explore enhanced cooperation\nTravel, Tourism & Hospitality\nTurkish Airlines and TAP Air Portugal expand cooperation scope\nTravel, Tourism & Hospitality\nDubai set for strong show at IMEX as city ranks top in meetings\nTravel, Tourism & Hospitality\nEtihad, STARLUX Airlines sign codeshare partnership\nTravel, Tourism & Hospitality\nNew appointments at DoubleTree by Hilton Resort & Spa Marjan Island\nTravel, Tourism & Hospitality\nEmirates SkyCargo launches Aerospace & Engineering vertical\nTravel, Tourism & Hospitality\nAbdul Latif Jameel, Joby explore Saudi e-aircraft deal\nTravel, Tourism & Hospitality\nSalamAir enhances distribution strategy via Sabre partnership\nTravel, Tourism & Hospitality\nGulf Air celebrates launch of debut flight to Nairobi\nTravel, Tourism & Hospitality\nAbu Dhabi to host inaugural M&I Expo in April 2026\nTravel, Tourism & Hospitality\nITB China 2025 breaks records with 35% attendee surge\nTravel, Tourism & Hospitality\nWTM London 2025 set to be the largest in its 45-year history\nTravel, Tourism & Hospitality\nAir Arabia Abu Dhabi launches inaugural flight to Yerevan\nTravel, Tourism & Hospitality\nDCT Abu Dhabi, Rotana unveil summer tourism campaign\nTravel, Tourism & Hospitality\nNominations open for inaugural Tourise Awards\nTravel, Tourism & Hospitality\nGOL, TAP Adopt IATA FuelIS to deliver fuel savings\nTravel, Tourism & Hospitality\nAl Habtoor City Hotel Collection hosts Partner Appreciation Night\nTravel, Tourism & Hospitality\nSwissport boosts Saudi ops with groundbreaking 13-airport deal\nTravel, Tourism & Hospitality\nPark Rotana, Park Arjaan by Rotana win big at Haute Grandeur Global Hotel Awards\nTravel, Tourism & Hospitality\nMideast airlines to generate highest net profit\nTravel, Tourism & Hospitality\nEmirates to reintroduce Damascus services from July 16\nTravel, Tourism & Hospitality\n96% of Saudi Eid travel searches target international destinations\nTravel, Tourism & Hospitality\nLATAM Airlines to host next IATA AGM in Rio de Janeiro\nTravel, Tourism & Hospitality\nSGS signs five-year deal for Red Sea Airport operations\nIndustry, Logistics & Shipping\nGlobal consortium in deal to build AAE-2 subsea cable network\nIndustry, Logistics & Shipping\nChevron Lummus, Neste to convert biomass waste to renewable fuels\nIndustry, Logistics & Shipping\nDHL Group to invest more than $571m in Middle East\nIndustry, Logistics & Shipping\nDutco, Sweid & Sweid launch Dubai’s largest private logistics park\nIndustry, Logistics & Shipping\nNew Kezad Business District to come up in Abu Dhabi\nIndustry, Logistics & Shipping\nGulf Navigation in deal to acquire Brooge Energy assets for $871m\nIndustry, Logistics & Shipping\nPremier Marine Shipyards launches new offshore support vessel\nIndustry, Logistics & Shipping\nMoro Hub seals strategic resellers agreement with OpenText\nIndustry, Logistics & Shipping\nIBM to build first large-scale, fault-tolerant quantum computer\nIndustry, Logistics & Shipping\nWipro boosts Mideast presence with new Riyadh HQ\nIndustry, Logistics & Shipping\nTransguard posts record revenue of $871m\nIndustry, Logistics & Shipping\nArmstrong Fluid Technology launches key new function in platform\nIndustry, Logistics & Shipping\nGhana exports $4bn gold from ASM sector in four months\nIndustry, Logistics & Shipping\nGlobal air cargo tonnages rebound +4% in May, says report\nIndustry, Logistics & Shipping\nDP World, JP Morgan in deal to boost trade finance availability\nIndustry, Logistics & Shipping\nDNO raises $400m in subordinated hybrid bonds\nIndustry, Logistics & Shipping\nRethink the way we produce, use plastics, urges WHO\nIndustry, Logistics & Shipping\nTeledyne GFD partners with IDS to manufacture in Saudi Arabia\nIndustry, Logistics & Shipping\nEbara Elliott Energy starts work on new Abu Dhabi facility\nIndustry, Logistics & Shipping\nSaudi Electricity Company boosts Hajj grid capacity by 75%\nIndustry, Logistics & Shipping\nNEOM port welcomes first remote-controlled STS cranes\nIndustry, Logistics & Shipping\nEDGE signs $2.45bn naval contract with Kuwait\nIndustry, Logistics & Shipping\nAD Ports, key firms eye e-methanol bunkering facility in Kezad\nIndustry, Logistics & Shipping\nEGA in deal to explore bauxite-related projects in Ghana\nIndustry, Logistics & Shipping\nLummus, InnoVent sign tyre pyrolysis technology deal\nIndustry, Logistics & Shipping\nBrazil, Irena to co-host first global energy planning summit\nIndustry, Logistics & Shipping\nAD Ports Group opens Tbilisi Intermodal Hub\nIndustry, Logistics & Shipping\nAbdul Latif Jameel, Joby explore Saudi e-aircraft deal\nIndustry, Logistics & Shipping\nKR, HD Hyundai Mipo and HD KSOE collaborate on tank design for green ships\nIndustry, Logistics & Shipping\nDubai Future District Fund driving $1.6bn in capital commitments\nIndustry, Logistics & Shipping\ne& enterprise, Exeed Industries team up for Industry 4.0 shift\nIndustry, Logistics & Shipping\nYokogawa releases next-generation of CENTUM VP integrated production control system\nIndustry, Logistics & Shipping\nOEG wins agreement to support oil major in North America\nIndustry, Logistics & Shipping\nTerex brand launches new conveyor range to serve smaller operations\nIndustry, Logistics & Shipping\nSaudi Arabia, UAE lead office quality fit-out investments\nIndustry, Logistics & Shipping\nMKF seals strategic partnerships for Takeoff career expo\nIndustry, Logistics & Shipping\nAl Seer Marine, B International Logistics launch new shipping JV\nIndustry, Logistics & Shipping\nGulftainer appoints Farid Belbouab as Group CEO\nIndustry, Logistics & Shipping\nHutchison Ports lands $272m Ajman Port infrastructure contract\nIndustry, Logistics & Shipping\nBlaze hits Al Hamriyah Port; no injuries reported\nIndustry, Logistics & Shipping\nDubai International Chamber launches office in Bangkok\nIndustry, Logistics & Shipping\nADIO, Metal Park to set up 4IR competence centre in Abu Dhabi\nIndustry, Logistics & Shipping\nMawani adds new shipping service to Saudi ports\nIndustry, Logistics & Shipping\nRaimondi soars high with Mideast's tallest crane deployment\nIndustry, Logistics & Shipping\nGridora in deal to fast-track delivery of $9.5bn infrastructure projects\nIndustry, Logistics & Shipping\nNew UAE initiative to boost local products' competitiveness\nIndustry, Logistics & Shipping\nGridora signs deal with ADPIC for Abu Dhabi transport infra projects\nIndustry, Logistics & Shipping\nMubadala, Taqa complete acquisition of 875MW Uzbek power plant\nIndustry, Logistics & Shipping\nEmsteel achieves industrial-scale decarbonised cement success\nIndustry, Logistics & Shipping\nIHC makes strong mark at MIITE with $1.52bn deals\nIndustry, Logistics & Shipping\nDelta Coatings breaks ground on eco-friendly HQ in Dubai\nIndustry, Logistics & Shipping\nIntersec Saudi Arabia returns with record expo space\nIndustry, Logistics & Shipping\nBorouge and Alfred Talke win big at GPCA supply chain awards\nIndustry, Logistics & Shipping\nFour Winds showcases specialised logistics solutions at expo\nIndustry, Logistics & Shipping\nStellantis names Antonio Filosa as new CEO\nIndustry, Logistics & Shipping\nMSA Safety forms detection assembly partnership in Saudi Arabia\nIndustry, Logistics & Shipping\nEnercap starts production of 'Made in UAE' advanced batteries\nIndustry, Logistics & Shipping\nHimatrix launches key phase of Dubai Industrial City R&D unit\nIndustry, Logistics & Shipping\nPower International opens Fujairah’s first limestone production facility\nIndustry, Logistics & Shipping\nBinghatti, ADIB bring sharia-compliant home finance solutions to UAE\nAnalysis, Interviews, Opinions\nLifestyle-driven mobility seen reshaping UAE’s auto future\nAnalysis, Interviews, Opinions\nEurope's AI ambitions soar on €200bn funding amid global tech slowdown\nAnalysis, Interviews, Opinions\nNew technology, efficiency top priorities for supply chain leaders\nAnalysis, Interviews, Opinions\nTen steps for a healthy Hajj pilgrimage\nAnalysis, Interviews, Opinions\nFive factors reshaping global LNG trade and contracts\nLifestyle\nFalcon Elite achieves exceptional Growth in aircraft movements\nLifestyle\nMajid Al Futtaim awards $462m contract for Dubai forest living project\nLifestyle\nAzure unveils new luxury living development in Riyadh\nLifestyle\nMAG Group unveils debut residential project in Jordan\nLifestyle\nMajor wellness hotels post strong top-line recovery, says report\nLifestyle\nFootball legend Rijkaard buys RAK waterfront residence\nLifestyle\nKerzner, Sunset Hospitality JV to expand Tapasake brand globally\nLifestyle\nActive Abu Dhabi launches programme to community well-being\nHealth & Environment\nMarhaba, Prime Health partner for services to medical tourists\nHealth & Environment\nWHO highlights the vital role of scientists in ensuring food safety\nHealth & Environment\nWHO warns on rising new Covid-19 infections\nHealth & Environment\nBurjeel Holdings to manage Adnoc’s new Das Hospital\nHealth & Environment\nM42, partners launch liquid biopsy testing in UAE\nHealth & Environment\nDubai hospitals to use geko device for patients\nHealth & Environment\nKing Faisal Hospital gets ISO certification for 3D printing services\nHealth & Environment\nTen steps for a healthy Hajj pilgrimage\nHealth & Environment\nRiyadh hospital pioneers AI device implant for brain stimulation\nHealth & Environment\nActive Abu Dhabi launches programme to community well-being\nHealth & Environment\nAspen Pharmacare opens regional HQ in Riyadh\nEducation, HR & Training\n1,000 students join Injaz Bahrain's Young Entrepreneurs Competition\nEducation, HR & Training\nCloud Spaces opens largest workspace at Downtown Dubai\nEducation, HR & Training\nLondon Business School to start open education programme in Riyadh\nEducation, HR & Training\nTamkeen invites applications for Bahraini entrepreneurship program\nEducation, HR & Training\nMKF seals strategic partnerships for Takeoff career expo\nEducation, HR & Training\nVatel Bahrain participates in GCC Training & Education Exhibition in Al Ain\nEducation, HR & Training\nBahrain Airport Services honours over 160 top employees\nEducation, HR & Training\nGeneral Assembly Bahrain, KPMG partner to empower tech workforce\nEducation, HR & Training\nVatel Bahrain holds roadshow across Saudi Arabia\nEducation, HR & Training\nVolvo CE expands Iron Women programme to India\nEducation, HR & Training\nZain Bahrain signs up Lumofy to upskill its employees\nRetail & Wholesale\nLoyyal sets up global network for Air India’s Maharaja Club members\nRetail & Wholesale\nNew Balance opens its first retail concept in Manama\nRetail & Wholesale\nSedar Global launches new store in Abu Dhabi\nRetail & Wholesale\nReliance launches Campa Cola in Bahrain with Babasons\nRetail & Wholesale\nUnion Coop opens new Al Khawaneej Mall in Dubai\nRetail & Wholesale\nDubai’s biggest shopping extravaganza returns\nRetail & Wholesale\nInvestcorp sells stake in India's Citykart\nFinance & Capital Market\nEDGE, FAB sign strategic deal to build resilient financial ecosystem\nFinance & Capital Market\nDP World, JP Morgan in deal to boost trade finance availability\nFinance & Capital Market\nNasdaq Dubai welcomes Mashreq’s $500m sukuk listing\nFinance & Capital Market\nAl Salam Bank Bahrain closes $450m AT1 capital issuance\nFinance & Capital Market\nEmirates Stallions Group launches new real estate entity\nFinance & Capital Market\nSpark Capital PWM launches operations in DIFC\nFinance & Capital Market\nDubai Future District Fund driving $1.6bn in capital commitments\nFinance & Capital Market\nIntegrating technologies can reshape value chains: WEF\nFinance & Capital Market\nAramco announces completion of $5bn bond issuance\nFinance & Capital Market\nDubai tops again in creative industries cluster FDI\nFinance & Capital Market\nNew Chairman chosen for Bahrain Bourse\nFinance & Capital Market\nGCC financial markets' total capitalisation hits $4.2 trillion\nFinance & Capital Market\nBahrain Bourse, Benefit launch eIPO service on BenefitPay\nFinance & Capital Market\nAl Salam Bank announces sale of key stake in Seef Properties\nFinance & Capital Market\nENBD REIT net asset value rises 12.3% Y-o-Y\nFinance & Capital Market\nFranklin Templeton names co-heads for its new entity\nFinance & Capital Market\nMENA records 225 M&A deals worth $46bn in Q1\nFinance & Capital Market\nBinghatti, ADIB bring sharia-compliant home finance solutions to UAE\nFinance & Capital Market\nAI Hackathon showcases innovation in Islamic finance\nFinance & Capital Market\nBank ABC Islamic named ‘Best Sukuk House in Bahrain’\nFinance & Capital Market\nInvestcorp sells stake in India's Citykart\nFinance & Capital Market\nNBB Group first in region to activate Wire 365 from J.P. Morgan Payments\nFinance & Capital Market\nBahrain’s fintech excellence 'vital in shaping national visions'\nFinance & Capital Market\nMada Brokers launches first insurance aggregator in Bahrain\nFinance & Capital Market\nSICO’s fixed income strategy wins award\nFinance & Capital Market\nSaudi non-oil sector hits record 54pc of GDP, says report\nFinance & Capital Market\nBank Nizwa extends strategic funding to major Oman copper project\nIT & Telecommunications\nGlobal consortium in deal to build AAE-2 subsea cable network\nIT & Telecommunications\nConsortium to build Asia-Africa-Europe-2 subsea cable system\nIT & Telecommunications\nCisco powers secure infrastructure for the AI era\nIT & Telecommunications\nKhazna Data Centers, NVIDIA join to develop AI factories in region\nIT & Telecommunications\nMoro Hub seals strategic resellers agreement with OpenText\nIT & Telecommunications\nIBM to build first large-scale, fault-tolerant quantum computer\nIT & Telecommunications\nF5 delivers cloud-native network for AI, High-Bandwidth app\nIT & Telecommunications\nWipro boosts Mideast presence with new Riyadh HQ\nIT & Telecommunications\nGhana, UAE sign $1bn Accra innovation hub deal\nIT & Telecommunications\nUiPath appoints Sara Al-Alsheikh as Regional VP for Saudi Arabia\nIT & Telecommunications\nCisco launches Quantum Entanglement Chip and research lab\nIT & Telecommunications\nIntegrating technologies can reshape value chains: WEF\nIT & Telecommunications\nKorean group to develop hitech mobility solutions for Diriyah project\nIT & Telecommunications\nBahrain Bourse, Benefit launch eIPO service on BenefitPay\nIT & Telecommunications\nZain Bahrain unit seals partnership with Orchid Developers\nIT & Telecommunications\niGA sets up interactive stand at Marassi Galleria\nIT & Telecommunications\nAlghanim Industries brings Starlink internet to region\nIT & Telecommunications\nMalaysia granted sovereignty over Bahrain cloud subscriber data\nIT & Telecommunications\ne& UAE unveils its vision for the 6G era\nIT & Telecommunications\nZoho to open office in Bahrain, stir growth in local economy\nIT & Telecommunications\nGlobant opens Middle East Regional HQ in Riyadh\nIT & Telecommunications\nIFS to showcase AI innovations for utility asset management\nIT & Telecommunications\nBahrain’s fintech excellence 'vital in shaping national visions'\nIT & Telecommunications\nBNET completes first comprehensive risk culture assessment\nIT & Telecommunications\nZain Bahrain signs up Lumofy to upskill its employees\nMotoring\nBYD announces Qatar debut of SEAL 7 DM-i model\nMotoring\nPorsche Centre Oman, Shell Oman expand EV charging infrastructure\nMotoring\nNew Head named for Lamborghini Middle East & Africa\nMedia & Promotion\nThe Avenues - Bahrain unveils exciting Eid festivities\nMedia & Promotion\nUAE's SCA urges Finfluencers to register\nMedia & Promotion\nHoneylicious brings exclusive Canadian wild honey to Bahraini tables\nMedia & Promotion\nExhibition World Bahrain targets geo-cloning as catalyst for global growth\nMedia & Promotion\nSaudi Pro League announces long-term partnership with Maaden\nMedia & Promotion\nGlobal Water Organization launches operation from HQ Riyadh\nMedia & Promotion\nAlUla unveils its key cultural heritage sites at Paris garden show\nMiscellaneous\nFalse data for Tamkeen support: many face trial\nMiscellaneous\nWHO highlights the vital role of scientists in ensuring food safety\nMiscellaneous\nGlobal cereal production to hit record 2.9bn tonnes in 2025: FAO\nMiscellaneous\nThe Avenues - Bahrain unveils exciting Eid festivities\nMiscellaneous\nROSHN Group backs Hajj Season Support Programme as Main Sponsor\nMiscellaneous\nHajj sets global benchmark for Smart crowd management\nMiscellaneous\nKhimji Ramdas Special Projects delivers world-class indoor shooting range\nMiscellaneous\nDelta Coatings completes roof insulation work at Rashid Centre\nMiscellaneous\nBlaze hits Al Hamriyah Port; no injuries reported\nMiscellaneous\nAbu Dhabi to host Games of the Future 2025 in December\nMiscellaneous\nMuscat Municipality, Jindal Steel celebrate Oman’s tallest flag\nBusiness Directory\nAdvertise\nNewsletter\nEvents\nContact\nMiscellaneous\nROSHN Group backs Hajj Season Support Programme as Main Sponsor\nMAKKAH\nThu, 05 Jun 2025\nSHARE\nROSHN Group, Saudi Arabia’s leading multi-asset real estate developer and a PIF company, is collaborating with the Ministry of Defense to enrich the Hajj experience for pilgrims.\nROSHN Group said it is proud to serve as a Main Sponsor of the 1446H Hajj Season Support Programme, under the supervision of the Ministry of Defense’s General Directorate for Safety Services.\nThe programme aims to serve more than 50,000 pilgrims, including ministry personnel, guest pilgrims from within the kingdom and abroad, and the families of martyrs and active-duty soldiers. ROSHN Group’s contribution involves providing vital supplies and support services across the holy sites, helping ensure a dignified, safe, and comfortable pilgrimage for all.\nThis collaboration reflects the group’s commitment to national initiatives and community well-being. It aligns with the goals of Saudi Vision 2030, particularly the Pilgrims Experience Program, which seeks to enrich the spiritual journey of every pilgrim while enhancing the Kingdom’s standards of hospitality and care, ROSHN Group said. -\nTradeArabia News Service\nRelated posts\nFalse data for Tamkeen support: many face trial\nWHO highlights the vital role of scientists in ensuring food safety\nGlobal cereal production to hit record 2.9bn tonnes in 2025: FAO\nThe Avenues - Bahrain unveils exciting Eid festivities\nHajj sets global benchmark for Smart crowd management\nKhimji Ramdas Special Projects delivers world-class indoor shooting range\nDelta Coatings completes roof insulation work at Rashid Centre\nBlaze hits Al Hamriyah Port; no injuries reported\nAbu Dhabi to host Games of the Future 2025 in December\nMuscat Municipality, Jindal Steel celebrate Oman’s tallest flag",
    "highlightText": "",
    "highlightTitle": "",
    "highlightThreadTitle": "",
    "language": "english",
    "sentiment": "positive",
    "categories": [
        "Economy, Business and Finance",
        "Lifestyle and Leisure",
        "Lifestyle and Leisure"
    ],
    "topics": [
        "Economy, Business and Finance->business service",
        "Economy, Business and Finance->financial and economic news",
        "Economy, Business and Finance->tourism and leisure industry",
        "Lifestyle and Leisure->travel and tourism",
        "Lifestyle and Leisure->lifestyle",
        "Lifestyle and Leisure->holiday",
        "Lifestyle and Leisure->travel and tourism"
    ],
    "ai_allow": true,
    "has_canonical": false,
    "breaking": null,
    "webz_reporter": false,
    "external_links": [],
    "entities": {
        "persons": [],
        "locations": [],
        "organizations": [
            {
                "name": "Home\nTrade News\nConstruction & Real Estate\nOil",
                "sentiment": "neutral",
                "tickers": []
            },
            {
                "name": "Petrochemicals & Renewables\nAnalysis",
                "sentiment": "neutral",
                "tickers": []
            },
            {
                "name": "Petrochemicals & Renewables\nTravel & Tourism News\nIndustry, Logistics & Shipping\nAnalysis",
                "sentiment": "none",
                "tickers": []
            },
            {
                "name": "Eden House",
                "sentiment": "none",
                "tickers": []
            }
        ]
    },
    "syndication": {
        "syndicated": false,
        "syndicate_id": null,
        "first_syndicated": false
    },
    "trust": {
        "categories": [],
        "top_news": [],
        "bias": null
    },
    "rating": null,
    "crawled": "2025-06-12T10:46:58.472+03:00",
    "updated": "2025-06-12T07:49:26.000+00:00"
}