{
    "thread": {
        "uuid": "4457ae5879c7d35eaf2ebac24fd9d4381b327e19",
        "url": "https://www.bigcountrynewsconnection.com/news/national/russias-central-bank-says-inflation-is-starting-to-come-under-control/image_4209d710-8c99-5133-acd3-d393aee630c8.html",
        "site_full": "www.bigcountrynewsconnection.com",
        "site": "bigcountrynewsconnection.com",
        "site_section": "http://www.bigcountrynewsconnection.com/search/?f=rss&amp;t=article&amp;l=50&amp;s=start_time&amp;sd=desc&amp;k%5b%5d=%23topstory",
        "site_categories": [
            "media"
        ],
        "section_title": "www.bigcountrynewsconnection.com - RSS Results",
        "site_title": "Big Country News | The LC Valley, Palouse and Camas Prairie's Free Local News",
        "title": "Russia's Central Bank says inflation is starting to come under control | National | bigcountrynewsconnection.com",
        "title_full": "Russia's Central Bank says inflation is starting to come under control | National | bigcountrynewsconnection.com",
        "published": "2025-06-12T10:02:00.000+03:00",
        "replies_count": 0,
        "participants_count": 1,
        "site_type": "news",
        "country": "US",
        "main_image": "https://bloximages.newyork1.vip.townnews.com/bigcountrynewsconnection.com/content/tncms/assets/v3/editorial/4/20/4209d710-8c99-5133-acd3-d393aee630c8/684a0e3c032b5.image.jpg?crop=380%2C380%2C66%2C0&amp;resize=200%2C200&amp;order=crop%2Cresize",
        "performance_score": 0,
        "domain_rank": 153518,
        "domain_rank_updated": "2025-06-03T00:00:00.000+03:00",
        "licensing_agency": [],
        "social": {
            "facebook": {
                "likes": 0,
                "comments": 0,
                "shares": 0
            },
            "vk": {
                "shares": 0
            }
        }
    },
    "uuid": "4457ae5879c7d35eaf2ebac24fd9d4381b327e19",
    "url": "https://www.bigcountrynewsconnection.com/news/national/russias-central-bank-says-inflation-is-starting-to-come-under-control/image_4209d710-8c99-5133-acd3-d393aee630c8.html",
    "ord_in_thread": 0,
    "author": "Alexander NEMENOV",
    "published": "2025-06-12T10:02:00.000+03:00",
    "title": "Russia's Central Bank says inflation is starting to come under control | National | bigcountrynewsconnection.com",
    "text": "Russia's Central Bank says inflation is starting to come under control\n- Alexander NEMENOV\n- Updated\nTags\nAs featured on\nRussian pensioner Roman Paltievich stared at the prices for apricots, tomatoes and watermelons stacked high on stalls at a Moscow market -- foods that he now struggles to fit into his budget.\n- FREDERICK FLORIN\n- Updated\nLeonid Volkov lives in exile in Lithuania\nToday's Weather\nRight Now\n65°\nClear\n- Humidity: 68%\n- Cloud Coverage: 38%\n- Wind: 3 mph\n- UV Index: 8 Very High\n- Sunrise: 04:54:50 AM\n- Sunset: 08:40:31 PM\nToday\nPartly cloudy skies. High 84F. Winds N at 10 to 15 mph.\nTonight\nMainly clear skies. Low 57F. Winds S at 5 to 10 mph.\nTomorrow\nPartly cloudy. A stray shower or thunderstorm is possible. High 79F. Winds N at 5 to 10 mph.\nNewsletters\nSuccess! An email has been sent to with a link to confirm list signup.\nError! There was an error processing your request.\nMost Popular\nImages\nVideos\nCommented\nSorry, there are no recent results for popular commented articles.",
    "highlightText": "",
    "highlightTitle": "",
    "highlightThreadTitle": "",
    "language": "english",
    "sentiment": "positive",
    "categories": [
        "Economy, Business and Finance"
    ],
    "topics": [
        "Economy, Business and Finance->macro economics",
        "Economy, Business and Finance->economy",
        "Economy, Business and Finance->financial and economic news"
    ],
    "ai_allow": false,
    "has_canonical": true,
    "breaking": false,
    "webz_reporter": false,
    "external_links": [],
    "entities": {
        "persons": [
            {
                "name": "FREDERICK FLORIN",
                "sentiment": "none"
            },
            {
                "name": "Leonid Volkov",
                "sentiment": "none"
            }
        ],
        "locations": [],
        "organizations": [
            {
                "name": "Central Bank",
                "sentiment": "none",
                "tickers": []
            }
        ]
    },
    "syndication": {
        "syndicated": false,
        "syndicate_id": null,
        "first_syndicated": false
    },
    "trust": {
        "categories": [],
        "top_news": [],
        "bias": null
    },
    "rating": null,
    "crawled": "2025-06-12T10:19:48.733+03:00",
    "updated": "2025-06-12T07:39:09.000+00:00"
}