{
    "thread": {
        "uuid": "1e79def833f705edfffc5c1aee748d5305a2797f",
        "url": "https://cryptopotato.com/ethereum-breaks-out-with-clear-path-to-3400-analysts",
        "site_full": "cryptopotato.com",
        "site": "cryptopotato.com",
        "site_section": "https://news.google.com/search?q=out%20when%3a1h&hl=en-us&gl=us&ceid=us%3aen",
        "site_categories": [
            "finance"
        ],
        "section_title": "Google News - Search",
        "site_title": "CryptoPotato - Bitcoin &amp; Altcoins, Crypto News and Guides",
        "title": "Ethereum Breaks Out With Clear Path to $3,400: Analysts",
        "title_full": "Ethereum Breaks Out With Clear Path to $3,400: Analysts",
        "published": "2025-06-12T10:21:00.000+03:00",
        "replies_count": 0,
        "participants_count": 1,
        "site_type": "news",
        "country": "TR",
        "main_image": "https://cryptopotato.com/wp-content/uploads/2024/02/Ethereum_Rocket.jpg",
        "performance_score": 0,
        "domain_rank": 13973,
        "domain_rank_updated": "2025-06-03T00:00:00.000+03:00",
        "licensing_agency": [],
        "social": {
            "facebook": {
                "likes": 0,
                "comments": 0,
                "shares": 0
            },
            "vk": {
                "shares": 0
            }
        }
    },
    "uuid": "1e79def833f705edfffc5c1aee748d5305a2797f",
    "url": "https://cryptopotato.com/ethereum-breaks-out-with-clear-path-to-3400-analysts",
    "ord_in_thread": 0,
    "author": "Martin Young",
    "published": "2025-06-12T10:21:00.000+03:00",
    "title": "Ethereum Breaks Out With Clear Path to $3,400: Analysts",
    "text": "Following months of lethargy, Ethereum analysis and price predictions are coming thick and fast as the asset has gained around 60% since the beginning of May.\nEthereum has broken out of a month-long consolidation range, with key technical levels now defined by investor cost basis distribution, as reported by Glassnode on June 11.\nStrong support exists between $2,700 and $2,760, where more than 2 million ETH is held by investors who accumulated during the recent consolidation period. This creates a potential floor for the price, it noted.\n#Ethereum just broke out of a month-long range. Cost Basis Distribution shows 1.3M $ETH held around $2.70K and $2.74K, and 800K #ETH at $2.76K. These investors accumulated during consolidation and now will potentially form a strong support zone. pic.twitter.com/X6zQRnzIyF\n— glassnode (@glassnode) June 11, 2025\nEthereum Clear for Move to $3,400 Above current levels, resistance is relatively light and evenly distributed up to around $3,400, where the first significant resistance appears.\nIf the current support zone holds, ETH has a clear technical path to $3,420, it noted. However, the speed of any rally will depend on how holders in the $2,800 to $3,300 range react to price increases, analysts said.\nMeanwhile, Santiment reported that social sentiment for Ethereum was increasing, which implies greater retail interest.\n“Twitter discussions emphasize Ethereum’s market activity, price surges, derivatives trading, institutional adoption, and bullish sentiment, reflecting strong trading volumes and strategic analysis involving ETH.”\nCrypto analyst ‘Rekt Capital’ observed that ETH retested $2,500 as support for a rally to $4,000 in August 2021 and then again in early 2024. “For the past five weeks, ETH has been successfully retesting $2,500 as support,” they noted. The analyst also noted that Ethereum dominance has reached 10% in an uptrend for the first time since March 2020.\nMeanwhile, institutions are still loading up with 18 straight days of inflows into spot Ether ETFs. Wednesday saw the highest inflow since early February, with $240 million entering the products. “And there’s still no staking or in-kind creations and redemptions,” exclaimed ETF Store President Nate Geraci.\n18 straight days of inflows into spot eth ETFs…\nNearly $250mil just today.\nAnd there’s still no staking or in-kind creations & redemptions.\nSo early.\n— Nate Geraci (@NateGeraci) June 12, 2025\nElsewhere on Crypto Markets Ethereum hit an intraday and four-and-a-half-month high of $2,870 in late trading on June 11 before correcting to $2,760 during trading in Asia on Thursday morning.\nBitcoin was retreating from its weekly top of $110,000 and had fallen back below $108,000 at the time of writing.\nAltcoins were in the red with larger losses for Solana, Dogecoin, Tron, Cardano, Sui, Chainlink, and Avalanche, wiping out recent gains .",
    "highlightText": "",
    "highlightTitle": "",
    "highlightThreadTitle": "",
    "language": "english",
    "sentiment": "positive",
    "categories": [
        "Economy, Business and Finance"
    ],
    "topics": [
        "Economy, Business and Finance->investment and opinion pieces",
        "Economy, Business and Finance->financial and economic news"
    ],
    "ai_allow": true,
    "has_canonical": false,
    "breaking": false,
    "webz_reporter": false,
    "external_links": [
        "https://x.com/rektcapital/status/1932869918166241564",
        "https://x.com/santimentfeed/status/1932883889451905287",
        "https://x.com/rektcapital/status/1932872879710089244",
        "https://www.x.com/santimentfeed/status/1932883889451905287",
        "https://www.x.com/rektcapital/status/1932869918166241564",
        "https://www.x.com/rektcapital/status/1932872879710089244"
    ],
    "entities": {
        "persons": [],
        "locations": [],
        "organizations": []
    },
    "syndication": {
        "syndicated": false,
        "syndicate_id": "1e79def833f705edfffc5c1aee748d5305a2797f",
        "first_syndicated": true
    },
    "trust": {
        "categories": [],
        "top_news": [],
        "bias": null
    },
    "rating": null,
    "crawled": "2025-06-12T10:28:42.429+03:00",
    "updated": "2025-06-12T11:22:55.483+03:00"
}