{
    "thread": {
        "uuid": "2ef4b889976b23b38efb87fe8b57011c29bdf2a8",
        "url": "http://global.chinadaily.com.cn/a/202506/12/WS684a89c3a310a04af22c5e37.html",
        "site_full": "global.chinadaily.com.cn",
        "site": "chinadaily.com.cn",
        "site_section": "http://global.chinadaily.com.cn/china",
        "site_categories": [
            "travel"
        ],
        "section_title": "China - Chinadaily.com.cn",
        "site_title": "China Daily Website - Connecting China Connecting the World",
        "title": "China sees steady passenger trip increase in 2024 - Chinadaily.com.cn",
        "title_full": "China sees steady passenger trip increase in 2024 - Chinadaily.com.cn",
        "published": "2025-06-12T03:00:00.000+03:00",
        "replies_count": 0,
        "participants_count": 1,
        "site_type": "news",
        "country": "CN",
        "main_image": "http://img2.chinadaily.com.cn/images/202506/12/684a89c3a310a04a967a224c.jpeg",
        "performance_score": 0,
        "domain_rank": 657,
        "domain_rank_updated": "2025-06-03T00:00:00.000+03:00",
        "licensing_agency": [],
        "social": {
            "facebook": {
                "likes": 0,
                "comments": 0,
                "shares": 0
            },
            "vk": {
                "shares": 0
            }
        }
    },
    "uuid": "2ef4b889976b23b38efb87fe8b57011c29bdf2a8",
    "url": "http://global.chinadaily.com.cn/a/202506/12/WS684a89c3a310a04af22c5e37.html",
    "ord_in_thread": 0,
    "author": "刘明",
    "published": "2025-06-12T03:00:00.000+03:00",
    "title": "China sees steady passenger trip increase in 2024 - Chinadaily.com.cn",
    "text": "China sees steady passenger trip increase in 2024\nXinhua | Updated: 2025-06-12 16:03\nBEIJING -- China recorded a 5.4-percent rise in inter-regional passenger trips last year as travel activity steadily recovered, official data showed Thursday.\nNearly 64.6 billion inter-regional passenger trips were made across the country in 2024, with railways handling over 4.3 billion trips, highways nearly 59.3 billion and civil aviation 730 million, according to a report by the Ministry of Transport.\nApart from the busy passenger sector, 2024 also witnessed the handling of some 56.9 billion tonnes of commercial freight, while the postal industry delivered over 193.67 billion packages, of which 175.1 billion were handled by express delivery services, the report said.\nBy the end of last year, China's railway network in operation had spanned 162,000 km -- including 48,000 km of high-speed rail. Highways and inland waterways extended across about 5.5 million km and 128,700 km, respectively, while the number of civil aviation airports stood at 263.\nThe report also revealed that China had invested roughly 3.8 trillion yuan (about $529 billion) in transportation fixed assets in 2024, with 850.6 billion yuan going to railways and about 2.58 trillion yuan to highways.",
    "highlightText": "",
    "highlightTitle": "",
    "highlightThreadTitle": "",
    "language": "english",
    "sentiment": "positive",
    "categories": [
        "Economy, Business and Finance"
    ],
    "topics": [
        "Economy, Business and Finance->economy",
        "Economy, Business and Finance->transport",
        "Economy, Business and Finance->financial and economic news"
    ],
    "ai_allow": true,
    "has_canonical": false,
    "breaking": null,
    "webz_reporter": false,
    "external_links": [],
    "entities": {
        "persons": [],
        "locations": [],
        "organizations": [
            {
                "name": "Ministry of Transport",
                "sentiment": "none",
                "tickers": []
            }
        ]
    },
    "syndication": {
        "syndicated": false,
        "syndicate_id": null,
        "first_syndicated": false
    },
    "trust": {
        "categories": [
            "fake_news"
        ],
        "top_news": [],
        "bias": null
    },
    "rating": null,
    "crawled": "2025-06-12T11:57:13.216+03:00",
    "updated": "2025-06-12T09:03:09.000+00:00"
}