{
    "thread": {
        "uuid": "68e73e0ecd0920b7474047094fd6a6295a315f79",
        "url": "https://theedgemalaysia.com/node/789324",
        "site_full": "theedgemalaysia.com",
        "site": "theedgemalaysia.com",
        "site_section": "https://theedgemalaysia.com/",
        "site_categories": [
            "crime, law and justice",
            "politics",
            "science and technology",
            "economy, business and finance"
        ],
        "section_title": "The Edge Malaysia - Make Better Decisions",
        "site_title": "The Edge Malaysia - Make Better Decisions",
        "title": "China new loans shrink to least in seven years as demand weakens",
        "title_full": "China new loans shrink to least in seven years as demand weakens",
        "published": "2026-01-15T09:46:00.000+02:00",
        "replies_count": 0,
        "participants_count": 1,
        "site_type": "news",
        "country": "MY",
        "main_image": "",
        "performance_score": 0,
        "domain_rank": 38940,
        "domain_rank_updated": "2026-01-11T23:00:00.000+02:00",
        "licensing_agency": [],
        "social": {
            "facebook": {
                "likes": 0,
                "comments": 0,
                "shares": 0
            },
            "vk": {
                "shares": 0
            }
        }
    },
    "uuid": "68e73e0ecd0920b7474047094fd6a6295a315f79",
    "url": "https://theedgemalaysia.com/node/789324",
    "ord_in_thread": 0,
    "author": "Bloomberg",
    "published": "2026-01-15T09:46:00.000+02:00",
    "title": "China new loans shrink to least in seven years as demand weakens",
    "text": "(Jan 15): Chinese banks extended the smallest amount of new loans since 2018 last year while credit expansion slowed in December, in a reflection of sluggish demand from borrowers that’s weighing on growth.\nFinancial institutions extended 908 billion yuan (US$130 billion or RM526.4 billion) of new yuan loans in December, according to Bloomberg calculations based on data released by the People’s Bank of China on Thursday. That was better than economists’ expectations of 800 billion yuan.\nFor the full year of 2025, new loans reached 16.27 trillion yuan. Aggregate financing, a broad measure of credit, increased 2.2 trillion yuan in the month, versus a median forecast of 1.9 trillion yuan.\nChina is in the grip of an extended slowdown in loan growth that started in early 2023 and showed no letup last year. Weak consumer spending and business investment have pushed the economy into a deflationary spiral, which sapped their appetite for borrowing by eroding corporate profits and workers’ wages.\nFaster government bond sales in the first half of last year initially provided enough of an offset to engineer a rebound in overall credit growth at the time. But their effect has faded in recent months as a higher base of comparison from 2024 kicked in, pulling the expansion rate lower.\nAnother drag came from the government’s effort since late 2024 to reduce “hidden” or off-balance sheet debt. Beijing directed local authorities to sell more bonds that replaced much of that debt, some of which was in the form of bank loans.\nThe extent of the deterioration in credit doesn’t mean officials will act any time soon. The People’s Bank of China has signalled its tolerance of the slowdown, as it takes a patient approach with the economy’s transition toward new growth drivers such as advanced technologies.\nThe central bank is increasingly on the sidelines when it comes to managing an economy hampered by weak demand and deep-seated imbalances, with fiscal stimulus expected to do most the heavy lifting.\nEconomists still expect the PBOC to deliver modest easing in 2026, including 20 basis points of cuts in its policy interest rate, according to a Bloomberg survey. Without a turnaround in demand for financing, however, that’s unlikely to reverse the decline in credit expansion.\nRead also:\nPBOC cuts structural interest rates to boost targeted lending\nUploaded by Magessan Varatharaja",
    "highlightText": "",
    "highlightTitle": "",
    "highlightThreadTitle": "",
    "language": "english",
    "sentiment": "negative",
    "categories": [
        "Economy, Business and Finance"
    ],
    "topics": [
        "Economy, Business and Finance->financial and economic news",
        "Economy, Business and Finance->loan market",
        "Economy, Business and Finance->economy"
    ],
    "ai_allow": true,
    "has_canonical": false,
    "breaking": false,
    "webz_reporter": false,
    "external_links": [],
    "external_images": [],
    "internal_images": [],
    "entities": {
        "persons": [],
        "locations": [
            {
                "name": "China",
                "sentiment": "none"
            }
        ],
        "organizations": [
            {
                "name": "Bloomberg",
                "sentiment": "none",
                "tickers": [
                    {
                        "ticker": null,
                        "exchange": null
                    }
                ]
            },
            {
                "name": "People ’ s Bank of China",
                "sentiment": "none",
                "tickers": []
            }
        ]
    },
    "syndication": {
        "syndicated": false,
        "syndicate_id": null,
        "first_syndicated": false
    },
    "trust": {
        "categories": [],
        "top_news": [],
        "bias": null,
        "source": {
            "type": null,
            "city": null,
            "state": null,
            "country": null,
            "domain_type": null,
            "agency": null,
            "organization_name": null
        }
    },
    "rating": null,
    "crawled": "2026-01-15T10:22:16.637+02:00",
    "updated": "2026-01-15T10:23:18.000+02:00"
}