{
    "thread": {
        "uuid": "2990dbf98df94de45005103cb2489ef593d562f5",
        "url": "https://www.thestar.com.my/news/nation/2026/01/15/macc-seizes-rm842mil-in-cash-assets-linked-to-military-funds-abuse",
        "site_full": "www.thestar.com.my",
        "site": "thestar.com.my",
        "site_section": "https://news.google.com/search?q=did%20when%3A1h&hl=en-US&gl=US&ceid=US%3Aen",
        "site_categories": [
            "media",
            "top_news_sa",
            "top_news_my",
            "top_news_ph",
            "top_news_sg",
            "top_news",
            "crime, law and justice",
            "politics",
            "sport",
            "economy, business and finance"
        ],
        "section_title": "Google News - Search",
        "site_title": "The Star | Malaysia News: National, Regional and World News",
        "title": "MACC seizes RM8.42mil in cash, assets linked to military funds abuse",
        "title_full": "MACC seizes RM8.42mil in cash, assets linked to military funds abuse",
        "published": "2026-01-15T09:10:15.989+02:00",
        "replies_count": 0,
        "participants_count": 1,
        "site_type": "news",
        "country": "MY",
        "main_image": "https://apicms.thestar.com.my/uploads/images/2026/01/15/3721276.jpg",
        "performance_score": 0,
        "domain_rank": 5758,
        "domain_rank_updated": "2026-01-11T23:00:00.000+02:00",
        "licensing_agency": [],
        "social": {
            "facebook": {
                "likes": 5,
                "comments": 1,
                "shares": 6
            },
            "vk": {
                "shares": 0
            }
        }
    },
    "uuid": "2990dbf98df94de45005103cb2489ef593d562f5",
    "url": "https://www.thestar.com.my/news/nation/2026/01/15/macc-seizes-rm842mil-in-cash-assets-linked-to-military-funds-abuse",
    "ord_in_thread": 0,
    "author": "FARIK ZOLKEPLI and YASMIN ABDUL LATIF",
    "published": "2026-01-15T09:10:15.989+02:00",
    "title": "MACC seizes RM8.42mil in cash, assets linked to military funds abuse",
    "text": "PUTRAJAYA: Cash, assets and funds sitting over 12 bank accounts worth some RM8.42mil have been seized in investigations into alleged abuse of military funds involving top armed forces officers.\nMalaysian Anti-Corruption Commission (MACC) chief commissioner Tan Sri Azam Baki said among the items seized were 66 gold bars weighing 2.49kg, three vehicles, RM1.5mil cash and RM4.7mil in eight company accounts and four private accounts.\n\"Our main focus for this case is the abuse of Defence Ministry funds.\n\"So far we have detained two top military officers this week.\n\"However, we have detained four other armed forces officers as well as nine civilians as the investigation into the case began on Oct 7 last year,\" he told a press conference at the MACC headquarters on Thursday (Jan 15).\nHe also confirmed the main suspects were the two top military officers detained this week.\n\"They were released after having their statements recorded.\n\"We expect to complete the investigation and submit the investigation paper to the Deputy Public Prosecutor (DPP) by Jan 23,\" he added.",
    "highlightText": "",
    "highlightTitle": "",
    "highlightThreadTitle": "",
    "language": "english",
    "sentiment": "negative",
    "categories": [
        "Crime, Law and Justice",
        "Economy, Business and Finance"
    ],
    "topics": [
        "Crime, Law and Justice->corruption",
        "Economy, Business and Finance->financial and economic news",
        "Economy, Business and Finance->business financing",
        "Economy, Business and Finance->business governance"
    ],
    "ai_allow": true,
    "has_canonical": false,
    "breaking": true,
    "webz_reporter": false,
    "external_links": [],
    "external_images": [],
    "internal_images": [],
    "entities": {
        "persons": [],
        "locations": [],
        "organizations": [
            {
                "name": "MACC",
                "sentiment": "negative",
                "tickers": [
                    {
                        "ticker": "MACC",
                        "exchange": "NASDAQ"
                    }
                ]
            },
            {
                "name": "Malaysian Anti - Corruption Commission",
                "sentiment": "none",
                "tickers": []
            },
            {
                "name": "Defence Ministry",
                "sentiment": "none",
                "tickers": [
                    {
                        "ticker": null,
                        "exchange": null
                    }
                ]
            }
        ]
    },
    "syndication": {
        "syndicated": false,
        "syndicate_id": null,
        "first_syndicated": false
    },
    "trust": {
        "categories": null,
        "top_news": [
            "top_news_sa",
            "top_news_my",
            "top_news_ph",
            "top_news_sg",
            "top_news"
        ],
        "bias": "right",
        "source": {
            "type": null,
            "city": null,
            "state": null,
            "country": null,
            "domain_type": null,
            "agency": null,
            "organization_name": null
        }
    },
    "rating": null,
    "crawled": "2026-01-15T09:10:15.989+02:00",
    "updated": "2026-01-16T10:06:19.000+02:00"
}