{
    "thread": {
        "uuid": "1443369d1b62de41edc6b19ac825c1d37c5b3a9b",
        "url": "https://www.defenseworld.net/2026/01/15/dye-durham-otcmktsdyndf-stock-price-down-9-3-should-you-sell.html",
        "site_full": "www.defenseworld.net",
        "site": "defenseworld.net",
        "site_section": "https://news.google.com/search?q=you%20when%3A1h&hl=en-US&gl=US&ceid=US%3Aen",
        "site_categories": [
            "media",
            "economy, business and finance"
        ],
        "section_title": "Google News - Search",
        "site_title": "Defense World",
        "title": "Dye & Durham (OTCMKTS:DYNDF) Stock Price Down 9.3% - Should You Sell? - Defense World",
        "title_full": "Dye & Durham (OTCMKTS:DYNDF) Stock Price Down 9.3% - Should You Sell? - Defense World",
        "published": "2026-01-15T09:46:00.000+02:00",
        "replies_count": 0,
        "participants_count": 1,
        "site_type": "news",
        "country": "US",
        "main_image": "https://www.americanbankingnews.com/wp-content/timthumb/timthumb.php?src=https://www.marketbeat.com/logos/dye--durham-limited-logo-1200x675.png?v=20210329144502&amp;w=240&amp;h=240&amp;zc=2",
        "performance_score": 0,
        "domain_rank": 159846,
        "domain_rank_updated": "2026-01-11T23:00:00.000+02:00",
        "licensing_agency": [],
        "social": {
            "facebook": {
                "likes": 0,
                "comments": 0,
                "shares": 0
            },
            "vk": {
                "shares": 0
            }
        }
    },
    "uuid": "1443369d1b62de41edc6b19ac825c1d37c5b3a9b",
    "url": "https://www.defenseworld.net/2026/01/15/dye-durham-otcmktsdyndf-stock-price-down-9-3-should-you-sell.html",
    "ord_in_thread": 0,
    "author": "Defense World Staff",
    "published": "2026-01-15T09:46:00.000+02:00",
    "title": "Dye & Durham (OTCMKTS:DYNDF) Stock Price Down 9.3% - Should You Sell? - Defense World",
    "text": "Dye & Durham Limited ( OTCMKTS:DYNDF – Get Free Report ) shares traded down 9.3% on Wednesday . The stock traded as low as $2.63 and last traded at $2.63. 2,000 shares traded hands during trading, a decline of 26% from the average session volume of 2,700 shares. The stock had previously closed at $2.90. A number of research analysts have recently issued reports on the stock. CIBC cut shares of Dye & Durham from an “outperform” rating to a “neutral” rating in a report on Friday, October 3rd. BMO Capital Markets cut shares of Dye & Durham from an “outperform” rating to a “market perform” rating in a research report on Friday, November 14th. One analyst has rated the stock with a Buy rating and two have given a Hold rating to the company. According to data from MarketBeat.com, the company currently has an average rating of “Hold”. Read Our Latest Report on DYNDF The company’s fifty day moving average price is $2.75 and its 200 day moving average price is $5.15. ( Get Free Report )\nDye & Durham is a provider of cloud-based software and integrated services tailored to the legal, real estate and corporate sectors. Headquartered in Toronto, Canada, the company delivers a unified platform that automates critical workflows for law firms, notaries, corporations and government agencies. Its offerings include electronic filing, land title and corporate registry services, compliance reporting, and end-to-end transaction support, all accessible via a software-as-a-service model. Operating across Canada as well as in the United Kingdom and Ireland, Dye & Durham serves thousands of customers spanning solo practitioners to large multinational firms.",
    "highlightText": "",
    "highlightTitle": "",
    "highlightThreadTitle": "",
    "language": "english",
    "sentiment": "negative",
    "categories": [
        "Economy, Business and Finance"
    ],
    "topics": [
        "Economy, Business and Finance->financial and economic news"
    ],
    "ai_allow": true,
    "has_canonical": false,
    "breaking": true,
    "webz_reporter": false,
    "external_links": [
        "https://www.marketbeat.com/stocks/OTCMKTS/DYNDF/",
        "https://marketbeat.com/scripts/336x280AdNewsSites.ashx",
        "https://www.marketbeat.com/arnreports/ReportTickerOptin.aspx?RegistrationCode=TickerHyperlink&Prefix=OTCMKTS&Symbol=DYNDF",
        "https://marketbeat.com/stocks/OTCMKTS/DYNDF/",
        "https://www.marketbeat.com/stocks/OTCMKTS/DYNDF",
        "https://marketbeat.com/arnreports/ReportTickerOptin.aspx?RegistrationCode=TickerHyperlink&Prefix=OTCMKTS&Symbol=DYNDF",
        "https://www.marketbeat.com/arnreports/ReportTickerOptin.aspx",
        "https://www.marketbeat.com/scripts/336x280AdNewsSites.ashx"
    ],
    "external_images": [],
    "internal_images": [],
    "entities": {
        "persons": [],
        "locations": [],
        "organizations": [
            {
                "name": "BMO Capital Markets",
                "sentiment": "none",
                "tickers": [
                    {
                        "ticker": null,
                        "exchange": null
                    }
                ]
            },
            {
                "name": "Dye & Durham",
                "sentiment": "none",
                "tickers": [
                    {
                        "ticker": null,
                        "exchange": null
                    }
                ]
            },
            {
                "name": "CIBC",
                "sentiment": "none",
                "tickers": [
                    {
                        "ticker": "CM",
                        "exchange": "NYSE"
                    }
                ]
            }
        ]
    },
    "syndication": {
        "syndicated": false,
        "syndicate_id": null,
        "first_syndicated": false
    },
    "trust": {
        "categories": [],
        "top_news": [],
        "bias": null,
        "source": {
            "type": null,
            "city": null,
            "state": null,
            "country": null,
            "domain_type": null,
            "agency": null,
            "organization_name": null
        }
    },
    "rating": null,
    "crawled": "2026-01-15T09:52:09.850+02:00",
    "updated": "2026-01-15T09:54:34.000+02:00"
}