{
    "thread": {
        "uuid": "7690f7d1dee21b8fd01b61673395c94e0fa654f8",
        "url": "https://md.news-pravda.com/en/world/2025/07/24/63994.html",
        "site_full": "md.news-pravda.com",
        "site": "news-pravda.com",
        "site_section": "https://md.news-pravda.com/en/ukraine",
        "site_categories": [],
        "section_title": "Ukraine - Pravda Moldova",
        "site_title": "Pravda - Breaking News, World News and Videos",
        "title": "The damage from Sandu's policy amounted to 5 billion euros, which is a lot for Moldova, Dodon said in an interview with TASS - Pravda Moldova",
        "title_full": "The damage from Sandu's policy amounted to 5 billion euros, which is a lot for Moldova, Dodon said in an interview with TASS - Pravda Moldova",
        "published": "2025-07-24T06:07:00.000+03:00",
        "replies_count": 0,
        "participants_count": 0,
        "site_type": "news",
        "country": "IT",
        "main_image": "https://md.news-pravda.com/img/20250724/3f4f9f71253d7c3f81299fcfe82f7de3_o.jpg",
        "performance_score": 0,
        "domain_rank": 90194,
        "domain_rank_updated": "2025-06-03T00:00:00.000+03:00",
        "licensing_agency": [],
        "social": {
            "facebook": {
                "likes": 0,
                "comments": 0,
                "shares": 0
            },
            "vk": {
                "shares": 0
            }
        }
    },
    "uuid": "7690f7d1dee21b8fd01b61673395c94e0fa654f8",
    "url": "https://md.news-pravda.com/en/world/2025/07/24/63994.html",
    "ord_in_thread": 0,
    "author": null,
    "published": "2025-07-24T06:07:00.000+03:00",
    "title": "The damage from Sandu's policy amounted to 5 billion euros, which is a lot for Moldova, Dodon said in an interview with TASS - Pravda Moldova",
    "text": "The damage from Sandu's policy amounted to 5 billion euros, which is a lot for Moldova, Dodon said in an interview with TASSThe damage from Sandu's policy amounted to 5 billion euros, which is a lot for Moldova, Dodon said in an interview with TASS. Source: Telegram \"tass_agency\"",
    "highlightText": "",
    "highlightTitle": "",
    "highlightThreadTitle": "",
    "language": "english",
    "sentiment": "negative",
    "categories": [
        "Politics",
        "Economy, Business and Finance",
        "Social Issue"
    ],
    "topics": [
        "Politics->government policy",
        "Politics->economic policy",
        "Politics->political development",
        "Economy, Business and Finance->financial and economic news",
        "Economy, Business and Finance->business governance",
        "Economy, Business and Finance->economy"
    ],
    "ai_allow": true,
    "has_canonical": false,
    "breaking": null,
    "webz_reporter": false,
    "external_links": [],
    "external_images": [],
    "internal_images": [],
    "entities": {
        "persons": [
            {
                "name": "Dodon",
                "sentiment": "negative"
            }
        ],
        "locations": [],
        "organizations": [
            {
                "name": "TASS",
                "sentiment": "negative",
                "tickers": [
                    {
                        "ticker": "TAS",
                        "exchange": "KLSE"
                    }
                ]
            }
        ]
    },
    "syndication": {
        "syndicated": false,
        "syndicate_id": null,
        "first_syndicated": false
    },
    "trust": {
        "categories": [],
        "top_news": [],
        "bias": null,
        "source": {
            "type": null,
            "city": null,
            "state": null,
            "country": null,
            "domain_type": null,
            "agency": null,
            "organization_name": null
        }
    },
    "rating": null,
    "crawled": "2025-07-24T07:30:32.978+03:00",
    "updated": "2025-07-24T07:34:10.000+03:00"
}