{
    "thread": {
        "uuid": "696e94a480a60c56803a5f6ce8228bf3091214ee",
        "url": "https://www.thehindu.com/sci-tech/technology/microsoft-server-hack-has-now-hit-400-victims-researchers-say/article69849119.ece",
        "site_full": "www.thehindu.com",
        "site": "thehindu.com",
        "site_section": "https://news.google.com/search?q=now%20when%3a1h&hl=en-us&gl=us&ceid=us%3aen",
        "site_categories": [
            "religion",
            "hinduism",
            "top_news_in",
            "top_news_pk",
            "top_news_ae",
            "top_news_qa",
            "top_news_sg",
            "top_news_kw",
            "top_news"
        ],
        "section_title": "Google News - Search",
        "site_title": "Breaking News Today, Top Headlines, Live Updates | The Hindu",
        "title": "Microsoft server hack has now hit 400 victims, researchers say - The Hindu",
        "title_full": "Microsoft server hack has now hit 400 victims, researchers say - The Hindu",
        "published": "2025-07-24T06:44:00.000+03:00",
        "replies_count": 0,
        "participants_count": 1,
        "site_type": "news",
        "country": "IN",
        "main_image": "https://th-i.thgim.com/public/incoming/stx1yd/article69849121.ece/alternates/LANDSCAPE_1200/2025-07-02T131525Z_975331836_RC2F6CATV07R_RTRMADP_3_MICROSOFT-LAYOFFS.JPG",
        "performance_score": 0,
        "domain_rank": 1108,
        "domain_rank_updated": "2025-06-03T00:00:00.000+03:00",
        "licensing_agency": [],
        "social": {
            "facebook": {
                "likes": 0,
                "comments": 0,
                "shares": 0
            },
            "vk": {
                "shares": 0
            }
        }
    },
    "uuid": "696e94a480a60c56803a5f6ce8228bf3091214ee",
    "url": "https://www.thehindu.com/sci-tech/technology/microsoft-server-hack-has-now-hit-400-victims-researchers-say/article69849119.ece",
    "ord_in_thread": 0,
    "author": "Reuters",
    "published": "2025-07-24T06:44:00.000+03:00",
    "title": "Microsoft server hack has now hit 400 victims, researchers say - The Hindu",
    "text": "A sweeping cyber-espionage campaign organisation centred on vulnerable versions of Microsoft's server software has now claimed about 400 victims , according to researchers at Netherlands-based Eye Security.\nThe figure, which is derived from a count of digital artifacts discovered during scans of servers running vulnerable versions of Microsoft's SharePoint software, compares to 100 organisations cataloged over the weekend. Eye Security says the figure is likely an undercount.\nU.S. nuclear weapons agency breached in Microsoft SharePoint hack: Report \"There are many more, because not all attack vectors have left artifacts that we could scan for,\" said Vaisha Bernard, the chief hacker for Eye Security, which was among the first organisations to flag the breaches.\nThe spy campaign kicked off after Microsoft failed to fully patch a security hole in its SharePoint server software, kicking off a scramble to fix the vulnerability when it was discovered. Microsoft and its tech rival, Google owner Alphabet, have both said Chinese hackers are among those taking advantage of the flaw. Beijing has denied the claim.\nThe details of most of the victim organisations have not yet been fully disclosed. Bernard declined to identify them.\nPublished - July 24, 2025 09:14 am IST\nRead Comments Copy link Email Facebook Twitter Telegram LinkedIn WhatsApp Reddit READ LATER Remove SEE ALL PRINT",
    "highlightText": "",
    "highlightTitle": "",
    "highlightThreadTitle": "",
    "language": "english",
    "sentiment": "negative",
    "categories": [
        "Crime, Law and Justice",
        "Science and Technology",
        "Economy, Business and Finance"
    ],
    "topics": [
        "Crime, Law and Justice->cyber crime",
        "Science and Technology->information technology and computer science",
        "Economy, Business and Finance->business governance",
        "Economy, Business and Finance->financial and economic news",
        "Economy, Business and Finance->computing and information technology"
    ],
    "ai_allow": true,
    "has_canonical": false,
    "breaking": null,
    "webz_reporter": false,
    "external_links": [
        "https://twitter.com/intent/tweet?url=https%3A%2F%2Fwww.thehindu.com%2Fsci-tech%2Ftechnology%2Fmicrosoft-server-hack-has-now-hit-400-victims-researchers-say%2Farticle69849119.ece&text=Microsoft%20server%20hack%20has%20now%20hit%20400%20victims%2C%20researchers%20say",
        "https://www.facebook.com/sharer/sharer.php?u=https%3A%2F%2Fwww.thehindu.com%2Fsci-tech%2Ftechnology%2Fmicrosoft-server-hack-has-now-hit-400-victims-researchers-say%2Farticle69849119.ece&t=Microsoft%20server%20hack%20has%20now%20hit%20400%20victims%2C%20researchers%20say",
        "https://reddit.com/submit?url=https%3A%2F%2Fwww.thehindu.com%2Fsci-tech%2Ftechnology%2Fmicrosoft-server-hack-has-now-hit-400-victims-researchers-say%2Farticle69849119.ece&title=Microsoft%20server%20hack%20has%20now%20hit%20400%20victims%2C%20researchers%20say",
        "https://api.whatsapp.com//send?text=Microsoft%20server%20hack%20has%20now%20hit%20400%20victims%2C%20researchers%20say%20-%20https%3A%2F%2Fwww.thehindu.com%2Fsci-tech%2Ftechnology%2Fmicrosoft-server-hack-has-now-hit-400-victims-researchers-say%2Farticle69849119.ece",
        "https://www.linkedin.com/shareArticle?url=https%3A%2F%2Fwww.thehindu.com%2Fsci-tech%2Ftechnology%2Fmicrosoft-server-hack-has-now-hit-400-victims-researchers-say%2Farticle69849119.ece&title=Microsoft%20server%20hack%20has%20now%20hit%20400%20victims%2C%20researchers%20say",
        "https://t.me/share/url?url=https%3A%2F%2Fwww.thehindu.com%2Fsci-tech%2Ftechnology%2Fmicrosoft-server-hack-has-now-hit-400-victims-researchers-say%2Farticle69849119.ece&text=Microsoft%20server%20hack%20has%20now%20hit%20400%20victims%2C%20researchers%20say",
        "https://www.reddit.com/submit?url=https%3A%2F%2Fwww.thehindu.com%2Fsci-tech%2Ftechnology%2Fmicrosoft-server-hack-has-now-hit-400-victims-researchers-say%2Farticle69849119.ece&title=Microsoft%20server%20hack%20has%20now%20hit%20400%20victims%2C%20researchers%20say",
        "https://linkedin.com/shareArticle?url=https%3A%2F%2Fwww.thehindu.com%2Fsci-tech%2Ftechnology%2Fmicrosoft-server-hack-has-now-hit-400-victims-researchers-say%2Farticle69849119.ece&title=Microsoft%20server%20hack%20has%20now%20hit%20400%20victims%2C%20researchers%20say",
        "https://reddit.com/submit",
        "https://facebook.com/sharer/sharer.php?u=https%3A%2F%2Fwww.thehindu.com%2Fsci-tech%2Ftechnology%2Fmicrosoft-server-hack-has-now-hit-400-victims-researchers-say%2Farticle69849119.ece&t=Microsoft%20server%20hack%20has%20now%20hit%20400%20victims%2C%20researchers%20say",
        "https://www.t.me/share/url?url=https%3A%2F%2Fwww.thehindu.com%2Fsci-tech%2Ftechnology%2Fmicrosoft-server-hack-has-now-hit-400-victims-researchers-say%2Farticle69849119.ece&text=Microsoft%20server%20hack%20has%20now%20hit%20400%20victims%2C%20researchers%20say",
        "https://www.twitter.com/intent/tweet?url=https%3A%2F%2Fwww.thehindu.com%2Fsci-tech%2Ftechnology%2Fmicrosoft-server-hack-has-now-hit-400-victims-researchers-say%2Farticle69849119.ece&text=Microsoft%20server%20hack%20has%20now%20hit%20400%20victims%2C%20researchers%20say",
        "https://www.facebook.com/sharer/sharer.php",
        "https://www.linkedin.com/shareArticle",
        "https://api.whatsapp.com//send",
        "https://t.me/share/url",
        "https://www.api.whatsapp.com//send?text=Microsoft%20server%20hack%20has%20now%20hit%20400%20victims%2C%20researchers%20say%20-%20https%3A%2F%2Fwww.thehindu.com%2Fsci-tech%2Ftechnology%2Fmicrosoft-server-hack-has-now-hit-400-victims-researchers-say%2Farticle69849119.ece",
        "https://twitter.com/intent/tweet"
    ],
    "external_images": [],
    "internal_images": [],
    "entities": {
        "persons": [
            {
                "name": "Vaisha Bernard",
                "sentiment": "none"
            }
        ],
        "locations": [],
        "organizations": [
            {
                "name": "Microsoft",
                "sentiment": "negative",
                "tickers": []
            },
            {
                "name": "Google",
                "sentiment": "none",
                "tickers": [
                    {
                        "ticker": "GOOG",
                        "exchange": "NASDAQ"
                    }
                ]
            },
            {
                "name": "microsoft",
                "sentiment": "none",
                "tickers": [
                    {
                        "ticker": "MSFT",
                        "exchange": "NASDAQ"
                    }
                ]
            }
        ]
    },
    "syndication": {
        "syndicated": false,
        "syndicate_id": null,
        "first_syndicated": false
    },
    "trust": {
        "categories": [
            "trusted_news"
        ],
        "top_news": [
            "top_news_in",
            "top_news_pk",
            "top_news_ae",
            "top_news_qa",
            "top_news_sg",
            "top_news_kw",
            "top_news"
        ],
        "bias": "center",
        "source": {
            "type": null,
            "city": null,
            "state": null,
            "country": null,
            "domain_type": null,
            "agency": null,
            "organization_name": null
        }
    },
    "rating": null,
    "crawled": "2025-07-24T08:02:47.921+03:00",
    "updated": "2025-07-25T08:06:11.000+03:00"
}