{
    "thread": {
        "uuid": "26c5ece0ca4412bdc2ad54d7d36e2fd3935c686c",
        "url": "https://www.times-news.com/news/energy-bills-likely-to-tick-up-in-2026/article_68fd5b20-2da7-4550-884a-2398be82b632.html",
        "site_full": "www.times-news.com",
        "site": "times-news.com",
        "site_section": "http://times-news.com//search/?q=&t=article&l=100&d=&d1=&d2=&s=start_time&sd=desc&nsa=eedition&c[]=news,news/*&f=rss",
        "site_categories": [
            "uncategorized"
        ],
        "section_title": "www.times-news.com - RSS Results in news,news/* of type article",
        "site_title": "times-news.com",
        "title": "Energy bills likely to tick up in 2026",
        "title_full": "Energy bills likely to tick up in 2026",
        "published": "2025-07-23T19:21:00.000+03:00",
        "replies_count": 0,
        "participants_count": 1,
        "site_type": "news",
        "country": "US",
        "main_image": "https://bloximages.chicago2.vip.townnews.com/times-news.com/content/tncms/custom/image/ac47d480-67ae-11e5-b74f-a754165ebce2.jpg?resize=600%2C315",
        "performance_score": 0,
        "domain_rank": 40326,
        "domain_rank_updated": "2025-06-03T00:00:00.000+03:00",
        "licensing_agency": [],
        "social": {
            "facebook": {
                "likes": 0,
                "comments": 0,
                "shares": 0
            },
            "vk": {
                "shares": 0
            }
        }
    },
    "uuid": "26c5ece0ca4412bdc2ad54d7d36e2fd3935c686c",
    "url": "https://www.times-news.com/news/energy-bills-likely-to-tick-up-in-2026/article_68fd5b20-2da7-4550-884a-2398be82b632.html",
    "ord_in_thread": 0,
    "author": "Christine Condon Maryland Matters",
    "published": "2025-07-23T19:21:00.000+03:00",
    "title": "Energy bills likely to tick up in 2026",
    "text": "Consumers in a 13-state region that includes Maryland could see their electric bills rise another 1.5% to 5% starting in the summer of 2026, after a key electricity auction cleared at its maximum price Tuesday.\nPJM Interconnection, the regional electric grid operator serving Maryland, uses the competitive auction process to procure electric capacity from generators. The auction’s clearing price generally trickles down to consumers, as one segment of their utility bill.\nkAmp?5 E9:D J62C’D 2F4E:@? 4=62C65 2E 2 C64@C5\\9:89 AC:46 7@C E96 D64@?5 J62C :? 2 C@H] xE H@F=5 92G6 D@2C65 6G6? 9:896C[ :7 :E H6C6?’E 7@C 2 42A :?DE:EFE65 3J !y| 2E E96 C6BF6DE @7 !6??DJ=G2?:2 v@G] y@D9 $92A:C@[ H9:49 H2D 324<65 3J |2CJ=2?5 v@G] (6D |@@C6]k^Am\nkAm%96 4=62C:?8 AC:46 6BF2==65 E96 42A[ D6E 2E Sbah]`f A6C >682H2EE\\52J] (:E9@FE E96 46:=:?8[ !y| 6DE:>2E6D :E H@F=5 92G6 C624965 Sbgg]df A6C >682H2EE\\52J]k^Am\nkAm%9:D J62C’D 2F4E:@? >62?D E92E 4@?DF>6CD H:== A2J 2 E@E2= @7 S`e]` 3:==:@? 7@C 6=64EC:4:EJ 42A24:EJ 5FC:?8 2 @?6\\J62C A6C:@5 E92E 368:?D :? yF?6 a_ae] %96 AC6G:@FD 2F4E:@? 4=62C65 2E 2 C64@C5 S`c]f 3:==:@?[ 2? F?AC64656?E65 :?4C62D6 4@>A2C65 E@ E96 J62C 367@C6[ H96? E96 2F4E:@? 4=@D65 2E Sa]a 3:==:@?]k^Am\nkAm(92E 5C@G6 E92E 9:DE@C:4 :?4C62D6nk^Am\nkAm!y| D2JD E92E 2? :?4C62D6 :? 6?6C8J 56>2?5[ 49:67=J 7C@> 52E2 46?E6CD[ H2D E@ 3=2>6[ 2=@?8D:56 C65F4E:@?D :? 6?6C8J DFAA=J 2D @=5 7@DD:= 7F6= A@H6C A=2?ED C6E:C6]k^Am\nkAmu@C a_ae[ A@H6C 56>2?5 :? E96 !y| 8C:5 :D AC@;64E65 E@ :?4C62D6 3J d[c__ >682H2EED[ H:E9 52E2 46?E6CD 42FD:?8 2 “>2;@C:EJ” @7 E96 ;F>A[ D2:5 $EF qC6D=6C[ !y|’D 6I64FE:G6 G:46 AC6D:56?E @7 >2C<6E D6CG:46D 2?5 DEC2E68J]k^Am\nkAmqFE qC6D=6C D2:5 E92E !y| D2H 2? “6?4@FC28:?8” :?4C62D6 :? E96 2>@F?E @7 ?6H A@H6C 86?6C2E:@? :? E9:D 2F4E:@?[ 7@C E96 7:CDE E:>6 :? E96 A2DE 7@FC 2F4E:@?D] $6G6C2= 86?6C2E@CD 2=D@ C6G6CD65 A=2?D E@ C6E:C6[ :?DE625 3:55:?8 @? E96 2F4E:@?]k^Am\nkAm“(6’C6 A=62D65 E@ D66 E96 C6G6CD2=D @7 C6E:C6>6?ED 3642FD6 E92E’D E96 <:?5 @7 E9:?8 H6 ?665[ ” qC6D=6C D2:5]k^Am\nkAm%96 2F4E:@? C6DF=E65 :? 2? 6?6C8J >:I E92E :D cdT ?2EFC2= 82D[ a`T ?F4=62C[ aaT 4@2=[ cT 9J5C@A@H6C[ bT H:?5 2?5 `T D@=2C]k^Am\nkAmx? 255:E:@? E@ E96 :>A=6>6?E2E:@? @7 E96 42A[ E9:D J62C’D 2F4E:@? 2=D@ :?4=F565 2 A@=:4J 492?86 H:E9 2 “D:8?:7:42?E” :>A24E 7@C E96 q2=E:>@C6 2C62[ qC6D=6C D2:5]k^Am\nkAm%9:D J62C[ !y| :?4=F565 E96 6=64EC:4 42A24:EJ E92E H:== 36 86?6C2E65 3J p??6 pCF?56= r@F?EJ’D qC2?5@? $9@C6D 4@2= A=2?E 2?5 E96 w]p] (28?6C @:= A=2?E[ H9:49 H6C6 3@E9 4@>A6==65 E@ DE2J @?=:?6 36J@?5 E96:C A=2??65 4=@DFC6 52E6D 3642FD6 @7 4@?46C?D 23@FE A@H6C DFAA=J] !y| 564:565 E@ 492?86 :ED A@=:4J @7 6I4=F5:?8 E9@D6 C6D@FC46D 7C@> E96 2F4E:@? 27E6C @FE4CJ 7C@> C2E6A2J6C 25G@42E6D[ :?4=F5:?8 |2CJ=2?5’D ~77:46 @7 E96 !6@A=6’D r@F?D6=]k^Am\nkAm%96 |2CJ=2?5 ~!r 92D 6DE:>2E65 E92E E96 a_ac 6I4=FD:@? 4@DE !y| 4FDE@>6CD 2D >F49 2D Sd 3:==:@?[ 2?5 92D 2D<65 E96 u656C2= t?6C8J #68F=2E@CJ r@>>:DD:@? E@ C6EFC? E92E >@?6J E@ 4@?DF>6CD]k^Am\nkAm{2DE J62C[ A2CE:2==J 3642FD6 @7 E96 qC2?5@? $9@C6D :DDF6[ E96 q2=E:>@C6 v2D U2>Aj t=64EC:4 E6CC:E@CJ D2H 2 9:896C 2F4E:@? 4=62C:?8 AC:46 E92? E96 C6DE @7 E96 !y| E6CC:E@CJi 23@FE Scee A6C >682H2EE\\52J] %9:D E:>6[ E96 2F4E:@? 4=62C:?8 AC:46 H2D E96 D2>6 7@C 2== FE:=:E:6D :? E96 !y| E6CC:E@CJ]k^Am\nkAmqFE qC6D=6C D2:5 %F6D52J E92E qvt C2E6A2J6CD 2C6?’E =:<6=J E@ D66 C2E6D 8@ 5@H? 2D 2 C6DF=E @7 E9:D J62C’D =@H6C 2F4E:@? AC:46]k^Am\nkAm%92E’D 3642FD6 =2DE J62C qvt C646:G65 2 4C65:E W7@C :>A@CE:?8 A@H6C 7C@> =@H6C\\AC:465 C68:@?DX H9:49 =@H6C65 E96 24EF2= 4=62C:?8 AC:46 E@ 23@FE Sb_d A6C >682H2EE\\52J] $@ E9:D J62C’D Sbah AC:46 H@F=5 DE:== 36 2? :?4C62D6 7@C qvt 4FDE@>6CD]k^Am\nkAmkDA2? 4=2DDlQAC:?E0EC:>Qmu@C D@>6 |2CJ=2?5 A@=:E:4:2?D[ E96 a_ac 2F4E:@? H2D 2 8FE\\4964<[ 2?5 :E H2D A2CE @7 E96 C62D@? E92E =625:?8 =2H>2<6CD @AE65 E@ AFCDF6 6?6C8J =68:D=2E:@? E9:D J62C[ A2DD:?8 2 A24<286 @7 3:==D 565:42E65 =2C86=J E@ 3@=DE6C:?8 A@H6C DFAA=J 3J 92DE6?:?8 ?6H AC@;64ED] {68:D=2E@CD H6C6 2=D@ DAFCC65 E@ 24E:@? 3J 4@?DF>6CD’ 9:89 ?2EFC2= 82D 3:==D[ H9:49 A62<65 :? E96 4@=5 H:?E6C >@?E9D 2D =2H>2<6CD 4@?G6?65 :? p??2A@=:D]k^DA2?mk^Am\nkAmkDA2? 4=2DDlQAC:?E0EC:>Qm%96 3:== :?4C62D6D 7C@> E96 a_ac 2F4E:@? H:== E2<6 67764E 2E 5:776C6?E E:>6D 7@C |2CJ=2?5 4FDE@>6CD[ 56A6?5:?8 @? E96:C FE:=:EJ E6CC:E@CJ] !6A4@ 2?5 s6=>2CG2 !@H6C 4FDE@>6CD H:== D66 :?4C62D6D :? pF8FDE[ !@E@>24 t5:D@? 4FDE@>6CD H:== 7246 :?4C62D6D :? ~4E@36C 2?5 qvt 4FDE@>6CD H:== D66 :?4C62D6D E9:D 72==[ 367@C6 C2E6 564C62D6 7@C E96 4@=56C H:?E6C >@?E9D] $|tr~ 4FDE@>6CD D2H E96 C2E6 :?4C62D6 368:??:?8 :? yF?6]k^DA2?mk^Am\nkAmkDA2? 4=2DDlQAC:?E0EC:>Qm#2E6A2J6C 25G@42E6D 92G6 2C8F65 E92E E96 2F4E:@? 4@DE :D?’E :?4C62D:?8 D@=6=J 5F6 E@ DFAA=J 2?5 56>2?5[ 3FE 5F6 E@ A@=:4:6D 2E !y|] %96J’G6 4:E65 2 324<=@8 :? !y|’D BF6F6 7@C ?6H A@H6C 86?6C2E:@? E@ 4@>6 @?=:?6[ A2CE:4F=2C=J C6?6H23=6 6?6C8J AC@;64ED]k^DA2?mk^Am\nkAmkDA2? 4=2DDlQAC:?E0EC:>Qm!y| 92D 4@F?E6C65 E92E[ H:E9:? `g >@?E9D[ :E 6IA64ED E@ 4=62C E96 3@EE=6?64< :? E96 BF6F6[ H9:49 H2D 6?8:?66C65 :? 2? 6C2 @7 =2C86 A@H6C A=2?ED[ 2D @AA@D65 E@ 2 H:56C 2CC2J @7 D>2==6C AC@;64ED 762EFC:?8 H:?5 EFC3:?6D[ D@=2C A2?6=D[ 32EE6CJ DE@C286 2?5 @E96C E649?@=@8:6D]k^DA2?mk^Am\nkAmkDA2? 4=2DDlQAC:?E0EC:>Qm!y| 92D 2=D@ 4C62E65 2 @?6\\E:>6 72DE\\EC24< 7@C d` “D9@G6=\\C625J” 6?6C8J AC@;64ED E@ 4@??64E E@ E96 8C:5 3J a_b`[ H9:49 :?4=F56D EH@ AC@;64ED :? |2CJ=2?5] %96 >2;@C:EJ @7 E96 AC@;64ED H:== FA8C256 6I:DE:?8 6I:DE:?8 ?2EFC2= 82D[ ?F4=62C[ 4@2= 2?5 @?D9@C6 H:?5 724:=:E:6D[ 3FE E96 =:DE 2=D@ :?4=F56D 2 5@K6? ?6H A@H6C AC@;64ED[ :?4=F5:?8 82D[ 32EE6CJ 2?5 ?F4=62C 724:=:E:6D]k^DA2?mk^Am\nkAmkDA2? 4=2DDlQAC:?E0EC:>Qm|2CJ=2?5 |2EE6CD :D A2CE @7 $E2E6D }6HDC@@>[ 2 ?6EH@C< @7 ?6HD 3FC62FD DFAA@CE65 3J 8C2?ED 2?5 2 4@2=:E:@? @7 5@?@CD 2D 2 d_`4WbX AF3=:4 492C:EJ] |2CJ=2?5 |2EE6CD >2:?E2:?D 65:E@C:2= :?56A6?56?46]k^DA2?mk^Am",
    "highlightText": "",
    "highlightTitle": "",
    "highlightThreadTitle": "",
    "language": "english",
    "sentiment": "negative",
    "categories": [
        "Economy, Business and Finance"
    ],
    "topics": [
        "Economy, Business and Finance->economy",
        "Economy, Business and Finance->utilities",
        "Economy, Business and Finance->financial and economic news"
    ],
    "ai_allow": false,
    "has_canonical": false,
    "breaking": null,
    "webz_reporter": false,
    "external_links": [],
    "external_images": [],
    "internal_images": [],
    "entities": {
        "persons": [],
        "locations": [],
        "organizations": []
    },
    "syndication": {
        "syndicated": false,
        "syndicate_id": null,
        "first_syndicated": false
    },
    "trust": {
        "categories": [
            "trusted_news"
        ],
        "top_news": [],
        "bias": "center",
        "source": {
            "type": "local_news",
            "city": [
                "Algonquin",
                "Big Spring",
                "Queensland",
                "Cresaptown",
                "La Vale",
                "Shaft",
                "Lonaconing",
                "Garretts Mill",
                "Mount Briar",
                "Pinesburg",
                "Westernport",
                "Frostburg",
                "Oldtown",
                "New Cumberland",
                "Grantsville",
                "Midlothian",
                "Clarysville",
                "Cumberland"
            ],
            "state": [
                "Maryland",
                "Iowa",
                "Ohio",
                "Virginia",
                "West Virginia"
            ],
            "country": [
                "US"
            ],
            "domain_type": null,
            "agency": null,
            "organization_name": null
        }
    },
    "rating": null,
    "crawled": "2025-07-24T08:48:04.097+03:00",
    "updated": "2025-07-24T08:49:39.000+03:00"
}