{
    "thread": {
        "uuid": "1be78fb8ce342efecd9538599cebb1550425b406",
        "url": "https://www.editorji.com/world-news/us-fertility-rates-reach-historic-lows-1753331258084",
        "site_full": "www.editorji.com",
        "site": "editorji.com",
        "site_section": "https://www.editorji.com/india-news/delhi",
        "site_categories": [],
        "section_title": "Delhi News Video: Latest Delhi News Headline Today, Breaking News, Videos &amp; Updates from Delhi | Editorji",
        "site_title": "Latest Video News, Breaking News, Bollywood, Political, Sports, Business News  | Editorji",
        "title": "US Fertility Rates Drop to Historic Lows in 2024",
        "title_full": "US Fertility Rates Drop to Historic Lows in 2024",
        "published": "2025-07-24T07:27:00.000+03:00",
        "replies_count": 0,
        "participants_count": 1,
        "site_type": "news",
        "country": "IN",
        "main_image": "https://cdn.editorji.com/cue-144.png",
        "performance_score": 0,
        "domain_rank": 156802,
        "domain_rank_updated": "2025-06-03T00:00:00.000+03:00",
        "licensing_agency": [],
        "social": {
            "facebook": {
                "likes": 0,
                "comments": 0,
                "shares": 0
            },
            "vk": {
                "shares": 0
            }
        }
    },
    "uuid": "1be78fb8ce342efecd9538599cebb1550425b406",
    "url": "https://www.editorji.com/world-news/us-fertility-rates-reach-historic-lows-1753331258084",
    "ord_in_thread": 0,
    "author": "@editorji",
    "published": "2025-07-24T07:27:00.000+03:00",
    "title": "US Fertility Rates Drop to Historic Lows in 2024",
    "text": "'There’s no reason to be alarmed', says Leslie Root, University of Colorado Boulder researcher\nHappy Gilmore Returns: Sandler Revives Comedy Classic\nForeign Nationals Arrested for Cocaine Smuggling in Bali\nTrinamool Activist Hacked to Death in West Bengal's Murshidabad\nThe Health Impacts of Too Much Sleep: Understanding Risks\nED Raids in Rs 3,000 Crore Bank Fraud Probe: Anil Ambani Firms Under Lens\nEducational Hurdles for Afghan Girls Under Taliban Rule\nGurugram Police Clarify on Alleged Detention of Bengali Migrant Workers\nMeghalaya Alerts Officials to Counter Illegal Immigrant Influx",
    "highlightText": "",
    "highlightTitle": "",
    "highlightThreadTitle": "",
    "language": "english",
    "sentiment": "negative",
    "categories": [
        "Health",
        "Social Issue",
        "Economy, Business and Finance"
    ],
    "topics": [
        "Health->medical condition",
        "Health->government health care",
        "Health->health organisation",
        "Social Issue->family planning",
        "Social Issue->demographics",
        "Social Issue->population and census",
        "Economy, Business and Finance->financial and economic news",
        "Economy, Business and Finance->economy"
    ],
    "ai_allow": true,
    "has_canonical": false,
    "breaking": null,
    "webz_reporter": false,
    "external_links": [],
    "external_images": [],
    "internal_images": [],
    "entities": {
        "persons": [
            {
                "name": "Leslie Root",
                "sentiment": "none"
            }
        ],
        "locations": [
            {
                "name": "West Bengal",
                "sentiment": "none"
            },
            {
                "name": "Bali",
                "sentiment": "none"
            }
        ],
        "organizations": [
            {
                "name": "University of Colorado Boulder",
                "sentiment": "none",
                "tickers": []
            }
        ]
    },
    "syndication": {
        "syndicated": false,
        "syndicate_id": null,
        "first_syndicated": false
    },
    "trust": {
        "categories": [],
        "top_news": [],
        "bias": null,
        "source": {
            "type": null,
            "city": null,
            "state": null,
            "country": null,
            "domain_type": null,
            "agency": null,
            "organization_name": null
        }
    },
    "rating": null,
    "crawled": "2025-07-24T09:09:59.694+03:00",
    "updated": "2025-07-24T09:19:19.000+03:00"
}