{
    "thread": {
        "uuid": "231d2b59ad0465231c52f6fccaa3655492012063",
        "url": "https://www.wionews.com/world/colombia-university-to-pay-over-220-million-to-trump-administration-to-restore-funding-cuts-1753328240265",
        "site_full": "www.wionews.com",
        "site": "wionews.com",
        "site_section": "https://wionews.com",
        "site_categories": [
            "media"
        ],
        "section_title": "WION: Breaking News, Latest News, World, South Asia, India, Pakistan, Bangladesh News &amp; Analysis - Latest World News",
        "site_title": "WION: Breaking News, Latest News, World, South Asia, India, Pakistan, Bangladesh News &amp; Analysis - Latest World News",
        "title": "Colombia University to pay over $220 million to Trump administration to restore funding cuts",
        "title_full": "Colombia University to pay over $220 million to Trump administration to restore funding cuts",
        "published": "2025-07-24T06:42:00.000+03:00",
        "replies_count": 0,
        "participants_count": 1,
        "site_type": "news",
        "country": "IN",
        "main_image": "https://cdn1.wionews.com/prod/wion/images/2025/20250724/image-1753328460060.jpg?imwidth=1200&amp;imheight=900",
        "performance_score": 0,
        "domain_rank": 5464,
        "domain_rank_updated": "2025-06-03T00:00:00.000+03:00",
        "licensing_agency": [],
        "social": {
            "facebook": {
                "likes": 0,
                "comments": 0,
                "shares": 0
            },
            "vk": {
                "shares": 0
            }
        }
    },
    "uuid": "231d2b59ad0465231c52f6fccaa3655492012063",
    "url": "https://www.wionews.com/world/colombia-university-to-pay-over-220-million-to-trump-administration-to-restore-funding-cuts-1753328240265",
    "ord_in_thread": 0,
    "author": "@wion",
    "published": "2025-07-24T06:42:00.000+03:00",
    "title": "Colombia University to pay over $220 million to Trump administration to restore funding cuts",
    "text": "Colombia University has reached an agreement with the Trump administration after federal funding cuts over the university’s failure to suppress antisemitism on campus during the Israel-Gaza war.\nColombia University on Wednesday (Jul 23) announced that it has reached a deal with the US President Donald Trump’s administration to pay over $220 million to prevent massive funding cuts to the school over antisemitism on campus. The Ivy League university will pay $200 million settlement over three years as per the agreement. It will also pay $21 million to settle investigations by the US Equal Employment Opportunity Commission.\nIn exchange, the White House will reinstate the $400 million federal funding it had stopped from the university earlier this year. The university said in a statement that “a vast majority of the federal grants which were terminated or paused in March 2025—will be reinstated and Columbia’s access to billions of dollars in current and future grants will be restored.”\nActing university president Claire Shipman said that the agreement marks an important step forward following “a period of sustained federal scrutiny and institutional uncertainty.”\nThe Trump administration had pulled the funding over what it described as the university’s failure to suppress antisemitism on campus during the Israel-Gaza war.\nExperts had warned that it was likely Colombia was facing another $1.2 billion funding freeze from the National Institutes of Health. Following the cuts made by the Trump administration, the lead funder of scientific research also terminated its funding to the university.\nEarlier, Colombia agreed to several demands laid out by the administration, including overhauling the university’s student disciplinary process and assuming a fresh definition of antisemitism. Shipman said that the recent agreement codifies those reforms.\nA day earlier, the university said that it had taken action against over 70 students for participating in demonstrations against the Gaza war in May.\nThe recent development comes as Harvard University appeared in federal court earlier this week, claiming that the Trump administration illegally cut $2.6 billion in funding over what is described as politically motivated moves to reshape higher education.",
    "highlightText": "",
    "highlightTitle": "",
    "highlightThreadTitle": "",
    "language": "english",
    "sentiment": "negative",
    "categories": [
        "Politics",
        "Economy, Business and Finance"
    ],
    "topics": [
        "Politics->government",
        "Politics->political development",
        "Economy, Business and Finance->human resources",
        "Economy, Business and Finance->business governance",
        "Economy, Business and Finance->financial and economic news"
    ],
    "ai_allow": true,
    "has_canonical": false,
    "breaking": null,
    "webz_reporter": false,
    "external_links": [],
    "external_images": [],
    "internal_images": [],
    "entities": {
        "persons": [
            {
                "name": "Claire Shipman",
                "sentiment": "none"
            },
            {
                "name": "Donald Trump",
                "sentiment": "none"
            }
        ],
        "locations": [],
        "organizations": [
            {
                "name": "Colombia University",
                "sentiment": "negative",
                "tickers": []
            },
            {
                "name": "White House",
                "sentiment": "none",
                "tickers": [
                    {
                        "ticker": null,
                        "exchange": null
                    }
                ]
            }
        ]
    },
    "syndication": {
        "syndicated": false,
        "syndicate_id": null,
        "first_syndicated": false
    },
    "trust": {
        "categories": null,
        "top_news": [],
        "bias": "center",
        "source": {
            "type": null,
            "city": null,
            "state": null,
            "country": null,
            "domain_type": null,
            "agency": null,
            "organization_name": null
        }
    },
    "rating": null,
    "crawled": "2025-07-24T08:00:45.835+03:00",
    "updated": "2025-07-24T08:05:48.000+03:00"
}