{
    "thread": {
        "uuid": "84702fe9d075f2f40ab4c26498fe7d2a86d834b1",
        "url": "https://www.marketbeat.com/instant-alerts/filing-y-intercept-hong-kong-ltd-raises-stake-in-franklin-bsp-realty-trust-inc-fbrt-2025-11-06/",
        "site_full": "www.marketbeat.com",
        "site": "marketbeat.com",
        "site_section": "https://www.marketbeat.com/rss.ashx?type=headlines",
        "site_categories": [
            "investing",
            "financial_news",
            "finance",
            "stocks"
        ],
        "section_title": "MarketBeat News Feed",
        "site_title": "MarketBeat: Stock Market News and Research Tools",
        "title": "Y Intercept Hong Kong Ltd Raises Stake in Franklin BSP Realty Trust, Inc. $FBRT",
        "title_full": "Y Intercept Hong Kong Ltd Raises Stake in Franklin BSP Realty Trust, Inc. $FBRT",
        "published": "2025-11-06T10:23:00.000+02:00",
        "replies_count": 0,
        "participants_count": 1,
        "site_type": "news",
        "country": "US",
        "main_image": "https://www.marketbeat.com/logos/franklin-bsp-realty-trust-inc-logo-1200x675.png?v=20211207110542",
        "performance_score": 0,
        "domain_rank": 17792,
        "domain_rank_updated": "2025-10-26T23:00:00.000+02:00",
        "licensing_agency": [],
        "social": {
            "facebook": {
                "likes": 0,
                "comments": 0,
                "shares": 0
            },
            "vk": {
                "shares": 0
            }
        }
    },
    "uuid": "84702fe9d075f2f40ab4c26498fe7d2a86d834b1",
    "url": "https://www.marketbeat.com/instant-alerts/filing-y-intercept-hong-kong-ltd-raises-stake-in-franklin-bsp-realty-trust-inc-fbrt-2025-11-06/",
    "ord_in_thread": 0,
    "author": "MarketBeat",
    "published": "2025-11-06T10:23:00.000+02:00",
    "title": "Y Intercept Hong Kong Ltd Raises Stake in Franklin BSP Realty Trust, Inc. $FBRT",
    "text": "Y Intercept Hong Kong Ltd Raises Stake in Franklin BSP Realty Trust, Inc. $FBRT Written by MarketBeat November 6, 2025 Share Link copied to clipboard. Image from MarketBeat Media, LLC. Y Intercept Hong Kong Ltd grew its stake in shares of Franklin BSP Realty Trust, Inc. ( NYSE:FBRT - Free Report ) by 292.3% during the 2nd quarter, according to its most recent 13F filing with the SEC. The institutional investor owned 61,510 shares of the company's stock after purchasing an additional 45,832 shares during the period. Y Intercept Hong Kong Ltd owned approximately 0.07% of Franklin BSP Realty Trust worth $658,000 at the end of the most recent reporting period.\nGet FBRT alerts: Sign Up Best Stocks Under $15? 3 Low-Priced Picks With Upside Several other institutional investors also recently made changes to their positions in the stock. AlphaQuest LLC boosted its position in shares of Franklin BSP Realty Trust by 277.8% during the 2nd quarter. AlphaQuest LLC now owns 9,600 shares of the company's stock worth $103,000 after purchasing an additional 7,059 shares in the last quarter. Brookstone Capital Management boosted its position in shares of Franklin BSP Realty Trust by 13.3% during the 2nd quarter. Brookstone Capital Management now owns 13,841 shares of the company's stock worth $148,000 after purchasing an additional 1,628 shares in the last quarter. Naviter Wealth LLC acquired a new position in shares of Franklin BSP Realty Trust during the 2nd quarter worth $132,000. CWM LLC raised its stake in shares of Franklin BSP Realty Trust by 126.7% during the 2nd quarter. CWM LLC now owns 2,428 shares of the company's stock worth $26,000 after buying an additional 1,357 shares during the last quarter. Finally, Strong Tower Advisory Services raised its stake in shares of Franklin BSP Realty Trust by 4.7% during the 2nd quarter. Strong Tower Advisory Services now owns 1,408,626 shares of the company's stock worth $15,058,000 after buying an additional 63,138 shares during the last quarter. 59.87% of the stock is currently owned by hedge funds and other institutional investors. Franklin BSP Realty Trust Trading Up 1.3%\nShares of FBRT stock opened at $10.28 on Thursday. The firm has a 50-day moving average price of $11.00 and a 200 day moving average price of $11.00. Franklin BSP Realty Trust, Inc. has a twelve month low of $9.79 and a twelve month high of $13.58. The company has a market capitalization of $845.79 million, a price-to-earnings ratio of 12.85 and a beta of 1.03. The company has a current ratio of 81.24, a quick ratio of 81.24 and a debt-to-equity ratio of 3.21. Franklin BSP Realty Trust Announces Dividend 5 Highest-Rated Dividend Stocks According to MarketBeat\nThe business also recently disclosed a quarterly dividend, which was paid on Friday, October 10th. Stockholders of record on Tuesday, September 30th were paid a dividend of $0.355 per share. The ex-dividend date of this dividend was Tuesday, September 30th. This represents a $1.42 dividend on an annualized basis and a dividend yield of 13.8%. Franklin BSP Realty Trust's dividend payout ratio is currently 177.50%. Analyst Upgrades and Downgrades\nSeveral research firms have recently issued reports on FBRT. Jones Trading cut their price target on Franklin BSP Realty Trust from $14.00 to $13.00 and set a \"buy\" rating for the company in a research note on Wednesday, August 6th. Weiss Ratings reaffirmed a \"hold (c-)\" rating on shares of Franklin BSP Realty Trust in a research note on Wednesday, October 8th. One investment analyst has rated the stock with a Strong Buy rating, four have assigned a Buy rating and one has issued a Hold rating to the company. Based on data from MarketBeat.com, the company currently has an average rating of \"Buy\" and a consensus price target of $14.67.\n3 Small-Cap Stocks Ready to Deliver Significant Growth Get Our Latest Stock Report on Franklin BSP Realty Trust Franklin BSP Realty Trust Company Profile ( Free Report )\nBenefit Street Partners operates as a self-managed real estate investment trust (REIT). BSP earns income from investing in a leveraged portfolio of residential mortgage pass-through securities consisting almost exclusively of adjustable-rate mortgage (ARM) securities issued and guaranteed by government-sponsored enterprises, either Federal National Mortgage Association (Fannie Mae) or Federal Home Loan Mortgage Corporation (Freddie Mac) (together, the government-sponsored enterprises (GSEs)), or by an agency of the federal government, Government National Mortgage Association (Ginnie Mae). Featured Stories\nWant to see what other hedge funds are holding FBRT? Visit HoldingsChannel.com to get the latest 13F filings and insider trades for Franklin BSP Realty Trust, Inc. ( NYSE:FBRT - Free Report ).\nThis instant news alert was generated by narrative science technology and financial data from MarketBeat in order to provide readers with the fastest reporting and unbiased coverage. Please send any questions or comments about this story to contact@marketbeat.com.\nShould You Invest $1,000 in Franklin BSP Realty Trust Right Now? Before you consider Franklin BSP Realty Trust, you'll want to hear this.\nMarketBeat keeps track of Wall Street's top-rated and best performing research analysts and the stocks they recommend to their clients on a daily basis. MarketBeat has identified the five stocks that top analysts are quietly whispering to their clients to buy now before the broader market catches on... and Franklin BSP Realty Trust wasn't on the list.\nWhile Franklin BSP Realty Trust currently has a Buy rating among analysts, top-rated analysts believe these five stocks are better buys.\nView The Five Stocks Here\n(Almost) Everything You Need To Know About The EV Market Looking to profit from the electric vehicle mega-trend? Enter your email address and we'll send you our list of which EV stocks show the most long-term potential.\nGet This Free Report Like this article? Share it with a colleague. Link copied to clipboard.",
    "highlightText": "",
    "highlightTitle": "",
    "highlightThreadTitle": "",
    "language": "english",
    "sentiment": "positive",
    "categories": [
        "Economy, Business and Finance"
    ],
    "topics": [
        "Economy, Business and Finance->investment and opinion pieces",
        "Economy, Business and Finance->financial and economic news"
    ],
    "ai_allow": true,
    "has_canonical": false,
    "breaking": false,
    "webz_reporter": false,
    "external_links": [
        "https://www.facebook.com/sharer/sharer.php?u=https://www.marketbeat.com/instant-alerts/filing-y-intercept-hong-kong-ltd-raises-stake-in-franklin-bsp-realty-trust-inc-fbrt-2025-11-06/",
        "https://www.holdingschannel.com/hedge-funds/holding-fbrt/",
        "https://twitter.com/intent/tweet?text=Y+Intercept+Hong+Kong+Ltd+Raises+Stake+in+Franklin+BSP+Realty+Trust%2c+Inc.+%24FBRT%20%24FBRT%20%23FBRT%20https://www.marketbeat.com/instant-alerts/filing-y-intercept-hong-kong-ltd-raises-stake-in-franklin-bsp-realty-trust-inc-fbrt-2025-11-06/",
        "https://api.stocktwits.com/widgets/share?via=MarketBeat&body=Y+Intercept+Hong+Kong+Ltd+Raises+Stake+in+Franklin+BSP+Realty+Trust%2c+Inc.+%24FBRT%20https://www.marketbeat.com/instant-alerts/filing-y-intercept-hong-kong-ltd-raises-stake-in-franklin-bsp-realty-trust-inc-fbrt-2025-11-06/",
        "https://twitter.com/intent/tweet?text=Y+Intercept+Hong+Kong+Ltd+Raises+Stake+in+Franklin+BSP+Realty+Trust%2c+Inc.+%24FBRT%20https://www.marketbeat.com/instant-alerts/filing-y-intercept-hong-kong-ltd-raises-stake-in-franklin-bsp-realty-trust-inc-fbrt-2025-11-06/",
        "https://www.americanconsumernews.net/scripts/standalone/viewcount.ashx?type=f&id=22012797&domain=marketbeat.com&referrer=",
        "https://www.american",
        "https://www.linkedin.com/cws/share?mini=true&url=https://www.marketbeat.com/instant-alerts/filing-y-intercept-hong-kong-ltd-raises-stake-in-franklin-bsp-realty-trust-inc-fbrt-2025-11-06/",
        "https://weissratings.com/",
        "https://twitter.com/intent/tweet?text=Y+Intercept+Hong+Kong+Ltd+Raises+Stake+in+Franklin+BSP+Realty+Trust%2c+Inc.+%24FBRT%20https://www.marketbeat.com/instant-alerts/filing-y-intercept-hong-kong-ltd-raises-stake-in-franklin-bsp-realty-trust-inc-fbrt-2025-11-06",
        "https://www.weissratings.com/",
        "https://www.linkedin.com/cws/share?mini=true&url=https://www.marketbeat.com/instant-alerts/filing-y-intercept-hong-kong-ltd-raises-stake-in-franklin-bsp-realty-trust-inc-fbrt-2025-11-06",
        "https://api.stocktwits.com/widgets/share?via=MarketBeat&body=Y+Intercept+Hong+Kong+Ltd+Raises+Stake+in+Franklin+BSP+Realty+Trust%2c+Inc.+%24FBRT%20https://www.marketbeat.com/instant-alerts/filing-y-intercept-hong-kong-ltd-raises-stake-in-franklin-bsp-realty-trust-inc-fbrt-2025-11-06",
        "https://holdingschannel.com/hedge-funds/holding-fbrt/",
        "https://american",
        "https://twitter.com/intent/tweet?text=Y+Intercept+Hong+Kong+Ltd+Raises+Stake+in+Franklin+BSP+Realty+Trust%2c+Inc.+%24FBRT%20https://marketbeat.com/instant-alerts/filing-y-intercept-hong-kong-ltd-raises-stake-in-franklin-bsp-realty-trust-inc-fbrt-2025-11-06/",
        "https://americanconsumernews.net/scripts/standalone/viewcount.ashx?type=f&id=22012797&domain=marketbeat.com&referrer=",
        "https://www.americanconsumernews.net/scripts/standalone/viewcount.ashx",
        "https://linkedin.com/cws/share?mini=true&url=https://marketbeat.com/instant-alerts/filing-y-intercept-hong-kong-ltd-raises-stake-in-franklin-bsp-realty-trust-inc-fbrt-2025-11-06/",
        "https://weissratings.com",
        "https://www.facebook.com/sharer/sharer.php",
        "https://twitter.com/intent/tweet?text=Y+Intercept+Hong+Kong+Ltd+Raises+Stake+in+Franklin+BSP+Realty+Trust%2c+Inc.+%24FBRT%20%24FBRT%20%23FBRT%20https://www.marketbeat.com/instant-alerts/filing-y-intercept-hong-kong-ltd-raises-stake-in-franklin-bsp-realty-trust-inc-fbrt-2025-11-06",
        "https://twitter.com/intent/tweet?text=Y+Intercept+Hong+Kong+Ltd+Raises+Stake+in+Franklin+BSP+Realty+Trust%2c+Inc.+%24FBRT%20%24FBRT%20%23FBRT%20https://marketbeat.com/instant-alerts/filing-y-intercept-hong-kong-ltd-raises-stake-in-franklin-bsp-realty-trust-inc-fbrt-2025-11-06/",
        "https://www.linkedin.com/cws/share",
        "https://www.holdingschannel.com/hedge-funds/holding-fbrt",
        "https://api.stocktwits.com/widgets/share",
        "https://facebook.com/sharer/sharer.php?u=https://marketbeat.com/instant-alerts/filing-y-intercept-hong-kong-ltd-raises-stake-in-franklin-bsp-realty-trust-inc-fbrt-2025-11-06/",
        "https://api.stocktwits.com/widgets/share?via=MarketBeat&body=Y+Intercept+Hong+Kong+Ltd+Raises+Stake+in+Franklin+BSP+Realty+Trust%2c+Inc.+%24FBRT%20https://marketbeat.com/instant-alerts/filing-y-intercept-hong-kong-ltd-raises-stake-in-franklin-bsp-realty-trust-inc-fbrt-2025-11-06/",
        "https://www.facebook.com/sharer/sharer.php?u=https://www.marketbeat.com/instant-alerts/filing-y-intercept-hong-kong-ltd-raises-stake-in-franklin-bsp-realty-trust-inc-fbrt-2025-11-06",
        "https://twitter.com/intent/tweet"
    ],
    "external_images": [],
    "internal_images": [],
    "entities": {
        "persons": [],
        "locations": [],
        "organizations": [
            {
                "name": "Franklin BSP Realty Trust, Inc.",
                "sentiment": "neutral",
                "tickers": [
                    {
                        "ticker": "FRO",
                        "exchange": "NYSE"
                    }
                ]
            },
            {
                "name": "Y Intercept Hong Kong Ltd",
                "sentiment": "none",
                "tickers": [
                    {
                        "ticker": null,
                        "exchange": null
                    }
                ]
            },
            {
                "name": "MarketBeat Media",
                "sentiment": "none",
                "tickers": [
                    {
                        "ticker": null,
                        "exchange": null
                    }
                ]
            },
            {
                "name": "AlphaQuest LLC",
                "sentiment": "none",
                "tickers": [
                    {
                        "ticker": null,
                        "exchange": null
                    }
                ]
            },
            {
                "name": "SEC",
                "sentiment": "none",
                "tickers": [
                    {
                        "ticker": null,
                        "exchange": null
                    }
                ]
            }
        ]
    },
    "syndication": {
        "syndicated": false,
        "syndicate_id": null,
        "first_syndicated": false
    },
    "trust": {
        "categories": [],
        "top_news": [],
        "bias": null,
        "source": {
            "type": null,
            "city": null,
            "state": null,
            "country": null,
            "domain_type": null,
            "agency": null,
            "organization_name": null
        }
    },
    "rating": null,
    "crawled": "2025-11-06T10:28:50.982+02:00",
    "updated": "2025-11-06T10:29:27.000+02:00"
}