{
    "thread": {
        "uuid": "ff4787678a52a0c36c8578c7e4b1c2917b2accbc",
        "url": "https://www.cnbctv18.com/market/upl-q2-results-fy26-ebitda-guidance-raised-revenue-volumes-debt-share-price-19745398.htm",
        "site_full": "www.cnbctv18.com",
        "site": "cnbctv18.com",
        "site_section": "https://www.cnbctv18.com/latest-news",
        "site_categories": [
            "media",
            "financial_news",
            "finance"
        ],
        "section_title": "Latest News: Check Latest Business News, India News &amp; Stock Market Updates | CNBC TV18",
        "site_title": "Today Business News: Read Business News, Live Stock &amp; Share Market News Economy &amp; Finance News, Sensex, and NIFTY Updates | CNBCTV18",
        "title": "UPL Q2 Results: FY26 EBITDA guidance raised, revenue projection unchanged; Stock recovers",
        "title_full": "UPL Q2 Results: FY26 EBITDA guidance raised, revenue projection unchanged; Stock recovers",
        "published": "2025-11-06T10:55:00.000+02:00",
        "replies_count": 0,
        "participants_count": 1,
        "site_type": "news",
        "country": "IN",
        "main_image": "https://images.cnbctv18.com/uploads/2022/11/pesticides.jpg?im=FitAndFill,width=500,height=300",
        "performance_score": 0,
        "domain_rank": 11439,
        "domain_rank_updated": "2025-10-26T23:00:00.000+02:00",
        "licensing_agency": [],
        "social": {
            "facebook": {
                "likes": 0,
                "comments": 0,
                "shares": 0
            },
            "vk": {
                "shares": 0
            }
        }
    },
    "uuid": "ff4787678a52a0c36c8578c7e4b1c2917b2accbc",
    "url": "https://www.cnbctv18.com/market/upl-q2-results-fy26-ebitda-guidance-raised-revenue-volumes-debt-share-price-19745398.htm",
    "ord_in_thread": 0,
    "author": "@CNBCTV18Live",
    "published": "2025-11-06T10:55:00.000+02:00",
    "title": "UPL Q2 Results: FY26 EBITDA guidance raised, revenue projection unchanged; Stock recovers",
    "text": "2 Min Read\nShares of UPL Ltd. recovered from the lows of the day on Thursday, November 6, in response to its quarterly results for the July-September period, during which it raised its operating profit guidance.\nUPL now sees its Earnings Before Interest, Tax, Depreciation and Amortisation (EBITDA) growing between 12% to 16%, from the earlier growth projection of 10% to 14% earlier.\nThe company has maintained its revenue growth guidance for the full year to be between 4% to 8%.\nFor the September quarter, UPL reported a net profit of ₹553 crore, compared to a net loss of ₹443 crore during the same quarter last year. The profitability was also aided by a one-time gain of ₹142 crore, compared to a loss of ₹8 crore in the base quarter.\nRevenue for the quarter grew by 8.4% from last year to ₹12,019 crore from ₹11,090 crore last year.\nUPL's EBITDA at the end of the September quarter stood at ₹2,205 crore, which is a growth of 40% from last year's figure of ₹1,575 crore.\nEBITDA margin for the quarter increased by 400 basis points to 18.3% from 14.2% last year.\nUPL's net working capital days improved to 118 from 123 last year, while its Net-Debt-to-EBITDA improved to 2.7x from 5.4x last year.\nAdvanta's volumes grew by 14% from last year led by higher volumes in field corn across India, Argentina, and other Latin American countries, along with Sunflower in Argentina.\nShares of UPL are off the lows of the day but are trading 0.7% lower at ₹726.1. The stock is up 45% so far in 2025.\nUPL now sees its Earnings Before Interest, Tax, Depreciation and Amortisation (EBITDA) growing between 12% to 16%, from the earlier growth projection of 10% to 14% earlier.\nThe company has maintained its revenue growth guidance for the full year to be between 4% to 8%.\nFor the September quarter, UPL reported a net profit of ₹553 crore, compared to a net loss of ₹443 crore during the same quarter last year. The profitability was also aided by a one-time gain of ₹142 crore, compared to a loss of ₹8 crore in the base quarter.\nRevenue for the quarter grew by 8.4% from last year to ₹12,019 crore from ₹11,090 crore last year.\nUPL's EBITDA at the end of the September quarter stood at ₹2,205 crore, which is a growth of 40% from last year's figure of ₹1,575 crore.\nEBITDA margin for the quarter increased by 400 basis points to 18.3% from 14.2% last year.\nUPL's net working capital days improved to 118 from 123 last year, while its Net-Debt-to-EBITDA improved to 2.7x from 5.4x last year.\nAdvanta's volumes grew by 14% from last year led by higher volumes in field corn across India, Argentina, and other Latin American countries, along with Sunflower in Argentina.\nShares of UPL are off the lows of the day but are trading 0.7% lower at ₹726.1. The stock is up 45% so far in 2025.\nCheck out our in-depth",
    "highlightText": "",
    "highlightTitle": "",
    "highlightThreadTitle": "",
    "language": "english",
    "sentiment": "positive",
    "categories": [
        "Economy, Business and Finance"
    ],
    "topics": [
        "Economy, Business and Finance->financial and economic news",
        "Economy, Business and Finance->business reporting and performance"
    ],
    "ai_allow": true,
    "has_canonical": false,
    "breaking": false,
    "webz_reporter": false,
    "external_links": [],
    "external_images": [],
    "internal_images": [],
    "entities": {
        "persons": [],
        "locations": [],
        "organizations": []
    },
    "syndication": {
        "syndicated": false,
        "syndicate_id": null,
        "first_syndicated": false
    },
    "trust": {
        "categories": [],
        "top_news": [],
        "bias": null,
        "source": {
            "type": null,
            "city": null,
            "state": null,
            "country": null,
            "domain_type": null,
            "agency": null,
            "organization_name": null
        }
    },
    "rating": null,
    "crawled": "2025-11-06T11:09:50.896+02:00",
    "updated": "2025-11-06T11:25:04.000+02:00"
}