{
    "thread": {
        "uuid": "2f06bdb6d73bdfcb91115c24650846bfacc61358",
        "url": "https://www.thehindu.com/business/markets/rupee-falls-14-paise-to-8657-against-us-dollar-in-early-trade/article69711859.ece",
        "site_full": "www.thehindu.com",
        "site": "thehindu.com",
        "site_section": "https://www.golf.einnews.com/live_feed",
        "site_categories": [
            "religion",
            "hinduism",
            "top_news_in",
            "top_news_pk",
            "top_news_ae",
            "top_news_qa",
            "top_news_sg",
            "top_news_kw",
            "top_news"
        ],
        "section_title": "Live Feed Wire - Golf News Today - EIN Presswire",
        "site_title": "Breaking News Today, Top Headlines, Live Updates | The Hindu",
        "title": "Rupee falls 14 paise to 86.57 against U.S. dollar in early trade - The Hindu",
        "title_full": "Rupee falls 14 paise to 86.57 against U.S. dollar in early trade - The Hindu",
        "published": "2025-06-19T07:49:00.000+03:00",
        "replies_count": 0,
        "participants_count": 1,
        "site_type": "news",
        "country": "IN",
        "main_image": "https://th-i.thgim.com/public/incoming/j5db8w/article69540656.ece/alternates/LANDSCAPE_1200/2025-04-24T090713Z_1250753473_RC284EANZU03_RTRMADP_3_INDIA-CENBANK-LIQUIDITY.JPG",
        "performance_score": 0,
        "domain_rank": 1108,
        "domain_rank_updated": "2025-06-03T00:00:00.000+03:00",
        "licensing_agency": [],
        "social": {
            "facebook": {
                "likes": 0,
                "comments": 0,
                "shares": 1
            },
            "vk": {
                "shares": 0
            }
        }
    },
    "uuid": "2f06bdb6d73bdfcb91115c24650846bfacc61358",
    "url": "https://www.thehindu.com/business/markets/rupee-falls-14-paise-to-8657-against-us-dollar-in-early-trade/article69711859.ece",
    "ord_in_thread": 0,
    "author": "PTI",
    "published": "2025-06-19T07:49:00.000+03:00",
    "title": "Rupee falls 14 paise to 86.57 against U.S. dollar in early trade - The Hindu",
    "text": "The rupee depreciated 14 paise to 86.57 against the U.S. dollar in early trade on Thursday (June 19, 2025), as safe-haven demand amid prevailing risk-off sentiments pushed the dollar index higher.\nForex traders said geopolitical uncertainties, prevailing risk-off sentiments, and elevated crude oil prices collectively pressured the local currency, while robust dollar demand from oil importers dented investment sentiments further.\nAt the interbank foreign exchange, the domestic unit opened at 86.54 against the greenback, then touched an early high of 86.49 and a low of 86.57 against the greenback in initial trade.\nOn Wednesday (June 18, 2025), the rupee depreciated 9 paise to close at 86.43 against the U.S. dollar.\n\"As uncertainty grips the market, the rupee could remain on the weak side in the days to come. For the day, the range is expected between 86.25/75 as we await happenings in the Middle East, as also on the trade front,\" said Anil Kumar Bhansali, head of treasury and executive director, Finrex Treasury Advisors LLP.\nMeanwhile, the U.S. FED kept interest rates on hold despite Donald Trump's demand to cut them by 250 bps.\n\"The signals from FED were mixed as they retained projections for 2 quarter-point rate cuts this year,\" Mr. Bhansali said.\nMeanwhile, the dollar index, which gauges the greenback's strength against a basket of six currencies, was trading higher by 0.06% at 98.96.\nBrent crude, the global oil benchmark, fell 0.26% to $76.50 per barrel in futures trade.\nIn the domestic equity market, the 30-share BSE Sensex advanced 33.49 points, or 0.04%, to 81,478.15, while the Nifty rose 22.90 points, or 0.09%, to 24,836.45.\nForeign institutional investors (FIIs) purchased equities worth ₹890.93 crore on a net basis on Wednesday, according to exchange data.\nPublished - June 19, 2025 10:19 am IST\nRead Comments Copy link Email Facebook Twitter Telegram LinkedIn WhatsApp Reddit READ LATER Remove SEE ALL PRINT",
    "highlightText": "",
    "highlightTitle": "",
    "highlightThreadTitle": "",
    "language": "english",
    "sentiment": "negative",
    "categories": [
        "Economy, Business and Finance"
    ],
    "topics": [
        "Economy, Business and Finance->financial and economic news",
        "Economy, Business and Finance->foreign exchange market"
    ],
    "ai_allow": true,
    "has_canonical": false,
    "breaking": true,
    "webz_reporter": false,
    "external_links": [
        "https://twitter.com/intent/tweet?url=https%3A%2F%2Fwww.thehindu.com%2Fbusiness%2Fmarkets%2Frupee-falls-14-paise-to-8657-against-us-dollar-in-early-trade%2Farticle69711859.ece&text=Rupee%20falls%2014%20paise%20to%2086.57%20against%20U.S.%20dollar%20in%20early%20trade",
        "https://www.linkedin.com/shareArticle?url=https%3A%2F%2Fwww.thehindu.com%2Fbusiness%2Fmarkets%2Frupee-falls-14-paise-to-8657-against-us-dollar-in-early-trade%2Farticle69711859.ece&title=Rupee%20falls%2014%20paise%20to%2086.57%20against%20U.S.%20dollar%20in%20early%20trade",
        "https://t.me/share/url?url=https%3A%2F%2Fwww.thehindu.com%2Fbusiness%2Fmarkets%2Frupee-falls-14-paise-to-8657-against-us-dollar-in-early-trade%2Farticle69711859.ece&text=Rupee%20falls%2014%20paise%20to%2086.57%20against%20U.S.%20dollar%20in%20early%20trade",
        "https://www.facebook.com/sharer/sharer.php?u=https%3A%2F%2Fwww.thehindu.com%2Fbusiness%2Fmarkets%2Frupee-falls-14-paise-to-8657-against-us-dollar-in-early-trade%2Farticle69711859.ece&t=Rupee%20falls%2014%20paise%20to%2086.57%20against%20U.S.%20dollar%20in%20early%20trade",
        "https://api.whatsapp.com//send?text=Rupee%20falls%2014%20paise%20to%2086.57%20against%20U.S.%20dollar%20in%20early%20trade%20-%20https%3A%2F%2Fwww.thehindu.com%2Fbusiness%2Fmarkets%2Frupee-falls-14-paise-to-8657-against-us-dollar-in-early-trade%2Farticle69711859.ece",
        "https://reddit.com/submit?url=https%3A%2F%2Fwww.thehindu.com%2Fbusiness%2Fmarkets%2Frupee-falls-14-paise-to-8657-against-us-dollar-in-early-trade%2Farticle69711859.ece&title=Rupee%20falls%2014%20paise%20to%2086.57%20against%20U.S.%20dollar%20in%20early%20trade",
        "https://www.t.me/share/url?url=https%3A%2F%2Fwww.thehindu.com%2Fbusiness%2Fmarkets%2Frupee-falls-14-paise-to-8657-against-us-dollar-in-early-trade%2Farticle69711859.ece&text=Rupee%20falls%2014%20paise%20to%2086.57%20against%20U.S.%20dollar%20in%20early%20trade",
        "https://www.reddit.com/submit?url=https%3A%2F%2Fwww.thehindu.com%2Fbusiness%2Fmarkets%2Frupee-falls-14-paise-to-8657-against-us-dollar-in-early-trade%2Farticle69711859.ece&title=Rupee%20falls%2014%20paise%20to%2086.57%20against%20U.S.%20dollar%20in%20early%20trade",
        "https://t.me/share/url",
        "https://reddit.com/submit",
        "https://facebook.com/sharer/sharer.php?u=https%3A%2F%2Fwww.thehindu.com%2Fbusiness%2Fmarkets%2Frupee-falls-14-paise-to-8657-against-us-dollar-in-early-trade%2Farticle69711859.ece&t=Rupee%20falls%2014%20paise%20to%2086.57%20against%20U.S.%20dollar%20in%20early%20trade",
        "https://www.api.whatsapp.com//send?text=Rupee%20falls%2014%20paise%20to%2086.57%20against%20U.S.%20dollar%20in%20early%20trade%20-%20https%3A%2F%2Fwww.thehindu.com%2Fbusiness%2Fmarkets%2Frupee-falls-14-paise-to-8657-against-us-dollar-in-early-trade%2Farticle69711859.ece",
        "https://www.facebook.com/sharer/sharer.php",
        "https://www.linkedin.com/shareArticle",
        "https://linkedin.com/shareArticle?url=https%3A%2F%2Fwww.thehindu.com%2Fbusiness%2Fmarkets%2Frupee-falls-14-paise-to-8657-against-us-dollar-in-early-trade%2Farticle69711859.ece&title=Rupee%20falls%2014%20paise%20to%2086.57%20against%20U.S.%20dollar%20in%20early%20trade",
        "https://api.whatsapp.com//send",
        "https://www.twitter.com/intent/tweet?url=https%3A%2F%2Fwww.thehindu.com%2Fbusiness%2Fmarkets%2Frupee-falls-14-paise-to-8657-against-us-dollar-in-early-trade%2Farticle69711859.ece&text=Rupee%20falls%2014%20paise%20to%2086.57%20against%20U.S.%20dollar%20in%20early%20trade",
        "https://twitter.com/intent/tweet"
    ],
    "entities": {
        "persons": [
            {
                "name": "Anil Kumar Bhansali",
                "sentiment": "none"
            }
        ],
        "locations": [
            {
                "name": "Middle East",
                "sentiment": "none"
            }
        ],
        "organizations": [
            {
                "name": "Finrex Treasury Advisors LLP",
                "sentiment": "none",
                "tickers": []
            }
        ]
    },
    "syndication": {
        "syndicated": false,
        "syndicate_id": "2f06bdb6d73bdfcb91115c24650846bfacc61358",
        "first_syndicated": true
    },
    "trust": {
        "categories": [
            "trusted_news"
        ],
        "top_news": [
            "top_news_in",
            "top_news_pk",
            "top_news_ae",
            "top_news_qa",
            "top_news_sg",
            "top_news_kw",
            "top_news"
        ],
        "bias": "center"
    },
    "rating": null,
    "crawled": "2025-06-19T08:03:13.492+03:00",
    "updated": "2025-06-20T05:05:18.000+00:00"
}