{
    "thread": {
        "uuid": "99fcd9c78eb3d1a392faa07e61208a614ba2fcd9",
        "url": "https://www.business-standard.com/markets/news/nifty-midcap-sees-breakdown-can-dip-8-smallcap-clinches-to-key-support-125061900174_1.html",
        "site_full": "www.business-standard.com",
        "site": "business-standard.com",
        "site_section": "https://www.business-standard.com/latest-news/page-1",
        "site_categories": [
            "media",
            "financial_news",
            "finance"
        ],
        "section_title": "Latest News: Top News, Breaking News, LIVE News Headlines from India &amp; World | Business Standard",
        "site_title": "Business News, Finance News, India News, Stock Markets BSE/NSE News, SENSEX, NIFTY, Personal Finance News",
        "title": "Nifty MidCap sees breakdown, can dip 8%; SmallCap clinches to key support | Markets News - Business Standard",
        "title_full": "Nifty MidCap sees breakdown, can dip 8%; SmallCap clinches to key support | Markets News - Business Standard",
        "published": "2025-06-19T07:10:00.000+03:00",
        "replies_count": 0,
        "participants_count": 1,
        "site_type": "news",
        "country": "IN",
        "main_image": "https://bsmedia.business-standard.com/_media/bs/img/article/2025-06/08/full/1749400505-9855.jpg",
        "performance_score": 0,
        "domain_rank": 1290,
        "domain_rank_updated": "2025-06-03T00:00:00.000+03:00",
        "licensing_agency": [],
        "social": {
            "facebook": {
                "likes": 0,
                "comments": 0,
                "shares": 0
            },
            "vk": {
                "shares": 0
            }
        }
    },
    "uuid": "99fcd9c78eb3d1a392faa07e61208a614ba2fcd9",
    "url": "https://www.business-standard.com/markets/news/nifty-midcap-sees-breakdown-can-dip-8-smallcap-clinches-to-key-support-125061900174_1.html",
    "ord_in_thread": 0,
    "author": "Business Standard",
    "published": "2025-06-19T07:10:00.000+03:00",
    "title": "Nifty MidCap sees breakdown, can dip 8%; SmallCap clinches to key support | Markets News - Business Standard",
    "text": "Equity benchmark indices have been grappling with fears of a likely all-out war between Israel-Iran as the conflict now completes a week. Amid the consolidation, the National Stock Exchange (NSE) benchmark index has declined over 1.5 per cent from its recent high of 25,222 registered last week; while the broader indices - the Nifty MidCap 150 and the Nifty SmallCap 250 were down close to 3 per cent each. The Nifty MidCap index, in particular, has flagged a bearish signal on the technical charts, as it closed below the trend line support on Wednesday. On",
    "highlightText": "",
    "highlightTitle": "",
    "highlightThreadTitle": "",
    "language": "english",
    "sentiment": "negative",
    "categories": [
        "Economy, Business and Finance"
    ],
    "topics": [
        "Economy, Business and Finance->financial and economic news",
        "Economy, Business and Finance->market and exchange",
        "Economy, Business and Finance->business strategy and marketing"
    ],
    "ai_allow": true,
    "has_canonical": false,
    "breaking": null,
    "webz_reporter": false,
    "external_links": [],
    "entities": {
        "persons": [],
        "locations": [],
        "organizations": [
            {
                "name": "Markets News - Business Standard",
                "sentiment": "negative",
                "tickers": []
            },
            {
                "name": "National Stock Exchange",
                "sentiment": "none",
                "tickers": []
            },
            {
                "name": "NSE",
                "sentiment": "none",
                "tickers": []
            }
        ]
    },
    "syndication": {
        "syndicated": false,
        "syndicate_id": null,
        "first_syndicated": false
    },
    "trust": {
        "categories": [
            "trusted_news"
        ],
        "top_news": [],
        "bias": "center"
    },
    "rating": null,
    "crawled": "2025-06-19T08:13:12.430+03:00",
    "updated": "2025-06-19T05:14:55.000+00:00"
}