{
    "thread": {
        "uuid": "e0e70762569d4fd8b3b9e47919d49c040a21a677",
        "url": "https://www.cnbc.com/video/2025/06/19/we-are-entering-an-environmen-where-its-agoing-to-get-quite-uncomfortablea-nomura.html",
        "site_full": "www.cnbc.com",
        "site": "cnbc.com",
        "site_section": "https://news.google.com/search?q=are%20when%3A1h&hl=en-US&gl=US&ceid=US%3Aen",
        "site_categories": [
            "financial_news",
            "finance",
            "top_news_nz",
            "top_news_au",
            "top_news_ae",
            "top_news_us",
            "top_news_tw",
            "top_news_gb",
            "top_news_th",
            "top_news_kr",
            "top_news_sg",
            "top_news_ph",
            "top_news_hk",
            "top_news_qa",
            "top_news_ie",
            "top_news_pk",
            "top_news_dk",
            "top_news_za",
            "top_news_my",
            "top_news_il",
            "top_news_kw",
            "top_news_ca",
            "top_news_iq",
            "top_news"
        ],
        "section_title": "Google News - Search",
        "site_title": "International Business, World News &amp; Global Stock Market Analysis",
        "title": "Markets are 'going to get uncomfortable': Nomura",
        "title_full": "Markets are 'going to get uncomfortable': Nomura",
        "published": "2025-06-19T08:09:00.000+03:00",
        "replies_count": 0,
        "participants_count": 1,
        "site_type": "news",
        "country": "US",
        "main_image": "https://image.cnbcfm.com/api/v1/image/108161437-17503081741750308171-40327585977-1080pnbcnews.jpg?v=1750308173&amp;w=1920&amp;h=1080",
        "performance_score": 0,
        "domain_rank": 152,
        "domain_rank_updated": "2025-06-03T00:00:00.000+03:00",
        "licensing_agency": [],
        "social": {
            "facebook": {
                "likes": 0,
                "comments": 0,
                "shares": 1
            },
            "vk": {
                "shares": 0
            }
        }
    },
    "uuid": "e0e70762569d4fd8b3b9e47919d49c040a21a677",
    "url": "https://www.cnbc.com/video/2025/06/19/we-are-entering-an-environmen-where-its-agoing-to-get-quite-uncomfortablea-nomura.html",
    "ord_in_thread": 0,
    "author": "@CNBC",
    "published": "2025-06-19T08:09:00.000+03:00",
    "title": "Markets are 'going to get uncomfortable': Nomura",
    "text": "Gareth Nicholson of Nomura warns of quake-prone markets driven by tighter spreads, with hedge funds primed to capitalize on the turbulence. 03:34 an hour ago",
    "highlightText": "",
    "highlightTitle": "",
    "highlightThreadTitle": "",
    "language": "english",
    "sentiment": "negative",
    "categories": [
        "Economy, Business and Finance",
        "Social Issue"
    ],
    "topics": [
        "Economy, Business and Finance->financial and economic news",
        "Social Issue->social condition"
    ],
    "ai_allow": true,
    "has_canonical": false,
    "breaking": null,
    "webz_reporter": false,
    "external_links": [],
    "entities": {
        "persons": [
            {
                "name": "Gareth Nicholson",
                "sentiment": "negative"
            }
        ],
        "locations": [],
        "organizations": [
            {
                "name": "Nomura",
                "sentiment": "negative",
                "tickers": []
            }
        ]
    },
    "syndication": {
        "syndicated": false,
        "syndicate_id": null,
        "first_syndicated": false
    },
    "trust": {
        "categories": [
            "trusted_news"
        ],
        "top_news": [
            "top_news_nz",
            "top_news_au",
            "top_news_ae",
            "top_news_us",
            "top_news_tw",
            "top_news_gb",
            "top_news_th",
            "top_news_kr",
            "top_news_sg",
            "top_news_ph",
            "top_news_hk",
            "top_news_qa",
            "top_news_ie",
            "top_news_pk",
            "top_news_dk",
            "top_news_za",
            "top_news_my",
            "top_news_il",
            "top_news_kw",
            "top_news_ca",
            "top_news_iq",
            "top_news"
        ],
        "bias": "center"
    },
    "rating": null,
    "crawled": "2025-06-19T09:18:14.926+03:00",
    "updated": "2025-06-20T07:09:23.000+00:00"
}