{
    "thread": {
        "uuid": "840aa3ae13ef686b278578e48a2b6722038b800c",
        "url": "https://www.newsbreak.com/hangtime-1830693/4058418260258-this-was-a-bad-trade-for-devers-too",
        "site_full": "www.newsbreak.com",
        "site": "newsbreak.com",
        "site_section": "https://www.newsbreak.com/hangtime-1830693",
        "site_categories": [
            "under_construction"
        ],
        "section_title": "HangTime&#x27;s Home Page | NewsBreak",
        "site_title": "NewsBreak: Local News &amp; Alerts",
        "title": "This was a bad trade for Devers too! - NewsBreak",
        "title_full": "This was a bad trade for Devers too! - NewsBreak",
        "published": "2025-06-18T03:00:00.000+03:00",
        "replies_count": 0,
        "participants_count": 0,
        "site_type": "news",
        "country": "US",
        "main_image": "https://img.particlenews.com/img/id/3m8W5U_11vLvh6Q00",
        "performance_score": 0,
        "domain_rank": 3213,
        "domain_rank_updated": "2025-06-03T00:00:00.000+03:00",
        "licensing_agency": [],
        "social": {
            "facebook": {
                "likes": 0,
                "comments": 0,
                "shares": 0
            },
            "vk": {
                "shares": 0
            }
        }
    },
    "uuid": "840aa3ae13ef686b278578e48a2b6722038b800c",
    "url": "https://www.newsbreak.com/hangtime-1830693/4058418260258-this-was-a-bad-trade-for-devers-too",
    "ord_in_thread": 0,
    "author": null,
    "published": "2025-06-18T03:00:00.000+03:00",
    "title": "This was a bad trade for Devers too! - NewsBreak",
    "text": "Open in NewsBreak\n|\nSign in\nChoose your location\nSee all locations\nSign In\nAbout NewsBreak\nPartner with us\nFollow us\n©2024 NewsBreak. All Rights Reserved.\nBoston, Massachusetts\n· 7 hours ago\nHangTime\nThis was a bad trade for Devers too!\n0\n0\nShare\nComments\nLoading editor...\nPost\nCommunity Policy\nYou may also like\nSportsgrid\n79 ·\n05-17\nFOX 2 San Francisco\n1 ·\n1 day ago\nSportsgrid\n3 ·\n3 days ago\nSportsgrid\n9 ·\n16 days ago\n13 ON YOUR SIDE\n371 ·\n7 days ago\nSportsgrid\n5 ·\n3 days ago\nFOX 2 San Francisco\n6 ·\n1 day ago\nCBS News\n6 ·\n6 hours ago\nComments\n/\nClose\nCommunity Policy",
    "highlightText": "",
    "highlightTitle": "",
    "highlightThreadTitle": "",
    "language": "english",
    "sentiment": "negative",
    "categories": [
        "Economy, Business and Finance",
        "Sport",
        "Human Interest"
    ],
    "topics": [
        "Economy, Business and Finance->financial and economic news",
        "Sport->sports transaction"
    ],
    "ai_allow": true,
    "has_canonical": false,
    "breaking": null,
    "webz_reporter": false,
    "external_links": [],
    "entities": {
        "persons": [],
        "locations": [],
        "organizations": [
            {
                "name": "Sportsgrid",
                "sentiment": "none",
                "tickers": []
            },
            {
                "name": "CBS News",
                "sentiment": "none",
                "tickers": []
            }
        ]
    },
    "syndication": {
        "syndicated": false,
        "syndicate_id": null,
        "first_syndicated": false
    },
    "trust": {
        "categories": [
            "fake_news"
        ],
        "top_news": [],
        "bias": "center"
    },
    "rating": null,
    "crawled": "2025-06-19T07:30:15.112+03:00",
    "updated": "2025-06-19T04:34:57.000+00:00"
}