{
    "thread": {
        "uuid": "bf8e6ea8fa824804199e50d68892eddad22d7ce3",
        "url": "https://www.moneycontrol.com/news/business/markets/nifty-it-sharply-down-on-selloff-after-fed-s-inflation-tariff-view-wipro-sole-gainer-on-upgrade-13144009.html",
        "site_full": "www.moneycontrol.com",
        "site": "moneycontrol.com",
        "site_section": "https://www.moneycontrol.com/podcast/coronavirus-essential/elections/news/news/business",
        "site_categories": [
            "investing",
            "financial_news",
            "finance"
        ],
        "section_title": "Latest News | Latest Business News | BSE | IPO News - Moneycontrol.com",
        "site_title": "Business News Today: Stock and Share Market News, Economy and Finance News, Sensex, Nifty, Global Market, NSE, BSE Live IPO News",
        "title": "Infosys, TechM, other IT stocks tumble up to 2% after US Fed keeps rates unchanged; Nifty IT down 1%",
        "title_full": "Infosys, TechM, other IT stocks tumble up to 2% after US Fed keeps rates unchanged; Nifty IT down 1%",
        "published": "2025-06-19T08:16:00.000+03:00",
        "replies_count": 0,
        "participants_count": 1,
        "site_type": "news",
        "country": "IN",
        "main_image": "https://images.moneycontrol.com/static-mcnews/2025/06/20250618175322_Fed-chair-Jerome-Powell-AFP.jpg",
        "performance_score": 0,
        "domain_rank": 2394,
        "domain_rank_updated": "2025-06-03T00:00:00.000+03:00",
        "licensing_agency": [],
        "social": {
            "facebook": {
                "likes": 0,
                "comments": 0,
                "shares": 0
            },
            "vk": {
                "shares": 0
            }
        }
    },
    "uuid": "bf8e6ea8fa824804199e50d68892eddad22d7ce3",
    "url": "https://www.moneycontrol.com/news/business/markets/nifty-it-sharply-down-on-selloff-after-fed-s-inflation-tariff-view-wipro-sole-gainer-on-upgrade-13144009.html",
    "ord_in_thread": 0,
    "author": "Debaroti Adhikary",
    "published": "2025-06-19T08:16:00.000+03:00",
    "title": "Infosys, TechM, other IT stocks tumble up to 2% after US Fed keeps rates unchanged; Nifty IT down 1%",
    "text": "Shares of IT companies were sharply lower on June 19, after the US Federal Reserve kept key interest rates unchanged while raising fears over US inflation, and Indian tech companies tracked Wall Street's fall from highs on rising worries of America's possible direct conflict with Iran. The sharp fall in the IT stocks pushed Nifty IT index down nearly a percent in early trade. Also weighing on the sentiment for IT shares were CLSA and Morgan Stanley's cautious notes, stating that US discretionary spending still remains weak. Morgan Stanley downgraded shares of Tech Mahindra to 'underweight' and set a target price of Rs 1,575 per share, but upgraded Wipro to 'equal-weight' with a target price to Rs 265 per share. Morgan Stanley said its assessment of a muted revenue CAGR for IT companies still holds, as deal pipeline is indicating at a weak discretionary spending outlook in US. CLSA too sees demand across most verticals to stay muted. While announcing the American central bank's decision, Federal Reserve Chair Jerome Powell said that he expects 'meaningful inflation' ahead, as consumers pay more for goods due to the massive tariffs by the Trump administration on imports. &quot;Everyone that I know is forecasting a meaningful increase in inflation in coming months from tariffs, because someone has to pay for the tariffs ... between the manufacturer, the exporter, the importer, the retailer…People will be trying not to be the ones who can pick up the cost. Ultimately, the cost of the tariff has to be paid, and some of it will fall on the end consumer,&quot; he said during a press conference after the policy decision. This rising inflation will likely reduce discretionary demand for US consumers, potentially impacting Indian IT companies which derive a major portion of their revenue from US market. No rate cut, followed by lowering of US discretionary demand, may affect these IT firms. Tech Mahindra shares dropped over 1.8 percent to hover around Rs 1,678 apiece in the morning, while those of LTI Mindtree and Infosys fell over 1 percent each. HCL Tech and Tata Consultancy Services (TCS) shares were meanwhile down nearly 0.8 percent each. Persistent Systems and Coforge shares were down around 0.5 percent each, while Mphasis shares were trading in the red with marginal losses. Wipro shares however bucked the trend to trade in the green with marginal gains. Notably, the IT stocks had recorded significant gains earlier on expectations of a rate cut. The Nifty IT index added Rs 1.16 lakh crore in market capitalization by recording gains in eight out of last nine sessions till June 16. Also Read: Our LIVE blog on stock market updates Although the US Fed kept rates unchanged, it expects to cut rates by half percentage point by the end of this year. However, more policymakers are now expecting to make no rate cuts at all in the near future than before, given the dismal inflation projection. Disclaimer: The views and investment tips expressed by experts on Moneycontrol are their own and not those of the website or its management. Moneycontrol advises users to check with certified experts before taking any investment decisions.\",",
    "highlightText": "",
    "highlightTitle": "",
    "highlightThreadTitle": "",
    "language": "english",
    "sentiment": "negative",
    "categories": [
        "Economy, Business and Finance",
        "Social Issue",
        "Human Interest"
    ],
    "topics": [
        "Economy, Business and Finance->business reporting and performance",
        "Economy, Business and Finance->financial and economic news",
        "Social Issue->social condition",
        "Social Issue->demographics",
        "Social Issue->social problem"
    ],
    "ai_allow": true,
    "has_canonical": false,
    "breaking": null,
    "webz_reporter": false,
    "external_links": [],
    "entities": {
        "persons": [
            {
                "name": "Jerome Powell",
                "sentiment": "none"
            }
        ],
        "locations": [],
        "organizations": [
            {
                "name": "US Fed",
                "sentiment": "negative",
                "tickers": []
            },
            {
                "name": "Infosys",
                "sentiment": "negative",
                "tickers": []
            },
            {
                "name": "Morgan Stanley",
                "sentiment": "none",
                "tickers": []
            },
            {
                "name": "Tech Mahindra",
                "sentiment": "none",
                "tickers": []
            },
            {
                "name": "CLSA",
                "sentiment": "none",
                "tickers": []
            }
        ]
    },
    "syndication": {
        "syndicated": false,
        "syndicate_id": null,
        "first_syndicated": false
    },
    "trust": {
        "categories": [],
        "top_news": [],
        "bias": null
    },
    "rating": null,
    "crawled": "2025-06-19T09:23:21.335+03:00",
    "updated": "2025-06-19T06:34:21.000+00:00"
}