{
    "thread": {
        "uuid": "d7e592c53d76c9608a0b213f8cf8ddd345a6281e",
        "url": "https://www.livemint.com/videos/companies/mission-to-revive-hmt-will-this-mumbai-collective-succeed-luxury-lounge-11756360140269.html",
        "site_full": "www.livemint.com",
        "site": "livemint.com",
        "site_section": "https://www.livemint.com/market/commodities",
        "site_categories": [
            "media",
            "financial_news",
            "finance",
            "top_news_in",
            "top_news_iq",
            "top_news_pk",
            "top_news_ae",
            "top_news_za",
            "top_news_qa",
            "top_news_sg",
            "top_news_sa",
            "top_news_kw",
            "top_news"
        ],
        "section_title": "Commodity News: Commodity Market, Commodity Prices, Gold, Mentha, Crude Oil Price",
        "site_title": "Business News Today: Read Latest Business News, Live India Share Market News, Finance &amp; Economy News | Mint",
        "title": "Mission To Revive HMT: Will This Mumbai Collective Succeed? | Luxury Lounge",
        "title_full": "Mission To Revive HMT: Will This Mumbai Collective Succeed? | Luxury Lounge",
        "published": "2025-08-28T08:49:00.000+03:00",
        "replies_count": 0,
        "participants_count": 1,
        "site_type": "news",
        "country": "IN",
        "main_image": "https://www.livemint.com/lm-img/img/2025/08/28/600x338/hqdefault_1756360137767_1756360163564.jpg",
        "performance_score": 0,
        "domain_rank": 1367,
        "domain_rank_updated": "2025-06-03T00:00:00.000+03:00",
        "licensing_agency": [],
        "social": {
            "facebook": {
                "likes": 0,
                "comments": 0,
                "shares": 0
            },
            "vk": {
                "shares": 0
            }
        }
    },
    "uuid": "d7e592c53d76c9608a0b213f8cf8ddd345a6281e",
    "url": "https://www.livemint.com/videos/companies/mission-to-revive-hmt-will-this-mumbai-collective-succeed-luxury-lounge-11756360140269.html",
    "ord_in_thread": 0,
    "author": "Livemint",
    "published": "2025-08-28T08:49:00.000+03:00",
    "title": "Mission To Revive HMT: Will This Mumbai Collective Succeed? | Luxury Lounge",
    "text": "Mission To Revive HMT: Will This Mumbai Collective Succeed? | Luxury Lounge Updated: 28 Aug 2025, 11:19 am IST Livemint Last year, Union Minister H.D. Kumaraswamy made headlines when he spoke about reviving HMT. India's first watch brand, once called the timekeeper to the nation, had been liquidated back in 2016. For a moment, it appeared that the government was considering stepping in. But the talk soon faded, and the brand slipped back into obscurity. Now, the conversation has been picked up by a group outside government. NYU City Design Labs, a venture design collective in Mumbai, has begun exploring what a revival could look like. Watch!",
    "highlightText": "",
    "highlightTitle": "",
    "highlightThreadTitle": "",
    "language": "english",
    "sentiment": "positive",
    "categories": [
        "Economy, Business and Finance",
        "Human Interest",
        "Lifestyle and Leisure"
    ],
    "topics": [
        "Economy, Business and Finance->financial and economic news",
        "Economy, Business and Finance->business restructuring",
        "Economy, Business and Finance->business strategy and marketing",
        "Human Interest->record and achievement",
        "Lifestyle and Leisure->wellness",
        "Lifestyle and Leisure->lifestyle",
        "Lifestyle and Leisure->trend"
    ],
    "ai_allow": true,
    "has_canonical": false,
    "breaking": true,
    "webz_reporter": false,
    "external_links": [],
    "external_images": [],
    "internal_images": [],
    "entities": {
        "persons": [
            {
                "name": "H.D. Kumaraswamy",
                "sentiment": "none"
            }
        ],
        "locations": [],
        "organizations": [
            {
                "name": "NYU City Design Labs",
                "sentiment": "none",
                "tickers": []
            }
        ]
    },
    "syndication": {
        "syndicated": false,
        "syndicate_id": null,
        "first_syndicated": false
    },
    "trust": {
        "categories": null,
        "top_news": [
            "top_news_in",
            "top_news_iq",
            "top_news_pk",
            "top_news_ae",
            "top_news_za",
            "top_news_qa",
            "top_news_sg",
            "top_news_sa",
            "top_news_kw",
            "top_news"
        ],
        "bias": "center",
        "source": {
            "type": null,
            "city": null,
            "state": null,
            "country": null,
            "domain_type": null,
            "agency": null,
            "organization_name": null
        }
    },
    "rating": null,
    "crawled": "2025-08-28T08:56:29.986+03:00",
    "updated": "2025-08-29T09:08:03.000+03:00"
}