{
    "thread": {
        "uuid": "9628a235cd35008c6a6b93b183afc38e3f1e1904",
        "url": "http://www.valleynewsandviews.com/news/industrial-commission-approves-program-support-ag-defense-work",
        "site_full": "www.valleynewsandviews.com",
        "site": "valleynewsandviews.com",
        "site_section": "https://valleynewsandviews.com/news-staff",
        "site_categories": [],
        "section_title": "News Staff | Valley News and Views",
        "site_title": "Valley News and Views",
        "title": "Industrial Commission approves program to support ag, defense work | Valley News and Views",
        "title_full": "Industrial Commission approves program to support ag, defense work | Valley News and Views",
        "published": "2025-08-28T04:25:00.000+03:00",
        "replies_count": 0,
        "participants_count": 0,
        "site_type": "news",
        "country": "US",
        "main_image": "",
        "performance_score": 0,
        "domain_rank": null,
        "domain_rank_updated": null,
        "licensing_agency": [],
        "social": {
            "facebook": {
                "likes": 0,
                "comments": 0,
                "shares": 0
            },
            "vk": {
                "shares": 0
            }
        }
    },
    "uuid": "9628a235cd35008c6a6b93b183afc38e3f1e1904",
    "url": "http://www.valleynewsandviews.com/news/industrial-commission-approves-program-support-ag-defense-work",
    "ord_in_thread": 0,
    "author": null,
    "published": "2025-08-28T04:25:00.000+03:00",
    "title": "Industrial Commission approves program to support ag, defense work | Valley News and Views",
    "text": "The North Dakota Industrial Commission has approved the plan for a new grant program for the Research and Technology Park (RTP) at North Dakota State University.The program will support exploratory, transformational and innovative research and product development activities that advance intelligent autonomous mobile equipment primarily in the agriculture and defense sectors.“Thi...",
    "highlightText": "",
    "highlightTitle": "",
    "highlightThreadTitle": "",
    "language": "english",
    "sentiment": "positive",
    "categories": [
        "Economy, Business and Finance",
        "Politics",
        "Social Issue"
    ],
    "topics": [
        "Economy, Business and Finance->agriculture",
        "Economy, Business and Finance->financial and economic news",
        "Economy, Business and Finance->business governance",
        "Politics->government",
        "Politics->defence",
        "Politics->economic policy",
        "Social Issue->communities",
        "Social Issue->social services",
        "Social Issue->social condition"
    ],
    "ai_allow": true,
    "has_canonical": false,
    "breaking": null,
    "webz_reporter": false,
    "external_links": [],
    "external_images": [],
    "internal_images": [],
    "entities": {
        "persons": [],
        "locations": [],
        "organizations": [
            {
                "name": "North Dakota Industrial Commission",
                "sentiment": "none",
                "tickers": []
            }
        ]
    },
    "syndication": {
        "syndicated": false,
        "syndicate_id": null,
        "first_syndicated": false
    },
    "trust": {
        "categories": null,
        "top_news": [],
        "bias": null,
        "source": {
            "type": "local_news",
            "city": [
                "Drayton",
                "Wales"
            ],
            "state": [
                "North Dakota"
            ],
            "country": [
                "US"
            ],
            "domain_type": null,
            "agency": null,
            "organization_name": null
        }
    },
    "rating": null,
    "crawled": "2025-08-28T08:37:26.071+03:00",
    "updated": "2025-08-28T08:41:57.000+03:00"
}