{
    "thread": {
        "uuid": "99ac12e7c801d473d1322dce31c28b97308b22c2",
        "url": "https://www.news18.com/videos/india-poised-to-become-world-s-second-largest-economy-by-2038-ey-report-reveals-gdp-news18-9533372.html",
        "site_full": "www.news18.com",
        "site": "news18.com",
        "site_section": "https://www.news18.com/commonfeeds/v1/eng/rss/latest.xml",
        "site_categories": [
            "media",
            "top_news_in",
            "top_news_ph",
            "top_news_pk",
            "top_news_ae",
            "top_news_qa",
            "top_news_sg",
            "top_news_sa",
            "top_news_kw",
            "top_news"
        ],
        "section_title": "Latest News in news18.com, Latest Latest News, Latest News",
        "site_title": "News: Get Latest News Today, Breaking News, Top News Headlines, India and World News | News18",
        "title": "India Poised To Become World's Second Largest Economy By 2038, EY Report Reveals | GDP | News18",
        "title_full": "India Poised To Become World's Second Largest Economy By 2038, EY Report Reveals | GDP | News18",
        "published": "2025-08-28T08:54:00.000+03:00",
        "replies_count": 0,
        "participants_count": 1,
        "site_type": "news",
        "country": "IN",
        "main_image": "https://images.news18.com/ibnlive/uploads/2025/08/1756360681_3c06d07a-0af7-414d-9cb6-2f8a7ec51e61-16x9.jpeg",
        "performance_score": 0,
        "domain_rank": 2068,
        "domain_rank_updated": "2025-06-03T00:00:00.000+03:00",
        "licensing_agency": [],
        "social": {
            "facebook": {
                "likes": 0,
                "comments": 0,
                "shares": 0
            },
            "vk": {
                "shares": 0
            }
        }
    },
    "uuid": "99ac12e7c801d473d1322dce31c28b97308b22c2",
    "url": "https://www.news18.com/videos/india-poised-to-become-world-s-second-largest-economy-by-2038-ey-report-reveals-gdp-news18-9533372.html",
    "ord_in_thread": 0,
    "author": "News18",
    "published": "2025-08-28T08:54:00.000+03:00",
    "title": "India Poised To Become World's Second Largest Economy By 2038, EY Report Reveals | GDP | News18",
    "text": "India Poised To Become World's Second Largest Economy By 2038, EY Report Reveals | GDP | News18\nLast Updated:\nVideosA recent EY report suggests India could become the world's second-largest economy by 2038, with a GDP of $34.2 trillion. Despite challenges like US tariffs, structural reforms and demographic advantages position India for robust growth, projecting a 6.5% GDP increase next year.\nAdvertisement",
    "highlightText": "",
    "highlightTitle": "",
    "highlightThreadTitle": "",
    "language": "english",
    "sentiment": "positive",
    "categories": [
        "Economy, Business and Finance",
        "Social Issue"
    ],
    "topics": [
        "Economy, Business and Finance->macro economics",
        "Economy, Business and Finance->economy",
        "Economy, Business and Finance->financial and economic news",
        "Social Issue->population and census",
        "Social Issue->social condition",
        "Social Issue->demographics"
    ],
    "ai_allow": true,
    "has_canonical": false,
    "breaking": true,
    "webz_reporter": false,
    "external_links": [],
    "external_images": [],
    "internal_images": [],
    "entities": {
        "persons": [],
        "locations": [],
        "organizations": []
    },
    "syndication": {
        "syndicated": false,
        "syndicate_id": null,
        "first_syndicated": false
    },
    "trust": {
        "categories": [
            "fake_news"
        ],
        "top_news": [
            "top_news_in",
            "top_news_ph",
            "top_news_pk",
            "top_news_ae",
            "top_news_qa",
            "top_news_sg",
            "top_news_sa",
            "top_news_kw",
            "top_news"
        ],
        "bias": "center",
        "source": {
            "type": null,
            "city": null,
            "state": null,
            "country": null,
            "domain_type": null,
            "agency": null,
            "organization_name": null
        }
    },
    "rating": null,
    "crawled": "2025-08-28T09:13:28.097+03:00",
    "updated": "2025-08-29T10:06:42.000+03:00"
}