{
    "thread": {
        "uuid": "eb98555daf18cac02186ecf9aa3be50c88124eae",
        "url": "https://lotfourteen.kinsta.cloud/events/sa-insights-powering-innovation-south-australias-crc-leadership/",
        "site_full": "lotfourteen.kinsta.cloud",
        "site": "kinsta.cloud",
        "site_section": "https://lotfourteen.kinsta.cloud/events",
        "site_categories": [],
        "section_title": "Events Archive - Lot Fourteen",
        "site_title": "Home | Lot Fourteen",
        "title": "SA Insights: Powering Innovation: South Australia's CRC Leadership",
        "title_full": "SA Insights: Powering Innovation: South Australia's CRC Leadership",
        "published": "2025-08-20T08:47:00.000+03:00",
        "replies_count": 0,
        "participants_count": 0,
        "site_type": "news",
        "country": "US",
        "main_image": "https://lotfourteen.com.au/content/uploads/2025/08/https___cdn.evbuc_.com_images_1084324753_952070455023_1_original.jpg",
        "performance_score": 0,
        "domain_rank": 8877,
        "domain_rank_updated": "2025-06-03T00:00:00.000+03:00",
        "licensing_agency": [],
        "social": {
            "facebook": {
                "likes": 0,
                "comments": 0,
                "shares": 0
            },
            "vk": {
                "shares": 0
            }
        }
    },
    "uuid": "eb98555daf18cac02186ecf9aa3be50c88124eae",
    "url": "https://lotfourteen.kinsta.cloud/events/sa-insights-powering-innovation-south-australias-crc-leadership/",
    "ord_in_thread": 0,
    "author": null,
    "published": "2025-08-20T08:47:00.000+03:00",
    "title": "SA Insights: Powering Innovation: South Australia's CRC Leadership",
    "text": "Join us for a dynamic showcase of the three newly announced Cooperative Research Centres (CRCs) with strong South Australian involvement. South Australia has a proud history of leading nationally significant CRCs and translating research into successful spinouts and commercial outcomes.\n\"*\" indicates required fields",
    "highlightText": "",
    "highlightTitle": "",
    "highlightThreadTitle": "",
    "language": "english",
    "sentiment": "positive",
    "categories": [
        "Science and Technology",
        "Economy, Business and Finance",
        "Human Interest"
    ],
    "topics": [
        "Science and Technology->scientific research",
        "Science and Technology->scientific innovation",
        "Science and Technology->technology and engineering",
        "Economy, Business and Finance->financial and economic news",
        "Economy, Business and Finance->business service",
        "Economy, Business and Finance->business strategy and marketing"
    ],
    "ai_allow": true,
    "has_canonical": true,
    "breaking": null,
    "webz_reporter": false,
    "external_links": [],
    "external_images": [],
    "internal_images": [],
    "entities": {
        "persons": [],
        "locations": [
            {
                "name": "South",
                "sentiment": "none"
            }
        ],
        "organizations": [
            {
                "name": "Cooperative Research Centres",
                "sentiment": "neutral",
                "tickers": []
            }
        ]
    },
    "syndication": {
        "syndicated": false,
        "syndicate_id": null,
        "first_syndicated": false
    },
    "trust": {
        "categories": [],
        "top_news": [],
        "bias": null,
        "source": {
            "type": null,
            "city": null,
            "state": null,
            "country": null,
            "domain_type": null,
            "agency": null,
            "organization_name": null
        }
    },
    "rating": null,
    "crawled": "2025-08-28T08:44:51.701+03:00",
    "updated": "2025-08-28T08:49:17.000+03:00"
}