{
    "thread": {
        "uuid": "64eb6a8cbf02807e3cc7a6208ba499fe6ebb0cdd",
        "url": "https://economictimes.indiatimes.com/news/international/us/kss-stock-how-did-kohls-stock-jump-24-despite-declining-sales-and-ongoing-ceo-drama/articleshow/123548500.cms?from=mdr",
        "site_full": "economictimes.indiatimes.com",
        "site": "indiatimes.com",
        "site_section": "https://m.economictimes.com/news/international/us",
        "site_categories": [
            "media",
            "top_news_nz",
            "top_news_au",
            "top_news_ae",
            "top_news_us",
            "top_news_gb",
            "top_news_th",
            "top_news_sa",
            "top_news_sg",
            "top_news_ph",
            "top_news_hk",
            "top_news_nl",
            "top_news_qa",
            "top_news_ie",
            "top_news_pk",
            "top_news_id",
            "top_news_dk",
            "top_news_eg",
            "top_news_za",
            "top_news_my",
            "top_news_kw",
            "top_news_be",
            "top_news_in",
            "top_news_ca",
            "top_news_iq",
            "top_news"
        ],
        "section_title": "US News: US Breaking News, Latest Headlines, US News Updates | The Economic Times",
        "site_title": "Business News Live, Share Market News - Read Latest Finance News, IPO, Mutual Funds News",
        "title": "KSS stock today latest news: How did Kohl's stock jump 24% despite declining sales and ongoing CEO drama? - The Economic Times",
        "title_full": "KSS stock today latest news: How did Kohl's stock jump 24% despite declining sales and ongoing CEO drama? - The Economic Times",
        "published": "2025-08-27T19:30:00.000+03:00",
        "replies_count": 0,
        "participants_count": 1,
        "site_type": "news",
        "country": "IN",
        "main_image": "https://img.etimg.com/thumb/msid-123549030,width-1200,height-630,imgsize-39200,overlay-economictimes/articleshow.jpg",
        "performance_score": 0,
        "domain_rank": 294,
        "domain_rank_updated": "2025-06-03T00:00:00.000+03:00",
        "licensing_agency": [],
        "social": {
            "facebook": {
                "likes": 0,
                "comments": 0,
                "shares": 0
            },
            "vk": {
                "shares": 0
            }
        }
    },
    "uuid": "64eb6a8cbf02807e3cc7a6208ba499fe6ebb0cdd",
    "url": "https://economictimes.indiatimes.com/news/international/us/kss-stock-how-did-kohls-stock-jump-24-despite-declining-sales-and-ongoing-ceo-drama/articleshow/123548500.cms?from=mdr",
    "ord_in_thread": 0,
    "author": "-",
    "published": "2025-08-27T19:30:00.000+03:00",
    "title": "KSS stock today latest news: How did Kohl's stock jump 24% despite declining sales and ongoing CEO drama? - The Economic Times",
    "text": "KSS stock today: Kohl’s stock increased over 24% on Wednesday after the retailer posted earnings that outperformed Wall Street expectations in the second quarter, even though sales declined and the company continues its search for a new CEO, as per a report.Kohl’s Beats Earnings Estimates in Q2CNBC reported that, the firm posted adjusted earnings per share of 56 cents, compared to the analyst expectations of 29 cents. Revenue reached $3.35 billion, just above forecasts of $3.32 billion, as per the report. The net income was $153 million, or $1.35 per share, compared with $66 million, or 59 cents per share, in the year-ago period, and net sales dropped from $3.53 billion in the year-ago quarter, as reported by CNBC.ALSO READ: Charge them with RICO! Trump goes after George Soros and son in fiery post over violent protestsWhy Is Kohl’s Sales Declining?Interim CEO Michael Bender explained that the department store’s slower sales are due to the economic conditions, as lower and middle-income customers are opting for less-expensive brands, according to the report. Bender pointed out that Kohl’s is working to fix its mistakes. He gave an example that the firm is reintroducing the petite section, which it had removed and has added jewelry back to stores, a category it took away to make room for Sephora shops, and focused on carrying exclusive brands, especially ones that have lower price points, as reported by CNBC. The retail company is also overhauling its discount strategy so that customers are able to use coupons for more of its brands, according to the report.ALSO READ: Orange way - the real Dutch secret: A four-day week that boosts happiness without ruining economic growthSales Trends Improved Toward the End of the QuarterHe said that sales trends had improved throughout the quarter, while it posted its weakest performance in May, improved in June and had its strongest month of the three-month period in July and that month's comparable sales were in line with the year-ago period, as per the CNBC report.Kohl’s Full-Year Guidance AdjustedMeanwhile, the firm narrowed its full-year sales guidance as it now expects net sales to decline by between 5% and 6%, while it had previously anticipated sales would fall 5% to 7%, as reported by CNBC.Kohl’s also revised its full-year earnings per share guidance, it now expects earnings to be in the range of 50 cents to 80 cents per share adjusted, according to the report.ALSO READ: Is AI therapy safe? Hidden risks you must know before using chatbots for mental healthOngoing CEO Turmoil at Kohl’sThe retailer has also been facing leadership changes in the executive suite. Kohl’s has had three CEOs since late 2022, as per CNBC.Michelle Gass left in late 2022 to join Levi Strauss as president and later CEO.Tom Kingsbury, a member of Kohl’s board and former CEO of Burlington, stepped in, but then he left after two years.Ashley Buchanan, ex-CEO of Michaels and a former Walmart exec, took over, but was fired just four months later after an internal investigation found he’d pushed deals with a vendor owned by his girlfriend.Now, Kohl’s board member Michael Bender is leading as interim CEO.FAQsWhy did Kohl’s stock go up today?Kohl’s stock jumped over 24% after it beat Wall Street’s earnings expectations for Q2, despite lower sales.Why are Kohl’s sales falling?Economic challenges are pushing lower- and middle-income shoppers to choose cheaper brands, affecting Kohl’s sales.",
    "highlightText": "",
    "highlightTitle": "",
    "highlightThreadTitle": "",
    "language": "english",
    "sentiment": "positive",
    "categories": [
        "Economy, Business and Finance"
    ],
    "topics": [
        "Economy, Business and Finance->financial and economic news",
        "Economy, Business and Finance->business reporting and performance",
        "Economy, Business and Finance->consumer goods"
    ],
    "ai_allow": true,
    "has_canonical": true,
    "breaking": null,
    "webz_reporter": false,
    "external_links": [],
    "external_images": [],
    "internal_images": [],
    "entities": {
        "persons": [
            {
                "name": "Kohl",
                "sentiment": "negative"
            },
            {
                "name": "Michael Bender",
                "sentiment": "none"
            },
            {
                "name": "George Soros",
                "sentiment": "none"
            }
        ],
        "locations": [],
        "organizations": [
            {
                "name": "Economic Times",
                "sentiment": "neutral",
                "tickers": [
                    {
                        "ticker": null,
                        "exchange": null
                    }
                ]
            }
        ]
    },
    "syndication": {
        "syndicated": false,
        "syndicate_id": null,
        "first_syndicated": false
    },
    "trust": {
        "categories": null,
        "top_news": [
            "top_news_nz",
            "top_news_au",
            "top_news_ae",
            "top_news_us",
            "top_news_gb",
            "top_news_th",
            "top_news_sa",
            "top_news_sg",
            "top_news_ph",
            "top_news_hk",
            "top_news_nl",
            "top_news_qa",
            "top_news_ie",
            "top_news_pk",
            "top_news_id",
            "top_news_dk",
            "top_news_eg",
            "top_news_za",
            "top_news_my",
            "top_news_kw",
            "top_news_be",
            "top_news_in",
            "top_news_ca",
            "top_news_iq",
            "top_news"
        ],
        "bias": "center",
        "source": {
            "type": null,
            "city": null,
            "state": null,
            "country": null,
            "domain_type": null,
            "agency": null,
            "organization_name": null
        }
    },
    "rating": null,
    "crawled": "2025-08-28T07:46:19.209+03:00",
    "updated": "2025-08-29T08:04:57.000+03:00"
}