{
    "thread": {
        "uuid": "0da33e238c0dd7f047b06bd26f6da03c7eb4cd6f",
        "url": "https://gov.capital/unleash-your-portfolios-power-5-proven-derivative-tricks-for-inflation-security/",
        "site_full": "gov.capital",
        "site": "gov.capital",
        "site_section": "https://gov.capital",
        "site_categories": [],
        "section_title": "Gov Capital Investor Blog",
        "site_title": "Gov Capital Investor Blog",
        "title": "Unleash Your Portfolio's Power: 5 Proven Derivative Tricks for Inflation Security",
        "title_full": "Unleash Your Portfolio's Power: 5 Proven Derivative Tricks for Inflation Security",
        "published": "2025-08-28T08:00:00.000+03:00",
        "replies_count": 0,
        "participants_count": 1,
        "site_type": "news",
        "country": "US",
        "main_image": "",
        "performance_score": 0,
        "domain_rank": 199833,
        "domain_rank_updated": "2025-06-03T00:00:00.000+03:00",
        "licensing_agency": [],
        "social": {
            "facebook": {
                "likes": 0,
                "comments": 0,
                "shares": 0
            },
            "vk": {
                "shares": 0
            }
        }
    },
    "uuid": "0da33e238c0dd7f047b06bd26f6da03c7eb4cd6f",
    "url": "https://gov.capital/unleash-your-portfolios-power-5-proven-derivative-tricks-for-inflation-security/",
    "ord_in_thread": 0,
    "author": "raczakacosi",
    "published": "2025-08-28T08:00:00.000+03:00",
    "title": "Unleash Your Portfolio's Power: 5 Proven Derivative Tricks for Inflation Security",
    "text": "Inflation is a silent thief, steadily eroding the purchasing power of capital and stored wealth. For many years, a traditional portfolio mix of stocks and bonds was considered a robust defense, but recent economic cycles have exposed the vulnerabilities of this conventional approach.\nWhen inflationary pressures mount, the fixed returns on bonds can be outpaced by rising prices, while market volatility can threaten equity holdings. To address this challenge, sophisticated investors and corporations turn to a powerful, albeit often misunderstood, class of financial instruments: derivatives.\nDerivatives are financial contracts whose value is derived from an underlying asset, index, or benchmark. They are not used to own the underlying asset, but rather to manage risk, making them an ideal tool for hedging against the adverse effects of inflation.\nThis report will detail five proven tactics that utilize commodity and currency derivatives to protect a portfolio’s purchasing power, explaining how these strategies work and identifying the specific instruments that are most effective for various investor profiles.\n5 Proven Tactics to Hedge Against Inflation Harness Precious Metals with Gold & Silver Derivatives. Lock in Input Costs with Energy & Agricultural Futures. Protect Foreign Assets with Short-Term Currency Hedging. Master Portfolio Volatility with Hedged International ETFs. Utilize an Inflation Swap for Institutional-Grade Security. How to Deploy Each Proven Tactic Section 1: Commodity Derivatives for Inflation Security Commodities are tangible assets that have historically served as a reliable hedge against inflation. They include natural resources, such as agricultural products, metals, and energy. Their prices tend to rise during inflationary periods because they are the raw materials and inputs required to produce goods and services.\nThis direct connection to the real economy allows them to appreciate in value when most other investments struggle, thereby helping to preserve purchasing power. Furthermore, a significant advantage of investing in commodities is their low or even negative correlation with traditional assets like stocks and bonds, which makes them highly effective for diversifying a portfolio and reducing overall risk.\nTactic 1: Harness Precious Metals with Gold & Silver Derivatives Gold has long been recognized as a safe-haven asset and a unique store of value, particularly during times of economic uncertainty and currency devaluation. While a fiat currency’s purchasing power can be eroded by inflation, gold provides a tangible asset that tends to retain its value.\nThis characteristic is especially pronounced when real interest rates turn negative, a common occurrence during periods of high inflation. Financial analysis indicates that gold’s performance is often best when real interest rates are low or negative.\nFor investors seeking exposure to gold, there are several methods beyond physical ownership, which can be costly and inconvenient due to storage and insurance expenses.\nAn aggressive approach involves using gold futures contracts, which allow an investor to gain direct exposure to the metal’s price movements with a relatively low upfront investment, bypassing the logistical challenges of holding physical gold.\nFor retail investors, however, a more accessible and common method is to acquire shares of physically-backed gold exchange-traded funds (ETFs) like SPDR Gold Shares (GLD). These ETFs provide a low-cost, highly liquid way to track the price of gold while offering a direct hedge against currency devaluation.\nOne of the most compelling reasons to include gold derivatives or ETFs in a portfolio is their ability to act as a genuine hedge when a traditional 60/40 stock/bond portfolio falters. Over the last 123 years, research has shown that equities and bonds can lose significant purchasing power during periods of stagflation.\nFor bonds, the impact of inflation is particularly clear: their fixed cash flows become less valuable, and their prices tend to fall as central banks raise interest rates to combat rising prices. Unlike bonds, which are highly susceptible to these pressures, gold’s tendency to perform well in a negative real interest rate environment means it can provide stability when both stocks and bonds are under stress.\nThis makes a small allocation to gold, often recommended at 3-10% depending on risk tolerance, a powerful, non-correlated diversification tool.\nTactic 2: Lock in Input Costs with Energy & Agricultural Futures The prices of key commodities like oil, natural gas, and agricultural products are often direct contributors to inflation, as their rising costs ripple through the supply chain.\nFor businesses, these raw materials represent significant operating costs. Consequently, corporations frequently use futures contracts to lock in future input prices and protect their profit margins from inflationary pressures.\nThis strategy is known as a long hedge . A company that anticipates needing to buy a commodity in the future, such as an airline that needs to purchase jet fuel or a cereal company that needs to buy corn, can buy a futures contract today.\nThis contract guarantees a predetermined price for a set amount of the commodity at a future date, thereby mitigating the risk of a price increase. Conversely, a short hedge is used by a producer who anticipates selling a commodity.\nFor instance, a corn farmer can sell a futures contract to lock in a selling price for their harvest, protecting them from a potential price decrease before the crop is sold.\nThe use of futures for hedging directly challenges the common misconception that derivatives are inherently speculative tools. While it is true that derivatives can be used for high-risk trading, their primary function in corporate risk management is to provide financial predictability and reduce uncertainty.\nFor example, a farmer who uses a short hedge is not gambling on a price decline; they are actively avoiding speculation and securing a predictable, profitable outcome for their harvest.\nAs one expert noted, a company that chooses not to hedge is, by default, speculating on future market prices. This re-frames hedging from a risky endeavor to a prudent, conservative act of risk management.\nSection 2: Currency Derivatives for Inflation Security For investors with significant international holdings, a weakening domestic currency can be a major source of inflationary pressure. When the U.S. dollar, for example, depreciates, imported goods become more expensive for U.S. consumers. This creates an inflationary effect. Additionally, currency fluctuations can erode the value of foreign assets, even if those assets perform well in their local currency. Currency derivatives offer a way to manage this specific risk.\nTactic 3: Protect Foreign Assets with Short-Term Currency Hedging Currency hedging is a strategy designed to mitigate the impact of foreign exchange rate fluctuations on an international investment portfolio. The primary tool for this is a currency futures contract.\nFor a U.S.-based investor holding European stocks, the value of their portfolio is exposed to changes in the EUR/USD exchange rate. If the Euro weakens against the dollar, the investor’s returns, when converted back to dollars, will be diminished.\nTo counter this, the investor can enter into a futures contract to sell Euros at a predetermined rate. This hedge position is designed to have an inverse relationship with the currency’s impact on the portfolio’s value. If the Euro depreciates, the loss on the foreign stocks’ currency value is offset by a gain in the futures contract.\nThis approach is commonly used by multinational corporations to hedge against the risk of an adverse change in exchange rates for future payments or receivables, such as a company in the Eurozone needing to pay a supplier in U.S. dollars.\nTactic 4: Master Portfolio Volatility with Hedged International ETFs The decision to hedge currency exposure is not always simple. While hedging can be very effective at reducing risk over short time horizons, the analysis of long-term data presents a more nuanced picture. At short horizons (e.g., a few months), a hedge can significantly reduce risk because returns are dominated by unpredictable fluctuations in real exchange rates.\nHowever, over long horizons (e.g., several years), research indicates that real exchange rates tend to revert toward parity. The underlying foreign assets themselves, such as international stocks or real estate, can act as a “natural hedge” against long-term inflation shocks and interest rate surprises.\nIn such long-term scenarios, fully hedging a portfolio might not only fail to reduce risk but could actually increase its volatility. The financial hedge, which is sensitive to short-term rate changes, can create gains and losses that destabilize a naturally-hedged underlying asset over time.\nFor a retail investor, navigating this complexity can be challenging. A practical and highly effective solution is to invest in a pre-packaged, currency-hedged ETF. These funds, such as those offered by the WisdomTree family, automatically implement hedging strategies, typically through one-month forward contracts that are rolled over monthly.\nThis approach effectively separates the performance of the foreign equity market from the volatility of the currency, allowing investors to isolate the returns they are seeking without needing to manage the complex, horizon-specific risks of currency hedging themselves.\nIt provides a simple, systematic defense against currency fluctuations that can otherwise introduce significant volatility.\nSection 3: The Inflation Swap For institutional investors and large corporations, the most direct and sophisticated way to hedge against inflation is through an inflation swap.\nTactic 5: Utilize an Inflation Swap for Institutional-Grade Security An inflation swap is a derivative contract between two parties designed to transfer inflation risk. The contract typically involves an exchange of a fixed payment for a floating payment tied to a specific inflation index, most commonly the Consumer Price Index (CPI).\nFor example, one party (Party A) agrees to pay a fixed rate, say 3%, on a notional amount (e.g., 10 million dollars) for a set period. In return, the counterparty (Party B) agrees to pay a floating rate based on the actual inflation rate over that same period.\nIf the actual inflation rate rises above the fixed 3% rate, Party B makes a payment to Party A. This payment effectively “insures” Party A against rising prices, protecting the value of their fixed-income portfolio or stabilizing the cost of their long-term liabilities.\nThis makes inflation swaps a vital tool for entities with long-term liabilities sensitive to inflation, such as pension funds and insurance companies.\nFor the average retail investor, however, there is a significant practicality gap. Inflation swaps are typically complex, over-the-counter (OTC) products that require large notional amounts and are primarily accessible to institutional players.\nRegulatory and legal hurdles also create barriers, as retail investors are subject to strict position limits and, in some jurisdictions, may need to demonstrate an underlying exposure to the risk they are hedging. This makes direct participation in a large-scale inflation swap highly impractical.\nGiven the inaccessibility of inflation swaps for most individuals, effective alternatives exist that provide similar inflation protection without the complexity.\nTIPS (Treasury Inflation-Protected Securities): These are government-issued bonds whose principal value is adjusted periodically based on changes in the CPI. This provides a straightforward, low-cost method for direct inflation exposure that is easily accessible to retail investors and backed by the full faith and credit of the government. REITs (Real Estate Investment Trusts): Real estate is historically a powerful inflation hedge because property values and rental incomes tend to rise in step with inflation. REITs offer a practical way to invest in a portfolio of real estate without the substantial capital outlay required for physical property ownership. The Unspoken Truths: Risks & Common Misconceptions A thorough understanding of derivative tactics must be balanced with a frank discussion of the associated risks and common misunderstandings.\n1. High Leverage & Magnified Loss Derivatives offer a high degree of leverage, meaning a trader can control a large position in the market with a relatively small initial investment or margin deposit. While this leverage can amplify potential gains, it also magnifies potential losses.\nSmall, adverse price movements in the underlying asset can result in substantial financial losses, and in some cases, losses can be unlimited if the market moves against an investor’s position. This risk is particularly acute for inexperienced traders who may underestimate the speed and magnitude of potential losses.\n2. Counterparty & Liquidity Risk In privately negotiated, over-the-counter (OTC) transactions, there is an inherent counterparty risk. This is the risk that the other party to the contract will default on their obligations, leading to a significant financial loss for the investor.\nThis risk was a central concern during the 2008 financial crisis, where the collapse of major financial institutions demonstrated how counterparty risk can lead to systemic failures. Even in exchange-traded derivatives, illiquid markets can make it difficult to find a buyer or seller, preventing a position from being unwound when desired.\n3. The Speculation Myth The term “derivatives” is often associated with high-risk speculation, a view popularized by figures like Warren Buffett who famously called them “financial weapons of mass destruction”.\nHowever, this perception oversimplifies their purpose. Derivatives are simply versatile financial tools that, when used properly, can be highly effective for reducing risk. The key distinction lies in the intent: hedging is about mitigating an existing risk, while speculation is about assuming risk in the hope of making a profit. A company that needs to purchase a commodity for production and opts not to hedge is, in effect, speculating on future market prices.\nA core concept in risk management is the opportunity cost of a perfect hedge . A hedge’s primary performance metric is not profit, but rather its success in achieving its objective of reducing risk and providing predictability to cash flows.\nBy locking in a future price, a hedger knowingly gives up the potential to benefit from a favorable price movement. A farmer who hedges their crop at a predetermined price will not reap a windfall if the market price soars later on.\nThe hedge can be financially “unprofitable” in hindsight—meaning the hedger would have been better off without it—but it is still strategically “successful” because it eliminated the uncertainty and risk it was designed to address. This demonstrates that risk reduction comes at a cost, a concept essential to understanding the nuanced purpose of hedging.\nFeature Futures Contract Option Contract Obligation Obligated to buy/sell the underlying asset Has the right, but not the obligation, to buy/sell the underlying asset Upfront Cost Margin deposit Premium Downside Risk Higher, as losses can be substantial if the market moves against the position Limited to the premium paid Flexibility Lower, as the contract is binding Higher, as the investor can choose not to exercise the option Frequently Asked Questions (FAQ) Is Gold a Good Hedge Against Inflation? The effectiveness of gold as an inflation hedge depends on the time horizon. Historically, gold has a weak correlation with inflation data over the short term (1-12 months). Its value as an inflation hedge becomes more apparent over the long term (5+ years), where it shows a strong correlation with purchasing power preservation.\nThe most compelling argument for gold is its non-correlation with traditional assets like stocks and bonds during periods of high inflation and negative real interest rates, when its role as a safe haven becomes most valuable.\nHow Does a Futures Contract Differ from an Option for Hedging? A futures contract is a legally binding agreement to buy or sell an asset at a predetermined price on a future date. A hedger using a futures contract is obligated to honor the terms of the contract, regardless of how the market moves.\nAn option, by contrast, gives the holder the right, but not the obligation, to buy or sell the underlying asset. This distinction gives options greater flexibility and limits the potential downside risk to the premium paid. The choice between the two depends on an investor’s risk tolerance and outlook.\nCan a Retail Investor use Derivatives for Hedging? Yes, but with significant limitations and risks. While derivatives can be used by individuals, regulatory frameworks in many jurisdictions impose strict position limits and may require a demonstrated underlying exposure to the risk being hedged. The complexity and high leverage of these instruments also pose a considerable risk of substantial losses for inexperienced investors.\nFor these reasons, many financial professionals recommend that retail investors utilize more accessible and simpler alternatives, such as pre-packaged, currency-hedged ETFs, or inflation-indexed bonds like TIPS, which provide similar protection without the need for direct derivative trading.\nWhat’s the Difference Between Hedging and Speculation? Hedging is a strategy used to reduce or offset risk in a portfolio by taking an opposite position. For a business, this means securing a price to stabilize cash flows and profits. Speculation, on the other hand, is the act of taking on risk in the hope of profiting from a future price movement.\nHedging is an act of risk reduction, while speculation is an act of risk assumption. As some market experts argue, choosing not to hedge is a form of speculation.\nIs Bitcoin a Strong Hedge Against Inflation? Theoretically, Bitcoin fits the profile of a strong inflation hedge due to its scarcity, which makes it a potential store of value similar to precious metals. However, because Bitcoin was created in 2009 and has a very short investment history, its performance as an inflation hedge is still unproven.\nIts characteristic volatility and a track record of significant price declines during periods of high inflation and rising interest rates make it an unpredictable and unreliable hedge at this time.",
    "highlightText": "",
    "highlightTitle": "",
    "highlightThreadTitle": "",
    "language": "english",
    "sentiment": "positive",
    "categories": [
        "Economy, Business and Finance"
    ],
    "topics": [
        "Economy, Business and Finance->financial and economic news",
        "Economy, Business and Finance->business strategy and marketing",
        "Economy, Business and Finance->investment and opinion pieces"
    ],
    "ai_allow": true,
    "has_canonical": false,
    "breaking": null,
    "webz_reporter": false,
    "external_links": [],
    "external_images": [],
    "internal_images": [],
    "entities": {
        "persons": [],
        "locations": [],
        "organizations": []
    },
    "syndication": {
        "syndicated": false,
        "syndicate_id": null,
        "first_syndicated": false
    },
    "trust": {
        "categories": null,
        "top_news": [],
        "bias": null,
        "source": {
            "type": "gov_news",
            "city": [],
            "state": [],
            "country": [],
            "domain_type": null,
            "agency": null,
            "organization_name": null
        }
    },
    "rating": null,
    "crawled": "2025-08-28T09:27:41.113+03:00",
    "updated": "2025-08-28T09:30:17.000+03:00"
}