{
    "thread": {
        "uuid": "082960c39c2bd8b5894ffd1bf6fa7c5b61c19386",
        "url": "https://www.defenseworld.net/2025/08/28/regency-centers-nasdaqreg-price-target-raised-to-79-00-at-barclays.html",
        "site_full": "www.defenseworld.net",
        "site": "defenseworld.net",
        "site_section": "https://www.defenseworld.net/feed/atom",
        "site_categories": [
            "media"
        ],
        "section_title": "Defense World",
        "site_title": "Defense World",
        "title": "Regency Centers (NASDAQ:REG) Price Target Raised to $79.00 at Barclays - Defense World",
        "title_full": "Regency Centers (NASDAQ:REG) Price Target Raised to $79.00 at Barclays - Defense World",
        "published": "2025-08-28T09:32:00.000+03:00",
        "replies_count": 0,
        "participants_count": 1,
        "site_type": "news",
        "country": "US",
        "main_image": "https://www.americanbankingnews.com/wp-content/timthumb/timthumb.php?src=https://www.marketbeat.com/logos/regency-centers-co-logo.png?v=20240108101102&amp;w=240&amp;h=240&amp;zc=2",
        "performance_score": 0,
        "domain_rank": 38342,
        "domain_rank_updated": "2025-06-03T00:00:00.000+03:00",
        "licensing_agency": [],
        "social": {
            "facebook": {
                "likes": 0,
                "comments": 0,
                "shares": 0
            },
            "vk": {
                "shares": 0
            }
        }
    },
    "uuid": "082960c39c2bd8b5894ffd1bf6fa7c5b61c19386",
    "url": "https://www.defenseworld.net/2025/08/28/regency-centers-nasdaqreg-price-target-raised-to-79-00-at-barclays.html",
    "ord_in_thread": 0,
    "author": "Defense World Staff",
    "published": "2025-08-28T09:32:00.000+03:00",
    "title": "Regency Centers (NASDAQ:REG) Price Target Raised to $79.00 at Barclays - Defense World",
    "text": "Regency Centers ( NASDAQ:REG – Free Report ) had its target price upped by Barclays from $77.00 to $79.00 in a research note issued to investors on Wednesday morning, Benzinga reports. They currently have an equal weight rating on the stock. REG has been the subject of a number of other reports. Wells Fargo & Company lifted their target price on shares of Regency Centers from $79.00 to $81.00 and gave the company an “overweight” rating in a research note on Wednesday. Wall Street Zen cut shares of Regency Centers from a “hold” rating to a “sell” rating in a research note on Saturday, July 5th. Robert W. Baird boosted their price objective on shares of Regency Centers from $78.00 to $80.00 and gave the stock an “outperform” rating in a research note on Wednesday, July 30th. Scotiabank reduced their price objective on shares of Regency Centers from $76.00 to $75.00 and set a “sector perform” rating for the company in a research note on Monday, May 12th. Finally, Truist Financial boosted their price objective on shares of Regency Centers from $79.00 to $81.00 and gave the stock a “buy” rating in a research note on Friday, August 15th. One equities research analyst has rated the stock with a Strong Buy rating, seven have assigned a Buy rating and four have issued a Hold rating to the company’s stock. According to data from MarketBeat, the stock presently has an average rating of “Moderate Buy” and a consensus price target of $78.92. Check Out Our Latest Report on Regency Centers NASDAQ REG opened at $72.47 on Wednesday. The company has a quick ratio of 1.13, a current ratio of 1.13 and a debt-to-equity ratio of 0.72. The stock has a market capitalization of $13.16 billion, a PE ratio of 33.86, a price-to-earnings-growth ratio of 3.11 and a beta of 1.05. The company has a 50 day moving average price of $71.06 and a two-hundred day moving average price of $71.81. Regency Centers has a 12-month low of $63.44 and a 12-month high of $78.18. Regency Centers ( NASDAQ:REG – Get Free Report ) last posted its earnings results on Tuesday, July 29th. The company reported $1.16 earnings per share (EPS) for the quarter, beating analysts’ consensus estimates of $1.12 by $0.04. The firm had revenue of $369.85 million during the quarter, compared to analysts’ expectations of $366.35 million. Regency Centers had a net margin of 27.00% and a return on equity of 6.05%. The company’s revenue was up 6.6% compared to the same quarter last year. During the same period in the previous year, the company earned $1.06 earnings per share. Regency Centers has set its FY 2025 guidance at 4.590-4.630 EPS. As a group, equities analysts predict that Regency Centers will post 4.54 earnings per share for the current fiscal year. The business also recently announced a quarterly dividend, which will be paid on Thursday, October 2nd. Investors of record on Thursday, September 11th will be given a dividend of $0.705 per share. The ex-dividend date of this dividend is Thursday, September 11th. This represents a $2.82 dividend on an annualized basis and a yield of 3.9%. Regency Centers’s payout ratio is 131.78%. A number of institutional investors and hedge funds have recently bought and sold shares of REG. Westwood Holdings Group Inc. bought a new stake in Regency Centers in the 2nd quarter valued at $582,000. CYBER HORNET ETFs LLC bought a new stake in Regency Centers in the 2nd quarter valued at $31,000. FORA Capital LLC bought a new stake in Regency Centers in the 2nd quarter valued at $419,000. CANADA LIFE ASSURANCE Co increased its holdings in Regency Centers by 11.5% in the 2nd quarter. CANADA LIFE ASSURANCE Co now owns 405,756 shares of the company’s stock valued at $28,919,000 after buying an additional 41,794 shares during the period. Finally, Adelante Capital Management LLC increased its holdings in Regency Centers by 7.9% in the 2nd quarter. Adelante Capital Management LLC now owns 376,117 shares of the company’s stock valued at $26,791,000 after buying an additional 27,649 shares during the period. Institutional investors own 96.07% of the company’s stock. ( Get Free Report ) Regency Centers is a preeminent national owner, operator, and developer of shopping centers located in suburban trade areas with compelling demographics. Our portfolio includes thriving properties merchandised with highly productive grocers, restaurants, service providers, and best-in-class retailers that connect to their neighborhoods, communities, and customers.",
    "highlightText": "",
    "highlightTitle": "",
    "highlightThreadTitle": "",
    "language": "english",
    "sentiment": "positive",
    "categories": [
        "Economy, Business and Finance",
        "Economy, Business and Finance"
    ],
    "topics": [
        "Economy, Business and Finance->business reporting and performance",
        "Economy, Business and Finance->financial service",
        "Economy, Business and Finance->business reporting and performance",
        "Economy, Business and Finance->financial and economic news"
    ],
    "ai_allow": true,
    "has_canonical": false,
    "breaking": false,
    "webz_reporter": false,
    "external_links": [
        "https://www.wallstreetzen.com/newsletters/zen-ratings?ticker=REG&utm_campaign=getratings&utm_medium=online&utm_source=MarketBeat",
        "https://www.marketbeat.com/arnreports/ReportTickerOptin.aspx?RegistrationCode=TickerHyperlink&Prefix=NASDAQ&Symbol=REG",
        "https://www.benzinga.com//",
        "https://marketbeat.com/scripts/336x280AdNewsSites.ashx",
        "https://www.marketbeat.com/stocks/NASDAQ/REG/forecast/",
        "https://www.marketbeat.com/stocks/NASDAQ/REG/",
        "http://g.gituy.com/cgi/r?;n=203;c=1626483;s=7273;x=7936;f=201611071631130;u=j;z=TIMESTAMP;src=639762;",
        "https://wallstreetzen.com/newsletters/zen-ratings?ticker=REG&utm_campaign=getratings&utm_medium=online&utm_source=MarketBeat",
        "https://www.wallstreetzen.com/newsletters/zen-ratings",
        "https://marketbeat.com/stocks/NASDAQ/REG/",
        "https://www.marketbeat.com/arnreports/ReportTickerOptin.aspx",
        "https://benzinga.com//",
        "https://www.benzinga.com/",
        "http://www.g.gituy.com/cgi/r?;n=203;c=1626483;s=7273;x=7936;f=201611071631130;u=j;z=TIMESTAMP;src=639762;",
        "https://marketbeat.com/arnreports/ReportTickerOptin.aspx?RegistrationCode=TickerHyperlink&Prefix=NASDAQ&Symbol=REG",
        "https://www.marketbeat.com/stocks/NASDAQ/REG/forecast",
        "https://marketbeat.com/stocks/NASDAQ/REG/forecast/",
        "https://www.marketbeat.com/scripts/336x280AdNewsSites.ashx",
        "http://g.gituy.com/cgi/r",
        "https://www.marketbeat.com/stocks/NASDAQ/REG"
    ],
    "external_images": [],
    "internal_images": [],
    "entities": {
        "persons": [
            {
                "name": "Robert W. Baird",
                "sentiment": "none"
            },
            {
                "name": "Benzinga",
                "sentiment": "none"
            }
        ],
        "locations": [],
        "organizations": [
            {
                "name": "Barclays",
                "sentiment": "negative",
                "tickers": [
                    {
                        "ticker": "BARC",
                        "exchange": null
                    }
                ]
            },
            {
                "name": "Wells Fargo & Company",
                "sentiment": "none",
                "tickers": [
                    {
                        "ticker": "WFC",
                        "exchange": "NYSE"
                    }
                ]
            },
            {
                "name": "Regency Centers",
                "sentiment": "none",
                "tickers": []
            },
            {
                "name": "Wall Street Zen",
                "sentiment": "none",
                "tickers": [
                    {
                        "ticker": null,
                        "exchange": null
                    }
                ]
            },
            {
                "name": "Scotiabank",
                "sentiment": "none",
                "tickers": [
                    {
                        "ticker": "BNS",
                        "exchange": "NYSE"
                    }
                ]
            }
        ]
    },
    "syndication": {
        "syndicated": false,
        "syndicate_id": null,
        "first_syndicated": false
    },
    "trust": {
        "categories": [],
        "top_news": [],
        "bias": null,
        "source": {
            "type": null,
            "city": null,
            "state": null,
            "country": null,
            "domain_type": null,
            "agency": null,
            "organization_name": null
        }
    },
    "rating": null,
    "crawled": "2025-08-28T09:35:17.757+03:00",
    "updated": "2025-08-28T09:36:48.000+03:00"
}