{
    "thread": {
        "uuid": "4674ba2b666879e056b36882ae48eee793731654",
        "url": "https://www.newsbytesapp.com/news/business/sensex-tanks-700-points-what-s-behind-today-s-market-crash/story",
        "site_full": "www.newsbytesapp.com",
        "site": "newsbytesapp.com",
        "site_section": "https://news.google.com/search?q=what%20when%3A1h&hl=en-US&gl=US&ceid=US%3Aen",
        "site_categories": [
            "media",
            "arts, culture and entertainment",
            "lifestyle and leisure",
            "science and technology",
            "economy, business and finance",
            "crime, law and justice",
            "politics",
            "sport"
        ],
        "section_title": "Google News - Search",
        "site_title": "NewsBytes: Latest News, India, Cricket, Politics, Bollywood, Gadgets",
        "title": "Sensex tanks 700 points: What's behind today's market crash?",
        "title_full": "Sensex tanks 700 points: What's behind today's market crash?",
        "published": "2026-01-08T10:11:00.000+02:00",
        "replies_count": 0,
        "participants_count": 1,
        "site_type": "news",
        "country": "IN",
        "main_image": "https://i.cdn.newsbytesapp.com/images/l49120260108134130.jpeg",
        "performance_score": 0,
        "domain_rank": 35442,
        "domain_rank_updated": "2026-01-04T23:00:00.000+02:00",
        "licensing_agency": [],
        "social": {
            "facebook": {
                "likes": 0,
                "comments": 0,
                "shares": 0
            },
            "vk": {
                "shares": 0
            }
        }
    },
    "uuid": "4674ba2b666879e056b36882ae48eee793731654",
    "url": "https://www.newsbytesapp.com/news/business/sensex-tanks-700-points-what-s-behind-today-s-market-crash/story",
    "ord_in_thread": 0,
    "author": "Mudit Dube",
    "published": "2026-01-08T10:11:00.000+02:00",
    "title": "Sensex tanks 700 points: What's behind today's market crash?",
    "text": "Next Article\nSensex tanks 700 points: What's behind today's market crash?\nMudit Dube\nWhat's the story\nThe Indian stock market witnessed a major downturn today, with the BSE Sensex plummeting over 730 points in the ongoing trading session.\nThe Nifty 50 index also witnessed a sharp decline of over 250 points from its previous close of 26,140.\nThe fall comes as metal stocks came under heavy selling pressure while oil and gas counters continued their downward trend.\nInvestor apprehension\nMarket sentiment remains cautious amid US tariff concerns\nThe market sentiment remained cautious amid fears of potential US tariff actions and continued foreign fund outflows. This overshadowed the optimism surrounding earnings growth. Both midcap and smallcap stocks also witnessed sharp losses, falling over 1% each. All sectoral indices were in the red, with metal and oil & gas stocks leading the decline by 2-3%.\nStock performance\nHindalco, ONGC lead Nifty 50 laggards\nShares of Hindalco, ONGC, Jio Financial Services, Wipro, Adani Enterprises, and JSW Steel were among the major laggards on Nifty 50.\nHindustan Zinc, JSL, National Aluminium, and Hindustan Copper traded 4-6% lower. The decline dragged the Nifty metal index over 3%.\nMarket breadth remained firmly negative with declines far outpacing advances.\nMarket volatility\n114 stocks hit 52-week low, 41 locked in upper circuit\nThe market volatility was evident with as many as 114 stocks hitting their 52-week low. These included Page Industries, Colgate, Whirlpool, and UBL. Meanwhile, only a handful of stocks managed to touch their 52-week high during this period. On the BSE platform, Balaji Amines surged by an impressive 10%, while Trident and Alok Industries also made it to the list of top gainers for today.\nFactors\nFactors behind today's market decline\nForeign institutional investors (FIIs) sold equities worth ₹1,527.71 crore on Wednesday, extending their selling streak to a third straight session. So far in January, FIIs have offloaded shares worth around ₹5,760 crore, following record outflows in 2025. Export-focused textile and shrimp stocks fell sharply after Trump backed a sanctions bill proposing steep tariffs on countries trading with Russia. With Sensex weekly derivatives expiry due on Thursday, market volatility rose, pushing India VIX up nearly 9% to 10.83.",
    "highlightText": "",
    "highlightTitle": "",
    "highlightThreadTitle": "",
    "language": "english",
    "sentiment": "negative",
    "categories": [
        "Economy, Business and Finance"
    ],
    "topics": [
        "Economy, Business and Finance->financial and economic news",
        "Economy, Business and Finance->market and exchange"
    ],
    "ai_allow": true,
    "has_canonical": false,
    "breaking": true,
    "webz_reporter": false,
    "external_links": [],
    "external_images": [],
    "internal_images": [],
    "entities": {
        "persons": [],
        "locations": [],
        "organizations": [
            {
                "name": "Jio Financial Services",
                "sentiment": "none",
                "tickers": [
                    {
                        "ticker": "JFS",
                        "exchange": "NSE"
                    }
                ]
            },
            {
                "name": "Adani Enterprises",
                "sentiment": "none",
                "tickers": [
                    {
                        "ticker": "ADANIGREEN",
                        "exchange": "NSE"
                    }
                ]
            },
            {
                "name": "Wipro",
                "sentiment": "none",
                "tickers": [
                    {
                        "ticker": "WIT",
                        "exchange": "NYSE"
                    }
                ]
            },
            {
                "name": "ONGC",
                "sentiment": "none",
                "tickers": [
                    {
                        "ticker": "ONGC",
                        "exchange": "NSE"
                    }
                ]
            }
        ]
    },
    "syndication": {
        "syndicated": false,
        "syndicate_id": null,
        "first_syndicated": false
    },
    "trust": {
        "categories": [],
        "top_news": [],
        "bias": null,
        "source": {
            "type": null,
            "city": null,
            "state": null,
            "country": null,
            "domain_type": null,
            "agency": null,
            "organization_name": null
        }
    },
    "rating": null,
    "crawled": "2026-01-08T10:17:10.833+02:00",
    "updated": "2026-01-08T10:20:19.000+02:00"
}