{
    "thread": {
        "uuid": "02c650cde718f078ebda2cfd9a9af1e96d0b7f6a",
        "url": "https://news.abplive.com/business/sensex-nifty-slip-in-early-trade-as-foreign-investors-continue-selling-tariff-fears-return-1820751",
        "site_full": "news.abplive.com",
        "site": "abplive.com",
        "site_section": "https://abplive.in/",
        "site_categories": [
            "media",
            "arts, culture and entertainment",
            "economy, business and finance",
            "lifestyle and leisure",
            "crime, law and justice",
            "politics",
            "sport"
        ],
        "section_title": "ABP English LIVE, Latest English News, Breaking News Headlines, Today's News, India News - ABP Live",
        "site_title": "Hindi News, Latest Hindi News, हिंदी न्यूज़, हिंदी समाचार, Breaking Hindi News, Today Hindi News, ABP News",
        "title": "Sensex, Nifty Slip In Early Trade As Foreign Investors Continue Selling, Tariff Fears Return",
        "title_full": "Sensex, Nifty Slip In Early Trade As Foreign Investors Continue Selling, Tariff Fears Return",
        "published": "2026-01-08T07:02:00.000+02:00",
        "replies_count": 0,
        "participants_count": 1,
        "site_type": "news",
        "country": "IN",
        "main_image": "https://feeds.abplive.com/onecms/images/uploaded-images/2026/01/02/3f007e67f8cf804f907776503392c2a217673218265561160_original.jpg?impolicy=abp_cdn&amp;imwidth=1200",
        "performance_score": 0,
        "domain_rank": 5919,
        "domain_rank_updated": "2026-01-04T23:00:00.000+02:00",
        "licensing_agency": [],
        "social": {
            "facebook": {
                "likes": 0,
                "comments": 0,
                "shares": 0
            },
            "vk": {
                "shares": 0
            }
        }
    },
    "uuid": "02c650cde718f078ebda2cfd9a9af1e96d0b7f6a",
    "url": "https://news.abplive.com/business/sensex-nifty-slip-in-early-trade-as-foreign-investors-continue-selling-tariff-fears-return-1820751",
    "ord_in_thread": 0,
    "author": "PTI",
    "published": "2026-01-08T07:02:00.000+02:00",
    "title": "Sensex, Nifty Slip In Early Trade As Foreign Investors Continue Selling, Tariff Fears Return",
    "text": "Brent crude, the global oil benchmark, climbed 0.40 per cent to USD 60.20 per barrel. Source : unsplash.com\nShow Quick Read Key points generated by AI, verified by newsroom Mumbai: Equity benchmark indices Sensex and Nifty declined in early trade on Thursday amid persistent foreign fund outflows and concerns about potential US tariff hikes.\nThe 30-share BSE Sensex declined 255.86 points to 84,705.28 in early trade. The 50-share NSE Nifty went down by 65.9 points to 26,074.85.\nFrom the 30-Sensex firms, Tata Consultancy Services, Asian Paints, Maruti, Tech Mahindra, Infosys and UltraTech Cement were among the biggest laggards.\nHowever, ICICI Bank, Adani Ports, Bharat Electronics and Hindustan Unilever were among the gainers.\nForeign institutional investors offloaded equities worth Rs 1,527.71 crore on Wednesday, while domestic institutional investors bought stocks worth Rs 2,889.32 crore, according to exchange data.\n\"From the fundamental perspective, there is good news for the economy and markets. Advanced estimates project the FY26 GDP growth at an impressive 7.4%. This reflects the underlying resilience of the economy despite Trump tariffs.\n\"However, this strong fundamental is unlikely to reflect in the market very soon since the much-awaited US-India trade deal, which is critical for India’s sustained growth and macro-economic stability, is not happening. This and the continuing FII selling are impacting the market,\" VK Vijayakumar, Chief Investment Strategist, Geojit Investments Limited, said.\nThe Indian economy is expected to grow by 7.4 per cent in the current fiscal, maintaining its status as the world's fastest-growing major economy despite punitive US tariffs and geopolitical tensions.\nThe First Advance Estimates released by the Ministry of Statistics and Programme Implementation (MoSPI) on Wednesday put GDP growth in 2025-26 (April 2025 to March 2026 fiscal year) at better than 7.3 per cent forecast by the RBI and the government's initial projection of 6.3-6.8 per cent.\n\"With both the Nifty and Bank Nifty holding key support levels but encountering stiff overhead resistance, market sentiment remains cautious amid elevated geopolitical tensions, renewed tariff-related concerns, and continued foreign portfolio outflows,\" Ponmudi R, CEO of Enrich Money, an online trading and wealth tech firm, said.\nIn Asian markets, South Korea's Kospi index and Shanghai's SSE Composite index traded higher, while Japan's Nikkei 225 index and Hong Kong's Hang Seng index quoted lower.\nUS markets ended mostly lower on Wednesday.\nBrent crude, the global oil benchmark, climbed 0.40 per cent to USD 60.20 per barrel.\nOn Wednesday, the Sensex declined 102.20 points or 0.12 per cent to settle at 84,961.14. The Nifty went down by 37.95 points or 0.14 per cent to 26,140.75.\n(This report has been published as part of the auto-generated syndicate wire feed. Apart from the headline, no editing has been done in the copy by ABP Live.)\nRelated Video Union Budget 2025: Arvind Kejriwal lists the shortcomings of the Modi government's budget | ABP News | AAP Frequently Asked Questions\nWhy did the Indian equity benchmark indices decline in early trade? The indices declined due to persistent foreign fund outflows and concerns about potential US tariff hikes. These factors are impacting market sentiment.\nWhat is the projected GDP growth for India in FY26? The advanced estimates project FY26 GDP growth at an impressive 7.4%. This indicates the economy's resilience despite external challenges.\nAre there any significant institutional investor activities mentioned? On Wednesday, foreign institutional investors sold equities worth Rs 1,527.71 crore, while domestic institutional investors bought stocks worth Rs 2,889.32 crore.",
    "highlightText": "",
    "highlightTitle": "",
    "highlightThreadTitle": "",
    "language": "english",
    "sentiment": "negative",
    "categories": [
        "Economy, Business and Finance"
    ],
    "topics": [
        "Economy, Business and Finance->commodity market",
        "Economy, Business and Finance->financial and economic news"
    ],
    "ai_allow": true,
    "has_canonical": false,
    "breaking": false,
    "webz_reporter": false,
    "external_links": [],
    "external_images": [],
    "internal_images": [],
    "entities": {
        "persons": [],
        "locations": [],
        "organizations": [
            {
                "name": "Tata Consultancy Services",
                "sentiment": "none",
                "tickers": [
                    {
                        "ticker": "TCS",
                        "exchange": "NSE"
                    }
                ]
            },
            {
                "name": "ICICI Bank",
                "sentiment": "none",
                "tickers": [
                    {
                        "ticker": "IBN",
                        "exchange": "NYSE"
                    }
                ]
            },
            {
                "name": "Infosys",
                "sentiment": "none",
                "tickers": [
                    {
                        "ticker": "INFY",
                        "exchange": "NYSE"
                    }
                ]
            },
            {
                "name": "Maruti",
                "sentiment": "none",
                "tickers": [
                    {
                        "ticker": "MARUTI",
                        "exchange": "BSE"
                    }
                ]
            }
        ]
    },
    "syndication": {
        "syndicated": false,
        "syndicate_id": null,
        "first_syndicated": false
    },
    "trust": {
        "categories": [],
        "top_news": [],
        "bias": null,
        "source": {
            "type": null,
            "city": null,
            "state": null,
            "country": null,
            "domain_type": null,
            "agency": null,
            "organization_name": null
        }
    },
    "rating": null,
    "crawled": "2026-01-08T07:38:40.440+02:00",
    "updated": "2026-01-08T07:42:15.000+02:00"
}