{
    "thread": {
        "uuid": "4ad8bc051af4f236059a13dec0669eb98b4ddde0",
        "url": "https://www.fxstreet.com/news/australian-dollar-moves-little-following-trade-balance-data-202601080144",
        "site_full": "www.fxstreet.com",
        "site": "fxstreet.com",
        "site_section": "https://www.tradingkey.com/news/forex",
        "site_categories": [
            "investing",
            "financial_news",
            "finance",
            "stocks",
            "economy, business and finance"
        ],
        "section_title": "Forex Trading News &amp; Currency Pairs Market News | TradingKey",
        "site_title": "FXStreet - The Forex Market",
        "title": "Australian Dollar falls as RBA policy outlook remains uncertain",
        "title_full": "Australian Dollar falls as RBA policy outlook remains uncertain",
        "published": "2026-01-08T03:44:00.000+02:00",
        "replies_count": 0,
        "participants_count": 1,
        "site_type": "news",
        "country": "GB",
        "main_image": "https://editorial.fxsstatic.com/images/i/AVAX-bearish-line_Medium.png",
        "performance_score": 0,
        "domain_rank": 20224,
        "domain_rank_updated": "2026-01-04T23:00:00.000+02:00",
        "licensing_agency": [],
        "social": {
            "facebook": {
                "likes": 0,
                "comments": 0,
                "shares": 0
            },
            "vk": {
                "shares": 0
            }
        }
    },
    "uuid": "4ad8bc051af4f236059a13dec0669eb98b4ddde0",
    "url": "https://www.fxstreet.com/news/australian-dollar-moves-little-following-trade-balance-data-202601080144",
    "ord_in_thread": 0,
    "author": "FXStreet",
    "published": "2026-01-08T03:44:00.000+02:00",
    "title": "Australian Dollar falls as RBA policy outlook remains uncertain",
    "text": "Australian Dollar falls as RBA policy outlook remains uncertain\n- Australian Dollar declines as trade surplus narrowed to 2,936M MoM in November.\n- Australia’s mixed November inflation leaves RBA policy uncertain, with focus turning to the quarterly CPI later this month.\n- The US ISM Services PMI rose to 54.4 in December from 52.6, beating expectations of 52.3.\nThe Australian Dollar (AUD) edges lower against the US Dollar (USD) on Thursday following Australia’s Trade Balance data, which showed that the trade surplus narrowed to 2,936M MoM in November versus 4,353M (revised from 4,385M) in the previous reading.\nThe Australian Bureau of Statistics (ABS) reported on Thursday that Exports fell by 2.9% MoM in November from a rise of 2.8% (revised from 3.4%) seen a month earlier. Meanwhile, Imports grew by 0.2% MoM in November, compared to a rise of 2.4% (revised from 2.0%) seen in October.\nAustralia’s mixed November Consumer Price Index (CPI) left the Reserve Bank of Australia’s (RBA) policy outlook uncertain. Focus now shifts to the quarterly CPI report due later this month for clearer guidance on the RBA’s next policy move. However, RBA Deputy Governor Andrew Hauser said on Thursday that the November inflation data was largely as expected. Hauser added that the interest rate cuts are unlikely anytime soon.\nThe Australian Bureau of Statistics (ABS) reported on Wednesday that Australia’s Consumer Price Index rose 3.4% year-over-year (YoY) in November, easing from 3.8% in October. The reading missed market expectations of 3.7% but remained above the RBA’s 2–3% target. It marked the lowest inflation since August, with housing costs increasing at the slowest pace in three months.\nUS Dollar steadies amid market caution\n- The US Dollar Index (DXY), which measures the value of the US Dollar against six major currencies, is holding ground and trading around 98.70 at the time of writing.\n- The Greenback remains steady as recent data point to a fragile US economic backdrop ahead of Friday’s crucial jobs report, tempering market sentiment.\n- Traders will keep an eye on the US Initial Jobless Claims data later on Thursday. Attention will be shifted toward Friday’s US Nonfarm Payrolls (NFP) report, which is expected to show job gains of 55,000 in December, down from 64,000 in November.\n- The Institute for Supply Management (ISM) reported on Wednesday that the US Services PMI rose to 54.4 in December from 52.6 in November. This figure came in stronger than the expectation of 52.3.\n- The US Automatic Data Processing (ADP) Employment Change showed an increase of 41,000 jobs in December, following a revised decline of 29,000 in November. The figure comes in slightly below market expectations of 47,000.\n- JOLTS Job Openings came in at 7.146 million in November. This reading followed the 7.449 million openings recorded in October (revised from 7.67 million) and came in below the market expectation of 7.6 million.\n- Fed Governor Stephen Miran said on Tuesday that the US central bank needs to cut interest rates aggressively this year to support economic momentum. Meanwhile, Minneapolis Fed President Neel Kashkari warned of a risk that the unemployment rate could “pop” higher.\n- Richmond Fed President Tom Barkin, a non-voter on the Fed’s rate-setting committee this year, said Tuesday that interest rate adjustments will need to be “finely tuned” to incoming data, citing risks to both the Fed’s employment and inflation objectives, according to Reuters.\n- According to the CME Group's FedWatch tool, Fed funds futures continue to price in about an 88.9% probability that the US central bank will keep rates unchanged at its January 27–28 meeting.\n- China’s RatingDog Services Purchasing Managers’ Index (PMI), released on Monday, declined to 52.0 in December from 52.1 in November. RatingDog reported last week that Manufacturing PMI climbed to 50.1 in December from 49.9 in November. It is important to note that any change in the Chinese economy could impact the AUD as China and Australia are close trading partners.\n- Australia’s CPI was unchanged at 0% month-on-month (MoM) in November, matching October’s reading. Meanwhile, the RBA’s Trimmed Mean CPI rose 0.3% MoM and 3.2% YoY. Separately, seasonally adjusted Building Permits surged 15.2% MoM to a near four-year high of 18,406 units in November 2025, rebounding from a downwardly revised 6.1% fall previously. Annual approvals jumped 20.2%, reversing a revised 1.1% decline in October.\n- The Australian Financial Review (AFR) suggested that the RBA may not be done tightening this cycle. The poll indicates that inflation is expected to remain stubbornly elevated over the coming year, fueling expectations of at least two additional rate hikes.\nAustralian Dollar trades near 0.6700 after pulling back from 15-month highs\nAUD/USD is trading around 0.6720 on Thursday. The technical analysis of the daily chart indicates that the pair remains within the ascending channel pattern, suggesting a persistent bullish bias. However, the 14-day Relative Strength Index (RSI) at 64.42 suggests a bullish momentum.\nThe AUD/USD pair may target 0.6766, the highest level since October 2024, followed by the upper boundary of the ascending channel near 0.6840.\nThe initial support lies at the lower ascending channel boundary around 0.6720, followed by the nine-day Exponential Moving Average (EMA) of 0.6706. A break below the confluence support zone could expose the AUD/USD pair to the area around the 50-day EMA at 0.6626.\nAustralian Dollar Price Today\nThe table below shows the percentage change of Australian Dollar (AUD) against listed major currencies today. Australian Dollar was the weakest against the Japanese Yen.\n| USD | EUR | GBP | JPY | CAD | AUD | NZD | CHF | |\n|---|---|---|---|---|---|---|---|---|\n| USD | -0.02% | 0.03% | -0.16% | 0.13% | 0.37% | 0.33% | -0.08% | |\n| EUR | 0.02% | 0.05% | -0.15% | 0.15% | 0.39% | 0.35% | -0.06% | |\n| GBP | -0.03% | -0.05% | -0.19% | 0.10% | 0.34% | 0.30% | -0.11% | |\n| JPY | 0.16% | 0.15% | 0.19% | 0.26% | 0.52% | 0.44% | 0.06% | |\n| CAD | -0.13% | -0.15% | -0.10% | -0.26% | 0.25% | 0.20% | -0.20% | |\n| AUD | -0.37% | -0.39% | -0.34% | -0.52% | -0.25% | -0.04% | -0.44% | |\n| NZD | -0.33% | -0.35% | -0.30% | -0.44% | -0.20% | 0.04% | -0.40% | |\n| CHF | 0.08% | 0.06% | 0.11% | -0.06% | 0.20% | 0.44% | 0.40% |\nThe heat map shows percentage changes of major currencies against each other. The base currency is picked from the left column, while the quote currency is picked from the top row. For example, if you pick the Australian Dollar from the left column and move along the horizontal line to the US Dollar, the percentage change displayed in the box will represent AUD (base)/USD (quote).\nAustralian Dollar FAQs\nOne of the most significant factors for the Australian Dollar (AUD) is the level of interest rates set by the Reserve Bank of Australia (RBA). Because Australia is a resource-rich country another key driver is the price of its biggest export, Iron Ore. The health of the Chinese economy, its largest trading partner, is a factor, as well as inflation in Australia, its growth rate and Trade Balance. Market sentiment – whether investors are taking on more risky assets (risk-on) or seeking safe-havens (risk-off) – is also a factor, with risk-on positive for AUD.\nThe Reserve Bank of Australia (RBA) influences the Australian Dollar (AUD) by setting the level of interest rates that Australian banks can lend to each other. This influences the level of interest rates in the economy as a whole. The main goal of the RBA is to maintain a stable inflation rate of 2-3% by adjusting interest rates up or down. Relatively high interest rates compared to other major central banks support the AUD, and the opposite for relatively low. The RBA can also use quantitative easing and tightening to influence credit conditions, with the former AUD-negative and the latter AUD-positive.\nChina is Australia’s largest trading partner so the health of the Chinese economy is a major influence on the value of the Australian Dollar (AUD). When the Chinese economy is doing well it purchases more raw materials, goods and services from Australia, lifting demand for the AUD, and pushing up its value. The opposite is the case when the Chinese economy is not growing as fast as expected. Positive or negative surprises in Chinese growth data, therefore, often have a direct impact on the Australian Dollar and its pairs.\nIron Ore is Australia’s largest export, accounting for $118 billion a year according to data from 2021, with China as its primary destination. The price of Iron Ore, therefore, can be a driver of the Australian Dollar. Generally, if the price of Iron Ore rises, AUD also goes up, as aggregate demand for the currency increases. The opposite is the case if the price of Iron Ore falls. Higher Iron Ore prices also tend to result in a greater likelihood of a positive Trade Balance for Australia, which is also positive of the AUD.\nThe Trade Balance, which is the difference between what a country earns from its exports versus what it pays for its imports, is another factor that can influence the value of the Australian Dollar. If Australia produces highly sought after exports, then its currency will gain in value purely from the surplus demand created from foreign buyers seeking to purchase its exports versus what it spends to purchase imports. Therefore, a positive net Trade Balance strengthens the AUD, with the opposite effect if the Trade Balance is negative.\nAuthor\nAkhtar Faruqui\nFXStreet\nAkhtar Faruqui is a Forex Analyst based in New Delhi, India. With a keen eye for market trends and a passion for dissecting complex financial dynamics, he is dedicated to delivering accurate and insightful Forex news and analysis.",
    "highlightText": "",
    "highlightTitle": "",
    "highlightThreadTitle": "",
    "language": "english",
    "sentiment": "negative",
    "categories": [
        "Economy, Business and Finance"
    ],
    "topics": [
        "Economy, Business and Finance->macro economics",
        "Economy, Business and Finance->foreign exchange market",
        "Economy, Business and Finance->financial and economic news"
    ],
    "ai_allow": true,
    "has_canonical": false,
    "breaking": null,
    "webz_reporter": false,
    "external_links": [],
    "external_images": [],
    "internal_images": [],
    "entities": {
        "persons": [],
        "locations": [],
        "organizations": [
            {
                "name": "RBA",
                "sentiment": "negative",
                "tickers": [
                    {
                        "ticker": null,
                        "exchange": null
                    }
                ]
            },
            {
                "name": "Reserve Bank of Australia",
                "sentiment": "none",
                "tickers": [
                    {
                        "ticker": null,
                        "exchange": null
                    }
                ]
            }
        ]
    },
    "syndication": {
        "syndicated": false,
        "syndicate_id": null,
        "first_syndicated": false
    },
    "trust": {
        "categories": [],
        "top_news": [],
        "bias": null,
        "source": {
            "type": null,
            "city": null,
            "state": null,
            "country": null,
            "domain_type": null,
            "agency": null,
            "organization_name": null
        }
    },
    "rating": null,
    "crawled": "2026-01-08T10:01:39.206+02:00",
    "updated": "2026-01-08T10:05:00.000+02:00"
}