{
    "thread": {
        "uuid": "8b89103c67b7e9f7e41b593a3e1810f42fdd8ee2",
        "url": "https://www.finanznachrichten.de/nachrichten-2026-02/67620277-australian-dollar-falls-against-majors-020.htm",
        "site_full": "www.finanznachrichten.de",
        "site": "finanznachrichten.de",
        "site_section": "https://www.finanznachrichten.de/sitemap-news/",
        "site_categories": [
            "economy, business and finance",
            "stocks",
            "science and technology",
            "finance",
            "financial_news"
        ],
        "section_title": "",
        "site_title": "Aktien | Aktuelle Nachrichten zu Finanzen",
        "title": "Australian Dollar Falls Against Majors",
        "title_full": "Australian Dollar Falls Against Majors",
        "published": "2026-02-05T10:03:38.732+02:00",
        "replies_count": 0,
        "participants_count": 0,
        "site_type": "news",
        "country": "DE",
        "main_image": "https://www.finanznachrichten.de/content/g/fb.png",
        "performance_score": 0,
        "domain_rank": 27063,
        "domain_rank_updated": "2026-02-01T23:00:00.000+02:00",
        "licensing_agency": [],
        "social": {
            "facebook": {
                "likes": 0,
                "comments": 0,
                "shares": 0
            },
            "vk": {
                "shares": 0
            }
        }
    },
    "uuid": "8b89103c67b7e9f7e41b593a3e1810f42fdd8ee2",
    "url": "https://www.finanznachrichten.de/nachrichten-2026-02/67620277-australian-dollar-falls-against-majors-020.htm",
    "ord_in_thread": 0,
    "author": null,
    "published": "2026-02-05T10:03:38.732+02:00",
    "title": "Australian Dollar Falls Against Majors",
    "text": "CANBERA (dpa-AFX) - The Australian dollar weakened against other major currencies in the Asian session on Thursday.\nThe Australian dollar fell to 2-day lows of 109.09 against the yen and 1.6944 against the euro, from yesterday's closing quotes of 109.78 and 1.6872, respectively.\nAgainst the U.S. and the Canadian dollars, the aussie slipped to 2-day lows of 0.6959 and 0.9521 from Wednesday's closing quotes of 0.6998 and 0.9562, respectively.\nThe aussie edged down to 1.1637 against the NZ dollar, from Wednesday's closing value of 1.1656.\nIf the aussie extends its downtrend, it is likely to find support around 106.0 against the yen, 1.72 against the euro, 0.68 against the greenback, 0.94 against the loonie and 1.14 against the kiwi.\nCopyright(c) 2026 RTTNews.com. All Rights Reserved\nCopyright RTT News/dpa-AFX\n© 2026 AFX News",
    "summary": "CANBERA (dpa-AFX) - The Australian dollar weakened against other major currencies in the Asian session on Thursday. The Australian dollar fell to 2-day lows of 109.09 against the yen and 1.6944 against the euro, from yesterday's closing quotes of 109.78 and 1.6872, respectively. Against the U.S. and the Canadian dollars, the aussie slipped to 2-day lows of 0.6959 and 0.9521 from Wednesday's closing quotes of 0.6998 and 0.9562, respectively. The aussie edged down to 1.1637 against the NZ dollar, from Wednesday's closing value of 1.1656.",
    "highlightText": "",
    "highlightTitle": "",
    "highlightThreadTitle": "",
    "language": "english",
    "sentiment": "negative",
    "categories": [
        "Economy, Business and Finance"
    ],
    "topics": [
        "Economy, Business and Finance->financial and economic news",
        "Economy, Business and Finance->foreign exchange market",
        "Economy, Business and Finance->economy"
    ],
    "ai_allow": true,
    "has_canonical": false,
    "breaking": false,
    "webz_reporter": false,
    "external_links": [],
    "external_images": [],
    "internal_images": [],
    "entities": {
        "persons": [],
        "locations": [],
        "organizations": []
    },
    "syndication": {
        "syndicated": false,
        "syndicate_id": "8b89103c67b7e9f7e41b593a3e1810f42fdd8ee2",
        "first_syndicated": true
    },
    "trust": {
        "categories": [],
        "top_news": [],
        "bias": null,
        "source": {
            "type": null,
            "city": null,
            "state": null,
            "country": null,
            "domain_type": null,
            "agency": null,
            "organization_name": null
        }
    },
    "rating": null,
    "crawled": "2026-02-05T10:03:38.732+02:00",
    "updated": "2026-02-05T10:05:04.000+02:00"
}