{
    "thread": {
        "uuid": "8ece2cfcf8e7849fe5d732e1bc3e5ce864c2cd08",
        "url": "https://www.defenseworld.net/2026/02/05/performance-food-group-nysepfgc-shares-gap-down-after-earnings-miss.html",
        "site_full": "www.defenseworld.net",
        "site": "defenseworld.net",
        "site_section": "https://www.defenseworld.net/category/companies",
        "site_categories": [
            "media",
            "economy, business and finance"
        ],
        "section_title": "Companies",
        "site_title": "Defense World",
        "title": "Performance Food Group (NYSE:PFGC) Shares Gap Down After Earnings Miss - Defense World",
        "title_full": "Performance Food Group (NYSE:PFGC) Shares Gap Down After Earnings Miss - Defense World",
        "published": "2026-02-05T09:26:00.000+02:00",
        "replies_count": 0,
        "participants_count": 1,
        "site_type": "news",
        "country": "US",
        "main_image": "https://www.americanbankingnews.com/wp-content/timthumb/timthumb.php?src=https://www.marketbeat.com/logos/performance-food-group-logo-1200x675.jpg?v=20221109151435&amp;w=240&amp;h=240&amp;zc=2",
        "performance_score": 0,
        "domain_rank": 159846,
        "domain_rank_updated": "2026-02-01T23:00:00.000+02:00",
        "licensing_agency": [],
        "social": {
            "facebook": {
                "likes": 0,
                "comments": 0,
                "shares": 0
            },
            "vk": {
                "shares": 0
            }
        }
    },
    "uuid": "8ece2cfcf8e7849fe5d732e1bc3e5ce864c2cd08",
    "url": "https://www.defenseworld.net/2026/02/05/performance-food-group-nysepfgc-shares-gap-down-after-earnings-miss.html",
    "ord_in_thread": 0,
    "author": "Defense World Staff",
    "published": "2026-02-05T09:26:00.000+02:00",
    "title": "Performance Food Group (NYSE:PFGC) Shares Gap Down After Earnings Miss - Defense World",
    "text": "Performance Food Group Company ( NYSE:PFGC – Get Free Report )’s stock price gapped down before the market opened on Wednesday following a dissappointing earnings announcement. The stock had previously closed at $97.09, but opened at $87.59. Performance Food Group shares last traded at $83.90, with a volume of 877,961 shares trading hands. The food distribution company reported $0.98 earnings per share for the quarter, missing the consensus estimate of $1.07 by ($0.09). The company had revenue of $16.44 billion for the quarter, compared to analyst estimates of $16.54 billion. Performance Food Group had a return on equity of 15.97% and a net margin of 0.50%.Performance Food Group’s revenue was up 5.2% on a year-over-year basis. During the same period in the prior year, the business earned $0.98 earnings per share. Here are the key news stories impacting Performance Food Group this week: Positive Sentiment: Top-line growth: revenue rose about 5.2% year-over-year, showing demand resilience across the distribution network — an encouraging sign for long-term revenue momentum. Performance Food: Fiscal Q2 Earnings Snapshot Positive Sentiment: Long-term growth target: management signaled an ambitious $73B–$75B sales target by 2028 and is positioning M&A and margin initiatives around a CEO transition — a potential upside catalyst if execution and accretive deals materialize. Performance Food Group signals $73B–$75B sales target by 2028 as CEO transition shapes M&A, margin strategies Neutral Sentiment: Full earnings materials and call transcripts are available for investors who want detail on channel mix, margin drivers and cadence of the M&A plan — useful for modeling but not immediately market-moving beyond the guidance/earnings headlines. Performance Food Group (PFGC) Earnings Transcript Neutral Sentiment: Analyst write-ups and comparisons to estimates provide context on key metrics (gross margin, SG&A, working capital) for refining models. Performance Food (PFGC) Q2 Earnings: How Key Metrics Compare to Wall Street Estimates Negative Sentiment: EPS miss: reported $0.98 EPS vs. consensus $1.07 — the earnings shortfall is the primary near-term driver of the selloff. Performance Food: Fiscal Q2 Earnings Snapshot Negative Sentiment: Guidance slightly soft: Q3 revenue guidance was set at $16.0B–$16.3B (vs. ~$16.3B consensus) and FY revenue guidance of $67.3B–$68.3B sits near but a touch below consensus — investors interpret this as uncertainty around near-term growth and margins. Performance Food Group Co (PFGC) Q2 2026 Earnings Call Highlights: Strong Sales Growth Amid … Negative Sentiment: Market reaction and volume: heavy trading and negative headlines (coverage calling the drop a “nosedive”) reflect investor concern about execution risk around M&A, margins and leadership change. Why Performance Food Group (PFGC) stock is nosediving Several brokerages have recently commented on PFGC. Piper Sandler decreased their target price on Performance Food Group from $116.00 to $111.00 and set an “overweight” rating for the company in a research report on Friday, December 12th. Morgan Stanley set a $123.00 price target on Performance Food Group in a research report on Tuesday, January 20th. Barclays decreased their price objective on shares of Performance Food Group from $120.00 to $105.00 and set an “overweight” rating for the company in a report on Wednesday, January 7th. Sanford C. Bernstein started coverage on shares of Performance Food Group in a research note on Wednesday, October 22nd. They set an “outperform” rating and a $130.00 target price for the company. Finally, Citigroup dropped their target price on shares of Performance Food Group from $134.00 to $127.00 and set a “buy” rating on the stock in a report on Wednesday, January 7th. Nine investment analysts have rated the stock with a Buy rating and one has assigned a Hold rating to the stock. According to MarketBeat.com, Performance Food Group has a consensus rating of “Moderate Buy” and an average price target of $118.22. Check Out Our Latest Research Report on PFGC Large investors have recently modified their holdings of the company. Parkside Financial Bank & Trust grew its position in Performance Food Group by 51.3% in the 2nd quarter. Parkside Financial Bank & Trust now owns 363 shares of the food distribution company’s stock worth $32,000 after purchasing an additional 123 shares during the last quarter. Root Financial Partners LLC acquired a new position in shares of Performance Food Group during the third quarter worth approximately $39,000. AlphaQuest LLC grew its holdings in Performance Food Group by 658.0% in the 2nd quarter. AlphaQuest LLC now owns 379 shares of the food distribution company’s stock worth $33,000 after buying an additional 329 shares in the last quarter. Torren Management LLC acquired a new stake in Performance Food Group in the 4th quarter valued at approximately $41,000. Finally, Eastern Bank bought a new stake in Performance Food Group during the 3rd quarter valued at $47,000. Institutional investors and hedge funds own 96.87% of the company’s stock. The company has a market cap of $14.18 billion, a price-to-earnings ratio of 43.47, a price-to-earnings-growth ratio of 1.17 and a beta of 0.93. The stock has a 50-day simple moving average of $93.11 and a 200-day simple moving average of $97.88. The company has a current ratio of 1.67, a quick ratio of 0.70 and a debt-to-equity ratio of 1.55. ( Get Free Report )\nPerformance Food Group Company (NYSE: PFGC) is a leading foodservice distribution company headquartered in Richmond, Virginia. The company operates through multiple segments, offering a broad range of products including fresh, frozen and dry foods, as well as non-food items such as supplies, paper goods and equipment. Performance Food Group serves a diverse customer base that encompasses independent and multi-unit restaurants, healthcare facilities, hospitality venues, schools, and other institutional customers. Through its national broadline division, Performance Food Group provides next-day delivery of products sourced from both company-owned processing facilities and third-party suppliers.",
    "summary": "Performance Food Group Company ( NYSE:PFGC – Get Free Report )’s stock price gapped down before the market opened on Wednesday following a dissappointing earnings announcement. Performance Food Group (PFGC) Earnings Transcript Neutral Sentiment: Analyst write-ups and comparisons to estimates provide context on key metrics (gross margin, SG&A, working capital) for refining models. Piper Sandler decreased their target price on Performance Food Group from $116.00 to $111.00 and set an “overweight” rating for the company in a research report on Friday, December 12th.",
    "highlightText": "",
    "highlightTitle": "",
    "highlightThreadTitle": "",
    "language": "english",
    "sentiment": "negative",
    "categories": [
        "Economy, Business and Finance"
    ],
    "topics": [
        "Economy, Business and Finance->financial and economic news",
        "Economy, Business and Finance->business reporting and performance"
    ],
    "ai_allow": true,
    "has_canonical": false,
    "breaking": false,
    "webz_reporter": false,
    "external_links": [
        "https://www.marketbeat.com/stocks/NYSE/PFGC/",
        "https://finance.yahoo.com/news/performance-food-group-pfgc-earnings-152843549.html",
        "https://www.msn.com/en-us/money/companies/performance-food-group-signals-73b-75b-sales-target-by-2028-as-ceo-transition-shapes-m-a-margin-strategies/ar-AA1VFSkq",
        "https://www.msn.com/en-us/money/top-stocks/why-performance-food-group-pfgc-stock-is-nosediving/ar-AA1VFqBy",
        "https://www.marketbeat.com/arnreports/ReportTickerOptin.aspx?RegistrationCode=TickerHyperlink&Prefix=NYSE&Symbol=PFGC",
        "https://www.marketbeat.com/earnings/reports/2026-2-4-performance-food-group-stock/#transcript",
        "https://www.zacks.com/stock/news/2828855/performance-food-pfgc-q2-earnings-how-key-metrics-compare-to-wall-street-estimates?cid=CS-STOCKNEWSAPI-FT-fundamental_analysis|nfm-2828855",
        "https://finance.yahoo.com/news/performance-food-group-co-pfgc-210043359.html",
        "https://marketbeat.com/scripts/336x280AdNewsSites.ashx",
        "https://marketbeat.com/stocks/NYSE/PFGC/",
        "https://www.marketbeat.com/scripts/336x280AdNewsSites.ashx",
        "https://msn.com/en-us/money/top-stocks/why-performance-food-group-pfgc-stock-is-nosediving/ar-AA1VFqBy",
        "https://www.marketbeat.com/arnreports/ReportTickerOptin.aspx",
        "https://msn.com/en-us/money/companies/performance-food-group-signals-73b-75b-sales-target-by-2028-as-ceo-transition-shapes-m-a-margin-strategies/ar-AA1VFSkq",
        "https://zacks.com/stock/news/2828855/performance-food-pfgc-q2-earnings-how-key-metrics-compare-to-wall-street-estimates?cid=CS-STOCKNEWSAPI-FT-fundamental_analysis|nfm-2828855",
        "https://www.finance.yahoo.com/news/performance-food-group-co-pfgc-210043359.html",
        "https://www.finance.yahoo.com/news/performance-food-group-pfgc-earnings-152843549.html",
        "https://www.zacks.com/stock/news/2828855/performance-food-pfgc-q2-earnings-how-key-metrics-compare-to-wall-street-estimates",
        "https://www.marketbeat.com/stocks/NYSE/PFGC",
        "https://marketbeat.com/arnreports/ReportTickerOptin.aspx?RegistrationCode=TickerHyperlink&Prefix=NYSE&Symbol=PFGC",
        "https://marketbeat.com/earnings/reports/2026-2-4-performance-food-group-stock/#transcript"
    ],
    "external_images": [],
    "internal_images": [],
    "entities": {
        "persons": [],
        "locations": [],
        "organizations": [
            {
                "name": "Performance Food Group",
                "sentiment": "none",
                "tickers": [
                    {
                        "ticker": "PFGC",
                        "exchange": "NYSE"
                    }
                ]
            },
            {
                "name": "PFGC",
                "sentiment": "none",
                "tickers": [
                    {
                        "ticker": null,
                        "exchange": null
                    }
                ]
            }
        ]
    },
    "syndication": {
        "syndicated": false,
        "syndicate_id": null,
        "first_syndicated": false
    },
    "trust": {
        "categories": [],
        "top_news": [],
        "bias": null,
        "source": {
            "type": null,
            "city": null,
            "state": null,
            "country": null,
            "domain_type": null,
            "agency": null,
            "organization_name": null
        }
    },
    "rating": null,
    "crawled": "2026-02-05T09:42:05.678+02:00",
    "updated": "2026-02-05T09:44:58.000+02:00"
}