{
    "thread": {
        "uuid": "357d851668fdada7516cf0603d0ad09df348c3dc",
        "url": "https://www.mitrade.com/au/insights/news/live-news/article-3-1451591-20260205",
        "site_full": "www.mitrade.com",
        "site": "mitrade.com",
        "site_section": "https://www.mitrade.com/au/insights",
        "site_categories": [
            "science and technology",
            "economy, business and finance"
        ],
        "section_title": "Mitrade Insights | Learn to Invest in Forex, Crypto, and Shares",
        "site_title": "Mitrade | Trade Forex, Gold, Oil, Indices, Shares &amp; More on Our Award-Winning Platform",
        "title": "Ethereum Transfer Surge Mirrors 2018 And 2021 Peaks - What Happens Next?",
        "title_full": "Ethereum Transfer Surge Mirrors 2018 And 2021 Peaks - What Happens Next?",
        "published": "2026-02-05T09:00:00.000+02:00",
        "replies_count": 0,
        "participants_count": 1,
        "site_type": "news",
        "country": "TW",
        "main_image": "",
        "performance_score": 0,
        "domain_rank": 61607,
        "domain_rank_updated": "2026-02-01T23:00:00.000+02:00",
        "licensing_agency": [],
        "social": {
            "facebook": {
                "likes": 0,
                "comments": 0,
                "shares": 0
            },
            "vk": {
                "shares": 0
            }
        }
    },
    "uuid": "357d851668fdada7516cf0603d0ad09df348c3dc",
    "url": "https://www.mitrade.com/au/insights/news/live-news/article-3-1451591-20260205",
    "ord_in_thread": 0,
    "author": "Newsbtc",
    "published": "2026-02-05T09:00:00.000+02:00",
    "title": "Ethereum Transfer Surge Mirrors 2018 And 2021 Peaks - What Happens Next?",
    "text": "Ethereum remains under heavy pressure, struggling to hold above the $2,300 level as selling dominates across the broader crypto market. After weeks of weakening structure, price action has failed to attract sustained demand, prompting many analysts to warn that further downside may still lie ahead. With risk appetite fading and leverage being unwound, attention is increasingly shifting from short-term rebounds to signals that could define the next phase of the cycle.\nA recent report from CryptoQuant highlights a notable development on the network side. The Ethereum Transfer Count (Total), smoothed by a 14-day Simple Moving Average, surged sharply to approximately 1.17 million on January 29, 2026. This abrupt and near-vertical rise in activity stands out against recent trends and has historically coincided with periods of heightened market stress rather than organic growth.\nWhile elevated network activity is often associated with adoption, sharp spikes of this magnitude tend to emerge during moments of extreme positioning—either distribution into strength or forced movement during volatility. In past cycles, similar transfer count surges appeared near major inflection points, often preceding meaningful price corrections.\nAs Ethereum trades near multi-month lows, this spike raises a critical question for investors: Does the surge in on-chain activity reflect defensive repositioning ahead of another leg down, or is it the final phase of a broader reset? The answer may determine whether ETH stabilizes—or extends its decline.\nThe report explains that a retrospective look at Ethereum’s transfer count reveals a recurring and cautionary pattern. Spikes of the magnitude seen recently have only appeared at a handful of critical turning points in the network’s history. On January 18, 2018, a sharp surge in transfers marked the cycle peak, immediately followed by the start of a prolonged bear market. A similar event occurred on May 19, 2021, when a sudden jump in network activity coincided with a major market crash and a deep price correction.\nFrom an on-chain perspective, this context matters. While analysts often associate rising network activity with growing adoption, a parabolic surge in transfer counts near price peaks typically signals an overheated market. These spikes tend to occur during moments of extreme stress or euphoria, when large volumes of assets are moving simultaneously.\nIn practice, this can reflect distribution, as long-term holders or institutional participants move funds toward exchanges to realize profits or peak volatility, where trading activity reaches a climax before momentum reverses.\nThe current setup closely resembles those earlier episodes. Although the broader macro environment has changed since 2018 and 2021, the behavior of network participants appears strikingly similar. If historical patterns hold, Ethereum may be entering a high-risk zone where the probability of further downside increases. Consequently, traders and investors must exercise caution and monitor confirmation signals closely before assuming stability has returned.\nEthereum’s weekly chart shows a market that has decisively shifted from expansion to distribution. The price is now struggling to stabilize after losing the $2,300–$2,400 support zone. The latest breakdown pushed ETH back toward the $2,200 area, a level that previously acted as a pivot during earlier consolidation phases in 2024 and mid-2025. The inability to hold above this zone reinforces the idea that sellers remain in control on higher timeframes.\nFrom a trend perspective, ETH is trading below its short- and medium-term moving averages. Both of which have rolled over and are beginning to slope downward. This configuration typically reflects a loss of upside momentum and signals that traders sell into rallies rather than accumulate on dips. The long-term moving average near the mid-$2,400s has flattened. This suggests that the market is transitioning from trend to range, with downside risk still present.\nElevated volume accompanied the recent sell-off, signaling conviction behind the move rather than a low-liquidity drift. Historically, similar volume spikes during downswings have preceded either deeper drawdowns or prolonged consolidation phases.\nETH has also printed a sequence of lower highs since the peak above $4,800, confirming a broader bearish market structure. Unless price can reclaim and hold above the $2,400–$2,500 region, the path of least resistance remains sideways to lower. With the market likely probing for demand at lower support levels before any sustainable recovery can form.\nFeatured image from ChatGPT, chart from TradingView.com",
    "summary": "After weeks of weakening structure, price action has failed to attract sustained demand, prompting many analysts to warn that further downside may still lie ahead. While elevated network activity is often associated with adoption, sharp spikes of this magnitude tend to emerge during moments of extreme positioning—either distribution into strength or forced movement during volatility. As Ethereum trades near multi-month lows, this spike raises a critical question for investors: Does the surge in on-chain activity reflect defensive repositioning ahead of another leg down, or is it the final phase of a broader reset?",
    "highlightText": "",
    "highlightTitle": "",
    "highlightThreadTitle": "",
    "language": "english",
    "sentiment": "negative",
    "categories": [
        "Economy, Business and Finance"
    ],
    "topics": [
        "Economy, Business and Finance->financial and economic news",
        "Economy, Business and Finance->market and exchange",
        "Economy, Business and Finance->cryptocurrency"
    ],
    "ai_allow": true,
    "has_canonical": false,
    "breaking": false,
    "webz_reporter": false,
    "external_links": [],
    "external_images": [],
    "internal_images": [],
    "entities": {
        "persons": [],
        "locations": [],
        "organizations": [
            {
                "name": "Ethereum",
                "sentiment": "negative",
                "tickers": [
                    {
                        "ticker": null,
                        "exchange": null
                    }
                ]
            },
            {
                "name": "CryptoQuant",
                "sentiment": "none",
                "tickers": [
                    {
                        "ticker": null,
                        "exchange": null
                    }
                ]
            }
        ]
    },
    "syndication": {
        "syndicated": false,
        "syndicate_id": "357d851668fdada7516cf0603d0ad09df348c3dc",
        "first_syndicated": true
    },
    "trust": {
        "categories": [],
        "top_news": [],
        "bias": null,
        "source": {
            "type": null,
            "city": null,
            "state": null,
            "country": null,
            "domain_type": null,
            "agency": null,
            "organization_name": null
        }
    },
    "rating": null,
    "crawled": "2026-02-05T09:20:26.520+02:00",
    "updated": "2026-02-05T09:21:17.000+02:00"
}