{
    "thread": {
        "uuid": "01c4eef72c30a333d7ce4d770f146b638645cd53",
        "url": "https://watcher.guru/news/stifel-warns-bitcoin-price-could-drop-to-38k-when-will-btc-recover",
        "site_full": "watcher.guru",
        "site": "watcher.guru",
        "site_section": "https://news.google.com/search?q=will%20when%3A1h&hl=en-US&gl=US&ceid=US%3Aen",
        "site_categories": [
            "science and technology",
            "economy, business and finance"
        ],
        "section_title": "Google News - Search",
        "site_title": "Watcher Guru - Fastest Finance &amp; Crypto News",
        "title": "Stifel Warns Bitcoin Price Could Drop to $38K: When Will BTC Recover?",
        "title_full": "Stifel Warns Bitcoin Price Could Drop to $38K: When Will BTC Recover?",
        "published": "2026-02-05T08:08:00.000+02:00",
        "replies_count": 0,
        "participants_count": 1,
        "site_type": "news",
        "country": "US",
        "main_image": "https://watcher.guru/news/wp-content/uploads/2023/01/bitcoin-btc-melt-crash.jpg",
        "performance_score": 0,
        "domain_rank": 68563,
        "domain_rank_updated": "2026-02-01T23:00:00.000+02:00",
        "licensing_agency": [],
        "social": {
            "facebook": {
                "likes": 0,
                "comments": 0,
                "shares": 0
            },
            "vk": {
                "shares": 0
            }
        }
    },
    "uuid": "01c4eef72c30a333d7ce4d770f146b638645cd53",
    "url": "https://watcher.guru/news/stifel-warns-bitcoin-price-could-drop-to-38k-when-will-btc-recover",
    "ord_in_thread": 0,
    "author": "Juhi Mirza",
    "published": "2026-02-05T08:08:00.000+02:00",
    "title": "Stifel Warns Bitcoin Price Could Drop to $38K: When Will BTC Recover?",
    "text": "Bitcoin’s latest price plunge, with the asset continuing to be a magnet for intense pressure and market changes, is now taking a toll on BTC. Leading financial organizations such as Stifel have now come up with a bold price prediction for Bitcoin, adding how the asset could drop as low as $38K amid changing US monetary narrative and rising market pressure. What do the technical indicators have to say about Bitcoin? Let’s explore those factors in depth.\nAlso Read: Bitcoin Crash & Slide Could Wipe Out Companies, Warns Michael Burry\nStifel’s “Stifling” Bitcoin Prediction\nStifel Financial Corp., a leading financial firm, has issued a rather bold price prediction for Bitcoin. In their latest statement, the firm warned of a 42% drop in Bitcoin price, as market pressure coupled with the right monetary policy continues to break markets as of late. Stifel warned of a striking Bitcoin fall, stating how increased ETF outflows and the liquidity crunch that the crypto market is experiencing may ultimately end up pushing Bitcoin to explore new lows.\nSummarized by Walter Bloomberg on X, Stifel cited strict US monetary changes and a slowdown in US regulatory changes as other leading reasons pushing Bitcoin’s price off the pace.\n“Stifel says Bitcoin could fall to $38,000 based on past cycles, citing tighter Fed policy, slowing U.S. crypto regulation, shrinking liquidity, and heavy ETF outflows. Sentiment has sunk into “extreme fear,” showing waning institutional and retail interest.”\nBitcoin’s Future: Another Opinion to Take Note Of\nPer Bitcoin Habebe, another notable BTC analyst, Bitcoin is indeed on track to explore a new low price threshold. Habebe believes BTC may fall between $68k and $72k before bouncing back eventually to reclaim $100k.\n“$BTC will bottom between 68 and 72k, which will mark the end of the wave A correction from its 125k ATH. Wave B will most likely take us from here to 96-103k, which will give us a mini altseason to keep continuing to nail trades on the way up till there. That’s when we will unload, short, & head to new lows for wave C 👍🏼.”\nAlso Read: US Stocks 12 Months Analysis: Paypal (PYPL) & Microsoft (MSFT)",
    "summary": "Bitcoin’s latest price plunge, with the asset continuing to be a magnet for intense pressure and market changes, is now taking a toll on BTC. Leading financial organizations such as Stifel have now come up with a bold price prediction for Bitcoin, adding how the asset could drop as low as $38K amid changing US monetary narrative and rising market pressure. “Stifel says Bitcoin could fall to $38,000 based on past cycles, citing tighter Fed policy, slowing U.S. crypto regulation, shrinking liquidity, and heavy ETF outflows.",
    "highlightText": "",
    "highlightTitle": "",
    "highlightThreadTitle": "",
    "language": "english",
    "sentiment": "negative",
    "categories": [
        "Economy, Business and Finance"
    ],
    "topics": [
        "Economy, Business and Finance->cryptocurrency",
        "Economy, Business and Finance->financial and economic news"
    ],
    "ai_allow": true,
    "has_canonical": false,
    "breaking": true,
    "webz_reporter": false,
    "external_links": [
        "https://x.com/DeItaone",
        "https://www.x.com/DeItaone"
    ],
    "external_images": [],
    "internal_images": [],
    "entities": {
        "persons": [
            {
                "name": "Michael Burry",
                "sentiment": "none"
            }
        ],
        "locations": [],
        "organizations": [
            {
                "name": "BTC",
                "sentiment": "negative",
                "tickers": [
                    {
                        "ticker": null,
                        "exchange": null
                    }
                ]
            },
            {
                "name": "Bitcoin",
                "sentiment": "negative",
                "tickers": [
                    {
                        "ticker": null,
                        "exchange": null
                    }
                ]
            },
            {
                "name": "Stifel",
                "sentiment": "none",
                "tickers": [
                    {
                        "ticker": "SF",
                        "exchange": "NYSE"
                    }
                ]
            }
        ]
    },
    "syndication": {
        "syndicated": false,
        "syndicate_id": "01c4eef72c30a333d7ce4d770f146b638645cd53",
        "first_syndicated": true
    },
    "trust": {
        "categories": [],
        "top_news": [],
        "bias": null,
        "source": {
            "type": null,
            "city": null,
            "state": null,
            "country": null,
            "domain_type": null,
            "agency": null,
            "organization_name": null
        }
    },
    "rating": null,
    "crawled": "2026-02-05T08:17:58.497+02:00",
    "updated": "2026-02-05T08:24:29.000+02:00"
}