{
    "thread": {
        "uuid": "4e59258295ba4784bd2478a2aa20ba7f64715689",
        "url": "https://www.businessgreen.com/news/4525211/flawed-advice-economic-models-accused-chronically-underpricing-climate-risks",
        "site_full": "www.businessgreen.com",
        "site": "businessgreen.com",
        "site_section": "https://www.businessgreen.com/",
        "site_categories": [
            "business",
            "financial_news",
            "green_solutions",
            "finance",
            "science and technology",
            "economy, business and finance",
            "environment"
        ],
        "section_title": "Business Green | News and Analysis for the Low Carbon Economy",
        "site_title": "Business Green | News and Analysis for the Low Carbon Economy",
        "title": "'Flawed advice': Economic models accused of 'chronically underpricing' climate risks | BusinessGreen News",
        "title_full": "'Flawed advice': Economic models accused of 'chronically underpricing' climate risks | BusinessGreen News",
        "published": "2026-02-05T09:38:00.000+02:00",
        "replies_count": 0,
        "participants_count": 1,
        "site_type": "news",
        "country": "GB",
        "main_image": "https://image.chitra.live/api/v1/wps/291f5b2/5817bf3a-89df-4080-b230-7507291bc5b0/2/UN0421878-unicef-370x229.jpg",
        "performance_score": 0,
        "domain_rank": 72907,
        "domain_rank_updated": "2026-02-01T23:00:00.000+02:00",
        "licensing_agency": [
            "NLA"
        ],
        "social": {
            "facebook": {
                "likes": 0,
                "comments": 0,
                "shares": 0
            },
            "vk": {
                "shares": 0
            }
        }
    },
    "uuid": "4e59258295ba4784bd2478a2aa20ba7f64715689",
    "url": "https://www.businessgreen.com/news/4525211/flawed-advice-economic-models-accused-chronically-underpricing-climate-risks",
    "ord_in_thread": 0,
    "author": "James_BG",
    "published": "2026-02-05T09:38:00.000+02:00",
    "title": "'Flawed advice': Economic models accused of 'chronically underpricing' climate risks | BusinessGreen News",
    "text": "New analysis from Carbon Tracker warns governments and businesses are continuing to ignore systemic climate risks that could crash global economy\nThe economic models used by governments, central banks, investors, and businesses are routinely under-playing climate-related risks that are set to intensify as the world moves past the 1.5C warming threshold...\nTo continue reading this article...\nJoin BusinessGreen\nIn just a few clicks you can start your free BusinessGreen Lite membership for 12 months, providing you access to:\n- Three complimentary articles per month covering the latest real-time news, analysis, and opinion from Europe’s leading source of information on the Green economy and business\n- Receive important and breaking news stories via our daily news alert\n- Our weekly newsletter with the best of the week’s green business news and analysis",
    "summary": "New analysis from Carbon Tracker warns governments and businesses are continuing to ignore systemic climate risks that could crash global economy The economic models used by governments, central banks, investors, and businesses are routinely under-playing climate-related risks that are set to intensify as the world moves past the 1.5C warming threshold... To continue reading this article...",
    "highlightText": "",
    "highlightTitle": "",
    "highlightThreadTitle": "",
    "language": "english",
    "sentiment": "negative",
    "categories": [
        "Environment",
        "Economy, Business and Finance"
    ],
    "topics": [
        "Environment->climate change",
        "Economy, Business and Finance->economy",
        "Economy, Business and Finance->financial and economic news",
        "Economy, Business and Finance->business and market analysis"
    ],
    "ai_allow": false,
    "has_canonical": false,
    "breaking": false,
    "webz_reporter": false,
    "external_links": [],
    "external_images": [],
    "internal_images": [],
    "entities": {
        "persons": [],
        "locations": [],
        "organizations": [
            {
                "name": "BusinessGreen News",
                "sentiment": "negative",
                "tickers": []
            },
            {
                "name": "Carbon Tracker",
                "sentiment": "negative",
                "tickers": []
            }
        ]
    },
    "syndication": {
        "syndicated": false,
        "syndicate_id": null,
        "first_syndicated": false
    },
    "trust": {
        "categories": [],
        "top_news": [],
        "bias": null,
        "source": {
            "type": null,
            "city": null,
            "state": null,
            "country": null,
            "domain_type": null,
            "agency": null,
            "organization_name": null
        }
    },
    "rating": null,
    "crawled": "2026-02-05T09:53:22.126+02:00",
    "updated": "2026-02-05T09:57:51.000+02:00"
}