{
    "thread": {
        "uuid": "16ac753e628a53440b876a084b01b2081a428359",
        "url": "https://www.tribuneindia.com/news/haryana/cdlu-receives-grant-of-rs-6-25-cr-from-annual-grant",
        "site_full": "www.tribuneindia.com",
        "site": "tribuneindia.com",
        "site_section": "https://www.tribuneindia.com/news/haryana",
        "site_categories": [
            "media",
            "top_news_in",
            "top_news"
        ],
        "section_title": "Haryana News Today | Tribune India: Latest Updates & Headlines",
        "title": "CDLU receives grant of Rs 6.25 cr from annual grant - The Tribune",
        "title_full": "CDLU receives grant of Rs 6.25 cr from annual grant - The Tribune",
        "published": "2025-01-02T21:45:00.000+02:00",
        "replies_count": 0,
        "participants_count": 1,
        "site_type": "news",
        "country": "IN",
        "main_image": "https://www.tribuneindia.com/sortd-service/imaginary/v22-01/jpg/large/high?url=dGhldHJpYnVuZS1zb3J0ZC1wcm8tcHJvZC1zb3J0ZC9tZWRpYTExZDcxMjIwLWM5NTctMTFlZi1hOTFjLWFkNDZjZWQzMDdiNy5qcGc=",
        "performance_score": 0,
        "domain_rank": 4401,
        "domain_rank_updated": "2024-12-30T23:00:00.000+02:00",
        "social": {
            "facebook": {
                "likes": 0,
                "comments": 0,
                "shares": 0
            },
            "vk": {
                "shares": 0
            }
        }
    },
    "uuid": "16ac753e628a53440b876a084b01b2081a428359",
    "url": "https://www.tribuneindia.com/news/haryana/cdlu-receives-grant-of-rs-6-25-cr-from-annual-grant",
    "ord_in_thread": 0,
    "parent_url": null,
    "author": "Our Correspondent",
    "published": "2025-01-02T21:45:00.000+02:00",
    "title": "CDLU receives grant of Rs 6.25 cr from annual grant - The Tribune",
    "text": "CDLU receives grant of Rs 6.25 cr from annual grant\nChaudhary Devi Lal University (CDLU) in Sirsa has received a significant boost with the third instalment of Rs 6.25 crore from its annual Rs 25 crore government grant. This funding will be used to resolve pressing issues such as clearing pending salaries of contractual employees, unpaid utility bills, and resuming stalled projects.\nIn a move to streamline operations and reduce delays, the university has enhanced the powers of its Registrar. The new arrangement allows the Registrar to directly approve payments for salaries, utility bills and other routine expenses, eliminating the need for prior approvals and speeding up administrative processes. This reform is expected to significantly improve the university’s efficiency.\nDuring his recent visit to the campus, Vice-Chancellor Dr Vineet Garg reviewed the ongoing issues and emphasised the importance of utilising the funds efficiently. Dr Garg, who took over the role of Vice-Chancellor a month ago, also led a key meeting with faculty deans and directors on December 30. The meeting marked his first visit to the university after assuming charge from the former Vice-Chancellor, Professor Ajmer Malik, who resigned on November 30, 2024.\nDr Garg, who also serves as the Additional Chief Secretary of Haryana’s Higher Education Department, has been focusing on the development and improvement of the university.\nRegistrar Dr Rajesh Bansal clarified that the change in administrative structure did not mean an increase in power for the Registrar, but rather a delegation of duties from the Vice-Chancellor. He explained that without a permanent VC, routine tasks had to be cleared through Chandigarh, leading to delays. The recent reforms were expected to make day-to-day operations more efficient and help in addressing the university's long-standing issues.\nHe pointed out that the university had previously faced delays due to procedural hurdles, including the need for approvals from Chandigarh for even routine tasks. With the new administrative changes, the university aimed at addressing these challenges and accelerate its development.",
    "highlightText": "",
    "highlightTitle": "",
    "highlightThreadTitle": "",
    "language": "english",
    "sentiment": "positive",
    "categories": [
        "Education",
        "Economy, Business and Finance"
    ],
    "topics": [
        "Education->college and university",
        "Economy, Business and Finance->financial and economic news",
        "Economy, Business and Finance->business financing"
    ],
    "ai_allow": true,
    "has_canonical": false,
    "webz_reporter": false,
    "external_links": [],
    "external_images": [],
    "entities": {
        "persons": [
            {
                "name": "Vineet Garg",
                "sentiment": "none"
            }
        ],
        "organizations": [],
        "locations": []
    },
    "syndication": {
        "syndicated": false,
        "syndicate_id": null,
        "first_syndicated": false
    },
    "rating": null,
    "crawled": "2025-01-03T00:42:57.493+02:00",
    "updated": "2025-01-03T00:42:57.493+02:00"
}