{
    "thread": {
        "uuid": "7058ebe4b6c2ef39e44dee8f9f2285be64433334",
        "url": "https://www.scworld.com/news/genai-cybersecurity-roi-outlook-shared-by-business-leaders",
        "site_full": "www.scworld.com",
        "site": "scworld.com",
        "site_section": "https://www.scmagazine.com",
        "site_categories": [],
        "section_title": "Cybersecurity News, Awards, Webinars, eSummits, Research | SC Media",
        "title": "GenAI cybersecurity ROI outlook shared by business leaders",
        "title_full": "GenAI cybersecurity ROI outlook shared by business leaders",
        "published": "2025-01-03T01:11:00.000+02:00",
        "replies_count": 0,
        "participants_count": 1,
        "site_type": "news",
        "country": "US",
        "main_image": "https://files.cyberriskalliance.com/wp-content/uploads/2025/01/AdobeStock_633413882.jpg",
        "performance_score": 0,
        "domain_rank": 9340,
        "domain_rank_updated": "2024-12-30T23:00:00.000+02:00",
        "social": {
            "facebook": {
                "likes": 0,
                "comments": 0,
                "shares": 0
            },
            "vk": {
                "shares": 0
            }
        }
    },
    "uuid": "7058ebe4b6c2ef39e44dee8f9f2285be64433334",
    "url": "https://www.scworld.com/news/genai-cybersecurity-roi-outlook-shared-by-business-leaders",
    "ord_in_thread": 0,
    "parent_url": null,
    "author": "Laura French",
    "published": "2025-01-03T01:11:00.000+02:00",
    "title": "GenAI cybersecurity ROI outlook shared by business leaders",
    "text": "Business leaders using generative AI (GenAI) to automate and optimize their cybersecurity reported an optimistic outlook on the financial benefits of the technology in a recent survey.\nThe December 2024 AI MonitorEdge Report from PYMNTS includes insights from chief operating officers (COOs) representing 60 companies with annual revenues greater than $1 billion.\nThe survey revealed that more than half (55%) of the organizations were already using GenAI to run automated cybersecurity management systems by August 2024. This represented a threefold increase from just three months earlier, when only 16.7% were leveraging GenAI-driven cybersecurity management systems.\nAdditionally, nearly a third (30%) of organizations used GenAI to identify fraud and anomalies in August 2024, up from 18.3% in May 2024.\n“These findings underscore a broader trend of AI becoming an indispensable asset for strategic risk management,” the report stated. “As cyber threats grow in sophistication, COOs view AI as an essential tool in maintaining organizational resilience and trust that it can protect their organization from security breaches and fraud.”\nGenAI cybersecurity yields significant savings, COOs report In addition to the ways companies are using GenAI, ranging from low impact tasks like email and summary generations to high impact tasks like cybersecurity management, the PYMNTS report also dives into the financial implications of GenAI cybersecurity adoption.\nIn several cases, companies that used GenAI for cybersecurity management reported greater savings than those that used GenAI for other tasks; for example, organizations that used GenAI for high impact tasks saved about 5.8% of their annual revenue over the last 12 months on average, but this savings amount increased to 6.5% when specifically counting those who use GenAI-driven cybersecurity systems.\nOrganizations that reported a “very positive” return on investment (ROI) from their use of GenAI averaged savings of 6.1% of their annual revenue over the last 12 months, while those that specifically used GenAI for automated cybersecurity management saved even more — 7.7% their annual revenue on average, according to the report.\nFull GenAI integration expected within five to eight years The report noted that in addition to savings reported through the survey, respondents predicted significant long-term ROI from using GenAI for cybersecurity and other tasks.\n“Many expect to see very positive returns by 2030, followed closely by full deployment as a result,” the report stated. “Firms using the technology for high-impact tasks, such as data security, expect its ROI to be very positive in 5.6 years.”\nCOOs already reporting a very positive ROI from their GenAI use predicted the technology would be fully embedded at their organizations within 5.7 years on average. Those who use GenAI for high impact tasks — like cybersecurity — estimated on average that it would take about 6.9 years for full integration. Overall, predictions for when full AI integration would take place ranged from about five to eight years in August 2024 — down from six to 10 years when the survey was previously conducted in May 2024.\nAI-powered cybersecurity tools continued to gain traction along with AI use by threat actors in 2024 , and GenAI systems have the opportunity to enhance and speed up proactive cyber defense through real-time analysis and anomaly detection, PYMNTS analysts wrote .\nAnother recent survey , conducted by CyberRisk Alliance, of North American security administrators and executives found that respondents were generally favorable about the use of AI to combat phishing, with about 50% saying they planned to introduce AI and automation to their email security strategy in the future.",
    "highlightText": "",
    "highlightTitle": "",
    "highlightThreadTitle": "",
    "language": "english",
    "sentiment": "positive",
    "categories": [
        "Economy, Business and Finance",
        "Science and Technology",
        "Social Issue"
    ],
    "topics": [
        "Economy, Business and Finance->business strategy and marketing",
        "Economy, Business and Finance->financial and economic news",
        "Science and Technology->technology and engineering",
        "Science and Technology->scientific research",
        "Science and Technology->economics",
        "Social Issue->diversity, equity and inclusion",
        "Social Issue->social problem",
        "Social Issue->social networking"
    ],
    "ai_allow": true,
    "has_canonical": false,
    "webz_reporter": false,
    "external_links": [
        "https://www.pymnts.com/cybersecurity/2025/55-of-companies-have-implemented-ai-powered-cybersecurity/",
        "https://www.pymnts.com/study_posts/coos-leverage-genai-to-reduce-data-security-losses/",
        "https://www.pymnts.com/study_posts/coos-leverage-genai-to-reduce-data-security-losses",
        "https://www.pymnts.com/cybersecurity/2025/55-of-companies-have-implemented-ai-powered-cybersecurity",
        "https://pymnts.com/cybersecurity/2025/55-of-companies-have-implemented-ai-powered-cybersecurity/",
        "https://pymnts.com/study_posts/coos-leverage-genai-to-reduce-data-security-losses/"
    ],
    "external_images": [],
    "entities": {
        "persons": [],
        "organizations": [],
        "locations": []
    },
    "syndication": {
        "syndicated": false,
        "syndicate_id": null,
        "first_syndicated": false
    },
    "rating": null,
    "crawled": "2025-01-03T02:04:13.464+02:00",
    "updated": "2025-01-03T02:40:37.884+02:00"
}