{
    "thread": {
        "uuid": "e6c4df82d18420f10d4b0cd5245d50ae810f20e7",
        "url": "https://www.defenseworld.net/2026/01/29/sidoti-csr-issues-positive-outlook-for-kgei-earnings.html",
        "site_full": "www.defenseworld.net",
        "site": "defenseworld.net",
        "site_section": "https://www.defenseworld.net/feed/atom",
        "site_categories": [
            "media",
            "economy, business and finance"
        ],
        "section_title": "Defense World",
        "site_title": "Defense World",
        "title": "Sidoti Csr Issues Positive Outlook for KGEI Earnings - Defense World",
        "title_full": "Sidoti Csr Issues Positive Outlook for KGEI Earnings - Defense World",
        "published": "2026-01-29T08:20:00.000+02:00",
        "replies_count": 0,
        "participants_count": 1,
        "site_type": "news",
        "country": "US",
        "main_image": "https://www.americanbankingnews.com/wp-content/timthumb/timthumb.php?src=https://www.marketbeat.com/logos/kolibri-global-energy-inc-logo-1200x675.jpg?v=20240206092021&amp;w=240&amp;h=240&amp;zc=2",
        "performance_score": 0,
        "domain_rank": 159846,
        "domain_rank_updated": "2026-01-25T23:00:00.000+02:00",
        "licensing_agency": [],
        "social": {
            "facebook": {
                "likes": 0,
                "comments": 0,
                "shares": 0
            },
            "vk": {
                "shares": 0
            }
        }
    },
    "uuid": "e6c4df82d18420f10d4b0cd5245d50ae810f20e7",
    "url": "https://www.defenseworld.net/2026/01/29/sidoti-csr-issues-positive-outlook-for-kgei-earnings.html",
    "ord_in_thread": 0,
    "author": "Defense World Staff",
    "published": "2026-01-29T08:20:00.000+02:00",
    "title": "Sidoti Csr Issues Positive Outlook for KGEI Earnings - Defense World",
    "text": "Kolibri Global Energy Inc. ( NASDAQ:KGEI – Free Report ) – Equities researchers at Sidoti Csr upped their Q3 2026 earnings per share estimates for Kolibri Global Energy in a note issued to investors on Monday, January 26th. Sidoti Csr analyst S. Ferazani now expects that the company will post earnings per share of $0.09 for the quarter, up from their prior forecast of $0.08. The consensus estimate for Kolibri Global Energy’s current full-year earnings is $0.48 per share. Sidoti Csr also issued estimates for Kolibri Global Energy’s FY2027 earnings at $0.50 EPS. Kolibri Global Energy ( NASDAQ:KGEI – Get Free Report ) last posted its quarterly earnings data on Wednesday, November 12th. The company reported $0.11 earnings per share (EPS) for the quarter, missing analysts’ consensus estimates of $0.13 by ($0.02). The firm had revenue of $15.19 million during the quarter, compared to analysts’ expectations of $21.89 million. Kolibri Global Energy had a return on equity of 9.37% and a net margin of 29.74%. Other research analysts also recently issued reports about the stock. Wall Street Zen raised shares of Kolibri Global Energy from a “sell” rating to a “hold” rating in a research note on Saturday, December 13th. Weiss Ratings reaffirmed a “hold (c)” rating on shares of Kolibri Global Energy in a report on Friday, October 31st. Finally, Zacks Research upgraded shares of Kolibri Global Energy from a “strong sell” rating to a “hold” rating in a research report on Tuesday, January 13th. One equities research analyst has rated the stock with a Buy rating and two have issued a Hold rating to the company. According to data from MarketBeat.com, the company currently has a consensus rating of “Hold” and an average target price of $11.00. Read Our Latest Research Report on Kolibri Global Energy Shares of NASDAQ KGEI opened at $3.84 on Wednesday. The stock’s 50-day moving average is $3.87 and its 200 day moving average is $4.80. The stock has a market cap of $136.05 million, a price-to-earnings ratio of 7.68, a P/E/G ratio of 1.10 and a beta of 0.11. Kolibri Global Energy has a 1-year low of $3.35 and a 1-year high of $9.89. The company has a current ratio of 0.70, a quick ratio of 0.70 and a debt-to-equity ratio of 0.23. Institutional investors and hedge funds have recently made changes to their positions in the company. Farther Finance Advisors LLC purchased a new position in shares of Kolibri Global Energy in the second quarter valued at about $28,000. Connor Clark & Lunn Investment Management Ltd. boosted its holdings in shares of Kolibri Global Energy by 13.7% during the second quarter. Connor Clark & Lunn Investment Management Ltd. now owns 289,400 shares of the company’s stock worth $1,993,000 after purchasing an additional 34,800 shares during the period. Los Angeles Capital Management LLC purchased a new stake in shares of Kolibri Global Energy during the second quarter worth about $218,000. Jefferies Financial Group Inc. bought a new stake in shares of Kolibri Global Energy in the third quarter worth about $81,000. Finally, Pursue Wealth Partners LLC purchased a new position in Kolibri Global Energy during the 3rd quarter valued at about $93,000. Institutional investors own 27.26% of the company’s stock. Here are the key news stories impacting Kolibri Global Energy this week: Positive Sentiment: Small upward revision to a near‑term quarter — Sidoti raised its Q3 2026 EPS estimate to $0.09 from $0.08, a modest improvement that suggests at least one upcoming quarter could be slightly stronger than previously modeled. MarketBeat KGEI coverage Neutral Sentiment: Consensus and base context — the consensus full‑year EPS remains around $0.48; the company trades at a low P/E (~7.7) with market cap near $136M, 50‑day SMA just below current price and 200‑day SMA materially higher, factors investors will weigh alongside estimate moves. MarketBeat KGEI coverage Negative Sentiment: Broad downward revisions to FY2025–FY2027 and several quarterly estimates — Sidoti cut FY2025 to $0.45 (from $0.46), FY2026 to $0.36 (from $0.38) and FY2027 to $0.50 (from $0.70). Multiple quarterly EPS estimates were also lowered (examples: Q4 2025 to $0.12, Q4 2026 to $0.09, Q1–Q4 2027 quarters trimmed). These cumulative downgrades signal weaker expected near‑term earnings growth and likely explain part of the stock’s decline. MarketBeat KGEI coverage ( Get Free Report ) Kolibri Global Energy Inc engages in the finding and exploiting oil, gas, and clean and sustainable energy in the United States. It sells crude oil, natural gas, and natural gas liquids. The company was formerly known as BNK Petroleum Inc and changed its name to Kolibri Global Energy Inc in November 2020. Kolibri Global Energy Inc was incorporated in 2008 and is headquartered in Thousand Oaks, California.",
    "summary": "Sidoti Csr analyst S. Ferazani now expects that the company will post earnings per share of $0.09 for the quarter, up from their prior forecast of $0.08. Kolibri Global Energy ( NASDAQ:KGEI – Get Free Report ) last posted its quarterly earnings data on Wednesday, November 12th. Farther Finance Advisors LLC purchased a new position in shares of Kolibri Global Energy in the second quarter valued at about $28,000. Los Angeles Capital Management LLC purchased a new stake in shares of Kolibri Global Energy during the second quarter worth about $218,000.",
    "highlightText": "",
    "highlightTitle": "",
    "highlightThreadTitle": "",
    "language": "english",
    "sentiment": "positive",
    "categories": [
        "Economy, Business and Finance"
    ],
    "topics": [
        "Economy, Business and Finance->financial and economic news",
        "Economy, Business and Finance->investment and opinion pieces",
        "Economy, Business and Finance->business and market analysis"
    ],
    "ai_allow": true,
    "has_canonical": false,
    "breaking": false,
    "webz_reporter": false,
    "external_links": [
        "https://www.marketbeat.com/arnreports/ReportTickerOptin.aspx?RegistrationCode=TickerHyperlink&Prefix=NASDAQ&Symbol=KGEI",
        "https://www.wallstreetzen.com/newsletters/zen-ratings?ticker=KGEI&utm_campaign=getratings&utm_medium=online&utm_source=MarketBeat",
        "https://marketbeat.com/scripts/336x280AdNewsSites.ashx",
        "https://www.marketbeat.com/stocks/NASDAQ/KGEI/",
        "https://weissratings.com/",
        "https://www.marketbeat.com/stocks/NASDAQ/KGEI/earnings/",
        "https://www.wallstreetzen.com/newsletters/zen-ratings",
        "https://www.marketbeat.com/arnreports/ReportTickerOptin.aspx",
        "https://www.marketbeat.com/stocks/NASDAQ/KGEI/earnings",
        "https://www.marketbeat.com/stocks/NASDAQ/KGEI",
        "https://marketbeat.com/stocks/NASDAQ/KGEI/earnings/",
        "https://marketbeat.com/stocks/NASDAQ/KGEI/",
        "https://wallstreetzen.com/newsletters/zen-ratings?ticker=KGEI&utm_campaign=getratings&utm_medium=online&utm_source=MarketBeat",
        "https://marketbeat.com/arnreports/ReportTickerOptin.aspx?RegistrationCode=TickerHyperlink&Prefix=NASDAQ&Symbol=KGEI",
        "https://www.weissratings.com/",
        "https://www.marketbeat.com/scripts/336x280AdNewsSites.ashx",
        "https://weissratings.com"
    ],
    "external_images": [],
    "internal_images": [],
    "entities": {
        "persons": [],
        "locations": [],
        "organizations": []
    },
    "syndication": {
        "syndicated": false,
        "syndicate_id": "e6c4df82d18420f10d4b0cd5245d50ae810f20e7",
        "first_syndicated": true
    },
    "trust": {
        "categories": [],
        "top_news": [],
        "bias": null,
        "source": {
            "type": null,
            "city": null,
            "state": null,
            "country": null,
            "domain_type": null,
            "agency": null,
            "organization_name": null
        }
    },
    "rating": null,
    "crawled": "2026-01-29T08:36:12.593+02:00",
    "updated": "2026-01-29T08:37:02.000+02:00"
}