{
    "thread": {
        "uuid": "77bd6fcb2728a03340e436a9fc4ef961ea6e25bd",
        "url": "https://tradebrains.in/gold-hits-all-time-high-check-targets-by-societe-generale-morgan-stanley-and-goldman-sachs/",
        "site_full": "tradebrains.in",
        "site": "tradebrains.in",
        "site_section": "https://tradebrains.in/category/global-markets/us-markets",
        "site_categories": [
            "investing",
            "finance",
            "economy, business and finance"
        ],
        "section_title": "US Markets Archives - Trade Brains",
        "site_title": "Trade Brains - Simplified Stock Investing for Everyone | Learn to Invest",
        "title": "Gold Hits All Time High: Check Targets by Societe Generale, Morgan Stanley and Goldman Sachs",
        "title_full": "Gold Hits All Time High: Check Targets by Societe Generale, Morgan Stanley and Goldman Sachs",
        "published": "2026-01-29T10:15:00.000+02:00",
        "replies_count": 0,
        "participants_count": 1,
        "site_type": "news",
        "country": "IN",
        "main_image": "https://tradebrains.in/wp-content/uploads/2025/05/Untitled-design-53.jpg",
        "performance_score": 0,
        "domain_rank": 21323,
        "domain_rank_updated": "2026-01-25T23:00:00.000+02:00",
        "licensing_agency": [],
        "social": {
            "facebook": {
                "likes": 0,
                "comments": 0,
                "shares": 0
            },
            "vk": {
                "shares": 0
            }
        }
    },
    "uuid": "77bd6fcb2728a03340e436a9fc4ef961ea6e25bd",
    "url": "https://tradebrains.in/gold-hits-all-time-high-check-targets-by-societe-generale-morgan-stanley-and-goldman-sachs/",
    "ord_in_thread": 0,
    "author": "Manideep Appana",
    "published": "2026-01-29T10:15:00.000+02:00",
    "title": "Gold Hits All Time High: Check Targets by Societe Generale, Morgan Stanley and Goldman Sachs",
    "text": "Synopsis: Gold futures are trading at Rs. 1,77,625 per 10 grams, up 7% from Rs. 1,65,915. In the overseas market, it reached highs of $5,598.75 per ounce. Strong global demand, inflation, and import costs are driving the rally.\nOver the past ten years, it has delivered a remarkable return of 565%. In the last five years, the return was 260%, while over the past year it achieved 121%. In the last six months, it gained 80%, and over the past month, the return was 31%. Even in the most recent five days, it saw an increase of 12%.\nGold, currently trading at $5,580 per ounce in the overseas market, translates to approximately Rs. 165,026 for 10 grams in India at the exchange rate of 92, having reached a high of $5,598.75 per ounce.\nGold Set for Record Highs\nAccording to reports from Deutsche Bank, gold could hit $6,000 an ounce in 2026. Recently, gold has risen to a record high of $5,500 an ounce due to global economic instability and geopolitical issues, drawing investors into this safe-haven asset. Deutsche Bank also remarked that gold could reach as high as $6,900 an ounce based on other scenarios due to its incredible performance over the last two years.\nFor higher levels, a price of $6,000 per ounce would correspond to about Rs. 177,496 for 10 grams, while $6,900 per ounce would be around Rs. 204,115 for 10 grams. It’s worth noting that the $6,000 target has effectively already been reached in the Indian market due to currency deviation, and on top of these base prices, applicable GST and cess will further increase the final cost to consumers.\nGold futures are currently trading at Rs. 1,77,625 per 10 grams. After adding a 6% import duty of Rs. 10,657.50, the price rises to Rs. 1,88,282.50. Applying a 3% GST of Rs. 5,648.48 on this amount, the final cost of gold per 10 grams comes to approximately Rs. 1,93,930.\nAnalyst Outlooks and Bullish Targets\nSociete Generale anticipates that gold will be worth $6,000 by the end of this fiscal year, which they feel could be considered a conservative estimate. Morgan Stanley cited a bull-case prediction of $5,700 and continues to see bullish upside risk to its current forecast for $5,400 by December 2026 from Goldman Sachs. Gold is up due mainly to purchases by many central banks, inflows into ETFs and expectations of a decrease in US interest rates.\nThe price of Gold has been increasing significantly because of international and local factors combined with multiple variables. Factors like ongoing inflationary pressure and declining US dollar value have given Gold a reason to be used as an inflation hedge for many investors.\nWith growing global geopolitical tensions plus uncertain economies, the demand for safe-haven assets (which include Gold) has risen dramatically. In India, fluctuations in the value of the rupee versus USD, combined with the rising cost of importing Gold due to increased customs duties, have caused increases in the price of Gold within that country. There is also an expectation on interest rate hikes to be slower than expected and there will continue to be liquidity available in the global financial system which further enhances the upward trend of Gold prices in both International & Domestic markets.\nDisclaimer: The views and investment tips expressed by investment experts/broking houses/rating agencies on\n[tradebrains.in]are their own, and not that of the website or its management. Investing in equities poses a risk of financial losses. Investors must therefore exercise due caution while investing or trading in stocks. Trade Brains Technologies Private Limited or the author are not liable for any losses caused as a result of the decision based on this article. Please consult your investment advisor before investing.",
    "summary": "Recently, gold has risen to a record high of $5,500 an ounce due to global economic instability and geopolitical issues, drawing investors into this safe-haven asset. It’s worth noting that the $6,000 target has effectively already been reached in the Indian market due to currency deviation, and on top of these base prices, applicable GST and cess will further increase the final cost to consumers. Analyst Outlooks and Bullish Targets Societe Generale anticipates that gold will be worth $6,000 by the end of this fiscal year, which they feel could be considered a conservative estimate.",
    "highlightText": "",
    "highlightTitle": "",
    "highlightThreadTitle": "",
    "language": "english",
    "sentiment": "positive",
    "categories": [
        "Economy, Business and Finance"
    ],
    "topics": [
        "Economy, Business and Finance->commodity market",
        "Economy, Business and Finance->financial and economic news",
        "Economy, Business and Finance->investment and opinion pieces"
    ],
    "ai_allow": true,
    "has_canonical": false,
    "breaking": false,
    "webz_reporter": false,
    "external_links": [],
    "external_images": [],
    "internal_images": [],
    "entities": {
        "persons": [],
        "locations": [],
        "organizations": [
            {
                "name": "Goldman Sachs",
                "sentiment": "negative",
                "tickers": [
                    {
                        "ticker": "GS",
                        "exchange": "NYSE"
                    }
                ]
            },
            {
                "name": "Societe Generale",
                "sentiment": "negative",
                "tickers": [
                    {
                        "ticker": "GLE",
                        "exchange": "Euronext Paris"
                    }
                ]
            },
            {
                "name": "Morgan Stanley",
                "sentiment": "negative",
                "tickers": [
                    {
                        "ticker": "MS",
                        "exchange": "NYSE"
                    }
                ]
            }
        ]
    },
    "syndication": {
        "syndicated": false,
        "syndicate_id": null,
        "first_syndicated": false
    },
    "trust": {
        "categories": [],
        "top_news": [],
        "bias": null,
        "source": {
            "type": null,
            "city": null,
            "state": null,
            "country": null,
            "domain_type": null,
            "agency": null,
            "organization_name": null
        }
    },
    "rating": null,
    "crawled": "2026-01-29T10:29:42.558+02:00",
    "updated": "2026-01-29T10:34:32.000+02:00"
}