{
    "thread": {
        "uuid": "b703374cb09794e492253de29104c4c5bf323457",
        "url": "https://www.cbsnews.com/sacramento/video/city-of-folsom-reports-financial-turnaround-after-cuts-and-layoffs/",
        "site_full": "www.cbsnews.com",
        "site": "cbsnews.com",
        "site_section": "https://news.google.com/search?q=and%20when%3A1h&hl=en-US&gl=US&ceid=US%3Aen",
        "site_categories": [
            "media",
            "television",
            "entertainment",
            "top_news_ca",
            "top_news_ph",
            "top_news_iq",
            "top_news_nz",
            "top_news_au",
            "top_news_us",
            "top_news_za",
            "top_news_sg",
            "top_news_kw",
            "top_news",
            "economy, business and finance",
            "crime, law and justice",
            "weather",
            "disaster and accident",
            "politics",
            "sport"
        ],
        "section_title": "Google News - Search",
        "site_title": "CBS News | Breaking news, top stories &amp; today's latest headlines",
        "title": "City of Folsom reports financial turnaround after cuts and layoffs - CBS Sacramento",
        "title_full": "City of Folsom reports financial turnaround after cuts and layoffs - CBS Sacramento",
        "published": "2026-01-29T08:36:00.000+02:00",
        "replies_count": 0,
        "participants_count": 1,
        "site_type": "news",
        "country": "US",
        "main_image": "https://assets3.cbsnewsstatic.com/hub/i/r/2026/01/29/dcf6f57c-1ae3-4a00-80fb-6fcab6af9840/thumbnail/1200x630/067f1021880ac19aacdb4b19530cd103/472aec2ba83499ddae66320a0381175a.jpg",
        "performance_score": 0,
        "domain_rank": 611,
        "domain_rank_updated": "2026-01-25T23:00:00.000+02:00",
        "licensing_agency": [],
        "social": {
            "facebook": {
                "likes": 0,
                "comments": 0,
                "shares": 0
            },
            "vk": {
                "shares": 0
            }
        }
    },
    "uuid": "b703374cb09794e492253de29104c4c5bf323457",
    "url": "https://www.cbsnews.com/sacramento/video/city-of-folsom-reports-financial-turnaround-after-cuts-and-layoffs/",
    "ord_in_thread": 0,
    "author": "CBS Sacramento",
    "published": "2026-01-29T08:36:00.000+02:00",
    "title": "City of Folsom reports financial turnaround after cuts and layoffs - CBS Sacramento",
    "text": "Madisen Keavy reports.",
    "summary": null,
    "highlightText": "",
    "highlightTitle": "",
    "highlightThreadTitle": "",
    "language": "english",
    "sentiment": "positive",
    "categories": [
        "Economy, Business and Finance"
    ],
    "topics": [
        "Economy, Business and Finance->financial and economic news",
        "Economy, Business and Finance->business reporting and performance",
        "Economy, Business and Finance->layoffs"
    ],
    "ai_allow": true,
    "has_canonical": false,
    "breaking": true,
    "webz_reporter": false,
    "external_links": [],
    "external_images": [],
    "internal_images": [],
    "entities": {
        "persons": [],
        "locations": [],
        "organizations": []
    },
    "syndication": {
        "syndicated": false,
        "syndicate_id": null,
        "first_syndicated": false
    },
    "trust": {
        "categories": [
            "trusted_news"
        ],
        "top_news": [
            "top_news_ca",
            "top_news_ph",
            "top_news_iq",
            "top_news_nz",
            "top_news_au",
            "top_news_us",
            "top_news_za",
            "top_news_sg",
            "top_news_kw",
            "top_news"
        ],
        "bias": "center",
        "source": {
            "type": null,
            "city": null,
            "state": null,
            "country": null,
            "domain_type": null,
            "agency": null,
            "organization_name": null
        }
    },
    "rating": null,
    "crawled": "2026-01-29T08:50:41.729+02:00",
    "updated": "2026-01-30T09:11:00.000+02:00"
}