{
    "thread": {
        "uuid": "dfb4a198e8ff09b2b1609e6066f316078147d275",
        "url": "https://ae.marketscreener.com/news/gold-blasts-past-5-500-to-record-high-on-safe-haven-demand-ce7e5bdedd81fe21",
        "site_full": "ae.marketscreener.com",
        "site": "marketscreener.com",
        "site_section": "https://ae.marketscreener.com/quote/commodity/PLATINUM-89083",
        "site_categories": [
            "science and technology",
            "economy, business and finance"
        ],
        "section_title": "Platinum: Commodity Price | XC0009665545 | MarketScreener UAE Emirates",
        "site_title": "Stock Market Today : Reports, Quotes and News - MarketScreener",
        "title": "Gold blasts past $5,500 to record high on safe-haven demand | MarketScreener UAE Emirates",
        "title_full": "Gold blasts past $5,500 to record high on safe-haven demand | MarketScreener UAE Emirates",
        "published": "2026-01-29T09:07:00.000+02:00",
        "replies_count": 0,
        "participants_count": 1,
        "site_type": "news",
        "country": "DE",
        "main_image": "https://ae.marketscreener.com/images/twitter_MS_fdblanc.png",
        "performance_score": 0,
        "domain_rank": 11487,
        "domain_rank_updated": "2026-01-25T23:00:00.000+02:00",
        "licensing_agency": [],
        "social": {
            "facebook": {
                "likes": 0,
                "comments": 0,
                "shares": 0
            },
            "vk": {
                "shares": 0
            }
        }
    },
    "uuid": "dfb4a198e8ff09b2b1609e6066f316078147d275",
    "url": "https://ae.marketscreener.com/news/gold-blasts-past-5-500-to-record-high-on-safe-haven-demand-ce7e5bdedd81fe21",
    "ord_in_thread": 0,
    "author": "Reuters",
    "published": "2026-01-29T09:07:00.000+02:00",
    "title": "Gold blasts past $5,500 to record high on safe-haven demand | MarketScreener UAE Emirates",
    "text": "SILVER +0.93% PLATINUM +1.38% STORY: Gold extended its record-breaking rally on Thursday, blasting past $5,500 per ounce.\nThat is as investors sought safety amid geopolitical and economic strains.\nThe precious metal jumped over 2% by midday in Asia, and is up around 27% just this year.\nPrices broke the $5,000 mark for the first time on Monday and have continued to zoom higher.\nThis is driven by a cocktail of factors including strong safe-haven demand and firm central bank buying.\nSince gold is priced in dollars, the weaker greenback also makes it cheaper for buyers holding other currencies.\nAnalysts from OCBC said that \"rising government debt burdens, geopolitical concerns and policy unpredictability have accelerated a structural re-rating of gold's role in portfolios.\"\nSilver also notched an all-time high Thursday, coming within a whisker of breaching the $120 mark.\nPrices have been helped by demand from investors looking for cheaper alternatives to gold, along with supply shortages and momentum buying.\nThe white metal has jumped more than 60% so far this year.\n© Reuters - 2026",
    "summary": "SILVER +0.93% PLATINUM +1.38% STORY: Gold extended its record-breaking rally on Thursday, blasting past $5,500 per ounce. This is driven by a cocktail of factors including strong safe-haven demand and firm central bank buying. Since gold is priced in dollars, the weaker greenback also makes it cheaper for buyers holding other currencies. Analysts from OCBC said that \"rising government debt burdens, geopolitical concerns and policy unpredictability have accelerated a structural re-rating of gold's role in portfolios.\" Prices have been helped by demand from investors looking for cheaper alternatives to gold, along with supply shortages and momentum buying.",
    "highlightText": "",
    "highlightTitle": "",
    "highlightThreadTitle": "",
    "language": "english",
    "sentiment": "positive",
    "categories": [
        "Economy, Business and Finance"
    ],
    "topics": [
        "Economy, Business and Finance->market and exchange",
        "Economy, Business and Finance->financial and economic news",
        "Economy, Business and Finance->commodity market"
    ],
    "ai_allow": true,
    "has_canonical": false,
    "breaking": false,
    "webz_reporter": false,
    "external_links": [
        "https://wa.me/?text=https%3A%2F%2Fwww.marketscreener.com%2Fnews%2Fgold-blasts-past-5-500-to-record-high-on-safe-haven-demand-ce7e5bdedd81fe21%3Futm_source%3Dwhatsapp%26utm_medium%3Dsocial%26utm_campaign%3Dshare",
        "https://telegram.me/share/url?url=https%3A%2F%2Fwww.marketscreener.com%2Fnews%2Fgold-blasts-past-5-500-to-record-high-on-safe-haven-demand-ce7e5bdedd81fe21%3Futm_source%3Dtelegram%26utm_medium%3Dsocial%26utm_campaign%3Dshare",
        "https://www.facebook.com/sharer/sharer.php?u=https%3A%2F%2Fwww.marketscreener.com%2Fnews%2Fgold-blasts-past-5-500-to-record-high-on-safe-haven-demand-ce7e5bdedd81fe21%3Futm_source%3Dfacebook%26utm_medium%3Dsocial%26utm_campaign%3Dshare",
        "https://x.com/intent/tweet?text=Gold",
        "https://www.linkedin.com/shareArticle?mini=true&url=https%3A%2F%2Fwww.marketscreener.com%2Fnews%2Fgold-blasts-past-5-500-to-record-high-on-safe-haven-demand-ce7e5bdedd81fe21%3Futm_source%3Dlinkedin%26utm_medium%3Dsocial%26utm_campaign%3Dshare&title=Gold",
        "https://x.com/intent/tweet",
        "https://www.wa.me/?text=https%3A%2F%2Fwww.marketscreener.com%2Fnews%2Fgold-blasts-past-5-500-to-record-high-on-safe-haven-demand-ce7e5bdedd81fe21%3Futm_source%3Dwhatsapp%26utm_medium%3Dsocial%26utm_campaign%3Dshare",
        "https://telegram.me/share/url",
        "https://linkedin.com/shareArticle?mini=true&url=https%3A%2F%2Fwww.marketscreener.com%2Fnews%2Fgold-blasts-past-5-500-to-record-high-on-safe-haven-demand-ce7e5bdedd81fe21%3Futm_source%3Dlinkedin%26utm_medium%3Dsocial%26utm_campaign%3Dshare&title=Gold",
        "https://www.telegram.me/share/url?url=https%3A%2F%2Fwww.marketscreener.com%2Fnews%2Fgold-blasts-past-5-500-to-record-high-on-safe-haven-demand-ce7e5bdedd81fe21%3Futm_source%3Dtelegram%26utm_medium%3Dsocial%26utm_campaign%3Dshare",
        "https://wa.me/",
        "https://www.facebook.com/sharer/sharer.php",
        "https://www.linkedin.com/shareArticle",
        "https://facebook.com/sharer/sharer.php?u=https%3A%2F%2Fwww.marketscreener.com%2Fnews%2Fgold-blasts-past-5-500-to-record-high-on-safe-haven-demand-ce7e5bdedd81fe21%3Futm_source%3Dfacebook%26utm_medium%3Dsocial%26utm_campaign%3Dshare",
        "https://www.x.com/intent/tweet?text=Gold"
    ],
    "external_images": [],
    "internal_images": [],
    "entities": {
        "persons": [],
        "locations": [
            {
                "name": "UAE Emirates",
                "sentiment": "none"
            },
            {
                "name": "Asia",
                "sentiment": "none"
            }
        ],
        "organizations": []
    },
    "syndication": {
        "syndicated": false,
        "syndicate_id": null,
        "first_syndicated": false
    },
    "trust": {
        "categories": [],
        "top_news": [],
        "bias": null,
        "source": {
            "type": null,
            "city": null,
            "state": null,
            "country": null,
            "domain_type": null,
            "agency": null,
            "organization_name": null
        }
    },
    "rating": null,
    "crawled": "2026-01-29T09:24:21.835+02:00",
    "updated": "2026-01-29T09:25:35.000+02:00"
}