{
    "thread": {
        "uuid": "dff037380c69fb21745f99a09f88567d8a0bad24",
        "url": "https://article.wn.com/view/2026/01/29/GE_Vernova_T_D_shares_jump_9_after_stellar_Q3_results_broker/",
        "site_full": "article.wn.com",
        "site": "wn.com",
        "site_section": "https://wn.com/business",
        "site_categories": [
            "media",
            "arts, culture and entertainment",
            "economy, business and finance",
            "science and technology",
            "lifestyle and leisure",
            "crime, law and justice",
            "politics",
            "sport"
        ],
        "section_title": "World News - Business",
        "site_title": "World News",
        "title": "GE Vernova T&D shares jump 9% after stellar Q3 results, brokerages lift targets",
        "title_full": "GE Vernova T&D shares jump 9% after stellar Q3 results, brokerages lift targets",
        "published": "2026-01-29T08:37:00.000+02:00",
        "replies_count": 0,
        "participants_count": 0,
        "site_type": "news",
        "country": "US",
        "main_image": "",
        "performance_score": 0,
        "domain_rank": 8219,
        "domain_rank_updated": "2026-01-25T23:00:00.000+02:00",
        "licensing_agency": [],
        "social": {
            "facebook": {
                "likes": 0,
                "comments": 0,
                "shares": 0
            },
            "vk": {
                "shares": 0
            }
        }
    },
    "uuid": "dff037380c69fb21745f99a09f88567d8a0bad24",
    "url": "https://article.wn.com/view/2026/01/29/GE_Vernova_T_D_shares_jump_9_after_stellar_Q3_results_broker/",
    "ord_in_thread": 0,
    "author": null,
    "published": "2026-01-29T08:37:00.000+02:00",
    "title": "GE Vernova T&D shares jump 9% after stellar Q3 results, brokerages lift targets",
    "text": "Toggle navigation\nGE Vernova T&D India’s profit\n...\nRead Full Article",
    "summary": null,
    "highlightText": "",
    "highlightTitle": "",
    "highlightThreadTitle": "",
    "language": "english",
    "sentiment": "positive",
    "categories": [
        "Economy, Business and Finance"
    ],
    "topics": [
        "Economy, Business and Finance->business reporting and performance",
        "Economy, Business and Finance->business and market analysis",
        "Economy, Business and Finance->financial and economic news"
    ],
    "ai_allow": true,
    "has_canonical": false,
    "breaking": false,
    "webz_reporter": false,
    "external_links": [],
    "external_images": [],
    "internal_images": [],
    "entities": {
        "persons": [],
        "locations": [
            {
                "name": "India",
                "sentiment": "none"
            }
        ],
        "organizations": [
            {
                "name": "GE Vernova T & D",
                "sentiment": "neutral",
                "tickers": []
            }
        ]
    },
    "syndication": {
        "syndicated": false,
        "syndicate_id": null,
        "first_syndicated": false
    },
    "trust": {
        "categories": [
            "trusted_news"
        ],
        "top_news": [],
        "bias": "center",
        "source": {
            "type": null,
            "city": null,
            "state": null,
            "country": null,
            "domain_type": null,
            "agency": null,
            "organization_name": null
        }
    },
    "rating": null,
    "crawled": "2026-01-29T08:58:36.961+02:00",
    "updated": "2026-01-29T09:00:01.000+02:00"
}