{
    "thread": {
        "uuid": "53dc219cfee1c3235221f30eb0798e23eb5e2aef",
        "url": "https://www.cnbctv18.com/market/earnings/birlasoft-md-says-worst-is-over-fy27-to-be-growth-year-19835451.htm",
        "site_full": "www.cnbctv18.com",
        "site": "cnbctv18.com",
        "site_section": "https://news.google.com/search?q=we%20when%3A1h&hl=en-US&gl=US&ceid=US%3Aen",
        "site_categories": [
            "media",
            "financial_news",
            "finance",
            "politics",
            "science and technology",
            "economy, business and finance"
        ],
        "section_title": "Google News - Search",
        "site_title": "Today Business News: Read Business News, Live Stock &amp; Share Market News Economy &amp; Finance News, Sensex, and NIFTY Updates | CNBCTV18",
        "title": "Birlasoft MD says worst is over, FY27 to be growth year",
        "title_full": "Birlasoft MD says worst is over, FY27 to be growth year",
        "published": "2026-01-29T09:23:00.000+02:00",
        "replies_count": 0,
        "participants_count": 1,
        "site_type": "news",
        "country": "IN",
        "main_image": "https://images.cnbctv18.com/uploads/2024/11/stock-market-shutterstock-2024-11-404ef13c918e55a2f46d625fa042a4bb.jpg?im=FitAndFill,width=500,height=300",
        "performance_score": 0,
        "domain_rank": 11439,
        "domain_rank_updated": "2026-01-25T23:00:00.000+02:00",
        "licensing_agency": [],
        "social": {
            "facebook": {
                "likes": 0,
                "comments": 0,
                "shares": 0
            },
            "vk": {
                "shares": 0
            }
        }
    },
    "uuid": "53dc219cfee1c3235221f30eb0798e23eb5e2aef",
    "url": "https://www.cnbctv18.com/market/earnings/birlasoft-md-says-worst-is-over-fy27-to-be-growth-year-19835451.htm",
    "ord_in_thread": 0,
    "author": "@CNBCTV18Live",
    "published": "2026-01-29T09:23:00.000+02:00",
    "title": "Birlasoft MD says worst is over, FY27 to be growth year",
    "text": "Birlasoft Managing Director and Chief Executive Officer Angan Guha said the company expects the financial year 2026–27 to mark a return to growth, with steady improvement likely from the second quarter onward.“FY27 will be a growth year for us,” Guha said.He added that sustainable quarter-on-quarter revenue growth should begin from the second quarter of the next financial year, depending on execution and deal signings in the March and June quarters.“The worst is behind us,” he said.Birlasoft reported a 2.5% year-on-year rise in net profit to ₹119.8 crore for the October–December 2025 quarter, compared with ₹116.9 crore in the same period last year.The company has a market capitalisation of ₹11,406.79 crore. Its shares have fallen more than 23% over the past year.These are the edited excerpts of the interview.Q: What should we expect in quarter four? Will there be some furloughs which spill over from quarter three into quarter four, and how does it set you up for 2026-27, considering that so far in the nine months, you've had a mid-single-digit kind of revenue decline?A: Quarter four has fewer working days than quarter three. I don't see any furloughs going forward in quarter four. We'll have to look at how our signings, that is our focus area for quarter four as well, pan out and execute for the quarter. But overall, we are feeling reasonably confident that the worst is behind us.Q: So, quarter four should see growth over quarter three, and what kind—one to two, two to three, or flattish?A: We don't give guidance, so we will be focusing on execution as far as quarter four is concerned. It is a little too hard to say because we still see the demand environment as being a little sluggish. So, we'll see how it goes. But our focus will be to drive execution for the quarter.Also Read | Marico targets mid-teen profit growth, margin expansion in near termQ: The margins are up around 220 basis points on a sequential basis, coming at around 18.2% now. This is the second consecutive quarter of strong margin performance. Could you tell us what drove that, and what's the guidance from here on?A: We have done an incredible job on execution, which has helped the margins. And as you would recollect, two quarters ago, our margins were about 12% earnings before interest, taxes, depreciation, and amortisation . We've moved the margins from 12% to 18%, so we are pretty proud of the team. The team has executed well.But this has got some one-offs. Of course, the currency has helped us significantly, and there are some one-off benefits that we have got, which may not continue going forward. If we can continue to execute and deliver revenue growth, then we'll continue to do well on margins. Our baseline margins will be anywhere between 15% and 16%, and then we will work on improving from that.Q: This has been a weak year. Given that we're going to end this year as well on a weakish note, how does it set you up for 2026-27? Will things be better in 2026-27on the low base of 2025-26, and if you could hint with regard to growth, what could it be—high single digit, mid-single digit? You wanted to guide for double digits. Tell us.A: We don't give guidance. 2025-26 has not been a good year for us. As you said, in dollar terms, we'll have a decline in 2025-26, but one thing I can commit to you is that 2026-27 will definitely be better than 2025-26. Now, how much better? It's a little too early to say. If we can have a good quarter four, which is our focus for now, then definitely 2026-27 will look much better.The entire management team's job now is to focus on funnel and pipeline, deals and then resulting in revenue growth. We have fixed all the other parts of the business. Our margins are strong. Cash flows are strong. We have not lost a single client. We are delivering good signings. Now we need to convert that to revenue, but we are feeling good about it.Q: Would you look at an acquisition in 2026-27, considering the strong cash on the company's books?A: We always look at assets from time to time, but an acquisition can only happen if we get an asset which culturally matches us and what we want to do. Like I've always stated, we will never buy a company for revenue aggregation. We will only buy a company as long as it is a strategic fit for us.For us right now, we do not want to digress from the fact that we need to deliver growth. If we can deliver good, strong quarter-on-quarter revenue growth organically, then we will look at something inorganically. But first, the entire management team needs to focus and deliver quarter-on-quarter revenue growth. That's our endeavour.Also Read | Asian Paints says volume growth to hold at 8-10%, steps up brand and innovation spendsQ: There is one midcap company in terms of market size on the block. Are you not looking? Are you not interested? Or have you looked?A: As I said, we keep looking at a lot of deals. But we will only do an acquisition once we are comfortable that we can sustainably deliver revenue growth organically. Only then will we look.Q: When do you think you will be in a position to start delivering sustainable quarter-on-quarter revenue growth? Will that happen sometime in quarter two or quarter three of 2026-27, or will it take longer?A: No, I think 2026-27 will be a growth year for us, and our quarter-on-quarter growth, I would suspect, that starting quarter two of the next financial year, we should be looking at sustainable revenue growth from my standpoint. And it'll all depend upon how we execute from a signing perspective in quarter four and quarter one. But like I said, I think the worst is behind us, and we are positively entering 2026-27.Q: The deal TCV was robust at around $202 million, and I think the indications are that quarter four will be better than quarter three. Spell it out for us.A: Yes, you're right. Quarter three, we had a very solid quarter in terms of signings. I inherently feel quarter four will be better, but there will be some renewals that will come in, and I feel that we'll have a little bit of pricing pressure. But look, we are pretty confident that quarter four, at least from a signings perspective, will be better than quarter three.Q: And in terms of the sectoral mix this quarter, it was manufacturing which drove growth for you. What were the issues, other than furloughs, which impacted the performance in the other verticals, and in 2026-27 or quarter four, what should we expect in terms of broad-based growth?A: Manufacturing for us has been a laggard. If you look at our last three or four quarters' results, there were certain deals that we had won about two quarters ago that showed some ramp-up in quarter three. I still feel manufacturing will have a soft quarter in quarter four. We will need another couple of quarters to turn manufacturing around, but we are making a lot of investments in this area. We are confident that starting in quarter one and quarter two, manufacturing will turn around.As far as financial services and healthcare are concerned, financial services obviously had furloughs this quarter that will deliver steady performance and will deliver steady performance. Life sciences for us is again a manufacturing business because we work with medtech companies. That will again take a couple of quarters to turn around. But starting quarter one and quarter two, I'm pretty confident that all of our sectors will start showing growth.For the full interview, watch the accompanying videoCatch all the latest updates from the stock market hereCatch the latest Economic Survey 2026 updates hereCatch all the latest updates from the Q3 earnings here",
    "summary": "Birlasoft Managing Director and Chief Executive Officer Angan Guha said the company expects the financial year 2026–27 to mark a return to growth, with steady improvement likely from the second quarter onward.“FY27 will be a growth year for us,” Guha said.He added that sustainable quarter-on-quarter revenue growth should begin from the second quarter of the next financial year, depending on execution and deal signings in the March and June quarters.“The worst is behind us,” he said.Birlasoft reported a 2.5% year-on-year rise in net profit to ₹119.8 crore for the October–December 2025 quarter, compared with ₹116.9 crore in the same period…",
    "highlightText": "",
    "highlightTitle": "",
    "highlightThreadTitle": "",
    "language": "english",
    "sentiment": "positive",
    "categories": [
        "Economy, Business and Finance"
    ],
    "topics": [
        "Economy, Business and Finance->business and market analysis",
        "Economy, Business and Finance->business reporting and performance",
        "Economy, Business and Finance->financial and economic news"
    ],
    "ai_allow": true,
    "has_canonical": false,
    "breaking": true,
    "webz_reporter": false,
    "external_links": [],
    "external_images": [],
    "internal_images": [],
    "entities": {
        "persons": [
            {
                "name": "Angan Guha",
                "sentiment": "negative"
            }
        ],
        "locations": [],
        "organizations": [
            {
                "name": "Birlasoft",
                "sentiment": "negative",
                "tickers": []
            }
        ]
    },
    "syndication": {
        "syndicated": false,
        "syndicate_id": null,
        "first_syndicated": false
    },
    "trust": {
        "categories": [],
        "top_news": [],
        "bias": null,
        "source": {
            "type": null,
            "city": null,
            "state": null,
            "country": null,
            "domain_type": null,
            "agency": null,
            "organization_name": null
        }
    },
    "rating": null,
    "crawled": "2026-01-29T09:29:09.103+02:00",
    "updated": "2026-01-29T09:31:26.000+02:00"
}