{
    "thread": {
        "uuid": "e3d6726983dfa7d9aecfad4b41081a09c0214e28",
        "url": "https://www.banklesstimes.com/articles/2026/01/29/russia-to-roll-out-crypto-regulatory-framework-allowing-retail-participation/",
        "site_full": "www.banklesstimes.com",
        "site": "banklesstimes.com",
        "site_section": "https://news.google.com/search?q=out%20when%3A1h&hl=en-US&gl=US&ceid=US%3Aen",
        "site_categories": [
            "financial_news",
            "finance",
            "science and technology",
            "economy, business and finance"
        ],
        "section_title": "Google News - Search",
        "site_title": "Cryptocurrency News, Reviews &amp; Cryptocurrency Buying Guides | BanklessTimes",
        "title": "Russia to Roll Out Crypto Regulatory Framework Allowing Retail Participation | BanklessTimes",
        "title_full": "Russia to Roll Out Crypto Regulatory Framework Allowing Retail Participation | BanklessTimes",
        "published": "2026-01-29T09:55:00.000+02:00",
        "replies_count": 0,
        "participants_count": 0,
        "site_type": "news",
        "country": "US",
        "main_image": "https://cdn.banklesstimes.com/bt/content/uploads/2024/06/1646406099-shutterstock_1920397865.jpg",
        "performance_score": 0,
        "domain_rank": 167533,
        "domain_rank_updated": "2026-01-25T23:00:00.000+02:00",
        "licensing_agency": [],
        "social": {
            "facebook": {
                "likes": 0,
                "comments": 0,
                "shares": 0
            },
            "vk": {
                "shares": 0
            }
        }
    },
    "uuid": "e3d6726983dfa7d9aecfad4b41081a09c0214e28",
    "url": "https://www.banklesstimes.com/articles/2026/01/29/russia-to-roll-out-crypto-regulatory-framework-allowing-retail-participation/",
    "ord_in_thread": 0,
    "author": null,
    "published": "2026-01-29T09:55:00.000+02:00",
    "title": "Russia to Roll Out Crypto Regulatory Framework Allowing Retail Participation | BanklessTimes",
    "text": "By 2027, Russia intends to introduce a new crypto regulatory framework that would permit retail investors to lawfully purchase digital assets under stringent parameters.\nInstitutional and individual investors will be able to participate in the local cryptocurrency market through regulated platforms. Only a small number of the most liquid cryptocurrencies, including Bitcoin and probably Ethereum, will be available for purchase by unqualified retail investors.\nAfter years of discussion between the finance ministry and the central bank about how to handle digital assets, authorities anticipate that the framework will be ready by July 2027. In accordance with current Russian law, the regulations aim to acknowledge cryptocurrency as an investment asset while limiting its use in domestic payments.\nLimits and Tests For Retail Investors\nRetail buyers will face a yearly purchase cap of about 300,000 rubles, or roughly 4,000 dollars, to reduce the risk of large losses. They will also need to pass a knowledge or qualification test before they can trade, showing that they understand basic risks and product features.\nQualified or professional investors, by contrast, will be allowed to trade a wider range of tokens without strict annual limits after completing risk‑awareness checks. Privacy‑focused coins such as Monero and Zcash plan to remain banned under the proposed rules, reflecting regulators’ concerns about anonymity and illicit flows.\nHow Trading Will Take Place\nCryptocurrency transactions will need to pass via trustees, brokers, and approved exchanges that already follow Russian financial regulations. Unregistered platforms may be subject to fines akin to those for illicit banking, which would drive traders away from unofficial peer-to-peer marketplaces.\nIn addition to strictly monitoring domestic platforms, the central bank intends to create a whitelist of authorised cryptocurrencies for retail trading. The requirement for residents who use foreign exchanges to report their activities to tax authorities supports tighter control and more transparent money movements.\nThe shift comes after sanctions and rising domestic use of crypto pushed officials to bring the sector into a clear legal framework. Policymakers want to channel existing activity into regulated channels, support trade and investment, and at the same time protect households from highly volatile assets.\nREAD MORE: Sei Network Integrates Ondo’s USDY as Institutional RWA Activity Grows",
    "summary": "By 2027, Russia intends to introduce a new crypto regulatory framework that would permit retail investors to lawfully purchase digital assets under stringent parameters. After years of discussion between the finance ministry and the central bank about how to handle digital assets, authorities anticipate that the framework will be ready by July 2027. Qualified or professional investors, by contrast, will be allowed to trade a wider range of tokens without strict annual limits after completing risk‑awareness checks. In addition to strictly monitoring domestic platforms, the central bank intends to create a whitelist of authorised cryptocurrencies for retail trading.",
    "highlightText": "",
    "highlightTitle": "",
    "highlightThreadTitle": "",
    "language": "english",
    "sentiment": "positive",
    "categories": [
        "Economy, Business and Finance"
    ],
    "topics": [
        "Economy, Business and Finance->financial and economic news",
        "Economy, Business and Finance->cryptocurrency"
    ],
    "ai_allow": true,
    "has_canonical": false,
    "breaking": true,
    "webz_reporter": false,
    "external_links": [
        "https://www.theblock.co/post/387540/russias-crypto-framework-coming-july?utm_source=twitter&utm_medium=social",
        "https://www.theblock.co/post/387540/russias-crypto-framework-coming-july",
        "https://theblock.co/post/387540/russias-crypto-framework-coming-july?utm_source=twitter&utm_medium=social"
    ],
    "external_images": [],
    "internal_images": [],
    "entities": {
        "persons": [],
        "locations": [
            {
                "name": "Russia",
                "sentiment": "none"
            }
        ],
        "organizations": [
            {
                "name": "Bitcoin",
                "sentiment": "none",
                "tickers": [
                    {
                        "ticker": null,
                        "exchange": null
                    }
                ]
            },
            {
                "name": "Ethereum",
                "sentiment": "none",
                "tickers": [
                    {
                        "ticker": null,
                        "exchange": null
                    }
                ]
            }
        ]
    },
    "syndication": {
        "syndicated": false,
        "syndicate_id": null,
        "first_syndicated": false
    },
    "trust": {
        "categories": [],
        "top_news": [],
        "bias": null,
        "source": {
            "type": null,
            "city": null,
            "state": null,
            "country": null,
            "domain_type": null,
            "agency": null,
            "organization_name": null
        }
    },
    "rating": null,
    "crawled": "2026-01-29T10:01:52.374+02:00",
    "updated": "2026-01-29T10:03:02.000+02:00"
}