{
    "thread": {
        "uuid": "9e2aad9e8ea9a6cd5aa3ae5eef98a104adb18505",
        "url": "https://sa.marketscreener.com/news/danske-bank-initiates-coverage-on-pandox-with-buy-rating-and-target-price-of-245-kronor-bn-ce7e58d2de8cfe24",
        "site_full": "sa.marketscreener.com",
        "site": "marketscreener.com",
        "site_section": "https://sa.marketscreener.com/news/companies/recommandations",
        "site_categories": [
            "science and technology",
            "economy, business and finance"
        ],
        "section_title": "Analyst Recommendations: Economic and stock market news | MarketScreener Saudi Arabia",
        "site_title": "Stock Market Today : Reports, Quotes and News - MarketScreener",
        "title": "Danske Bank Initiates Coverage on Pandox with Buy Rating and Target Price of 245 Kronor - BN | MarketScreener Saudi Arabia",
        "title_full": "Danske Bank Initiates Coverage on Pandox with Buy Rating and Target Price of 245 Kronor - BN | MarketScreener Saudi Arabia",
        "published": "2026-01-22T10:10:00.000+02:00",
        "replies_count": 0,
        "participants_count": 1,
        "site_type": "news",
        "country": "DE",
        "main_image": "https://sa.marketscreener.com/images/twitter_MS_fdblanc.png",
        "performance_score": 0,
        "domain_rank": 11487,
        "domain_rank_updated": "2026-01-18T23:00:00.000+02:00",
        "licensing_agency": [],
        "social": {
            "facebook": {
                "likes": 0,
                "comments": 0,
                "shares": 0
            },
            "vk": {
                "shares": 0
            }
        }
    },
    "uuid": "9e2aad9e8ea9a6cd5aa3ae5eef98a104adb18505",
    "url": "https://sa.marketscreener.com/news/danske-bank-initiates-coverage-on-pandox-with-buy-rating-and-target-price-of-245-kronor-bn-ce7e58d2de8cfe24",
    "ord_in_thread": 0,
    "author": "Finwire",
    "published": "2026-01-22T10:10:00.000+02:00",
    "title": "Danske Bank Initiates Coverage on Pandox with Buy Rating and Target Price of 245 Kronor - BN | MarketScreener Saudi Arabia",
    "text": "PANDOX AB +1.12% Danske Bank initiates coverage on Pandox with a buy rating and a target price of 245 kronor - BN © Finwire - 2026",
    "highlightText": "",
    "highlightTitle": "",
    "highlightThreadTitle": "",
    "language": "english",
    "sentiment": "positive",
    "categories": [
        "Economy, Business and Finance"
    ],
    "topics": [
        "Economy, Business and Finance->financial and economic news",
        "Economy, Business and Finance->investment and opinion pieces",
        "Economy, Business and Finance->business reporting and performance"
    ],
    "ai_allow": true,
    "has_canonical": false,
    "breaking": false,
    "webz_reporter": false,
    "external_links": [
        "https://x.com/intent/tweet?text=Danske",
        "https://www.facebook.com/sharer/sharer.php?u=https%3A%2F%2Fwww.marketscreener.com%2Fnews%2Fdanske-bank-initiates-coverage-on-pandox-with-buy-rating-and-target-price-of-245-kronor-bn-ce7e58d2de8cfe24%3Futm_source%3Dfacebook%26utm_medium%3Dsocial%26utm_campaign%3Dshare",
        "https://telegram.me/share/url?url=https%3A%2F%2Fwww.marketscreener.com%2Fnews%2Fdanske-bank-initiates-coverage-on-pandox-with-buy-rating-and-target-price-of-245-kronor-bn-ce7e58d2de8cfe24%3Futm_source%3Dtelegram%26utm_medium%3Dsocial%26utm_campaign%3Dshare",
        "https://wa.me/?text=https%3A%2F%2Fwww.marketscreener.com%2Fnews%2Fdanske-bank-initiates-coverage-on-pandox-with-buy-rating-and-target-price-of-245-kronor-bn-ce7e58d2de8cfe24%3Futm_source%3Dwhatsapp%26utm_medium%3Dsocial%26utm_campaign%3Dshare",
        "https://www.linkedin.com/shareArticle?mini=true&url=https%3A%2F%2Fwww.marketscreener.com%2Fnews%2Fdanske-bank-initiates-coverage-on-pandox-with-buy-rating-and-target-price-of-245-kronor-bn-ce7e58d2de8cfe24%3Futm_source%3Dlinkedin%26utm_medium%3Dsocial%26utm_campaign%3Dshare&title=Danske",
        "https://www.wa.me/?text=https%3A%2F%2Fwww.marketscreener.com%2Fnews%2Fdanske-bank-initiates-coverage-on-pandox-with-buy-rating-and-target-price-of-245-kronor-bn-ce7e58d2de8cfe24%3Futm_source%3Dwhatsapp%26utm_medium%3Dsocial%26utm_campaign%3Dshare",
        "https://www.telegram.me/share/url?url=https%3A%2F%2Fwww.marketscreener.com%2Fnews%2Fdanske-bank-initiates-coverage-on-pandox-with-buy-rating-and-target-price-of-245-kronor-bn-ce7e58d2de8cfe24%3Futm_source%3Dtelegram%26utm_medium%3Dsocial%26utm_campaign%3Dshare",
        "https://x.com/intent/tweet",
        "https://telegram.me/share/url",
        "https://linkedin.com/shareArticle?mini=true&url=https%3A%2F%2Fwww.marketscreener.com%2Fnews%2Fdanske-bank-initiates-coverage-on-pandox-with-buy-rating-and-target-price-of-245-kronor-bn-ce7e58d2de8cfe24%3Futm_source%3Dlinkedin%26utm_medium%3Dsocial%26utm_campaign%3Dshare&title=Danske",
        "https://wa.me/",
        "https://www.facebook.com/sharer/sharer.php",
        "https://www.linkedin.com/shareArticle",
        "https://facebook.com/sharer/sharer.php?u=https%3A%2F%2Fwww.marketscreener.com%2Fnews%2Fdanske-bank-initiates-coverage-on-pandox-with-buy-rating-and-target-price-of-245-kronor-bn-ce7e58d2de8cfe24%3Futm_source%3Dfacebook%26utm_medium%3Dsocial%26utm_campaign%3Dshare",
        "https://www.x.com/intent/tweet?text=Danske"
    ],
    "external_images": [],
    "internal_images": [],
    "entities": {
        "persons": [],
        "locations": [
            {
                "name": "Saudi Arabia",
                "sentiment": "none"
            }
        ],
        "organizations": [
            {
                "name": "Danske Bank",
                "sentiment": "negative",
                "tickers": [
                    {
                        "ticker": "DNBK.CO",
                        "exchange": "XCSE"
                    }
                ]
            },
            {
                "name": "PANDOX AB",
                "sentiment": "negative",
                "tickers": []
            }
        ]
    },
    "syndication": {
        "syndicated": false,
        "syndicate_id": null,
        "first_syndicated": false
    },
    "trust": {
        "categories": [],
        "top_news": [],
        "bias": null,
        "source": {
            "type": null,
            "city": null,
            "state": null,
            "country": null,
            "domain_type": null,
            "agency": null,
            "organization_name": null
        }
    },
    "rating": null,
    "crawled": "2026-01-22T10:58:19.779+02:00",
    "updated": "2026-01-22T10:59:22.000+02:00"
}