{
    "thread": {
        "uuid": "3f527fc5d6e9842d54ec4bf4d5eca47df7cdb659",
        "url": "https://www.geo.tv/latest/646548-pakistan-raises-45bn-in-foreign-loans-in-first-half-of-fy26",
        "site_full": "www.geo.tv",
        "site": "geo.tv",
        "site_section": "https://www.geo.tv/rss/1/0",
        "site_categories": [
            "media",
            "television",
            "entertainment",
            "arts, culture and entertainment",
            "lifestyle and leisure",
            "science and technology",
            "politics",
            "crime, law and justice",
            "human interest"
        ],
        "section_title": "Royals - Geo News",
        "site_title": "Geo.tv: Latest News Breaking Pakistan, World, Live Videos",
        "title": "Pakistan raises $4.5bn in foreign loans in first half of FY26",
        "title_full": "Pakistan raises $4.5bn in foreign loans in first half of FY26",
        "published": "2026-01-22T07:19:00.000+02:00",
        "replies_count": 0,
        "participants_count": 0,
        "site_type": "news",
        "country": "PK",
        "main_image": "https://www.geo.tv/assets/uploads/updates/2026-01-22/l_646548_011132_updates.jpg",
        "performance_score": 0,
        "domain_rank": 25266,
        "domain_rank_updated": "2026-01-18T23:00:00.000+02:00",
        "licensing_agency": [],
        "social": {
            "facebook": {
                "likes": 0,
                "comments": 0,
                "shares": 0
            },
            "vk": {
                "shares": 0
            }
        }
    },
    "uuid": "3f527fc5d6e9842d54ec4bf4d5eca47df7cdb659",
    "url": "https://www.geo.tv/latest/646548-pakistan-raises-45bn-in-foreign-loans-in-first-half-of-fy26",
    "ord_in_thread": 0,
    "author": null,
    "published": "2026-01-22T07:19:00.000+02:00",
    "title": "Pakistan raises $4.5bn in foreign loans in first half of FY26",
    "text": "January 22, 2026\nISLAMABAD: Pakistan obtained $4.5 billion in foreign loans from multilateral and bilateral creditors in the first half (July-December) of the current fiscal year 2025-26, up from $3.6 billion in the same period last year, The News reported on Thursday.\nThe foreign loans of $4.5 billion do not include the International Monetary Fund’s (IMF) $1 billion loan under the Extended Fund Facility (EFF), which Pakistan received following completion of the second review and release of the third tranche.\nHowever, the disbursement of $209.5 million under the Resilience and Sustainability Facility (RSF), received as the first installment from the IMF, forms part of the releases recorded by the Economic Affairs Division (EAD).\nIronically, Pakistan failed to launch any international bond during the first half of the current fiscal year. Earlier, the Minister for Finance had announced plans to return to the international bond market within weeks and later consider issuing a dollar-denominated Eurobond or Sukuk in 2026.\nA significant jump was recorded in inflows from bilateral creditors, with Pakistan receiving $1.07 billion during the July-December period of FY26, compared to $311.7 million in the same period of the previous fiscal year. Under a Chinese-guaranteed loan, Pakistan received $255.6 million.\nAmong bilateral lenders, the largest portion — $600 million — was received from Saudi Arabia in the form of an oil facility, which substantially contributed to the increase in bilateral inflows.\nChina disbursed $72 million, Denmark $71.15 million, France $15.6 million, Germany $5.15 million, Japan $11.86 million, South Korea $9.49 million, Kuwait $22.06 million, and Saudi Arabia $8.7 million in project financing during the first six months of CFY 2026.\nFrom multilateral creditors, Pakistan received $1.967 billion in the first half of the current fiscal year, compared to $1.8 billion in the same period of the previous year.\nThe Asian Development Bank (ADB) disbursed $549 million, the Asian Infrastructure Investment Bank $57.19 million, World Bank’s IBRD $221.73 million, World Bank’s IDA $580.77 million, Islamic Development Bank (short-term) $483.78 million, IsDB $52.49 million, IFAD $21 million, and the OPEC Fund $0.7 million.\nPakistan was able to raise only $56.3 million through foreign commercial loans during the first six months of the current fiscal year, a sharp decline from $500 million raised in the same period last year.\nPakistan is targeting $3.1 billion in commercial financing during the ongoing fiscal year. From the IMF under the RSF, Islamabad received $209.5 million as the first instalment out of the total approved funding of $1.4 billion.\nMeanwhile, inflows through Naya Pakistan Certificates amounted to $1.2 billion in the first half of the current fiscal year, compared to $927.6 million during the corresponding period of the previous fiscal year.",
    "highlightText": "",
    "highlightTitle": "",
    "highlightThreadTitle": "",
    "language": "english",
    "sentiment": "positive",
    "categories": [
        "Economy, Business and Finance"
    ],
    "topics": [
        "Economy, Business and Finance->financial and economic news",
        "Economy, Business and Finance->loan market",
        "Economy, Business and Finance->debt market"
    ],
    "ai_allow": true,
    "has_canonical": false,
    "breaking": null,
    "webz_reporter": false,
    "external_links": [],
    "external_images": [],
    "internal_images": [],
    "entities": {
        "persons": [],
        "locations": [
            {
                "name": "Pakistan",
                "sentiment": "none"
            }
        ],
        "organizations": [
            {
                "name": "International Monetary Fund",
                "sentiment": "none",
                "tickers": [
                    {
                        "ticker": null,
                        "exchange": null
                    }
                ]
            },
            {
                "name": "The News",
                "sentiment": "none",
                "tickers": [
                    {
                        "ticker": null,
                        "exchange": null
                    }
                ]
            }
        ]
    },
    "syndication": {
        "syndicated": false,
        "syndicate_id": null,
        "first_syndicated": false
    },
    "trust": {
        "categories": null,
        "top_news": [],
        "bias": "center",
        "source": {
            "type": null,
            "city": null,
            "state": null,
            "country": null,
            "domain_type": null,
            "agency": null,
            "organization_name": null
        }
    },
    "rating": null,
    "crawled": "2026-01-22T10:46:19.255+02:00",
    "updated": "2026-01-22T10:50:33.000+02:00"
}