{
    "thread": {
        "uuid": "3a89aa39809dbbc87d0760fe8e824e5f947f8c57",
        "url": "https://english.aaj.tv/news/330451281/europe-set-to-rally-as-trump-walks-back-greenland-threats",
        "site_full": "english.aaj.tv",
        "site": "aaj.tv",
        "site_section": "https://news.google.com/search?q=as%20when%3A1h&hl=en-US&gl=US&ceid=US%3Aen",
        "site_categories": [
            "war, conflict and unrest",
            "economy, business and finance",
            "disaster and accident",
            "crime, law and justice",
            "politics",
            "sport"
        ],
        "section_title": "Google News - Search",
        "site_title": "Home - AAJ",
        "title": "Europe set to rally as Trump walks back Greenland threats",
        "title_full": "Europe set to rally as Trump walks back Greenland threats",
        "published": "2026-01-22T07:41:00.000+02:00",
        "replies_count": 0,
        "participants_count": 1,
        "site_type": "news",
        "country": "PK",
        "main_image": "https://i.aaj.tv/large/2026/01/22103907c92a36a.webp",
        "performance_score": 0,
        "domain_rank": 182715,
        "domain_rank_updated": "2026-01-18T23:00:00.000+02:00",
        "licensing_agency": [],
        "social": {
            "facebook": {
                "likes": 0,
                "comments": 0,
                "shares": 0
            },
            "vk": {
                "shares": 0
            }
        }
    },
    "uuid": "3a89aa39809dbbc87d0760fe8e824e5f947f8c57",
    "url": "https://english.aaj.tv/news/330451281/europe-set-to-rally-as-trump-walks-back-greenland-threats",
    "ord_in_thread": 0,
    "author": "Reuters",
    "published": "2026-01-22T07:41:00.000+02:00",
    "title": "Europe set to rally as Trump walks back Greenland threats",
    "text": "Europe set to rally as Trump walks back Greenland threats\nThe dollar was higher, gold softer and stocks on the rebound on Thursday after US President Donald Trump dropped tariff threats and ruled out seizing Greenland from an ally by force.\nTrump’s theatrics and consequent tensions have kept markets on edge this week, prompting investors to take the latest developments with a pinch of salt even as relief was palpable.\n“I won’t do that,” the US President said at Davos of an attack to secure Greenland.\n“Okay? Now everyone’s saying, ‘Oh, good,’ that’s probably the biggest statement I made because people thought I would use force. I don’t have to use force, I don’t want to use force, I won’t use force.”\nHe added on his Truth Social platform that the US and NATO had a framework for a deal and that he would not impose tariffs.\nEuropean futures were 1.2% higher in the Asian afternoon, and FTSE futures rose 0.75%. On Wall Street, the S&P 500 had notched a 1.16% rise, its largest in two months, and futures were 0.3% higher through Asian trade.\nA bouncing dollar has pushed the euro back under $1.17, to $1.1686, and gold has dropped about $100 an ounce to $4,790 from a record high of $4,887.\nMSCI’s broadest index of Asia-Pacific shares outside Japan rose around 1% and chipmaker gains in Seoul carried the KOSPI above 5,000 points for the first time.\n“The TACO, as they call it, is certainly real,” said Damian Rooney, director of institutional sales at Argonaut, a resources-focused broker in Perth, referring to a Wall Street acronym for “Trump Always Chickens Out”.\nNATO DEAL\nTrump said after meeting with NATO Secretary General Mark Rutte that Western Arctic allies could forge a new deal over Greenland that would satisfy his desire for a missile defence system and access to critical minerals.\nThere were no details. Rutte later told Fox News the issue of whether Greenland will remain with Denmark did not come up in his conversation with Trump, unsurprising since Rutte is not in charge of either Denmark or Greenland.\nAnd investors were wary of completely unwinding some of the haven bets made this week.\n“Our mood here is it’s been fabulous fun being a gold bull for the last year and a half,” said Argonaut’s Rooney, “and with gold you never throw the baby out with the bathwater because (Trump) can’t help himself doing or saying some crazy things, whether he’s going to carry through or not.”\nThe VIX index, nicknamed Wall Street’s fear gauge, sharply fell back towards baseline levels, and US Treasuries, which had been sold through the week, caught a bid.\n“The market has largely removed the tail risk of a US confrontation with its NATO partners - not that conflict was ever truly priced into the distribution, but some would have hedged against the risk,” said Pepperstone analyst Chris Weston.\nAUSSIE LEAPS ON JOBS BEAT\nBenchmark 10-year Treasury yields were flat in Tokyo, after falling four bps in New York.\nJapanese government bonds extended an erratic rebound from Tuesday’s rout, with long-end yields dropping sharply.\nThe Bank of Japan began a two-day meeting with the policy rate seen on hold, but a hawkish tone is expected to flag future hikes.\nThe yen was steady at 158.24 per dollar but remained under some pressure on crosses, with the euro not far from a record high on the yen and the Australian dollar scaling an 18-month top of 107.96 yen.\nThe Aussie also hit a 15-month high of $0.6810 on the greenback after data showed a stronger-than-expected rise in Australian hiring and a sharp fall in the jobless rate that had investors scrambling to price in the risk of a February 3 rate hike.\nLater on Thursday, US core PCE figures are due. Markets have priced around 45 bps of US rate cuts this year.\nEarnings are expected from Intel, General Electric, Freeport McMoRan and Procter & Gamble.\nFor the latest news, follow us on Twitter\n@Aaj_Urdu.\nWe are also on\nFacebook,\nInstagram\nand\nYouTube.",
    "highlightText": "",
    "highlightTitle": "",
    "highlightThreadTitle": "",
    "language": "english",
    "sentiment": "positive",
    "categories": [
        "Economy, Business and Finance"
    ],
    "topics": [
        "Economy, Business and Finance->macro economics",
        "Economy, Business and Finance->market and exchange",
        "Economy, Business and Finance->financial and economic news"
    ],
    "ai_allow": true,
    "has_canonical": false,
    "breaking": true,
    "webz_reporter": false,
    "external_links": [
        "https://www.youtube.com/channel/UCgBAPAcLsh_MAPvJprIz89w",
        "https://www.instagram.com/aajnewsofficial/",
        "https://twitter.com/Aaj_Urdu",
        "https://www.facebook.com/aajtv0",
        "https://facebook.com/aajtv0",
        "https://www.instagram.com/aajnewsofficial",
        "https://www.twitter.com/Aaj_Urdu",
        "https://instagram.com/aajnewsofficial/",
        "https://youtube.com/channel/UCgBAPAcLsh_MAPvJprIz89w"
    ],
    "external_images": [],
    "internal_images": [],
    "entities": {
        "persons": [
            {
                "name": "Donald Trump",
                "sentiment": "none"
            }
        ],
        "locations": [
            {
                "name": "Europe",
                "sentiment": "none"
            },
            {
                "name": "Greenland",
                "sentiment": "none"
            },
            {
                "name": "Davos",
                "sentiment": "none"
            },
            {
                "name": "US",
                "sentiment": "none"
            }
        ],
        "organizations": []
    },
    "syndication": {
        "syndicated": false,
        "syndicate_id": "3a89aa39809dbbc87d0760fe8e824e5f947f8c57",
        "first_syndicated": true
    },
    "trust": {
        "categories": [],
        "top_news": [],
        "bias": null,
        "source": {
            "type": null,
            "city": null,
            "state": null,
            "country": null,
            "domain_type": null,
            "agency": null,
            "organization_name": null
        }
    },
    "rating": null,
    "crawled": "2026-01-22T08:26:15.482+02:00",
    "updated": "2026-01-22T08:31:20.000+02:00"
}