{
    "thread": {
        "uuid": "690a057082327f678176da7fa94153fae8c22ff3",
        "url": "https://www.moneycontrol.com/news/business/personal-finance/how-the-last-union-budget-helped-shape-investment-opportunities-for-hnis-13785310.html",
        "site_full": "www.moneycontrol.com",
        "site": "moneycontrol.com",
        "site_section": "https://www.moneycontrol.com/real-estate-property/credai.php/e/target%5Cu003d%22_blank%22/www.moneycontrol.com/msite/news/news/opinion",
        "site_categories": [
            "investing",
            "financial_news",
            "finance",
            "arts, culture and entertainment",
            "lifestyle and leisure",
            "science and technology",
            "economy, business and finance",
            "crime, law and justice",
            "politics"
        ],
        "section_title": "Latest News | Latest Business News | BSE | IPO News - Moneycontrol.com",
        "site_title": "Business News Today: Stock and Share Market News, Economy and Finance News, Sensex, Nifty, Global Market, NSE, BSE Live IPO News",
        "title": "How the last Union Budget helped shape investment opportunities for HNIs",
        "title_full": "How the last Union Budget helped shape investment opportunities for HNIs",
        "published": "2026-01-22T09:27:00.000+02:00",
        "replies_count": 0,
        "participants_count": 1,
        "site_type": "news",
        "country": "IN",
        "main_image": "https://images.moneycontrol.com/static-mcnews/2026/01/20260109084752_budget.png",
        "performance_score": 0,
        "domain_rank": 1049,
        "domain_rank_updated": "2026-01-18T23:00:00.000+02:00",
        "licensing_agency": [],
        "social": {
            "facebook": {
                "likes": 0,
                "comments": 0,
                "shares": 0
            },
            "vk": {
                "shares": 0
            }
        }
    },
    "uuid": "690a057082327f678176da7fa94153fae8c22ff3",
    "url": "https://www.moneycontrol.com/news/business/personal-finance/how-the-last-union-budget-helped-shape-investment-opportunities-for-hnis-13785310.html",
    "ord_in_thread": 0,
    "author": "Himanshu Kohli",
    "published": "2026-01-22T09:27:00.000+02:00",
    "title": "How the last Union Budget helped shape investment opportunities for HNIs",
    "text": "In recent budgets, the government has focussed on simplification and rationalisation of taxes, sending the message that all asset classes should be evaluated on merit and investor profile rather than their tax implications. Earlier, people would invest in insurance products mainly to save tax without considering their risk and return profiles. But lately, the government has tried to create consistency in taxation across asset classes. One of the biggest changes is in the long-term capital gains tax (LTCG) on both financial and non-financial assets, uniformly set at 12.5 percent. This rate applies to all asset classes, including international feeder funds, equity fund of funds (FoFs), gold mutual funds, real estate, and even the unlisted space. As financial advisers, our focus should be on asset allocation that seeks the best returns rather than prioritising tax efficiency. You can factor taxation into an investment strategy, but it should not be the primary reason for making investment decisions. The most significant impact of this change in taxation is likely to be an increase in investments in international markets and in the unlisted space. HNIs and UHNIs are already diversifying outside India and into private markets, and these measures will allow for broader portfolio diversification. For the unlisted space, these measures will encourage investors to allocate resources to innovative start-ups and promote entrepreneurship, leading to more inclusive and sustainable economic growth, which, in turn, means broader job creation and long-term growth. Let me give you an example of how, while setting up a family office, one can offset capital gains income against family office expenses such as manager fees, wealth manager fees and auditor's fees. Additionally, considering cross-border investments and the platforms that minimise withholding tax will simplify administrative processes. This is beneficial because taxes can be paid according to the jurisdiction of residency, which allows us to plan strategically according to various tax laws. While tax considerations are very important, they are secondary factors that should not overshadow the core factors essential to establishing a family office. When making any investment decisions, it is important to consider the tax implications, but the core focus should be on the merits of each asset class. The portfolio allocation should align with the risk profile and the time horizon of the investors. The parity in taxation across asset classes also means there is no tax preference for one asset class over another, creating a more balanced and rational approach to investing. Views are personal. The author is Co-founder at Client Associates\",",
    "highlightText": "",
    "highlightTitle": "",
    "highlightThreadTitle": "",
    "language": "english",
    "sentiment": "positive",
    "categories": [
        "Economy, Business and Finance"
    ],
    "topics": [
        "Economy, Business and Finance->financial and economic news",
        "Economy, Business and Finance->investment and opinion pieces"
    ],
    "ai_allow": true,
    "has_canonical": false,
    "breaking": false,
    "webz_reporter": false,
    "external_links": [],
    "external_images": [],
    "internal_images": [],
    "entities": {
        "persons": [],
        "locations": [],
        "organizations": []
    },
    "syndication": {
        "syndicated": false,
        "syndicate_id": null,
        "first_syndicated": false
    },
    "trust": {
        "categories": [],
        "top_news": [],
        "bias": null,
        "source": {
            "type": null,
            "city": null,
            "state": null,
            "country": null,
            "domain_type": null,
            "agency": null,
            "organization_name": null
        }
    },
    "rating": null,
    "crawled": "2026-01-22T09:39:55.865+02:00",
    "updated": "2026-01-22T09:42:17.000+02:00"
}