{
    "thread": {
        "uuid": "2da39a59a7a9fb792ecb98afc3771f84e349038f",
        "url": "https://www.globalbankingandfinance.com/wind-solar-overtake-fossil-fuels-eu-power-supply/",
        "site_full": "www.globalbankingandfinance.com",
        "site": "globalbankingandfinance.com",
        "site_section": "https://www.globalbankingandfinance.com/sitemap-news/1.xml",
        "site_categories": [
            "financial_news",
            "finance",
            "politics",
            "economy, business and finance",
            "war, conflict and unrest"
        ],
        "section_title": "",
        "site_title": "Global Banking | Finance | Review | News",
        "title": "Wind and Solar Energy Lead EU Power Supply Over Fossil Fuels | GBAF",
        "title_full": "Wind and Solar Energy Lead EU Power Supply Over Fossil Fuels | GBAF",
        "published": "2026-01-22T01:07:00.000+02:00",
        "replies_count": 0,
        "participants_count": 1,
        "site_type": "news",
        "country": "US",
        "main_image": "https://imagedelivery.net/MkQ8HKvpw9EqULcU_pSqWg/cloud-84271a47-34cc-4db3-b4d5-5a9f0b532e2c/w1280",
        "performance_score": 0,
        "domain_rank": 58915,
        "domain_rank_updated": "2026-01-18T23:00:00.000+02:00",
        "licensing_agency": [],
        "social": {
            "facebook": {
                "likes": 0,
                "comments": 0,
                "shares": 0
            },
            "vk": {
                "shares": 0
            }
        }
    },
    "uuid": "2da39a59a7a9fb792ecb98afc3771f84e349038f",
    "url": "https://www.globalbankingandfinance.com/wind-solar-overtake-fossil-fuels-eu-power-supply/",
    "ord_in_thread": 0,
    "author": "Global Banking and Finance Review",
    "published": "2026-01-22T01:07:00.000+02:00",
    "title": "Wind and Solar Energy Lead EU Power Supply Over Fossil Fuels | GBAF",
    "text": "Finance\nPublished by Global Banking and Finance Review\nPosted on January 21, 2026\n2 min readLast updated: January 21, 2026\nPublished by Global Banking and Finance Review\nPosted on January 21, 2026\n2 min readLast updated: January 21, 2026\nWind and solar power surpassed fossil fuels in EU electricity generation, marking a shift towards renewables. Renewables and nuclear now supply 71% of EU electricity.\nBRUSSELS, Jan 22 - Wind and solar power produced more electricity than fossil fuels in the EU for the first time last year, data published on Thursday showed, indicating the bloc's continued shift towards low-carbon energy despite resistance from some governments.\nWind and solar generated 30% of the European Union's electricity in 2025, just above the 29% supplied by fossil fuel power plants running on coal, gas and occasionally oil, according to data from energy think-tank Ember.\nA 19% jump in solar capacity drove the record output from renewables. That growth offset reduced hydropower generation caused by drought, while gas-fired output rose 8% to help fill the shortfall, Ember said.\nSolar now provides more than one-fifth of electricity in countries including Hungary, Spain and the Netherlands.\nEurope's electricity mix is now mostly low-carbon, with renewables and nuclear power together supplying 71% of EU electricity last year, the data showed.\nWhile sectors such as transport still rely heavily on fossil fuels, the EU has been gradually shifting to cleaner energy to meet climate targets and reduce reliance on imported fuel, including from Russia.\nThe transition has faced political pushback. Pressure from governments including Germany and the Czech Republic prompted Brussels to weaken key CO2-cutting measures last year.\nAn EU deal with President Donald Trump to massively increase purchases of U.S. energy has also raised questions about Europe's plans to wean itself off oil and gas.\nCoal's share of EU power generation fell to a record low of 9.2%, with top consumers Germany and Poland both posting all-time lows.\nDespite strong growth in clean electricity, Europe has struggled to ease costs for households and industry. Underinvestment in power grids has forced wind and solar operators to switch off during periods of high output to prevent network overload, wasting cheap electricity and adding to costs.\nEmber said price spikes last year coincided with peaks in gas usage and urged the EU to boost investment in grids and battery storage to stabilise power prices.\n(Reporting by Kate Abnett. Editing by Mark Potter)\nRenewable energy is energy generated from natural resources that are replenished over time, such as sunlight, wind, and water. It is considered more sustainable than fossil fuels.\nSolar power is energy harnessed from the sun's rays using solar panels or other technologies. It is a key component of renewable energy strategies.\nFossil fuels are natural substances formed from the remains of ancient plants and animals, primarily coal, oil, and natural gas, used as energy sources.\nEnergy transition refers to the global shift from fossil fuel-based energy systems to renewable energy sources, aimed at reducing carbon emissions and combating climate change.\nClimate change refers to significant changes in global temperatures and weather patterns over time, largely driven by human activities such as burning fossil fuels.",
    "highlightText": "",
    "highlightTitle": "",
    "highlightThreadTitle": "",
    "language": "english",
    "sentiment": "positive",
    "categories": [
        "Environment",
        "Economy, Business and Finance"
    ],
    "topics": [
        "Environment->energy resources",
        "Environment->sustainability",
        "Economy, Business and Finance->economy",
        "Economy, Business and Finance->financial and economic news",
        "Economy, Business and Finance->energy and resource"
    ],
    "ai_allow": true,
    "has_canonical": false,
    "breaking": null,
    "webz_reporter": false,
    "external_links": [],
    "external_images": [],
    "internal_images": [],
    "entities": {
        "persons": [],
        "locations": [],
        "organizations": [
            {
                "name": "EU",
                "sentiment": "negative",
                "tickers": [
                    {
                        "ticker": "EU",
                        "exchange": "NASDAQ"
                    }
                ]
            }
        ]
    },
    "syndication": {
        "syndicated": false,
        "syndicate_id": null,
        "first_syndicated": false
    },
    "trust": {
        "categories": [],
        "top_news": [],
        "bias": null,
        "source": {
            "type": null,
            "city": null,
            "state": null,
            "country": null,
            "domain_type": null,
            "agency": null,
            "organization_name": null
        }
    },
    "rating": null,
    "crawled": "2026-01-22T09:39:30.940+02:00",
    "updated": "2026-01-22T09:43:24.000+02:00"
}