{
    "thread": {
        "uuid": "4cc7da8b9a971a4ca7d27f036970c76f75412412",
        "url": "https://wrex.marketminute.com/article/publisher/ONEOK%2C%20Inc.",
        "site_full": "wrex.marketminute.com",
        "site": "marketminute.com",
        "site_section": "https://wrex.marketminute.com/article/provider/gnwcq",
        "site_categories": [
            "science and technology",
            "economy, business and finance",
            "health"
        ],
        "section_title": "Articles from GlobeNewswire | WREX",
        "site_title": "Stocks | MarketMinute",
        "title": "Articles from ONEOK, Inc. | WREX",
        "title_full": "Articles from ONEOK, Inc. | WREX",
        "published": "2026-01-21T02:00:00.000+02:00",
        "replies_count": 0,
        "participants_count": 0,
        "site_type": "news",
        "country": "US",
        "main_image": "",
        "performance_score": 0,
        "domain_rank": 69108,
        "domain_rank_updated": "2026-01-18T23:00:00.000+02:00",
        "licensing_agency": [],
        "social": {
            "facebook": {
                "likes": 0,
                "comments": 0,
                "shares": 0
            },
            "vk": {
                "shares": 0
            }
        }
    },
    "uuid": "4cc7da8b9a971a4ca7d27f036970c76f75412412",
    "url": "https://wrex.marketminute.com/article/publisher/ONEOK%2C%20Inc.",
    "ord_in_thread": 0,
    "author": null,
    "published": "2026-01-21T02:00:00.000+02:00",
    "title": "Articles from ONEOK, Inc. | WREX",
    "text": "Articles from ONEOK, Inc.\nONEOK Increases Quarterly Dividend 4%\nTULSA, Jan. 21, 2026 (GLOBE NEWSWIRE) -- The board of directors of ONEOK, Inc. (\nNYSE: OKE) today increased its quarterly dividend to $1.07 per share, an increase of 4%. This increase results in an annualized dividend of $4.28 per share.By\nONEOK, Inc.· ViaGlobeNewswire· January 21, 2026ONEOK Schedules Fourth-quarter and Year-end 2025 Conference Call and Webcast\nTULSA, Okla., Jan. 20, 2026 (GLOBE NEWSWIRE) -- ONEOK, Inc. (\nNYSE: OKE) will release fourth-quarter and year-end 2025 earnings after the market closes on Feb. 23, 2026. Members of ONEOK’s management team will participate in a conference call the following day.By\nONEOK, Inc.· ViaGlobeNewswire· January 20, 2026ONEOK to Participate in Investor Conference\nTULSA, Okla., Nov. 11, 2025 (GLOBE NEWSWIRE) -- ONEOK, Inc. (\nNYSE: OKE) will participate in an investor conference this week and in a fireside chat session at 1:10 p.m. Eastern Time (12:10 p.m. Central Time) on Wednesday, Nov. 12.By\nONEOK, Inc.· ViaGlobeNewswire· November 11, 2025ONEOK Declares Quarterly Dividend\nTULSA, Okla., Oct. 15, 2025 (GLOBE NEWSWIRE) -- The board of directors of ONEOK, Inc. (\nNYSE: OKE) today declared a quarterly dividend of $1.03 per share, unchanged from the previous quarter, resulting in an annualized dividend of $4.12 per share.By",
    "highlightText": "",
    "highlightTitle": "",
    "highlightThreadTitle": "",
    "language": "english",
    "sentiment": "positive",
    "categories": [
        "Economy, Business and Finance"
    ],
    "topics": [
        "Economy, Business and Finance->corporate news and profiles",
        "Economy, Business and Finance->financial and economic news",
        "Economy, Business and Finance->business reporting and performance"
    ],
    "ai_allow": true,
    "has_canonical": false,
    "breaking": null,
    "webz_reporter": false,
    "external_links": [],
    "external_images": [],
    "internal_images": [],
    "entities": {
        "persons": [],
        "locations": [],
        "organizations": [
            {
                "name": "ONEOK, Inc.",
                "sentiment": "neutral",
                "tickers": [
                    {
                        "ticker": "OKE",
                        "exchange": "NYSE"
                    }
                ]
            },
            {
                "name": "ViaGlobeNewswire",
                "sentiment": "none",
                "tickers": [
                    {
                        "ticker": null,
                        "exchange": null
                    }
                ]
            },
            {
                "name": "OKE",
                "sentiment": "none",
                "tickers": [
                    {
                        "ticker": null,
                        "exchange": null
                    }
                ]
            }
        ]
    },
    "syndication": {
        "syndicated": false,
        "syndicate_id": null,
        "first_syndicated": false
    },
    "trust": {
        "categories": [],
        "top_news": [],
        "bias": null,
        "source": {
            "type": null,
            "city": null,
            "state": null,
            "country": null,
            "domain_type": null,
            "agency": null,
            "organization_name": null
        }
    },
    "rating": null,
    "crawled": "2026-01-22T09:33:24.349+02:00",
    "updated": "2026-01-22T09:34:15.000+02:00"
}