{
    "thread": {
        "uuid": "bbd3b7067a396bd32a5cc7e01b9188b659b44ad5",
        "url": "https://ae.marketscreener.com/news/europe-expected-to-open-higher-after-trumpa-s-remarks-ce7e58d2de8af220",
        "site_full": "ae.marketscreener.com",
        "site": "marketscreener.com",
        "site_section": "https://ae.marketscreener.com/stock-exchange/indexes/europe",
        "site_categories": [
            "science and technology",
            "economy, business and finance"
        ],
        "section_title": "Main stock market indices in Europe | Marketscreener",
        "site_title": "Stock Market Today : Reports, Quotes and News - MarketScreener",
        "title": "Europe Expected to Open Higher After Trump's Remarks | MarketScreener UAE Emirates",
        "title_full": "Europe Expected to Open Higher After Trump's Remarks | MarketScreener UAE Emirates",
        "published": "2026-01-22T09:33:00.000+02:00",
        "replies_count": 0,
        "participants_count": 1,
        "site_type": "news",
        "country": "DE",
        "main_image": "https://cdn.zonebourse.com/static/resize/0/0//images/reuters/2024-08-15T081323Z_1_LYNXMPEK7E08P_RTROPTP_3_BRITAIN-EU-MARKETS.JPG",
        "performance_score": 0,
        "domain_rank": 11487,
        "domain_rank_updated": "2026-01-18T23:00:00.000+02:00",
        "licensing_agency": [],
        "social": {
            "facebook": {
                "likes": 0,
                "comments": 0,
                "shares": 0
            },
            "vk": {
                "shares": 0
            }
        }
    },
    "uuid": "bbd3b7067a396bd32a5cc7e01b9188b659b44ad5",
    "url": "https://ae.marketscreener.com/news/europe-expected-to-open-higher-after-trumpa-s-remarks-ce7e58d2de8af220",
    "ord_in_thread": 0,
    "author": "Alliance News",
    "published": "2026-01-22T09:33:00.000+02:00",
    "title": "Europe Expected to Open Higher After Trump's Remarks | MarketScreener UAE Emirates",
    "text": "FTSE MIB +0.95% LEONARDO S.P.A. -2.25% BANCO BPM S.P.A. +0.92% MONCLER S.P.A. +1.35% FINCANTIERI S.P.A. -1.84% (Alliance News) - On Thursday, major European indices are expected to open in positive territory, according to IG futures, after US President Donald Trump, speaking at the Davos economic forum, abandoned plans to impose tariffs on several European countries and ruled out the use of military force to acquire Greenland.\nSubsequently, NATO Secretary General Mark Rutte stated that there is still much work to be done regarding Greenland, after Trump announced on Wednesday evening a framework agreement aimed at easing tensions following talks with Rutte.\nOn the macroeconomic front, Japan recorded a smaller trade surplus in December. Data also show that Japan posted a trade deficit for the fifth consecutive year in 2025, although the shortfall narrowed to JPY2.651 billion from JPY5.628 billion in 2024.\nThe FTSE Mib is indicated up by 1.1% or 462.5 points after closing Wednesday down 0.5% at 44,488.36 points.\nIn Europe, London’s FTSE 100 is seen rising by 0.6% or 63.1 points, Paris’s CAC 40 is indicated up 0.8% or 64.0 points, and Frankfurt’s DAX 40 is forecast to open 0.9% higher or by 211.5 points.\nIn Milan last night, the Mid-Cap gained 0.4% to 60,363.60, the Small-Cap slipped fractionally to 37,234.12, and Italy Growth declined 0.3% to 8,737.23.\nOn Wednesday, during the FTSE Mib’s fourth consecutive negative session, Fincantieri weighed down the index with the largest drop, falling 3.8% to EUR18.44, alongside Hera, down 3.3% to EUR4.0740 per share.\nAnalysts are not betting on a merger between Fincantieri and Leonardo, which dropped 1.2%. Banca Akros and Equita highlight that both companies have already streamlined their respective operations and do not see significant industrial synergies.\nHera’s preliminary 2025 results indicate EBITDA above EUR1.53 billion and net profit for shareholders exceeding EUR460 million, up 4%, with a net debt to EBITDA ratio below 2.6 times.\nIn light of these figures, the expected dividend for 2025 is EUR0.16 per share, up 6.7% from 2024 and above previous plan forecasts.\nLeading the main basket were Tenaris, up 3.4% to EUR18.71, and STM, up 3.3% to EUR34.235 per share.\nTerna − down 1.6% − reported that in 2025, Italian electricity consumption totaled 311.3 TWh, a figure essentially unchanged from 2024. Last year, renewables covered 41% of demand, compared to 42% in 2024.\nMoncler announced a generational transition at the top, with Remo Ruffini stepping down as CEO while retaining the roles of Executive Chairman and Creative Director, and Bartolomeo Rongone being appointed as new Group CEO starting April 1, 2026. The stock slipped 0.2%.\nBanca BPM saw a 0.3% decline after changes to its bylaws. Crédit Agricole currently holds two board seats and aims to increase its influence. BPM CEO Giuseppe Castagna, seeking reappointment alongside chairman Massimo Tononi, is working on a shared list with the French, who are asking for 4–5 seats, while the possibility of a separate Agricole list remains open.\nOn the Mid-Cap, Alerion Clean Power − flat at EUR17.80 − announced that the Central Bank of Ireland has approved the prospectus for the public offering of bonds resulting from the \"Alerion Clean Power Spa Up to EUR300,000,000 Senior Unsecured Fixed Rate Notes due 2032\" bond issue.\nIntesa Sanpaolo continues coverage on Avio, down 0.3%, confirming a ‘buy’ recommendation and a target price of EUR49.50, compared to a market price of EUR38.80 as of January 20. The price target implies a potential upside of over 28%.\nTamburi Investment Partners, up 1.4%, announced that its subsidiary Investindesign – which holds about 48.6% of Dexelance, up 1.5% – has decided to introduce a new conventional withdrawal window in its bylaws, in addition to the existing one, exercisable after approval of Investindesign’s financial statements as of December 31, 2025.\nMARR, up 1.6%, finalized the acquisition of 100% of Bergel+, a Lombardy-based company with over EUR25 million in revenues in 2025, for approximately EUR4.7 million.\nWebuild, up 0.4%, reported that its subsidiary Lane, in a 50-50 joint venture with Superior Construction, has signed contracts worth USD643 million for the construction of the Westshore Interchange, the largest infrastructure project of the Florida Department of Transportation in the Tampa Bay area.\nMAIRE, up 0.2%, has entered the global liquefied natural gas market. Its subsidiary Tecnimont has signed a preliminary agreement with Argent LNG, LLC to participate in developing an LNG export complex in Port Fourchon, Louisiana, a strategic US energy hub.\nFerretti saw purchases for 3.4%, while Credem lost 2.0%.\nOn the Small-Cap, Borgosesia noted the year’s performance, marking a strong acceleration in the transition toward the Alternative Asset Manager model, also thanks to the acquisition of 100% of OneOSix. The stock declined 0.4%.\nFor OPS eCom, down 4.4%, the second tranche of the convertible bond issued last November 26, 2025 and fully subscribed by Global Capital Investments Ud has been converted. The conversion involved 50 bonds for a total nominal value of EUR500,000.\nZest, up 1.1%, announced that Alessandra Ricci has resigned from the board of directors and as chair of the Risk Control and Sustainability Committee. The independent director’s resignation is due to new professional commitments.\nMet.Extra Group closed with double-digit gains, up 11% to EUR1.78 per share.\nAmong SMEs, Novamarine, up 3.1%, announced it has signed a partnership agreement with PrivatSea for the marketing and sale of the company’s boats in Greece, today a hub of one of Europe’s most prestigious nautical markets.\nDBA Group, flat at EUR3.99, has joined the Venice Sustainability Foundation as a supporting member.\nCircle, down 1.2%, signed an agreement with a leading Italian logistics operator to launch a structured project for the digitalization of terminal operations and logistics-document flows, lasting nine months, aimed at advancing the company’s digitalization process by providing the evolution of MILOS platforms. The total value of the agreement, based on the current contract perimeter, exceeds EUR300,000.\nIn New York on Wednesday, the Dow Jones gained 1.2%, as did the Nasdaq and the S&P 500.\nIn Asia, the Nikkei closed up 1.7%, the Shanghai Composite rose 0.1%, while the Hang Seng is fractionally lower.\nOn the currency front, the euro is trading at USD1.1687 from USD1.1697 at Wednesday’s European equity close, while the pound is trading at USD1.3428 from USD1.3421 Wednesday evening.\nAmong commodities, Brent is trading at USD65.07 per barrel from USD64.90 per barrel on Wednesday, while gold is valued at USD4,834.64 an ounce from USD4,837.81 an ounce last night.\nOn Thursday’s economic calendar, at 1200 CET the German Buba monthly report is due, while at 1430 CET US GDP data will be released, followed by unemployment figures.\nThe Fed’s balance sheet is expected at 2230 CET.\nAt Piazza Affari, Grifal’s results are expected.\nBy Antonio Di Giorgio, Alliance News Reporter\nComments and questions to redazione@alliancenews.com\nCopyright 2026 Alliance News IS Italian Service Ltd. All rights reserved.\n© Alliance News - 2026",
    "highlightText": "",
    "highlightTitle": "",
    "highlightThreadTitle": "",
    "language": "english",
    "sentiment": "positive",
    "categories": [
        "Economy, Business and Finance"
    ],
    "topics": [
        "Economy, Business and Finance->market and exchange",
        "Economy, Business and Finance->financial and economic news"
    ],
    "ai_allow": true,
    "has_canonical": false,
    "breaking": false,
    "webz_reporter": false,
    "external_links": [
        "https://wa.me/?text=https%3A%2F%2Fwww.marketscreener.com%2Fnews%2Feurope-expected-to-open-higher-after-trumpa-s-remarks-ce7e58d2de8af220%3Futm_source%3Dwhatsapp%26utm_medium%3Dsocial%26utm_campaign%3Dshare",
        "https://x.com/intent/tweet?text=Europe",
        "https://www.facebook.com/sharer/sharer.php?u=https%3A%2F%2Fwww.marketscreener.com%2Fnews%2Feurope-expected-to-open-higher-after-trumpa-s-remarks-ce7e58d2de8af220%3Futm_source%3Dfacebook%26utm_medium%3Dsocial%26utm_campaign%3Dshare",
        "https://telegram.me/share/url?url=https%3A%2F%2Fwww.marketscreener.com%2Fnews%2Feurope-expected-to-open-higher-after-trumpa-s-remarks-ce7e58d2de8af220%3Futm_source%3Dtelegram%26utm_medium%3Dsocial%26utm_campaign%3Dshare",
        "https://www.linkedin.com/shareArticle?mini=true&url=https%3A%2F%2Fwww.marketscreener.com%2Fnews%2Feurope-expected-to-open-higher-after-trumpa-s-remarks-ce7e58d2de8af220%3Futm_source%3Dlinkedin%26utm_medium%3Dsocial%26utm_campaign%3Dshare&title=Europe",
        "https://cdn.zonebourse.com/static/resize/768/432//images/reuters/2024-08-15T081323Z_1_LYNXMPEK7E08P_RTROPTP_3_BRITAIN-EU-MARKETS.JPG",
        "https://www.cdn.zonebourse.com/static/resize/768/432//images/reuters/2024-08-15T081323Z_1_LYNXMPEK7E08P_RTROPTP_3_BRITAIN-EU-MARKETS.JPG",
        "https://x.com/intent/tweet",
        "https://telegram.me/share/url",
        "https://linkedin.com/shareArticle?mini=true&url=https%3A%2F%2Fwww.marketscreener.com%2Fnews%2Feurope-expected-to-open-higher-after-trumpa-s-remarks-ce7e58d2de8af220%3Futm_source%3Dlinkedin%26utm_medium%3Dsocial%26utm_campaign%3Dshare&title=Europe",
        "https://www.x.com/intent/tweet?text=Europe",
        "https://wa.me/",
        "https://www.facebook.com/sharer/sharer.php",
        "https://www.linkedin.com/shareArticle",
        "https://www.wa.me/?text=https%3A%2F%2Fwww.marketscreener.com%2Fnews%2Feurope-expected-to-open-higher-after-trumpa-s-remarks-ce7e58d2de8af220%3Futm_source%3Dwhatsapp%26utm_medium%3Dsocial%26utm_campaign%3Dshare",
        "https://www.telegram.me/share/url?url=https%3A%2F%2Fwww.marketscreener.com%2Fnews%2Feurope-expected-to-open-higher-after-trumpa-s-remarks-ce7e58d2de8af220%3Futm_source%3Dtelegram%26utm_medium%3Dsocial%26utm_campaign%3Dshare",
        "https://facebook.com/sharer/sharer.php?u=https%3A%2F%2Fwww.marketscreener.com%2Fnews%2Feurope-expected-to-open-higher-after-trumpa-s-remarks-ce7e58d2de8af220%3Futm_source%3Dfacebook%26utm_medium%3Dsocial%26utm_campaign%3Dshare"
    ],
    "external_images": [],
    "internal_images": [],
    "entities": {
        "persons": [],
        "locations": [],
        "organizations": []
    },
    "syndication": {
        "syndicated": false,
        "syndicate_id": null,
        "first_syndicated": false
    },
    "trust": {
        "categories": [],
        "top_news": [],
        "bias": null,
        "source": {
            "type": null,
            "city": null,
            "state": null,
            "country": null,
            "domain_type": null,
            "agency": null,
            "organization_name": null
        }
    },
    "rating": null,
    "crawled": "2026-01-22T10:27:09.232+02:00",
    "updated": "2026-01-22T10:29:57.000+02:00"
}