{
    "thread": {
        "uuid": "51b49b5d0b3ae31d4fcc164b959185b888d4b001",
        "url": "https://www.coinspeaker.com/xrp-dives-into-extreme-fear-but-its-good/",
        "site_full": "www.coinspeaker.com",
        "site": "coinspeaker.com",
        "site_section": "https://news.google.com/search?q=into%20when%3A1h&hl=en-US&gl=US&ceid=US%3Aen",
        "site_categories": [
            "financial_news",
            "finance",
            "science and technology",
            "economy, business and finance"
        ],
        "section_title": "Google News - Search",
        "site_title": "Coinspeaker: Bitcoin, Ethereum, Altcoins and Crypto News with Analysis, Live Prices, Data Charts and Guides",
        "title": "XRP Dives into Extreme Fear, but It's Good - Coinspeaker",
        "title_full": "XRP Dives into Extreme Fear, but It's Good - Coinspeaker",
        "published": "2026-01-22T11:03:00.000+02:00",
        "replies_count": 0,
        "participants_count": 1,
        "site_type": "news",
        "country": "US",
        "main_image": "https://www.coinspeaker.com/wp-content/uploads/2026/01/xrp-dives-into-extreme-fear-but-its-good.jpg",
        "performance_score": 0,
        "domain_rank": 64417,
        "domain_rank_updated": "2026-01-18T23:00:00.000+02:00",
        "licensing_agency": [],
        "social": {
            "facebook": {
                "likes": 0,
                "comments": 0,
                "shares": 0
            },
            "vk": {
                "shares": 0
            }
        }
    },
    "uuid": "51b49b5d0b3ae31d4fcc164b959185b888d4b001",
    "url": "https://www.coinspeaker.com/xrp-dives-into-extreme-fear-but-its-good/",
    "ord_in_thread": 0,
    "author": "Wahid Pessarlay",
    "published": "2026-01-22T11:03:00.000+02:00",
    "title": "XRP Dives into Extreme Fear, but It's Good - Coinspeaker",
    "text": "Wahid has been analyzing and reporting on the latest trends in the decentralized ecosystem since 2019. He has over 4,000 articles to his name and his work has been featured on some of the leading outlets including Yahoo Finance, Investing.com, Cointelegraph, and Benzinga. Other than reporting, Wahid likes to connect the dots between DeFi and macro on his newsletter, On-chain Monk.\nKey Notes\n- XRP has fallen into the extreme fear zone again, similar to its position on January 2.\n- XRP ETFs recorded inflows, while BTC and ETH-based products bled.\n- DXC Technology partnered with Ripple to integrate blockchain technology into banking systems.\nXRP\nXRP\n$1.96\n24h volatility:\n2.9%\nMarket cap:\n$118.88 B\nVol. 24h:\n$4.24 B\nfaced significant selling pressure as the broader crypto market saw turbulence due to US President Donald Trump’s latest tariff threats on the EU.\nThe fifth-largest cryptocurrency even fell to the “extreme fear” zone, Santiment wrote, as retail traders pushed increased bearish commentary.\n👍 According to our social data, XRP has fallen into 'Extreme Fear' territory. Small retail traders have become pessimistic toward the #5 market cap cryptocurrency after a -19% drop since the high back on January 5th. Historically, this high level of bearish commentary leads to…\n[pic.twitter.com/T0ARoRNDWw]— Santiment (@santimentfeed)\n[January 22, 2026]\nXRP plunged from its local high of $2.4 on Jan. 5 to $1.88 on Jan. 21. The selling pressure, which brought a 19% price fall to the asset, triggered negative sentiment for XRP, similar to Jan. 2. XRP gained bullish momentum right after the retail was betting on its downfall.\nSantiment’s data shows that whenever XRP saw strong bearish sentiment from the crowd, it saw notable gains.\nXRP is up by 2% in the past 24 hours and is trading at $1.95 at the time of writing. Its daily trading volume also increased by 22% to $4.3 billion, showing increased interest from traders.\nXRP’s Winning with Institutions\nDespite the negative crowd, XRP is seeing notable movements from institutions.\nThe US-based spot XRP exchange-traded funds recorded a net inflow of $7.16 million on Jan. 21, bringing the total net inflows to $1.39 billion, according to data from SoSoValue. So far, these products have seen only two days of outflows on Jan. 7 and 20.\nThese inflows came while Bitcoin\nBTC\n$89 874\n24h volatility:\n0.8%\nMarket cap:\n$1.79 T\nVol. 24h:\n$56.09 B\nspot ETFs saw a $708.71 million outflow, and products connected to Ethereum\nETH\n$3 003\n24h volatility:\n1.3%\nMarket cap:\n$362.28 B\nVol. 24h:\n$34.44 B\nregistered a $286.95 million net outflow on the same day.\nMoreover, Ripple, the company behind XRP, formed a strategic alliance with DXC Technology, an IT services and consulting company that helps large enterprises run complex technology systems.\nThis will allow Ripple to integrate blockchain technology into existing banking systems. Ripple’s technology will be embedded directly into DXC’s Hogan core banking platform, a system that currently supports over $5 trillion in deposits and 300 million accounts worldwide.\nThe strong institutional confidence in Ripple’s technology normalizes the use of crypto-native tech in traditional banking.\nnext\nDisclaimer: Coinspeaker is committed to providing unbiased and transparent reporting. This article aims to deliver accurate and timely information but should not be taken as financial or investment advice. Since market conditions can change rapidly, we encourage you to verify information on your own and consult with a professional before making any decisions based on this content.",
    "highlightText": "",
    "highlightTitle": "",
    "highlightThreadTitle": "",
    "language": "english",
    "sentiment": "positive",
    "categories": [
        "Economy, Business and Finance",
        "Science and Technology"
    ],
    "topics": [
        "Economy, Business and Finance->cryptocurrency",
        "Economy, Business and Finance->investment and opinion pieces",
        "Economy, Business and Finance->financial and economic news",
        "Science and Technology->information technology and computer science"
    ],
    "ai_allow": true,
    "has_canonical": false,
    "breaking": true,
    "webz_reporter": false,
    "external_links": [
        "https://sosovalue.com/assets/etf/us-xrp-spot",
        "https://www.sosovalue.com/assets/etf/us-xrp-spot"
    ],
    "external_images": [],
    "internal_images": [],
    "entities": {
        "persons": [],
        "locations": [],
        "organizations": []
    },
    "syndication": {
        "syndicated": false,
        "syndicate_id": null,
        "first_syndicated": false
    },
    "trust": {
        "categories": [],
        "top_news": [],
        "bias": null,
        "source": {
            "type": null,
            "city": null,
            "state": null,
            "country": null,
            "domain_type": null,
            "agency": null,
            "organization_name": null
        }
    },
    "rating": null,
    "crawled": "2026-01-22T11:12:55.342+02:00",
    "updated": "2026-01-22T11:16:27.000+02:00"
}