{
    "thread": {
        "uuid": "684782b3a17db08e08ec909cda9bdb10c9fc0bb4",
        "url": "https://www.defenseworld.net/2026/01/22/nvidia-corporation-nvda-shares-bought-by-cerity-partners-llc.html",
        "site_full": "www.defenseworld.net",
        "site": "defenseworld.net",
        "site_section": "https://www.defenseworld.net/feed/atom",
        "site_categories": [
            "media",
            "economy, business and finance"
        ],
        "section_title": "Defense World",
        "site_title": "Defense World",
        "title": "NVIDIA Corporation $NVDA Shares Bought by Cerity Partners LLC - Defense World",
        "title_full": "NVIDIA Corporation $NVDA Shares Bought by Cerity Partners LLC - Defense World",
        "published": "2026-01-22T10:44:00.000+02:00",
        "replies_count": 0,
        "participants_count": 1,
        "site_type": "news",
        "country": "US",
        "main_image": "https://www.americanbankingnews.com/wp-content/timthumb/timthumb.php?src=https://www.marketbeat.com/logos/nvidia-co-logo-1200x675.jpg?v=20221020142916&amp;w=240&amp;h=240&amp;zc=2",
        "performance_score": 0,
        "domain_rank": 159846,
        "domain_rank_updated": "2026-01-18T23:00:00.000+02:00",
        "licensing_agency": [],
        "social": {
            "facebook": {
                "likes": 0,
                "comments": 0,
                "shares": 0
            },
            "vk": {
                "shares": 0
            }
        }
    },
    "uuid": "684782b3a17db08e08ec909cda9bdb10c9fc0bb4",
    "url": "https://www.defenseworld.net/2026/01/22/nvidia-corporation-nvda-shares-bought-by-cerity-partners-llc.html",
    "ord_in_thread": 0,
    "author": "Defense World Staff",
    "published": "2026-01-22T10:44:00.000+02:00",
    "title": "NVIDIA Corporation $NVDA Shares Bought by Cerity Partners LLC - Defense World",
    "text": "Cerity Partners LLC lifted its stake in shares of NVIDIA Corporation ( NASDAQ:NVDA – Free Report ) by 7.4% in the 3rd quarter, according to its most recent Form 13F filing with the Securities & Exchange Commission. The institutional investor owned 11,717,139 shares of the computer hardware maker’s stock after acquiring an additional 806,933 shares during the period. NVIDIA makes up about 3.5% of Cerity Partners LLC’s investment portfolio, making the stock its 3rd largest holding. Cerity Partners LLC’s holdings in NVIDIA were worth $2,176,534,000 as of its most recent filing with the Securities & Exchange Commission. A number of other hedge funds and other institutional investors have also made changes to their positions in NVDA. Kingstone Capital Partners Texas LLC grew its holdings in shares of NVIDIA by 267,959.7% during the second quarter. Kingstone Capital Partners Texas LLC now owns 382,373,765 shares of the computer hardware maker’s stock worth $64,976,521,000 after buying an additional 382,231,120 shares in the last quarter. Norges Bank bought a new stake in NVIDIA in the 2nd quarter valued at approximately $51,386,863,000. Laurel Wealth Advisors LLC boosted its position in NVIDIA by 15,496.1% during the 2nd quarter. Laurel Wealth Advisors LLC now owns 21,865,525 shares of the computer hardware maker’s stock worth $3,454,534,000 after acquiring an additional 21,725,326 shares during the last quarter. State Street Corp boosted its position in NVIDIA by 1.0% during the 2nd quarter. State Street Corp now owns 978,208,862 shares of the computer hardware maker’s stock worth $154,556,803,000 after acquiring an additional 9,554,857 shares during the last quarter. Finally, Geode Capital Management LLC grew its stake in shares of NVIDIA by 1.5% during the 2nd quarter. Geode Capital Management LLC now owns 579,213,497 shares of the computer hardware maker’s stock worth $91,150,170,000 after acquiring an additional 8,521,936 shares in the last quarter. 65.27% of the stock is currently owned by institutional investors and hedge funds. Here are the key news stories impacting NVIDIA this week: Positive Sentiment: CEO Jensen Huang’s Davos message — calling for “trillions” more in AI infrastructure spending and arguing the AI buildout will create jobs — reinforced the long‑term capex story that underpins NVDA’s growth. Nvidia CEO Says AI Needs More Investment Positive Sentiment: NVIDIA invested in AI inference startup Baseten (reported as ~$150M), signaling product/stack expansion into model deployment and strengthening its software+services moat. Nvidia Invests in Baseten Positive Sentiment: Fresh analyst optimism and rating moves (e.g., Zacks upgrade, JPMorgan reaffirmation) support upside expectations and provide near‑term buying interest. NVDA Upgraded to Strong Buy Positive Sentiment: Demand signals remain strong: Micron confirmed near‑full memory sell‑through to AI leaders, underscoring continued hyperscaler spending into GPU servers (a tailwind for NVIDIA). Micron Confirms Sell‑Through Positive Sentiment: CEO Jensen Huang plans a China trip to try to reopen access to that critical market — a direct catalyst if regulatory approvals and customer access improve. Huang Plans China Visit Neutral Sentiment: Market rotation into storage/memory (from compute) is gaining headlines — this could reallocate some flows away from GPUs in the short term even as overall AI infrastructure spending grows. Forget the Chips, Buy Memory Negative Sentiment: China clearance for NVIDIA’s H200 appears “stuck” on China’s side despite U.S. approval — if unresolved this limits NVDA’s addressable market and near‑term revenue upside from China. H200 Decision Stuck in China Negative Sentiment: Reports of H200 component production halts and supply/production snags could delay shipments and incremental revenue in the near term. H200 Component Production Halted Negative Sentiment: A small patent‑infringement suit was filed (Health Discovery) — legal noise that currently seems immaterial but adds another headline risk. Health Discovery Sues NVIDIA A number of brokerages have recently commented on NVDA. Argus reissued a “buy” rating and issued a $220.00 price objective on shares of NVIDIA in a research report on Thursday, November 20th. The Goldman Sachs Group reaffirmed a “buy” rating and issued a $240.00 target price (up previously from $210.00) on shares of NVIDIA in a research report on Friday, October 31st. Jefferies Financial Group reissued a “buy” rating and set a $275.00 price target (up from $250.00) on shares of NVIDIA in a research report on Friday, January 16th. Wells Fargo & Company restated an “overweight” rating on shares of NVIDIA in a research note on Monday, December 29th. Finally, Melius Research raised their price objective on NVIDIA from $300.00 to $320.00 and gave the company a “buy” rating in a report on Thursday, November 20th. Four equities research analysts have rated the stock with a Strong Buy rating, forty-seven have issued a Buy rating and two have assigned a Hold rating to the company. Based on data from MarketBeat.com, NVIDIA has an average rating of “Buy” and a consensus target price of $263.41. Check Out Our Latest Research Report on NVIDIA In other news, EVP Debora Shoquist sold 69,840 shares of the business’s stock in a transaction that occurred on Friday, December 12th. The stock was sold at an average price of $177.85, for a total transaction of $12,421,044.00. Following the completion of the sale, the executive vice president owned 1,424,603 shares in the company, valued at $253,365,643.55. The trade was a 4.67% decrease in their ownership of the stock. The sale was disclosed in a legal filing with the SEC, which is available at this hyperlink . Also, Director Mark A. Stevens sold 222,500 shares of the company’s stock in a transaction that occurred on Friday, December 19th. The shares were sold at an average price of $180.17, for a total value of $40,087,825.00. Following the completion of the transaction, the director directly owned 7,621,453 shares in the company, valued at $1,373,157,187.01. The trade was a 2.84% decrease in their position. The SEC filing for this sale provides additional information. Over the last three months, insiders sold 1,536,474 shares of company stock valued at $281,144,482. Company insiders own 4.17% of the company’s stock. NVDA stock opened at $183.34 on Thursday. NVIDIA Corporation has a one year low of $86.62 and a one year high of $212.19. The stock has a market cap of $4.46 trillion, a price-to-earnings ratio of 45.49, a price-to-earnings-growth ratio of 0.87 and a beta of 2.31. The company has a fifty day moving average price of $183.47 and a two-hundred day moving average price of $181.30. The company has a debt-to-equity ratio of 0.06, a current ratio of 4.47 and a quick ratio of 3.71. NVIDIA ( NASDAQ:NVDA – Get Free Report ) last issued its quarterly earnings data on Wednesday, November 19th. The computer hardware maker reported $1.30 earnings per share for the quarter, beating the consensus estimate of $1.23 by $0.07. The company had revenue of $57.01 billion for the quarter, compared to analyst estimates of $54.66 billion. NVIDIA had a net margin of 53.01% and a return on equity of 99.24%. The company’s revenue was up 62.5% on a year-over-year basis. During the same period in the prior year, the firm earned $0.81 earnings per share. Equities analysts anticipate that NVIDIA Corporation will post 2.77 EPS for the current year. The business also recently disclosed a quarterly dividend, which was paid on Friday, December 26th. Shareholders of record on Thursday, December 4th were given a dividend of $0.01 per share. The ex-dividend date was Thursday, December 4th. This represents a $0.04 annualized dividend and a yield of 0.0%. NVIDIA’s dividend payout ratio (DPR) is 0.99%. ( Free Report )\nNVIDIA Corporation, founded in 1993 and headquartered in Santa Clara, California, is a global technology company that designs and develops graphics processing units (GPUs) and system-on-chip (SoC) technologies. Co-founded by Jensen Huang, who serves as president and chief executive officer, along with Chris Malachowsky and Curtis Priem, NVIDIA has grown from a graphics-focused chipmaker into a broad provider of accelerated computing hardware and software for multiple industries. The company’s product portfolio spans discrete GPUs for gaming and professional visualization (marketed under the GeForce and NVIDIA RTX lines), high-performance data center accelerators used for AI training and inference (including widely adopted platforms such as the A100 and H100 series), and Tegra SoCs for automotive and edge applications.",
    "highlightText": "",
    "highlightTitle": "",
    "highlightThreadTitle": "",
    "language": "english",
    "sentiment": "positive",
    "categories": [
        "Economy, Business and Finance"
    ],
    "topics": [
        "Economy, Business and Finance->financial and economic news",
        "Economy, Business and Finance->investment and opinion pieces"
    ],
    "ai_allow": true,
    "has_canonical": false,
    "breaking": false,
    "webz_reporter": false,
    "external_links": [
        "https://www.marketbeat.com/articles/forget-the-chips-buy-memory-why-ai-money-is-moving-2026-01-22/",
        "https://www.insidertrades.com/nvidia-co-stock/mark-a-stevens",
        "https://www.barrons.com/articles/nvidia-stock-price-ai-chips-baseten-dff85821",
        "https://www.insidertrades.com/nvidia-co-stock/debora-shoquist",
        "https://www.msn.com/en-us/technology/hardware-and-devices/h200-component-production-is-halted-what-that-means-for-nvidia-and-should-you-buy-the-nvda-stock-dip-here/ar-AA1UG5ck",
        "https://www.wsj.com/tech/ai/nvidia-ceo-says-ai-needs-more-investment-in-defiance-of-bubble-fears-9dabba63",
        "https://www.sec.gov/Archives/edgar/data/1045810/000119903925000015/xslF345X05/wk-form4_1766450107.xml",
        "https://www.marketbeat.com/arnreports/ReportTickerOptin.aspx?RegistrationCode=TickerHyperlink&Prefix=NASDAQ&Symbol=NVDA",
        "https://www.benzinga.com/trading-ideas/movers/26/01/50013131/nvidias-gain-your-loss-micron-confirms-100-sell-through-to-ai-leaders?utm_source=snapi",
        "https://www.reuters.com/world/china/nvidia-ceo-huang-plans-visit-china-he-seeks-reopen-market-bloomberg-reports-2026-01-21/",
        "https://www.reuters.com/world/asia-pacific/taiwans-inventec-says-decision-nvidias-h200-chip-appears-be-stuck-chinas-side-2026-01-20/",
        "https://www.zacks.com/stock/news/2820582/nvidia-nvda-upgraded-to-strong-buy-here-s-why?cid=CS-STOCKNEWSAPI-FT-tale_of_the_tape|yseop_template_12_zacks_rank_upgrade-2820582",
        "https://www.tipranks.com/news/company-announcements/health-discovery-sues-nvidia-over-expired-ai-patent?utm_source=marketbeat.com&utm_medium=referral",
        "https://marketbeat.com/scripts/336x280AdNewsSites.ashx",
        "https://www.sec.gov/Archives/edgar/data/1045810/000128385425000011/xslF345X05/wk-form4_1765591964.xml",
        "https://www.marketbeat.com/stocks/NASDAQ/NVDA/",
        "https://reuters.com/world/asia-pacific/taiwans-inventec-says-decision-nvidias-h200-chip-appears-be-stuck-chinas-side-2026-01-20/",
        "https://insidertrades.com/nvidia-co-stock/mark-a-stevens",
        "https://zacks.com/stock/news/2820582/nvidia-nvda-upgraded-to-strong-buy-here-s-why?cid=CS-STOCKNEWSAPI-FT-tale_of_the_tape|yseop_template_12_zacks_rank_upgrade-2820582",
        "https://reuters.com/world/china/nvidia-ceo-huang-plans-visit-china-he-seeks-reopen-market-bloomberg-reports-2026-01-21/",
        "https://www.marketbeat.com/scripts/336x280AdNewsSites.ashx",
        "https://tipranks.com/news/company-announcements/health-discovery-sues-nvidia-over-expired-ai-patent?utm_source=marketbeat.com&utm_medium=referral",
        "https://wsj.com/tech/ai/nvidia-ceo-says-ai-needs-more-investment-in-defiance-of-bubble-fears-9dabba63",
        "https://www.tipranks.com/news/company-announcements/health-discovery-sues-nvidia-over-expired-ai-patent",
        "https://msn.com/en-us/technology/hardware-and-devices/h200-component-production-is-halted-what-that-means-for-nvidia-and-should-you-buy-the-nvda-stock-dip-here/ar-AA1UG5ck",
        "https://insidertrades.com/nvidia-co-stock/debora-shoquist",
        "https://marketbeat.com/arnreports/ReportTickerOptin.aspx?RegistrationCode=TickerHyperlink&Prefix=NASDAQ&Symbol=NVDA",
        "https://www.reuters.com/world/asia-pacific/taiwans-inventec-says-decision-nvidias-h200-chip-appears-be-stuck-chinas-side-2026-01-20",
        "https://www.reuters.com/world/china/nvidia-ceo-huang-plans-visit-china-he-seeks-reopen-market-bloomberg-reports-2026-01-21",
        "https://benzinga.com/trading-ideas/movers/26/01/50013131/nvidias-gain-your-loss-micron-confirms-100-sell-through-to-ai-leaders?utm_source=snapi",
        "https://www.marketbeat.com/articles/forget-the-chips-buy-memory-why-ai-money-is-moving-2026-01-22",
        "https://www.marketbeat.com/stocks/NASDAQ/NVDA",
        "https://sec.gov/Archives/edgar/data/1045810/000119903925000015/xslF345X05/wk-form4_1766450107.xml",
        "https://www.benzinga.com/trading-ideas/movers/26/01/50013131/nvidias-gain-your-loss-micron-confirms-100-sell-through-to-ai-leaders",
        "https://marketbeat.com/articles/forget-the-chips-buy-memory-why-ai-money-is-moving-2026-01-22/",
        "https://barrons.com/articles/nvidia-stock-price-ai-chips-baseten-dff85821",
        "https://marketbeat.com/stocks/NASDAQ/NVDA/",
        "https://sec.gov/Archives/edgar/data/1045810/000128385425000011/xslF345X05/wk-form4_1765591964.xml",
        "https://www.marketbeat.com/arnreports/ReportTickerOptin.aspx",
        "https://www.zacks.com/stock/news/2820582/nvidia-nvda-upgraded-to-strong-buy-here-s-why"
    ],
    "external_images": [],
    "internal_images": [],
    "entities": {
        "persons": [],
        "locations": [],
        "organizations": [
            {
                "name": "Cerity Partners LLC",
                "sentiment": "none",
                "tickers": [
                    {
                        "ticker": null,
                        "exchange": null
                    }
                ]
            },
            {
                "name": "NVIDIA Corporation",
                "sentiment": "none",
                "tickers": [
                    {
                        "ticker": "NVDA",
                        "exchange": "NASDAQ"
                    }
                ]
            },
            {
                "name": "Defense World",
                "sentiment": "none",
                "tickers": [
                    {
                        "ticker": null,
                        "exchange": null
                    }
                ]
            },
            {
                "name": "Securities & Exchange Commission",
                "sentiment": "none",
                "tickers": [
                    {
                        "ticker": null,
                        "exchange": null
                    }
                ]
            }
        ]
    },
    "syndication": {
        "syndicated": false,
        "syndicate_id": null,
        "first_syndicated": false
    },
    "trust": {
        "categories": [],
        "top_news": [],
        "bias": null,
        "source": {
            "type": null,
            "city": null,
            "state": null,
            "country": null,
            "domain_type": null,
            "agency": null,
            "organization_name": null
        }
    },
    "rating": null,
    "crawled": "2026-01-22T10:59:45.251+02:00",
    "updated": "2026-01-22T11:00:35.000+02:00"
}