{
    "thread": {
        "uuid": "1d65fdf7b43174280c78dbce6797af6ef281e5d0",
        "url": "https://thecryptobasic.com/2024/12/17/shiba-inu-to-break-all-time-high-record-in-current-cycle-says-pundit",
        "site_full": "thecryptobasic.com",
        "site": "thecryptobasic.com",
        "site_section": "https://www.thecryptobasic.com",
        "site_categories": [],
        "section_title": "The Crypto Basic- Latest Crypto News Today: Latest Cryptocurrency Market News in Real-Time.",
        "title": "Shiba Inu To Break All-Time High Record in Current Cycle, Says Pundit",
        "title_full": "Shiba Inu To Break All-Time High Record in Current Cycle, Says Pundit",
        "published": "2024-12-17T11:32:00.000+02:00",
        "replies_count": 0,
        "participants_count": 1,
        "site_type": "news",
        "country": "US",
        "main_image": "",
        "performance_score": 0,
        "domain_rank": 63566,
        "domain_rank_updated": "2024-12-09T23:00:00.000+02:00",
        "social": {
            "facebook": {
                "likes": 0,
                "comments": 0,
                "shares": 0
            },
            "vk": {
                "shares": 0
            }
        }
    },
    "uuid": "1d65fdf7b43174280c78dbce6797af6ef281e5d0",
    "url": "https://thecryptobasic.com/2024/12/17/shiba-inu-to-break-all-time-high-record-in-current-cycle-says-pundit",
    "ord_in_thread": 0,
    "parent_url": null,
    "author": "Okoya David",
    "published": "2024-12-17T11:32:00.000+02:00",
    "title": "Shiba Inu To Break All-Time High Record in Current Cycle, Says Pundit",
    "text": "A market analyst expects Shiba Inu to breach its 2020/2021 all-time high in the current market cycle.\nAmid macroeconomic and political tailwinds, the crypto market is awash with excitement, with market participants setting sights on new highs for leading assets. One influential market commentator has stoked the flames of this anticipation for the leading doggy-themed meme coin, Shiba Inu (SHIB) .\nShiba Inu (SHIB) To All-Time Highs? “CRYPTO SHERIFF” has asserted that SHIB will shatter its all-time high price record of $0.00008616 in the current bull market cycle. The influencer expressed this view in an X post on Sunday, December 15, contending that the token’s rise was “inevitable.”\nIt is inevitable that #SHIB will break down ATH in this supercycle!💥🚀 pic.twitter.com/owuMMgpwoh\n— CRYPTO SHERIFF (@Gem_Sheriff) December 15, 2024\nThe call comes despite SHIB’s consolidation after its stunning November 2024 rally. Following Donald Trump’s election victory heralding what many expect to be a pro-crypto regime in the U.S., the token surged about 98% from $0.00001687 to highs around $0.00003343.\nAt the time of writing, however, the token has shed some of these gains to trade at the $0.00002694 price point.\nStill, CRYPTO SHERIFF is not the only analyst who has recently sounded bullish on SHIB, suggesting strong investor confidence.\nSHIB Poised for 1,700% Surge? On December 10, crypto analyst “CryptoELITES” opined that SHIB could surge to the $0.0004729 price point in the current market cycle, representing a nearly 1,700% increase from current prices. The analyst shared this outlook, citing a bullish cup and handle pattern the asset appeared to be forming on its weekly candle chart.\nSHIB/USDT weekly candle chart\nSource: @CryptoELITES The confirmation of this bullish pattern could come if the token decisively breaks above a downtrend line that has acted as a resistance level since October 2021.\nSharing a similar analysis on December 12, another crypto analyst, “PouyanTradeFX,” suggested that failure to break above the downtrend could lead to a 150% decline to the $0.000011 price point.",
    "highlightText": "",
    "highlightTitle": "",
    "highlightThreadTitle": "",
    "language": "english",
    "sentiment": "positive",
    "categories": [
        "Economy, Business and Finance"
    ],
    "ai_allow": true,
    "canonical": false,
    "webz_reporter": false,
    "external_links": [
        "https://twitter.com/hashtag/SHIB?src=hash&ref_src=twsrc%5Etfw",
        "https://t.co/owuMMgpwoh",
        "https://twitter.com/Gem_Sheriff/status/1868254608524791836?ref_src=twsrc%5Etfw",
        "https://twitter.com/hashtag/SHIB",
        "https://www.twitter.com/hashtag/SHIB?src=hash&ref_src=twsrc%5Etfw",
        "https://www.twitter.com/Gem_Sheriff/status/1868254608524791836?ref_src=twsrc%5Etfw",
        "https://twitter.com/Gem_Sheriff/status/1868254608524791836",
        "https://www.t.co/owuMMgpwoh"
    ],
    "external_images": [],
    "entities": {
        "persons": [
            {
                "name": "Donald Trump",
                "sentiment": "none"
            }
        ],
        "organizations": [
            {
                "name": "CRYPTO",
                "sentiment": "none"
            }
        ],
        "locations": []
    },
    "syndication": {
        "syndicated": false,
        "syndicate_id": "1d65fdf7b43174280c78dbce6797af6ef281e5d0",
        "first_syndicated": true
    },
    "rating": null,
    "crawled": "2024-12-17T11:57:24.471+02:00",
    "updated": "2024-12-17T11:57:24.471+02:00"
}