{
    "thread": {
        "uuid": "da5d08b5b8cfc1507c87469d731079520ec4e260",
        "url": "https://focustaiwan.tw/business/202509250008",
        "site_full": "focustaiwan.tw",
        "site": "focustaiwan.tw",
        "site_section": "https://news.google.com/search?q=down%20when%3A1h&hl=en-US&gl=US&ceid=US%3Aen",
        "site_categories": [
            "media",
            "top_news_tw",
            "top_news"
        ],
        "section_title": "Google News - Search",
        "site_title": "Not Found",
        "title": "Taiwan shares close down 0.66% - Focus Taiwan",
        "title_full": "Taiwan shares close down 0.66% - Focus Taiwan",
        "published": "2025-09-25T08:52:00.000+03:00",
        "replies_count": 0,
        "participants_count": 1,
        "site_type": "news",
        "country": "TW",
        "main_image": "https://imgcdn.cna.com.tw/Eng/WebEngPhotos/WebOg/600/2025/20250925/1024x538_206130092286.jpg",
        "performance_score": 0,
        "domain_rank": 39144,
        "domain_rank_updated": "2025-09-22T00:00:00.000+03:00",
        "licensing_agency": [],
        "social": {
            "facebook": {
                "likes": 0,
                "comments": 0,
                "shares": 0
            },
            "vk": {
                "shares": 0
            }
        }
    },
    "uuid": "da5d08b5b8cfc1507c87469d731079520ec4e260",
    "url": "https://focustaiwan.tw/business/202509250008",
    "ord_in_thread": 0,
    "author": "@Focus_Taiwan",
    "published": "2025-09-25T08:52:00.000+03:00",
    "title": "Taiwan shares close down 0.66% - Focus Taiwan",
    "text": "Taipei, Sept. 25 (CNA) Taiwan shares ended down 172.88 points, or 0.66 percent, at 26,023.85 Thursday on turnover of NT$488.83 billion (US$16.07 billion).\n(By Y.F. Low)\nEnditem",
    "highlightText": "",
    "highlightTitle": "",
    "highlightThreadTitle": "",
    "language": "english",
    "sentiment": "negative",
    "categories": [
        "Economy, Business and Finance"
    ],
    "topics": [
        "Economy, Business and Finance->economy",
        "Economy, Business and Finance->market and exchange",
        "Economy, Business and Finance->financial and economic news"
    ],
    "ai_allow": true,
    "has_canonical": false,
    "breaking": true,
    "webz_reporter": false,
    "external_links": [],
    "external_images": [],
    "internal_images": [],
    "entities": {
        "persons": [
            {
                "name": "Y.F. Low",
                "sentiment": "none"
            }
        ],
        "locations": [],
        "organizations": []
    },
    "syndication": {
        "syndicated": false,
        "syndicate_id": null,
        "first_syndicated": false
    },
    "trust": {
        "categories": [
            "trusted_news"
        ],
        "top_news": [
            "top_news_tw",
            "top_news"
        ],
        "bias": "center",
        "source": {
            "type": null,
            "city": null,
            "state": null,
            "country": null,
            "domain_type": null,
            "agency": null,
            "organization_name": null
        }
    },
    "rating": null,
    "crawled": "2025-09-25T09:04:32.220+03:00",
    "updated": "2025-09-26T10:05:29.000+03:00"
}