{
    "thread": {
        "uuid": "7f6fbe01b79fd19586ed19c7a9851075f510c3ba",
        "url": "https://hk.marketscreener.com/news/apple-blames-eu-tech-law-for-postponed-features-app-marketplace-risks-ce7d58d2dd8cff26",
        "site_full": "hk.marketscreener.com",
        "site": "marketscreener.com",
        "site_section": "https://hk.marketscreener.com/news/latest",
        "site_categories": [],
        "section_title": "Stock market news - MarketScreener Hong Kong",
        "site_title": "Stock Market Today : Reports, Quotes and News - MarketScreener",
        "title": "Apple blames EU tech law for postponed features, app marketplace risks | MarketScreener Hong Kong",
        "title_full": "Apple blames EU tech law for postponed features, app marketplace risks | MarketScreener Hong Kong",
        "published": "2025-09-25T07:51:00.000+03:00",
        "replies_count": 0,
        "participants_count": 1,
        "site_type": "news",
        "country": "DE",
        "main_image": "https://cdn.zonebourse.com/static/resize/0/0//images/reuters/2025-09/2025-09-09T100257Z_1_LYNXNPEL880DQ_RTROPTP_4_APPLE-EVENT.JPG",
        "performance_score": 0,
        "domain_rank": 11487,
        "domain_rank_updated": "2025-09-22T00:00:00.000+03:00",
        "licensing_agency": [],
        "social": {
            "facebook": {
                "likes": 0,
                "comments": 0,
                "shares": 0
            },
            "vk": {
                "shares": 0
            }
        }
    },
    "uuid": "7f6fbe01b79fd19586ed19c7a9851075f510c3ba",
    "url": "https://hk.marketscreener.com/news/apple-blames-eu-tech-law-for-postponed-features-app-marketplace-risks-ce7d58d2dd8cff26",
    "ord_in_thread": 0,
    "author": "Reuters",
    "published": "2025-09-25T07:51:00.000+03:00",
    "title": "Apple blames EU tech law for postponed features, app marketplace risks | MarketScreener Hong Kong",
    "text": "(Reuters) -Apple said on Wednesday that European Union users are experiencing delays in new features and facing increased privacy and security risks due to the bloc's landmark Digital Markets Act (DMA), a sweeping regulation which aims to rein in the power of Big Tech firms. The iPhone maker urged regulators to reassess how the law affects EU consumers who use its products, saying it will continue to work to deliver new features while meeting legal requirements.",
    "highlightText": "",
    "highlightTitle": "",
    "highlightThreadTitle": "",
    "language": "english",
    "sentiment": "negative",
    "categories": [
        "Science and Technology",
        "Economy, Business and Finance",
        "Social Issue"
    ],
    "topics": [
        "Science and Technology->political science",
        "Science and Technology->technology and engineering",
        "Science and Technology->social sciences",
        "Economy, Business and Finance->financial and economic news",
        "Economy, Business and Finance->business governance",
        "Social Issue->social problem",
        "Social Issue->social networking"
    ],
    "ai_allow": true,
    "has_canonical": false,
    "breaking": false,
    "webz_reporter": false,
    "external_links": [],
    "external_images": [],
    "internal_images": [],
    "entities": {
        "persons": [],
        "locations": [],
        "organizations": [
            {
                "name": "Reuters",
                "sentiment": "negative",
                "tickers": [
                    {
                        "ticker": "TRI",
                        "exchange": "NASDAQ"
                    }
                ]
            },
            {
                "name": "European Union",
                "sentiment": "negative",
                "tickers": [
                    {
                        "ticker": null,
                        "exchange": null
                    }
                ]
            }
        ]
    },
    "syndication": {
        "syndicated": false,
        "syndicate_id": "7f6fbe01b79fd19586ed19c7a9851075f510c3ba",
        "first_syndicated": true
    },
    "trust": {
        "categories": [],
        "top_news": [],
        "bias": null,
        "source": {
            "type": null,
            "city": null,
            "state": null,
            "country": null,
            "domain_type": null,
            "agency": null,
            "organization_name": null
        }
    },
    "rating": null,
    "crawled": "2025-09-25T07:58:38.065+03:00",
    "updated": "2025-09-25T08:06:20.000+03:00"
}