{
    "thread": {
        "uuid": "d6c7435bc4060b925c365681ae4a9bf2c0baed9e",
        "url": "https://www.newsbytesapp.com/news/business/gold-prices-drop-to-3774-an-ounce-whats-going-on/tldr",
        "site_full": "www.newsbytesapp.com",
        "site": "newsbytesapp.com",
        "site_section": "https://www.newsbytesapp.com/news/business",
        "site_categories": [
            "media"
        ],
        "section_title": "Business News, News about Indian Corporates and Start-ups - NewsBytes",
        "site_title": "NewsBytes: Latest News, India, Cricket, Politics, Bollywood, Gadgets",
        "title": "Gold prices drop to $3,774 an ounce: What's going on",
        "title_full": "Gold prices drop to $3,774 an ounce: What's going on",
        "published": "2025-09-25T03:00:00.000+03:00",
        "replies_count": 0,
        "participants_count": 0,
        "site_type": "news",
        "country": "IN",
        "main_image": "",
        "performance_score": 0,
        "domain_rank": 35442,
        "domain_rank_updated": "2025-09-22T00:00:00.000+03:00",
        "licensing_agency": [],
        "social": {
            "facebook": {
                "likes": 0,
                "comments": 0,
                "shares": 0
            },
            "vk": {
                "shares": 0
            }
        }
    },
    "uuid": "d6c7435bc4060b925c365681ae4a9bf2c0baed9e",
    "url": "https://www.newsbytesapp.com/news/business/gold-prices-drop-to-3774-an-ounce-whats-going-on/tldr",
    "ord_in_thread": 0,
    "author": null,
    "published": "2025-09-25T03:00:00.000+03:00",
    "title": "Gold prices drop to $3,774 an ounce: What's going on",
    "text": "Next Article\nGold prices drop to $3,774 an ounce: What's going on\nBusiness\nGold prices have cooled off after recent highs—now around $3,774 an ounce globally.\nThe Sensex and crypto markets are also bouncing around as investors play it safe.\nWhy is gold losing its shine?\nA stronger US dollar and rising Treasury yields are making gold less attractive right now.\nPlus, the US Fed hasn't given any clear hints about cutting interest rates soon, so markets are feeling a bit uncertain.\nWhy is gold still in demand?\nInvestors still expect the Fed to cut rates twice by the end of 2025—which usually helps gold.\nAt the same time, global tensions like Ukraine's strikes on Russian oil sites are keeping gold in demand as a \"safe haven.\"",
    "highlightText": "",
    "highlightTitle": "",
    "highlightThreadTitle": "",
    "language": "english",
    "sentiment": "negative",
    "categories": [
        "Economy, Business and Finance"
    ],
    "topics": [
        "Economy, Business and Finance->financial and economic news",
        "Economy, Business and Finance->commodity market"
    ],
    "ai_allow": true,
    "has_canonical": false,
    "breaking": null,
    "webz_reporter": false,
    "external_links": [],
    "external_images": [],
    "internal_images": [],
    "entities": {
        "persons": [],
        "locations": [],
        "organizations": [
            {
                "name": "Treasury",
                "sentiment": "none",
                "tickers": [
                    {
                        "ticker": null,
                        "exchange": null
                    }
                ]
            },
            {
                "name": "Fed",
                "sentiment": "none",
                "tickers": [
                    {
                        "ticker": null,
                        "exchange": null
                    }
                ]
            }
        ]
    },
    "syndication": {
        "syndicated": false,
        "syndicate_id": null,
        "first_syndicated": false
    },
    "trust": {
        "categories": [],
        "top_news": [],
        "bias": null,
        "source": {
            "type": null,
            "city": null,
            "state": null,
            "country": null,
            "domain_type": null,
            "agency": null,
            "organization_name": null
        }
    },
    "rating": null,
    "crawled": "2025-09-25T10:12:17.175+03:00",
    "updated": "2025-09-25T10:13:45.000+03:00"
}