{
    "thread": {
        "uuid": "999ae95abe6ab5b310d0979041d8c8fa0a18cd39",
        "url": "https://hk.marketscreener.com/news/fitch-lowers-thailand-s-rating-outlook-as-political-clouds-linger-ce7d58d2df8af32c",
        "site_full": "hk.marketscreener.com",
        "site": "marketscreener.com",
        "site_section": "https://hk.marketscreener.com/news/latest",
        "site_categories": [],
        "section_title": "Stock market news - MarketScreener Hong Kong",
        "site_title": "Stock Market Today : Reports, Quotes and News - MarketScreener",
        "title": "Fitch Lowers Thailand's Rating Outlook as Political Clouds Linger | MarketScreener Hong Kong",
        "title_full": "Fitch Lowers Thailand's Rating Outlook as Political Clouds Linger | MarketScreener Hong Kong",
        "published": "2025-09-25T09:58:00.000+03:00",
        "replies_count": 0,
        "participants_count": 1,
        "site_type": "news",
        "country": "DE",
        "main_image": "https://hk.marketscreener.com/images/twitter_MS_fdnoir.png",
        "performance_score": 0,
        "domain_rank": 11487,
        "domain_rank_updated": "2025-09-22T00:00:00.000+03:00",
        "licensing_agency": [],
        "social": {
            "facebook": {
                "likes": 0,
                "comments": 0,
                "shares": 0
            },
            "vk": {
                "shares": 0
            }
        }
    },
    "uuid": "999ae95abe6ab5b310d0979041d8c8fa0a18cd39",
    "url": "https://hk.marketscreener.com/news/fitch-lowers-thailand-s-rating-outlook-as-political-clouds-linger-ce7d58d2df8af32c",
    "ord_in_thread": 0,
    "author": "Dow Jones",
    "published": "2025-09-25T09:58:00.000+03:00",
    "title": "Fitch Lowers Thailand's Rating Outlook as Political Clouds Linger | MarketScreener Hong Kong",
    "text": "By Amanda Lee Fitch Ratings has downgraded Thailand's credit outlook to negative from stable, citing prolonged political uncertainty and weakening economic momentum.",
    "highlightText": "",
    "highlightTitle": "",
    "highlightThreadTitle": "",
    "language": "english",
    "sentiment": "negative",
    "categories": [
        "Economy, Business and Finance",
        "Politics"
    ],
    "topics": [
        "Economy, Business and Finance->macro economics",
        "Economy, Business and Finance->financial and economic news",
        "Politics->economic policy",
        "Politics->political crisis"
    ],
    "ai_allow": true,
    "has_canonical": false,
    "breaking": false,
    "webz_reporter": false,
    "external_links": [],
    "external_images": [],
    "internal_images": [],
    "entities": {
        "persons": [],
        "locations": [],
        "organizations": []
    },
    "syndication": {
        "syndicated": false,
        "syndicate_id": null,
        "first_syndicated": false
    },
    "trust": {
        "categories": [],
        "top_news": [],
        "bias": null,
        "source": {
            "type": null,
            "city": null,
            "state": null,
            "country": null,
            "domain_type": null,
            "agency": null,
            "organization_name": null
        }
    },
    "rating": null,
    "crawled": "2025-09-25T10:03:11.698+03:00",
    "updated": "2025-09-25T10:05:29.000+03:00"
}