{
    "thread": {
        "uuid": "fd0d2c7e7dee2bc3c6cbe96415f8309543b52e82",
        "url": "https://www.dhakatribune.com/bangladesh/court/392390/court-orders-interpol-red-notice-against-s-alam",
        "site_full": "www.dhakatribune.com",
        "site": "dhakatribune.com",
        "site_section": "https://www.dhakatribune.com/bangladesh",
        "site_categories": [
            "media"
        ],
        "section_title": "Dhaka Tribune Bangladesh News",
        "site_title": "Dhaka Tribune - Current & Breaking News Bangladesh & World",
        "title": "Court orders Interpol Red Notice for S Alam Group's 3 executives",
        "title_full": "Court orders Interpol Red Notice for S Alam Group's 3 executives",
        "published": "2025-09-25T09:44:00.000+03:00",
        "replies_count": 0,
        "participants_count": 1,
        "site_type": "news",
        "country": "BD",
        "main_image": "https://ecdn.dhakatribune.net/contents/cache/images/1200x630x1xxxxx1x694528/uploads/media/2024/12/24/1000041106-a38c8cc90dc69db754480e663fa1123f.jpg?watermark=media%2F2023%2F05%2F28%2F1280px-Dhaka_Tribune_Logo.svg-1-a9e61c86dded62d74300fef48fee558f.png",
        "performance_score": 0,
        "domain_rank": 35783,
        "domain_rank_updated": "2025-09-22T00:00:00.000+03:00",
        "licensing_agency": [],
        "social": {
            "facebook": {
                "likes": 0,
                "comments": 0,
                "shares": 0
            },
            "vk": {
                "shares": 0
            }
        }
    },
    "uuid": "fd0d2c7e7dee2bc3c6cbe96415f8309543b52e82",
    "url": "https://www.dhakatribune.com/bangladesh/court/392390/court-orders-interpol-red-notice-against-s-alam",
    "ord_in_thread": 0,
    "author": "[author_link]",
    "published": "2025-09-25T09:44:00.000+03:00",
    "title": "Court orders Interpol Red Notice for S Alam Group's 3 executives",
    "text": "A Dhaka court has ordered steps to initiate an Interpol Red Notice for Mohammad Saiful Alam, chairman of the prominent business conglomerate S Alam Group, its vice-chairman Abdus Samad and Director Mohammad Abdullah Hasan.\nThe order was issued on Thursday by Dhaka Metropolitan Senior Special Judge Sabbir Foyez following an application by the Anti-Corruption Commission (ACC).\nThe petition was moved on behalf of the ACC by Deputy Director Tahsin Munabil Haque.\nACC Public Relations Officer Akhtarul Islam confirmed the matter.\nAccording to the ACC application, the accused colluded to create a fictitious entity named AM Trading, through which they prepared and used forged documents.\nBy abusing their positions, they misappropriated Tk104.20 crore under the pretext of loans.\nIt was further alleged that Saiful Alam laundered or transferred the funds, amounting to Tk340 crore, for the benefit of S Alam Super Edible Oil.\nThe alleged offences fall under sections 409, 109, 420, 467, 468, and 471 of the Penal Code, 1860, as well as sections 4(2) and 4(3) of the Money Laundering Prevention Act, 2012.\nThe application also said that repeated attempts were made to detain the accused during the course of the investigation, but they remain absconding abroad.\nHence, the ACC sought enforcement of arrest warrants through the Ministry of Home Affairs by way of Interpol.\nEarlier, on July 9, the court ordered the freezing of 113 bank accounts belonging to Saiful Alam, S Alam Group entities and related individuals across 53 banks, containing Tk113.09 crore.\nOn June 24, the court ordered the seizure of Alam’s two-storey residence in Limassol, Cyprus, an investment of $3,50,000 in Hazek International Pte Ltd in the British Virgin Islands, as well as holdings in Peacock Property Holdings and 18 other offshore companies.\nInvestments in six trusts under Jersey Trust Company were also seized.\nOn April, the court ordered the seizure of 159 acres of land valued at Tk407 crore. Earlier, on April 17, 1,360 bank accounts linked to Alam were frozen, containing Tk2,619.07 crore.\nOn March 10, 1,006 bighas of land were seized, followed by another 90 bighas on April 9.\nOn the same day, 374 bank accounts belonging to Alam’s close associates were also frozen.\nOn February 23, shares worth Tk8,133.56 crore were frozen.\nOn February 3, assets amounting to Tk368.25 crore across 175 bighas were seized.\nOn February 12, Tk437.85 lakh shares worth Tk5,109 crore were frozen.\nEarlier, on 16 January, shares valued at Tk3,563.84 crore held by Alam and his family members were frozen.\nOn October 7, last year, the court also imposed a travel ban on Alam, his wife Farzana Parveen, and 12 other family members.",
    "highlightText": "",
    "highlightTitle": "",
    "highlightThreadTitle": "",
    "language": "english",
    "sentiment": "negative",
    "categories": [
        "Crime, Law and Justice",
        "Economy, Business and Finance",
        "Politics"
    ],
    "topics": [
        "Crime, Law and Justice->corruption",
        "Crime, Law and Justice->prosecution and prosecutors",
        "Crime, Law and Justice->court",
        "Economy, Business and Finance->business governance",
        "Economy, Business and Finance->corporate governance and csr",
        "Economy, Business and Finance->financial and economic news",
        "Politics->international relations",
        "Politics->political crisis",
        "Politics->government"
    ],
    "ai_allow": true,
    "has_canonical": false,
    "breaking": false,
    "webz_reporter": false,
    "external_links": [],
    "external_images": [],
    "internal_images": [],
    "entities": {
        "persons": [
            {
                "name": "Mohammad Saiful Alam",
                "sentiment": "negative"
            },
            {
                "name": "Mohammad Abdullah Hasan",
                "sentiment": "none"
            },
            {
                "name": "Tahsin Munabil Haque",
                "sentiment": "none"
            },
            {
                "name": "Sabbir Foyez",
                "sentiment": "none"
            },
            {
                "name": "Abdus Samad",
                "sentiment": "none"
            }
        ],
        "locations": [],
        "organizations": [
            {
                "name": "Interpol Red Notice for S Alam Group",
                "sentiment": "neutral",
                "tickers": []
            },
            {
                "name": "Anti-Corruption Commission",
                "sentiment": "none",
                "tickers": [
                    {
                        "ticker": null,
                        "exchange": null
                    }
                ]
            }
        ]
    },
    "syndication": {
        "syndicated": false,
        "syndicate_id": null,
        "first_syndicated": false
    },
    "trust": {
        "categories": [],
        "top_news": [],
        "bias": null,
        "source": {
            "type": null,
            "city": null,
            "state": null,
            "country": null,
            "domain_type": null,
            "agency": null,
            "organization_name": null
        }
    },
    "rating": null,
    "crawled": "2025-09-25T10:20:12.282+03:00",
    "updated": "2025-09-25T10:27:31.000+03:00"
}