{
    "thread": {
        "uuid": "b3bcbc20ef88912cc50f2314c651f2789455a254",
        "url": "https://www.perthnow.com.au/news/politics/leader-critical-as-state-mps-approve-their-own-pay-rise-c-20139857",
        "site_full": "www.perthnow.com.au",
        "site": "perthnow.com.au",
        "site_section": "https://perthnow.com.au/news",
        "site_categories": [
            "media",
            "cricket",
            "sports",
            "top_news_au",
            "top_news"
        ],
        "section_title": "News | PerthNow",
        "site_title": "PerthNow | Breaking News from Perth and Western Australia",
        "title": "Leader critical as state MPs approve their own pay rise",
        "title_full": "Leader critical as state MPs approve their own pay rise",
        "published": "2025-09-25T08:16:00.000+03:00",
        "replies_count": 0,
        "participants_count": 1,
        "site_type": "news",
        "country": "AU",
        "main_image": "https://images.perthnow.com.au/publication/C-20139857/0a9ed474b3dd319d0940fbb0f023f885cb73974e-16x9-x0y0w1280h720.jpg?imwidth=1200",
        "performance_score": 0,
        "domain_rank": 21555,
        "domain_rank_updated": "2025-09-22T00:00:00.000+03:00",
        "licensing_agency": [],
        "social": {
            "facebook": {
                "likes": 0,
                "comments": 0,
                "shares": 0
            },
            "vk": {
                "shares": 0
            }
        }
    },
    "uuid": "b3bcbc20ef88912cc50f2314c651f2789455a254",
    "url": "https://www.perthnow.com.au/news/politics/leader-critical-as-state-mps-approve-their-own-pay-rise-c-20139857",
    "ord_in_thread": 0,
    "author": "Ethan James AAP",
    "published": "2025-09-25T08:16:00.000+03:00",
    "title": "Leader critical as state MPs approve their own pay rise",
    "text": "Leader critical as state MPs approve their own pay rise\nTasmania's politicians have voted to accept a $30,000 pay rise despite the premier saying it fails to meet community expectations.\nThe 22 per cent increase approved by the state's upper house on Thursday takes the base rate of MPs from $140,185 to $171,527, which is still the lowest in the country.\nTasmania's Industrial Commission made the determination that politicians' pay, which has been frozen since 2018, should go up.\nLiberal Premier Jeremy Rockliff, who was re-elected in minority in July, pledged to move a motion in parliament to ensure the pay rise did not go ahead.\nIt was unsuccessful in the upper house, however, with independents and Labor voting for the pay rise to proceed.\nMr Rockliff said he would not be accepting the boost, and it is understood individual MPs can knock it back.\n\"As I have said, a pay increase of 22 per cent is unacceptable and not in line with community expectations,\" he said in a statement.\n\"An increase of three per cent - in line with public sector workers - is appropriate.\"\nMr Rockliff's pay would have increased by some $68,000 to $369,000, still the second-lowest of any state or territory leader.\nVictoria's politicians received a pay rise in July, with Premier Jacinta Allan now earning $512,972.\nTasmania's budget debt is ballooning and the state faces the prospect of stumping up for a new $1.13 billion stadium championed by Mr Rockliff.\nIndependents and Labor MPs in the upper house said they should not have been put in a position to vote on their own pay and the decision should have been left with the commission.\n\"It's not good for democracy for members of parliament to have any say in their own pay,\" Labor MP Sarah Lovell said.\nIndependent Meg Webb said politicians who didn't want the pay rise could donate the extra money to charity or reimburse the state.\nThe freeze since 2018 was essentially a yearly pay cut and a situation that wouldn't be acceptable in other parts of the public service, she said.\n\"The independent Tasmanian Industrial Commission has determined an appropriate pay adjustment, to correct the pay freeze,\" she said.\n\"It would be utterly unacceptable to any of us if a Tasmanian nurse, teacher, paramedic or police officer were to have their salary frozen at the same level for seven years.\"\nPolitics",
    "highlightText": "",
    "highlightTitle": "",
    "highlightThreadTitle": "",
    "language": "english",
    "sentiment": "negative",
    "categories": [
        "Politics",
        "Economy, Business and Finance",
        "Social Issue"
    ],
    "topics": [
        "Politics->government",
        "Politics->political process",
        "Politics->political parties and movements",
        "Economy, Business and Finance->corporate governance and csr",
        "Economy, Business and Finance->financial and economic news",
        "Economy, Business and Finance->business governance",
        "Social Issue->social condition",
        "Social Issue->welfare",
        "Social Issue->poverty"
    ],
    "ai_allow": true,
    "has_canonical": false,
    "breaking": true,
    "webz_reporter": false,
    "external_links": [],
    "external_images": [],
    "internal_images": [],
    "entities": {
        "persons": [
            {
                "name": "Jeremy Rockliff",
                "sentiment": "none"
            }
        ],
        "locations": [
            {
                "name": "Tasmania",
                "sentiment": "none"
            }
        ],
        "organizations": [
            {
                "name": "Industrial Commission",
                "sentiment": "none",
                "tickers": []
            }
        ]
    },
    "syndication": {
        "syndicated": false,
        "syndicate_id": "b3bcbc20ef88912cc50f2314c651f2789455a254",
        "first_syndicated": true
    },
    "trust": {
        "categories": [],
        "top_news": [
            "top_news_au",
            "top_news"
        ],
        "bias": null,
        "source": {
            "type": null,
            "city": null,
            "state": null,
            "country": null,
            "domain_type": null,
            "agency": null,
            "organization_name": null
        }
    },
    "rating": null,
    "crawled": "2025-09-25T08:20:41.350+03:00",
    "updated": "2025-09-26T09:09:44.000+03:00"
}