{
    "thread": {
        "uuid": "579de6fa3523c33871e380b8e09c4f3901a9d6c1",
        "url": "https://economictimes.indiatimes.com/markets/stocks/news/sensex-and-nifty-reach-52-week-high-on-earnings-optimism/articleshow/124752435.cms",
        "site_full": "economictimes.indiatimes.com",
        "site": "indiatimes.com",
        "site_section": "https://cfo.economictimes.indiatimes.com/rss/recentstories",
        "site_categories": [
            "media",
            "top_news_nz",
            "top_news_au",
            "top_news_ae",
            "top_news_us",
            "top_news_gb",
            "top_news_th",
            "top_news_sa",
            "top_news_sg",
            "top_news_ph",
            "top_news_hk",
            "top_news_nl",
            "top_news_qa",
            "top_news_ie",
            "top_news_pk",
            "top_news_id",
            "top_news_dk",
            "top_news_eg",
            "top_news_za",
            "top_news_my",
            "top_news_kw",
            "top_news_be",
            "top_news_in",
            "top_news_ca",
            "top_news_iq",
            "top_news"
        ],
        "section_title": "",
        "site_title": "Business News Live, Share Market News - Read Latest Finance News, IPO, Mutual Funds News",
        "title": "Markets News: Sensex and Nifty Reach 52-Week High on Earnings Optimism, ETCFO",
        "title_full": "Markets News: Sensex and Nifty Reach 52-Week High on Earnings Optimism, ETCFO",
        "published": "2025-10-23T08:41:00.000+03:00",
        "replies_count": 0,
        "participants_count": 1,
        "site_type": "news",
        "country": "IN",
        "main_image": "https://etimg.etb2bimg.com/thumb/msid-124754183,imgsize-16064,width-1200,height=627,overlay-etcfo,resizemode-75/news/sensex-and-nifty-reach-52-week-high-on-earnings-optimism.jpg",
        "performance_score": 0,
        "domain_rank": 498,
        "domain_rank_updated": "2025-10-20T00:00:00.000+03:00",
        "licensing_agency": [],
        "social": {
            "facebook": {
                "likes": 0,
                "comments": 0,
                "shares": 10
            },
            "vk": {
                "shares": 0
            }
        }
    },
    "uuid": "579de6fa3523c33871e380b8e09c4f3901a9d6c1",
    "url": "https://economictimes.indiatimes.com/markets/stocks/news/sensex-and-nifty-reach-52-week-high-on-earnings-optimism/articleshow/124752435.cms",
    "ord_in_thread": 0,
    "author": "-",
    "published": "2025-10-23T08:41:00.000+03:00",
    "title": "Markets News: Sensex and Nifty Reach 52-Week High on Earnings Optimism, ETCFO",
    "text": "Indian stocks traded sharply higher on Monday, with the Sensex and Nifty recording fresh 52-week highs, while inching toward record highs as optimism over an earnings revival and renewed foreign inflows buoyed sentiment. Hopes that festive season demand, coupled with recent tax cuts and policy support, will lift corporate profits in the second half of FY26 added to the upbeat tone.The S&P BSE Sensex climbed over 800 points to hit a fresh 52-week high of 85,272, while the NSE Nifty 50 advanced 200 points to scale new 52-week high above 26,000 level.On the 30-share Sensex, Infosys, HCL Technologies, Axis Bank, Hindustan Unilever, Tata Steel and Tech Mahindra led the advance, gaining between 1.5% and 3%.IT and financial stocks were the day’s top performers, with the Nifty IT index up 2% and banking shares adding 0.5%.In the broader market, midcaps edged up 0.2% while smallcaps slipped 0.2%.Infosys jumped more than 3% after the company announced details of its largest-ever Rs 18,000 crore share buyback program.Expert viewsReports of an imminent trade deal between India and U.S. is doing the rounds in market circles and the market reaction through Nifty implied open confirms this, said Dr. VK Vijayakumar, Chief Investment Strategist at Geojit Investments, adding that comments from President Trump and responses from PM Modi indicate an early trade deal. \\\"The expected deal involves some concessions from both sides. If the reported 15-16 % tariffs on Indian exports to U.S. materialises that would be a big positive for Indian economy and major boost to stock markets. The market rally which has already begun in the festival season will accelerate enabling the Nifty to set new record highs,\\\" said Vijayakumar.Unprecedented record sales during the last few days has the potential to improve corporate earnings, said Vijayakumar, adding that FIIs turning buyers recently and short covering are factors that can fuel the rally. \\\"Clearly, it is advantage bulls! Short-covering has the potential to spike up large caps where there are big short positions. Textile stocks, which bore the brunt of the penal tariffs, are likely to witness big buying,\\\" said Vijayakumar.Global MarketsAsian stocks fell for a second straight day on Thursday as weak earnings from U.S. tech giants deepened Wall Street’s selloff and renewed U.S. sanctions on Russia and China rekindled geopolitical worries.MSCI’s broadest index of Asia-Pacific shares outside Japan slipped 0.3%, while Japan’s Nikkei 225 dropped 1.5%. Hong Kong’s Hang Seng Index lost 0.4% after reports that the White House may tighten curbs on software-related exports to China in response to Beijing’s rare earth restrictions.Global equities have retreated from record highs as earnings season gets underway. While several major firms have topped analyst estimates, lackluster outlooks from megacaps have rattled investors.In Seoul, the Kospi eased 0.2% after the Bank of Korea held rates steady, in line with expectations.On Wall Street, Tesla shares fell 3.8% in after-hours trading after quarterly profit missed forecasts despite record revenue, while Apple slid 1.6% following an EU antitrust complaint over its App Store terms.The U.S. 10-year Treasury yield held at 3.96%, and gold slipped 0.6% to $4,071.09 an ounce as investors took profits ahead of key U.S. inflation data later this week.FII/DII TrackerOn the institutional front, Foreign Institutional Investors (FIIs) bought equities worth nearly Rs 97 crore on October 21, while Domestic Institutional Investors (DIIs) were net sellers to the tune of Rs 607 crore.Crude impactOil prices climbed roughly 2.5% on Thursday, extending the previous session’s gains as supply worries resurfaced after Washington imposed sanctions on Russian energy majors Rosneft and Lukoil over the war in Ukraine.Brent crude futures rose $1.56, or 2.5%, to $64.15 a barrel by 0303 GMT, while U.S. West Texas Intermediate gained $1.53, or 2.6%, to $60.03.Rupee vs DollarThe Indian rupee strengthened 13 paise to 87.80 against the U.S. dollar in early Thursday trade as investors monitored developments on a potential U.S.-India trade deal.The U.S. dollar index, which tracks the greenback against a basket of six currencies, was last up 0.1% at 99.03.(With inputs from agencies)",
    "highlightText": "",
    "highlightTitle": "",
    "highlightThreadTitle": "",
    "language": "english",
    "sentiment": "positive",
    "categories": [
        "Economy, Business and Finance"
    ],
    "topics": [
        "Economy, Business and Finance->market and exchange",
        "Economy, Business and Finance->financial and economic news"
    ],
    "ai_allow": true,
    "has_canonical": false,
    "breaking": true,
    "webz_reporter": false,
    "external_links": [],
    "external_images": [],
    "internal_images": [],
    "entities": {
        "persons": [],
        "locations": [],
        "organizations": [
            {
                "name": "Hindustan Unilever",
                "sentiment": "none",
                "tickers": [
                    {
                        "ticker": "HINDUNILVR",
                        "exchange": "NSE"
                    }
                ]
            },
            {
                "name": "HCL Technologies",
                "sentiment": "none",
                "tickers": [
                    {
                        "ticker": "HCLTECH",
                        "exchange": "NSE"
                    }
                ]
            },
            {
                "name": "Tata Steel",
                "sentiment": "none",
                "tickers": [
                    {
                        "ticker": "TATASTEEL",
                        "exchange": "NSE"
                    }
                ]
            },
            {
                "name": "NSE Nifty",
                "sentiment": "none",
                "tickers": [
                    {
                        "ticker": "NIFTY50",
                        "exchange": "NSE"
                    }
                ]
            },
            {
                "name": "Infosys",
                "sentiment": "none",
                "tickers": [
                    {
                        "ticker": "INFY",
                        "exchange": "NYSE"
                    }
                ]
            }
        ]
    },
    "syndication": {
        "syndicated": false,
        "syndicate_id": null,
        "first_syndicated": false
    },
    "trust": {
        "categories": null,
        "top_news": [
            "top_news_nz",
            "top_news_au",
            "top_news_ae",
            "top_news_us",
            "top_news_gb",
            "top_news_th",
            "top_news_sa",
            "top_news_sg",
            "top_news_ph",
            "top_news_hk",
            "top_news_nl",
            "top_news_qa",
            "top_news_ie",
            "top_news_pk",
            "top_news_id",
            "top_news_dk",
            "top_news_eg",
            "top_news_za",
            "top_news_my",
            "top_news_kw",
            "top_news_be",
            "top_news_in",
            "top_news_ca",
            "top_news_iq",
            "top_news"
        ],
        "bias": "center",
        "source": {
            "type": null,
            "city": null,
            "state": null,
            "country": null,
            "domain_type": null,
            "agency": null,
            "organization_name": null
        }
    },
    "rating": null,
    "crawled": "2025-10-23T09:14:03.820+03:00",
    "updated": "2025-10-24T10:09:21.000+03:00"
}