{
    "thread": {
        "uuid": "8994083485d5c4c7d2e7a7239f2171c945581029",
        "url": "https://www.marketsmojo.com/news/stock-market-news/indian-stock-market-sees-strong-performance-with-35-sectors-advancing-3639032",
        "site_full": "www.marketsmojo.com",
        "site": "marketsmojo.com",
        "site_section": "https://www.marketsmojo.com/news/stock-market-news",
        "site_categories": [],
        "section_title": "Stay Informed with MarketsMojo News: Stock Market Insights, Portfolio Tracking, Alerts, and Expert Analyses  ",
        "site_title": "MarketsMojo Research, Handpicked Mojo Stocks &amp; Portfolio Tracking",
        "title": "Indian Stock Market Sees Strong Performance with 35 Sectors Advancing",
        "title_full": "Indian Stock Market Sees Strong Performance with 35 Sectors Advancing",
        "published": "2025-10-23T08:48:20.918+03:00",
        "replies_count": 0,
        "participants_count": 1,
        "site_type": "news",
        "country": "IN",
        "main_image": "",
        "performance_score": 0,
        "domain_rank": 66172,
        "domain_rank_updated": "2025-10-20T00:00:00.000+03:00",
        "licensing_agency": [],
        "social": {
            "facebook": {
                "likes": 0,
                "comments": 0,
                "shares": 0
            },
            "vk": {
                "shares": 0
            }
        }
    },
    "uuid": "8994083485d5c4c7d2e7a7239f2171c945581029",
    "url": "https://www.marketsmojo.com/news/stock-market-news/indian-stock-market-sees-strong-performance-with-35-sectors-advancing-3639032",
    "ord_in_thread": 0,
    "author": "@Marketsmojo",
    "published": "2025-10-23T08:48:20.918+03:00",
    "title": "Indian Stock Market Sees Strong Performance with 35 Sectors Advancing",
    "text": "Indian Stock Market Sees Strong Performance with 35 Sectors Advancing\nThe BSE 500 index experienced a strong trading session, gaining 0.60% as 35 sectors advanced compared to only three that declined, showcasing a robust advance-decline ratio of 11.67. The NIFTY IT sector led the charge with a 3.16% increase, fueled by Infosys's 4.74% rise, while Birlasoft Ltd surged 9.86%. In contrast, the OILGAS sector struggled, declining by 0.41%, primarily due to HPCL's 3.25% drop. Overall, technology sectors drove market momentum, while energy and telecommunications faced challenges.\nIn a robust trading session, the BSE 500 index recorded a one-day return of 0.60%, reflecting a strong performance across various sectors. Advancing sectors outnumbered declining ones significantly, with 35 sectors gaining ground compared to just three that faced losses, resulting in an impressive advance-decline ratio of 11.67.The NIFTY IT sector emerged as a standout performer, surging by 3.16%, driven primarily by Infosys, which saw a notable increase of 4.74%. Similarly, the BSE IT sector also performed well, with Birlasoft Ltd leading the charge at an impressive 9.86% gain. The TECK sector followed closely, buoyed by Infosys's additional 4.69% rise.\nOn the downside, the OILGAS sector faced challenges, declining by 0.41%, with HPCL contributing to this downturn with a 3.25% drop. The S&P BSE Energy and Telecommunication sectors also struggled, posting losses of 0.26% and 0.23%, respectively, with Tata Tele. Mah. and Dolphin Offshore dragging down their respective sectors.\nOverall, the market's positive momentum was largely driven by technology-related sectors, while energy and telecommunications faced headwinds.\nOur weekly and monthly stock recommendations are here\nLoading...\nIndustry\n{{sm.old_ind_name }}\nMarket Cap\n{{sm.mcapsizerank }}\nDate of Entry\n{{sm.date }}\nTarget Price\n{{sm.target_price }}\n({{sm.performance_target }}%)\nHolding Duration\n{{sm.target_duration }}\nLast 1 Year Return\n{{sm.performance_1y}}%\n{{sm.comp_name}} price as on {{sm.todays_date}}\n₹{{sm.price_as_on}} ({{sm.performance}}%)\nIndustry\n{{sm.old_ind_name}}\nMarket Cap\n{{sm.mcapsizerank}}\nDate of Entry\n{{sm.date}}\nEntry Price\n{{sm.opening_price}}\nLast 1 Year Return\n{{sm.performance_1y}}%\nRelated News\nMost Read",
    "highlightText": "",
    "highlightTitle": "",
    "highlightThreadTitle": "",
    "language": "english",
    "sentiment": "positive",
    "categories": [
        "Economy, Business and Finance"
    ],
    "topics": [
        "Economy, Business and Finance->market and exchange",
        "Economy, Business and Finance->financial and economic news"
    ],
    "ai_allow": true,
    "has_canonical": false,
    "breaking": false,
    "webz_reporter": false,
    "external_links": [],
    "external_images": [],
    "internal_images": [],
    "entities": {
        "persons": [],
        "locations": [],
        "organizations": [
            {
                "name": "Birlasoft Ltd",
                "sentiment": "none",
                "tickers": [
                    {
                        "ticker": "BSOFT",
                        "exchange": "NSE"
                    }
                ]
            },
            {
                "name": "Infosys",
                "sentiment": "none",
                "tickers": [
                    {
                        "ticker": "INFY",
                        "exchange": "NYSE"
                    }
                ]
            }
        ]
    },
    "syndication": {
        "syndicated": false,
        "syndicate_id": null,
        "first_syndicated": false
    },
    "trust": {
        "categories": [],
        "top_news": [],
        "bias": null,
        "source": {
            "type": null,
            "city": null,
            "state": null,
            "country": null,
            "domain_type": null,
            "agency": null,
            "organization_name": null
        }
    },
    "rating": null,
    "crawled": "2025-10-23T08:48:20.918+03:00",
    "updated": "2025-10-23T08:50:33.000+03:00"
}