{
    "thread": {
        "uuid": "792cbb0232f2e31e6c39110db000cc5040122354",
        "url": "https://live.euronext.com/en/products/equities/company-news/2025-10-23-kitron-q3-2025-record-order-intake",
        "site_full": "live.euronext.com",
        "site": "euronext.com",
        "site_section": "https://live.euronext.com/en/products/equities/company-news",
        "site_categories": [
            "enterprise_news",
            "enterprise_news"
        ],
        "section_title": "Company press releases - Euronext exchange Live quotes",
        "site_title": "Euronext: the European stock market and infrastructure",
        "title": "Kitron: Q3 2025 - Record order intake",
        "title_full": "Kitron: Q3 2025 - Record order intake",
        "published": "2025-10-23T08:00:00.000+03:00",
        "replies_count": 0,
        "participants_count": 0,
        "site_type": "news",
        "country": "NO",
        "main_image": "",
        "performance_score": 0,
        "domain_rank": 24252,
        "domain_rank_updated": "2025-10-20T00:00:00.000+03:00",
        "licensing_agency": [],
        "social": {
            "facebook": {
                "likes": 0,
                "comments": 0,
                "shares": 0
            },
            "vk": {
                "shares": 0
            }
        }
    },
    "uuid": "792cbb0232f2e31e6c39110db000cc5040122354",
    "url": "https://live.euronext.com/en/products/equities/company-news/2025-10-23-kitron-q3-2025-record-order-intake",
    "ord_in_thread": 0,
    "author": null,
    "published": "2025-10-23T08:00:00.000+03:00",
    "title": "Kitron: Q3 2025 - Record order intake",
    "text": "-\nMarkets -\nEquitiesSustainable finance2025 Euronext ESG Trends ReportA data-driven snapshot of how Euronext-listed companies are advancing their Environmental, Social and Governance (ESG) practices.\nRead more -\nIndicesA milestone in a decade of transformationEuronext joins the CAC 40®As of 22 September 2025, Euronext has officially joined the CAC 40®, France’s flagship blue-chip index.\nRead more -\nETFsThe European market place for ETFsEuronext ETF EuropeInvestors benefit from a centralised market place that will not only bring transparency but also better pricing due to the grouping of liquidity.\nRead more -\n-\nFixed IncomeEuropean Defence BondsGroupe BPCE lists the first bondFirst financial institution in Europe to issue a bond dedicated to the defence sector\nRead more -\n-\nDerivativesWhere European Government Bonds Meet the FutureFixed Income derivativesTrade mini bond futures on main European government bonds\nRead more -\nCommodities-\nOverview -\nQuotes snapshot -\n-\n-\n-\nSpread contracts -\n-\n-\n-\nDelivery & settlement\n-\nSpecifications & arrangements\n-\nCommitments of Traders (CoT) report -\nCommodity brokers\nBuilding a sustainable and liquid power derivatives market.Euronext Nord Pool Power FuturesEuronext and Nord Pool, the European power exchange, announced the launch of a dedicated Nordic and Baltic power futures market.\nRead more -\n-\nResources-\n-\n-\n-\nTrading hours & Holidays -\nMembers list -\nContract specifications -\nQuote vendor codes -\n-\nNotices / Corporate actions\n-\n-\nIssuers compliance\nDesigned to help students navigate the complexities of financial marketsEuronext Trading gameJoin the Euronext Trading Game and step into capital markets. Learn from today’s leaders, explore sustainable opportunities, and trade with confidence.\nRead more -\nKitron: Q3 2025 - Record order intake\n23 Oct 2025 07:00 CEST\nIssuer\nKitron ASA\n(2025-11-23) Kitron today reported solid quarterly sales and profits combined\nwith record order intake and backlog, particularly driven by growing demand from\ncustomers in the Defence/Aerospace market sector.\nKitron's revenue for the third quarter was EUR 167.8 million. This compares with\n145.1 million in the same quarter last year. The Defence/Aerospace market sector\nshowed particularly strong growth.\nThird-quarter operating profit (EBIT) was EUR 14.6 million, compared to 10.7\nmillion in the same quarter last year. Profitability expressed as EBIT margin\nwas 8.7 per cent, compared to 7.4 per cent in the same quarter last year,\napproaching the strategic target of 9 per cent.\nThe order backlog ended at EUR 598 million, an increase of 31 per cent compared\nto last year and 18 per cent compared to the second quarter this year.\nPeter Nilsson, Kitron's CEO, comments:\n\"The third quarter marked continued solid performance for Kitron. Our order\nbacklog reached new highs, driven by rapid demand growth among defence\ncustomers. We are actively expanding our capacity, increasing our outlook for\nthe full year 2025 and looking forward to 2026 with confidence.\"\nProfit after tax amounted to EUR 9.1 million, compared to 6.1 million in the\nsame quarter of the previous year. This corresponds to earnings per share of EUR\n0.05, compared to 0.03 last year.\nOutlook\nAt this time, Kitron expects revenue for the full year 2025 to be between EUR\n700 and 740 million. Operating profit (EBIT) is expected to be between EUR 59\nand 66 million. The previous outlook was for revenue between EUR 675 and 725\nmillion, with an operating profit (EBIT) between EUR 55 and 65 million. The\nincrease is due to growing demand in the Defence/Aerospace market sector.\nEnclosed in PDF are the quarterly report and the presentation. The interim\nreport is presented today at 8:30 a.m. CEST by CEO Peter Nilsson and CFO Cathrin\nNylander. It will be webcast at the following link:\nhttps://channel.royalcast.com/hegnarmedia/#!/hegnarmedia/20251023_2\nFor further information, please contact:\nPeter Nilsson, President and CEO, tel. +47 948 40 850\nCathrin Nylander, CFO, tel.: +47 900 43 284\nEmail: investorrelations@kitron.com (mailto:investorrelations@kitron.com)\nKitron is a leading Scandinavian electronics manufacturing services company for\nthe Connectivity, Electrification, Industry, Medical devices and\nDefence/Aerospace sectors. The group has operations located in Norway, Sweden,\nDenmark, Lithuania, Germany, Poland, the Czech Republic, India, Malaysia, China\nand the United States. Kitron has about 2 400 employees, and revenues were EUR\n647 million in 2024.\nwww.kitron.com\nThis information is subject to the disclosure requirements pursuant to Section\n5-12 of the Norwegian Securities Trading Act.\nMore information:Access the news on Oslo Bors NewsWeb site\nSource\nKitron ASA\nProvider\nOslo Børs Newspoint\nCompany Name\nKITRON\nISIN\nNO0003079709\nSymbol\nKIT\nMarket\nEuronext Oslo Børs",
    "highlightText": "",
    "highlightTitle": "",
    "highlightThreadTitle": "",
    "language": "english",
    "sentiment": "positive",
    "categories": [
        "Economy, Business and Finance"
    ],
    "topics": [
        "Economy, Business and Finance->business reporting and performance",
        "Economy, Business and Finance->financial and economic news"
    ],
    "ai_allow": true,
    "has_canonical": false,
    "breaking": false,
    "webz_reporter": false,
    "external_links": [
        "https://newsweb.oslobors.no/message/657748",
        "https://www.newsweb.oslobors.no/message/657748"
    ],
    "external_images": [],
    "internal_images": [],
    "entities": {
        "persons": [],
        "locations": [
            {
                "name": "Europe",
                "sentiment": "none"
            }
        ],
        "organizations": [
            {
                "name": "Euronext",
                "sentiment": "none",
                "tickers": [
                    {
                        "ticker": "EPA",
                        "exchange": "Euronext Paris"
                    }
                ]
            }
        ]
    },
    "syndication": {
        "syndicated": false,
        "syndicate_id": null,
        "first_syndicated": false
    },
    "trust": {
        "categories": [],
        "top_news": [],
        "bias": null,
        "source": {
            "type": null,
            "city": null,
            "state": null,
            "country": null,
            "domain_type": null,
            "agency": null,
            "organization_name": null
        }
    },
    "rating": null,
    "crawled": "2025-10-23T08:11:49.950+03:00",
    "updated": "2025-10-23T08:13:36.000+03:00"
}