{
    "thread": {
        "uuid": "f82290a8f81c358019e16b3aa0ea882e42659253",
        "url": "https://www.marketsmojo.com/news/stocks-in-action/hero-motocorp-sees-1343-surge-in-open-interest-amid-increased-futures-activity-3639750",
        "site_full": "www.marketsmojo.com",
        "site": "marketsmojo.com",
        "site_section": "https://www.marketsmojo.com/news/stocks-in-action",
        "site_categories": [],
        "section_title": "Stay Informed with MarketsMojo News: Stock Market Insights, Portfolio Tracking, Alerts, and Expert Analyses  ",
        "site_title": "MarketsMojo Research, Handpicked Mojo Stocks &amp; Portfolio Tracking",
        "title": "Hero MotoCorp Sees 13.43% Surge in Open Interest Amid Increased Futures Activity",
        "title_full": "Hero MotoCorp Sees 13.43% Surge in Open Interest Amid Increased Futures Activity",
        "published": "2025-10-23T11:51:16.803+03:00",
        "replies_count": 0,
        "participants_count": 1,
        "site_type": "news",
        "country": "IN",
        "main_image": "https://i.marketsmojo.com/newsimg/2025/10/HeroMotoCorp_oi_spurts_by_underlying_3639750.png",
        "performance_score": 0,
        "domain_rank": 66172,
        "domain_rank_updated": "2025-10-20T00:00:00.000+03:00",
        "licensing_agency": [],
        "social": {
            "facebook": {
                "likes": 0,
                "comments": 0,
                "shares": 0
            },
            "vk": {
                "shares": 0
            }
        }
    },
    "uuid": "f82290a8f81c358019e16b3aa0ea882e42659253",
    "url": "https://www.marketsmojo.com/news/stocks-in-action/hero-motocorp-sees-1343-surge-in-open-interest-amid-increased-futures-activity-3639750",
    "ord_in_thread": 0,
    "author": "@Marketsmojo",
    "published": "2025-10-23T11:51:16.803+03:00",
    "title": "Hero MotoCorp Sees 13.43% Surge in Open Interest Amid Increased Futures Activity",
    "text": "Hero MotoCorp Sees 13.43% Surge in Open Interest Amid Increased Futures Activity\nHero MotoCorpLtd. has seen a significant rise in open interest, reaching 68,243 contracts, alongside a trading volume of 56,821 contracts. The stock hit a new 52-week high of Rs. 5,717 but has shown signs of a trend reversal, with a notable decline in delivery volume.\nHero MotoCorpLtd. has experienced a significant increase in open interest today, reflecting notable activity in the stock. The latest open interest stands at 68,243 contracts, up from the previous 60,161, marking a change of 8,082 contracts or a 13.43% increase. This surge in open interest comes alongside a trading volume of 56,821 contracts, indicating robust market engagement.\nIn terms of price performance,\nHero MotoCorpreached a new 52-week high of Rs. 5,717 today, outperforming its sector by 0.57%. However, the stock has shown signs of a trend reversal, having declined after four consecutive days of gains. Currently,\nHero MotoCorpis trading above its 5-day, 20-day, 50-day, 100-day, and 200-day moving averages, suggesting a strong position in the market.\nDespite this positive price movement, there has been a notable decline in investor participation, with delivery volume dropping by 92.01% compared to the 5-day average. The stock remains liquid enough for trades of Rs. 3.81 crore, based on 2% of the 5-day average traded value. Overall, the increase in open interest and the stock's current performance metrics highlight a dynamic trading environment for Hero MotoCorp.\n{{stockdata.stock.price.value}} {{stockdata.stock.price_difference.value}} ({{stockdata.stock.price_percentage.value}}%)\n{{stockdata.stock.date.value}} | BSE+NSE Vol: {{stockdata.index_name}} Vol: {{stockdata.stock.bse_nse_vol.value}} ({{stockdata.stock.bse_nse_vol_per.value}}%)\nRelated Stock Links\n{{stockdata.stock.stock_name.value}} Analysis}}){{stockdata.stock.stock_name.value}} Technicals}}){{stockdata.stock.stock_name.value}} Quality}}){{stockdata.stock.stock_name.value}} Valuation}}){{stockdata.stock.stock_name.value}} Financial Trend}}){{stockdata.stock.stock_name.value}} Return Analysis}}){{stockdata.stock.stock_name.value}} Price Analysis}}){{stockdata.stock.stock_name.value}} Quarterly Result Analysis}}){{stockdata.stock.stock_name.value}} Half-Yearly Result Analysis}}){{stockdata.stock.stock_name.value}} Nine Monthly Result Analysis}}){{stockdata.stock.stock_name.value}} Annual Results}}){{stockdata.stock.stock_name.value}} Balance Sheet}}){{stockdata.stock.stock_name.value}} Profit & Loss}}){{stockdata.stock.stock_name.value}} Cash Flow}}){{stockdata.stock.stock_name.value}} News}}){{stockdata.stock.stock_name.value}} Announcements}}){{stockdata.stock.stock_name.value}} Share Holding}}){{stockdata.stock.stock_name.value}} Peer Comparison}})\nOur weekly and monthly stock recommendations are here\nLoading...\nIndustry\n{{sm.old_ind_name }}\nMarket Cap\n{{sm.mcapsizerank }}\nDate of Entry\n{{sm.date }}\nTarget Price\n{{sm.target_price }}\n({{sm.performance_target }}%)\nHolding Duration\n{{sm.target_duration }}\nLast 1 Year Return\n{{sm.performance_1y}}%\n{{sm.comp_name}} price as on {{sm.todays_date}}\n₹{{sm.price_as_on}} ({{sm.performance}}%)\nIndustry\n{{sm.old_ind_name}}\nMarket Cap\n{{sm.mcapsizerank}}\nDate of Entry\n{{sm.date}}\nEntry Price\n{{sm.opening_price}}\nLast 1 Year Return\n{{sm.performance_1y}}%\nRelated News\nMost Read",
    "highlightText": "",
    "highlightTitle": "",
    "highlightThreadTitle": "",
    "language": "english",
    "sentiment": "positive",
    "categories": [
        "Economy, Business and Finance"
    ],
    "topics": [
        "Economy, Business and Finance->business and market analysis",
        "Economy, Business and Finance->financial and economic news",
        "Economy, Business and Finance->corporate news and profiles"
    ],
    "ai_allow": true,
    "has_canonical": false,
    "breaking": false,
    "webz_reporter": false,
    "external_links": [],
    "external_images": [],
    "internal_images": [],
    "entities": {
        "persons": [],
        "locations": [],
        "organizations": []
    },
    "syndication": {
        "syndicated": false,
        "syndicate_id": null,
        "first_syndicated": false
    },
    "trust": {
        "categories": [],
        "top_news": [],
        "bias": null,
        "source": {
            "type": null,
            "city": null,
            "state": null,
            "country": null,
            "domain_type": null,
            "agency": null,
            "organization_name": null
        }
    },
    "rating": null,
    "crawled": "2025-10-23T11:51:16.803+03:00",
    "updated": "2025-10-23T11:53:53.000+03:00"
}