{
    "thread": {
        "uuid": "47a67a9049f8a63357b01d80a7f0d2ef1621e542",
        "url": "https://in.marketscreener.com/news/sfc-energy-warburg-research-maintains-a-buy-rating-ce7d5dd8d98bfe2c",
        "site_full": "in.marketscreener.com",
        "site": "marketscreener.com",
        "site_section": "http://in.marketscreener.com/news/companies/",
        "site_categories": [],
        "section_title": "Stock Market Listed Companies News - MarketScreener India",
        "site_title": "Stock Market Today : Reports, Quotes and News - MarketScreener",
        "title": "SFC ENERGY : Warburg Research maintains a Buy rating | MarketScreener India",
        "title_full": "SFC ENERGY : Warburg Research maintains a Buy rating | MarketScreener India",
        "published": "2025-10-23T11:52:00.000+03:00",
        "replies_count": 0,
        "participants_count": 1,
        "site_type": "news",
        "country": "IN",
        "main_image": "https://in.marketscreener.com/images/twitter_MS_fdblanc.png",
        "performance_score": 0,
        "domain_rank": 11487,
        "domain_rank_updated": "2025-10-20T00:00:00.000+03:00",
        "licensing_agency": [
            "CFC"
        ],
        "social": {
            "facebook": {
                "likes": 0,
                "comments": 0,
                "shares": 0
            },
            "vk": {
                "shares": 0
            }
        }
    },
    "uuid": "47a67a9049f8a63357b01d80a7f0d2ef1621e542",
    "url": "https://in.marketscreener.com/news/sfc-energy-warburg-research-maintains-a-buy-rating-ce7d5dd8d98bfe2c",
    "ord_in_thread": 0,
    "author": "MarketScreener with dpa-AFX Analyser",
    "published": "2025-10-23T11:52:00.000+03:00",
    "title": "SFC ENERGY : Warburg Research maintains a Buy rating | MarketScreener India",
    "text": "SFC Energy AG -1.42% Malte Schaumann from Warburg Research retains his positive opinion on the stock with a Buy rating. The target price is still set at EUR 21. © MarketScreener with dpa-AFX Analyser - 2025",
    "highlightText": "",
    "highlightTitle": "",
    "highlightThreadTitle": "",
    "language": "english",
    "sentiment": "positive",
    "categories": [
        "Economy, Business and Finance"
    ],
    "topics": [
        "Economy, Business and Finance->investment and opinion pieces",
        "Economy, Business and Finance->financial and economic news",
        "Economy, Business and Finance->business and market analysis"
    ],
    "ai_allow": false,
    "has_canonical": false,
    "breaking": false,
    "webz_reporter": false,
    "external_links": [
        "https://telegram.me/share/url?url=https%3A%2F%2Fwww.marketscreener.com%2Fnews%2Fsfc-energy-warburg-research-maintains-a-buy-rating-ce7d5dd8d98bfe2c%3Futm_source%3Dtelegram%26utm_medium%3Dsocial%26utm_campaign%3Dshare",
        "https://www.facebook.com/sharer/sharer.php?u=https%3A%2F%2Fwww.marketscreener.com%2Fnews%2Fsfc-energy-warburg-research-maintains-a-buy-rating-ce7d5dd8d98bfe2c%3Futm_source%3Dfacebook%26utm_medium%3Dsocial%26utm_campaign%3Dshare",
        "https://www.linkedin.com/shareArticle?mini=true&url=https%3A%2F%2Fwww.marketscreener.com%2Fnews%2Fsfc-energy-warburg-research-maintains-a-buy-rating-ce7d5dd8d98bfe2c%3Futm_source%3Dlinkedin%26utm_medium%3Dsocial%26utm_campaign%3Dshare&title=SFC",
        "https://wa.me/?text=https%3A%2F%2Fwww.marketscreener.com%2Fnews%2Fsfc-energy-warburg-research-maintains-a-buy-rating-ce7d5dd8d98bfe2c%3Futm_source%3Dwhatsapp%26utm_medium%3Dsocial%26utm_campaign%3Dshare",
        "https://x.com/intent/tweet?text=SFC",
        "https://www.x.com/intent/tweet?text=SFC",
        "https://x.com/intent/tweet",
        "https://telegram.me/share/url",
        "https://www.wa.me/?text=https%3A%2F%2Fwww.marketscreener.com%2Fnews%2Fsfc-energy-warburg-research-maintains-a-buy-rating-ce7d5dd8d98bfe2c%3Futm_source%3Dwhatsapp%26utm_medium%3Dsocial%26utm_campaign%3Dshare",
        "https://wa.me/",
        "https://www.facebook.com/sharer/sharer.php",
        "https://www.linkedin.com/shareArticle",
        "https://linkedin.com/shareArticle?mini=true&url=https%3A%2F%2Fwww.marketscreener.com%2Fnews%2Fsfc-energy-warburg-research-maintains-a-buy-rating-ce7d5dd8d98bfe2c%3Futm_source%3Dlinkedin%26utm_medium%3Dsocial%26utm_campaign%3Dshare&title=SFC",
        "https://www.telegram.me/share/url?url=https%3A%2F%2Fwww.marketscreener.com%2Fnews%2Fsfc-energy-warburg-research-maintains-a-buy-rating-ce7d5dd8d98bfe2c%3Futm_source%3Dtelegram%26utm_medium%3Dsocial%26utm_campaign%3Dshare",
        "https://facebook.com/sharer/sharer.php?u=https%3A%2F%2Fwww.marketscreener.com%2Fnews%2Fsfc-energy-warburg-research-maintains-a-buy-rating-ce7d5dd8d98bfe2c%3Futm_source%3Dfacebook%26utm_medium%3Dsocial%26utm_campaign%3Dshare"
    ],
    "external_images": [],
    "internal_images": [],
    "entities": {
        "persons": [],
        "locations": [],
        "organizations": []
    },
    "syndication": {
        "syndicated": false,
        "syndicate_id": null,
        "first_syndicated": false
    },
    "trust": {
        "categories": [],
        "top_news": [],
        "bias": null,
        "source": {
            "type": null,
            "city": null,
            "state": null,
            "country": null,
            "domain_type": null,
            "agency": null,
            "organization_name": null
        }
    },
    "rating": null,
    "crawled": "2025-10-23T12:06:36.344+03:00",
    "updated": "2025-10-23T12:15:01.000+03:00"
}