{
    "thread": {
        "uuid": "ac9acbecf7b3ad55299691df4db4bdc56be8d994",
        "url": "https://blockchain.news/news/stablecoins-eclipse-visa-onchain-transaction-volume",
        "site_full": "blockchain.news",
        "site": "blockchain.news",
        "site_section": "https://blockchain.news/rss/",
        "site_categories": [
            "media",
            "finance"
        ],
        "section_title": "Blockchain News",
        "site_title": null,
        "title": "Stablecoins Eclipse Visa with $46 Trillion Onchain Transaction Volume",
        "title_full": "Stablecoins Eclipse Visa with $46 Trillion Onchain Transaction Volume",
        "published": "2025-10-23T07:37:00.000+03:00",
        "replies_count": 0,
        "participants_count": 1,
        "site_type": "news",
        "country": "US",
        "main_image": "",
        "performance_score": 0,
        "domain_rank": 175823,
        "domain_rank_updated": "2025-10-20T00:00:00.000+03:00",
        "licensing_agency": [],
        "social": {
            "facebook": {
                "likes": 0,
                "comments": 0,
                "shares": 0
            },
            "vk": {
                "shares": 0
            }
        }
    },
    "uuid": "ac9acbecf7b3ad55299691df4db4bdc56be8d994",
    "url": "https://blockchain.news/news/stablecoins-eclipse-visa-onchain-transaction-volume",
    "ord_in_thread": 0,
    "author": "blockchain.news",
    "published": "2025-10-23T07:37:00.000+03:00",
    "title": "Stablecoins Eclipse Visa with $46 Trillion Onchain Transaction Volume",
    "text": "Stablecoins have significantly transformed the landscape of onchain finance, achieving a remarkable milestone with $46 trillion in annual transaction volume for 2025, as reported by Andreessen Horowitz (a16z). This figure nearly triples the transaction volume processed by Visa, marking a new era in digital settlements.\nStablecoin Transactions Surge\nAccording to the CoinMarketCap, stablecoins have evolved from their initial role as a trading instrument to becoming a foundational element in global financial infrastructure. The a16z's State of Crypto 2025 report highlights how stablecoins have become instrumental in the seamless transfer of value across borders.\nIn September 2025 alone, the monthly adjusted volume of stablecoin transactions reached $1.25 trillion. The total supply of stablecoins exceeded $300 billion, with Tether (USDT) and USD Coin (USDC) leading the charge. These figures underscore the critical role stablecoins play in providing liquidity and stability in the crypto market.\nEthereum and Tron: Dominant Forces\nThe report further reveals that Ethereum and Tron are the dominant platforms for stablecoin transactions, handling approximately 64% of the total volume. This dominance is attributed to their robust network infrastructure and widespread adoption, facilitating efficient and secure transactions.\nEthereum's smart contract capabilities and Tron's high throughput have made them attractive options for stablecoin issuers and users alike. As a result, these platforms have become integral to the operation of the burgeoning stablecoin ecosystem.\nImplications for Global Finance\nThe rapid growth of stablecoins in handling massive transaction volumes signifies a shift in the global financial landscape. As stablecoins continue to gain traction, they present both opportunities and challenges for traditional financial institutions. Their ability to provide quick and low-cost cross-border transactions is appealing, yet they also raise regulatory concerns regarding transparency and systemic risk.\nAs the stablecoin market evolves, industry stakeholders, including regulators and financial institutions, must adapt to this new paradigm. The continued development of regulatory frameworks will be crucial in ensuring the stability and integrity of the global financial system as it increasingly incorporates digital currencies.\nImage source: Shutterstock",
    "highlightText": "",
    "highlightTitle": "",
    "highlightThreadTitle": "",
    "language": "english",
    "sentiment": "positive",
    "categories": [
        "Economy, Business and Finance",
        "Science and Technology"
    ],
    "topics": [
        "Economy, Business and Finance->cryptocurrency",
        "Economy, Business and Finance->financial service",
        "Economy, Business and Finance->financial and economic news"
    ],
    "ai_allow": true,
    "has_canonical": false,
    "breaking": false,
    "webz_reporter": false,
    "external_links": [
        "https://coinmarketcap.com/headlines/news/stablecoins-outrun-visa-as-onchain-volume-hits-46-trillion/",
        "https://www.coinmarketcap.com/headlines/news/stablecoins-outrun-visa-as-onchain-volume-hits-46-trillion/",
        "https://coinmarketcap.com/headlines/news/stablecoins-outrun-visa-as-onchain-volume-hits-46-trillion"
    ],
    "external_images": [],
    "internal_images": [],
    "entities": {
        "persons": [
            {
                "name": "Andreessen Horowitz",
                "sentiment": "none"
            }
        ],
        "locations": [],
        "organizations": []
    },
    "syndication": {
        "syndicated": false,
        "syndicate_id": "ac9acbecf7b3ad55299691df4db4bdc56be8d994",
        "first_syndicated": true
    },
    "trust": {
        "categories": [],
        "top_news": [],
        "bias": null,
        "source": {
            "type": null,
            "city": null,
            "state": null,
            "country": null,
            "domain_type": null,
            "agency": null,
            "organization_name": null
        }
    },
    "rating": null,
    "crawled": "2025-10-23T07:54:36.210+03:00",
    "updated": "2025-10-23T08:07:33.000+03:00"
}