{
    "thread": {
        "uuid": "470a94d7c98858bed1f6f94c671f2871da8e2c12",
        "url": "https://www.abi.org.uk/news/news-articles/2025/11/millions-could-face-poorer-retirements-under-salary-sacrifice-cap-abi-research-shows/",
        "site_full": "www.abi.org.uk",
        "site": "abi.org.uk",
        "site_section": "https://news.google.com/search?q=their%20when%3A1h&hl=en-US&gl=US&ceid=US%3Aen",
        "site_categories": [
            "business"
        ],
        "section_title": "Google News - Search",
        "site_title": "Home | ABI",
        "title": "Changes to salary sacrifice scheme put millions of retirements at risk | ABI",
        "title_full": "Changes to salary sacrifice scheme put millions of retirements at risk | ABI",
        "published": "2025-11-13T02:00:00.000+02:00",
        "replies_count": 0,
        "participants_count": 0,
        "site_type": "news",
        "country": "GB",
        "main_image": "http://www.abi.org.uk/globalassets/images/events/2018/event-imagesvids/long-term-savings-money-photo.png?width=1080&quality=80&upscale=false",
        "performance_score": 0,
        "domain_rank": 111113,
        "domain_rank_updated": "2025-10-26T23:00:00.000+02:00",
        "licensing_agency": [],
        "social": {
            "facebook": {
                "likes": 0,
                "comments": 0,
                "shares": 0
            },
            "vk": {
                "shares": 0
            }
        }
    },
    "uuid": "470a94d7c98858bed1f6f94c671f2871da8e2c12",
    "url": "https://www.abi.org.uk/news/news-articles/2025/11/millions-could-face-poorer-retirements-under-salary-sacrifice-cap-abi-research-shows/",
    "ord_in_thread": 0,
    "author": null,
    "published": "2025-11-13T02:00:00.000+02:00",
    "title": "Changes to salary sacrifice scheme put millions of retirements at risk | ABI",
    "text": "Two in five (38%) Brits will save less into their pension if the salary sacrifice scheme is capped in the Chancellor’s upcoming Budget.1\nThe ABI, who conducted the poll with Opinium Research,2 is warning the government that this would result in millions of employees facing a poorer retirement.\nUnder the current rules, employees can put up to £60,000 a year into their pension through salary sacrifice. They get tax relief at their usual income tax rate, and neither they nor their employer pay National Insurance on these contributions.\nThis downward trend follows on from research by the ABI and the Reward and Employee Benefits Association (REBA) last year, which found nearly half of employers that pay staff more than the minimum pension would consider reducing their contributions if the Chancellor introduced National Insurance (NI) taxation on employer pension payments.\nBeyond the risk to savers, lower pension contributions mean less money invested to drive UK economic growth, given that pension firms are among the UK’s largest investors.\nYvonne Braun, Director of Policy, Long-Term Savings, at the ABI commented:\n“It’s worrying that so many people would cut their pension contributions if the government reduced tax relief in the Budget. These findings point to a deeply concerning ‘double whammy’, with almost half of employers saying they’d also lower their contributions if costs rose.\n\"This isn’t just a problem for lower earners – the government’s own data shows middle and higher earners are most at risk of falling short of an adequate retirement income. The Chancellor must resist short-term tax rises that undermine people’s long-term financial security. With so many people already retiring without enough savings, we should be encouraging saving, not making it harder.”\nLow levels of consumer trust\nA lack of clarity and continued speculation over changes are harming people’s overall confidence in the system. Just one in four (26%) adults feel confident about saving for retirement amid speculation about potential reforms, and nearly half (46%) aren’t confident government plans for pensions will positively impact their retirement.\nThinking about their retirement overall, 38% of savers don’t feel confident they will achieve their desired standard of living at retirement. This figure rises even higher among women, to 44%.\nYvonne Braun continued:“In the government’s own words, ‘we are currently on course for tomorrow’s pensioners to be poorer than today’s’. The constant speculation about changes to pensions tax is eroding trust in the pensions system and risks making a bad situation worse. Instead, we need clear, consistent government policy that gives people confidence to plan for the future – so pensions deliver on their core purpose: providing financial security in later life.”\nNotes to Editors\nFor more information, please contact [[email protected]](https://www.abi.org.uk/cdn-cgi/l/email-protection#671715021414490801010e04022706050e4908150049120c)\nFootnotes\n- When asked what action they would take if salary sacrifice contributions became subject to higher tax, 17% of respondents said they would stop using salary sacrifice completely and 21% of respondents said they would reduce the amount they contribute through salary sacrifice.\n- This research was conducted by Opinium to a politically and nationally representative pool of 2,050 respondents",
    "highlightText": "",
    "highlightTitle": "",
    "highlightThreadTitle": "",
    "language": "english",
    "sentiment": "negative",
    "categories": [
        "Economy, Business and Finance"
    ],
    "topics": [
        "Economy, Business and Finance->business financing",
        "Economy, Business and Finance->financial and economic news"
    ],
    "ai_allow": true,
    "has_canonical": false,
    "breaking": null,
    "webz_reporter": false,
    "external_links": [],
    "external_images": [],
    "internal_images": [],
    "entities": {
        "persons": [],
        "locations": [],
        "organizations": []
    },
    "syndication": {
        "syndicated": false,
        "syndicate_id": "470a94d7c98858bed1f6f94c671f2871da8e2c12",
        "first_syndicated": true
    },
    "trust": {
        "categories": [],
        "top_news": [],
        "bias": null,
        "source": {
            "type": null,
            "city": null,
            "state": null,
            "country": null,
            "domain_type": null,
            "agency": null,
            "organization_name": null
        }
    },
    "rating": null,
    "crawled": "2025-11-13T11:32:00.413+02:00",
    "updated": "2025-11-13T11:33:40.000+02:00"
}