{
    "thread": {
        "uuid": "89a482f2d76f1e99e5904df63183c35b2b645130",
        "url": "https://finance.yahoo.com/news/yen-sinks-record-low-vs-092648799.html",
        "site_full": "finance.yahoo.com",
        "site": "yahoo.com",
        "site_section": "https://news.google.com/search?q=to%20when%3A1h&hl=en-US&gl=US&ceid=US%3Aen",
        "site_categories": [
            "investing",
            "financial_news",
            "finance",
            "stocks",
            "top_news_ru",
            "top_news_ar",
            "top_news_cz",
            "top_news_nz",
            "top_news_au",
            "top_news_jp",
            "top_news_ae",
            "top_news_ua",
            "top_news_tr",
            "top_news_us",
            "top_news_at",
            "top_news_tw",
            "top_news_pt",
            "top_news_pl",
            "top_news_gb",
            "top_news_th",
            "top_news_kr",
            "top_news_sa",
            "top_news_co",
            "top_news_vn",
            "top_news_hu",
            "top_news_sg",
            "top_news_ph",
            "top_news_rs",
            "top_news_bg",
            "top_news_br",
            "top_news_hk",
            "top_news_nl",
            "top_news_qa",
            "top_news_hr",
            "top_news_ie",
            "top_news_ro",
            "top_news_pk",
            "top_news_se",
            "top_news_id",
            "top_news_dk",
            "top_news_de",
            "top_news_eg",
            "top_news_it",
            "top_news_pe",
            "top_news_sk",
            "top_news_ch",
            "top_news_za",
            "top_news_ma",
            "top_news_my",
            "top_news_il",
            "top_news_kw",
            "top_news_in",
            "top_news_fr",
            "top_news_ve",
            "top_news_fi",
            "top_news_be",
            "top_news_mx",
            "top_news_no",
            "top_news_ca",
            "top_news_cl",
            "top_news_iq",
            "top_news_gr",
            "top_news_es",
            "top_news"
        ],
        "section_title": "Google News - Search",
        "site_title": "Yahoo Finance - Stock Market Live, Quotes, Business &amp; Finance News",
        "title": "Yen sinks to record low vs euro as Japan PM touts slow rate hikes",
        "title_full": "Yen sinks to record low vs euro as Japan PM touts slow rate hikes",
        "published": "2025-11-13T11:26:00.000+02:00",
        "replies_count": 0,
        "participants_count": 1,
        "site_type": "news",
        "country": "US",
        "main_image": "https://media.zenfs.com/en/reuters.com/9cd98d06d592c688803a9b8a79eb465b",
        "performance_score": 2,
        "domain_rank": 53,
        "domain_rank_updated": "2025-10-26T23:00:00.000+02:00",
        "licensing_agency": [],
        "social": {
            "facebook": {
                "likes": 28,
                "comments": 0,
                "shares": 9
            },
            "vk": {
                "shares": 0
            }
        }
    },
    "uuid": "89a482f2d76f1e99e5904df63183c35b2b645130",
    "url": "https://finance.yahoo.com/news/yen-sinks-record-low-vs-092648799.html",
    "ord_in_thread": 0,
    "author": "Kevin Buckland and Amanda Cooper",
    "published": "2025-11-13T11:26:00.000+02:00",
    "title": "Yen sinks to record low vs euro as Japan PM touts slow rate hikes",
    "text": "Yen sinks to record low vs euro as Japan PM touts slow rate hikes Banknotes of Japanese yen are seen in this illustration picture taken September 23, 2022. REUTERS/Florence Lo/Illustration · Reuters By Kevin Buckland and Amanda Cooper Thu 13 November 2025 at 11:26 am GMT+2 3 min read\nIn this article: By Kevin Buckland and Amanda Cooper\nTOKYO/LONDON (Reuters) -The dollar eased on Thursday after U.S. President Donald Trump signed a deal to end the government shutdown, while the yen hit a record low against the euro after Japan's new prime ​minister said she wanted the central bank to go slow on rate hikes.\nThe pound briefly touched a session low, before recovering, after a report ‌showed the UK economy barely grew in the third quarter of the year.\nThe Australian dollar, meanwhile, hit a two-week high thanks to official data that showed a steeper drop in the ‌unemployment rate from a recent four-year high, reducing the possibility of further rate cuts.\nMARKETS COULD FACE VOLATILITY AS DATA BACKLOG CLEARED\nCurrency markets could face volatility over coming days with the release of a backlog of economic data, after the prolonged U.S. government shutdown ended late on Wednesday. However, the White House said that jobs and consumer price figures for October may never be released.\n\"In the ‘here and now’, markets remain much more focused, and rightly so, on how a ⁠resolution to the Congressional impasse removes not only a significant ‌degree of uncertainty, but also a major growth headwind,\" Pepperstone senior research strategist Michael Brown said.\nThe yen hit 179.805 per euro on Thursday before bouncing back to trade at 179.51. It also skimmed a low of 155.02 ‍per dollar, putting it just a whisker away from Wednesday's trough of 155.05, a level not seen since early February. It was last at 154.53 in European trading, as the dollar eased 0.17% on the day.\nJapanese Prime Minister Sanae Takaichi on Wednesday expressed her administration's preference for interest rates to stay low and asked for ​close coordination with the Bank of Japan.\nThe same day, Japanese Finance Minister Satsuki Katayama gave a new verbal warning on yen weakness as it approached 155 per ‌dollar, noting \"one-sided and rapid movements in the foreign exchange market.\"\nA WEAK YEN COULD FORCE BOJ'S HAND\nA weak yen could force the BOJ's hand, leading to a rate hike next month. Traders see a 22% chance of a quarter-point increase to the key rate in December, rising to 43% odds for a hike by January.\n\"The yen's weakness ... is likely making the government increasingly nervous,\" as it risks reigniting food and energy inflation, said Norihiro Yamaguchi, an economist at Oxford Economics.\n\"The exchange rate is crucial to the survival of the administration,\" he said.⁠ \"To mitigate yen weakness, the government has to accept the Bank of Japan'​s rate hikes in the end.\"\nStory continues In Europe, the pound was up 0.24% at ​$1.3164, having briefly dropped to a low of $1.3102 after official figures showed Britain's economy barely grew in the third quarter of the year, in part due to the drag from a cyberattack in September.\nThe data underlined the backdrop of slow ‍growth against which finance minister Rachel Reeves is ⁠preparing her budget, which is widely expected to contain a raft of tax hikes.\nThe euro, meanwhile, pared overnight losses to trade 0.3% higher against the dollar at $1.1627, its highest since late October.\nIn Australia, traders have cut bets for a quarter-point rate cut ⁠in December to just 6% following some solid economic data this week.\nThursday's job figures showed employment jumped in October as firms took on more full-time workers, calming fears the labour ‌market was slowing sharply.\nThe Aussie was up 0.6% at $0.6578, around its highest since late October.\n(Additional reporting by ‌Kevin Buckland in Tokyo; Editing by Sam Holmes, Jamie Freed, Conor Humphries)",
    "highlightText": "",
    "highlightTitle": "",
    "highlightThreadTitle": "",
    "language": "english",
    "sentiment": "negative",
    "categories": [
        "Economy, Business and Finance"
    ],
    "topics": [
        "Economy, Business and Finance->foreign exchange market",
        "Economy, Business and Finance->financial and economic news",
        "Economy, Business and Finance->macro economics"
    ],
    "ai_allow": true,
    "has_canonical": false,
    "breaking": true,
    "webz_reporter": false,
    "external_links": [
        "https://www.reuters.com/",
        "https://s.yimg.com/ny/api/res/1.2/GEFTxafvEsXvC2hsVElHAQ--/YXBwaWQ9aGlnaGxhbmRlcjt3PTE3MjtoPTQw/https://s.yimg.com/os/creatr-uploaded-images/2020-11/62e21440-2fbd-11eb-95ff-5673fa3d2f9f",
        "https://reuters.com/",
        "https://www.reuters.com",
        "https://www.s.yimg.com/ny/api/res/1.2/GEFTxafvEsXvC2hsVElHAQ--/YXBwaWQ9aGlnaGxhbmRlcjt3PTE3MjtoPTQw/https://www.s.yimg.com/os/creatr-uploaded-images/2020-11/62e21440-2fbd-11eb-95ff-5673fa3d2f9f"
    ],
    "external_images": [],
    "internal_images": [],
    "entities": {
        "persons": [
            {
                "name": "Kevin Buckland",
                "sentiment": "none"
            },
            {
                "name": "Amanda Cooper",
                "sentiment": "none"
            },
            {
                "name": "Donald Trump",
                "sentiment": "none"
            }
        ],
        "locations": [],
        "organizations": [
            {
                "name": "Reuters",
                "sentiment": "none",
                "tickers": [
                    {
                        "ticker": "TRI",
                        "exchange": "NASDAQ"
                    }
                ]
            }
        ]
    },
    "syndication": {
        "syndicated": false,
        "syndicate_id": null,
        "first_syndicated": false
    },
    "trust": {
        "categories": null,
        "top_news": [
            "top_news_ru",
            "top_news_ar",
            "top_news_cz",
            "top_news_nz",
            "top_news_au",
            "top_news_jp",
            "top_news_ae",
            "top_news_ua",
            "top_news_tr",
            "top_news_us",
            "top_news_at",
            "top_news_tw",
            "top_news_pt",
            "top_news_pl",
            "top_news_gb",
            "top_news_th",
            "top_news_kr",
            "top_news_sa",
            "top_news_co",
            "top_news_vn",
            "top_news_hu",
            "top_news_sg",
            "top_news_ph",
            "top_news_rs",
            "top_news_bg",
            "top_news_br",
            "top_news_hk",
            "top_news_nl",
            "top_news_qa",
            "top_news_hr",
            "top_news_ie",
            "top_news_ro",
            "top_news_pk",
            "top_news_se",
            "top_news_id",
            "top_news_dk",
            "top_news_de",
            "top_news_eg",
            "top_news_it",
            "top_news_pe",
            "top_news_sk",
            "top_news_ch",
            "top_news_za",
            "top_news_ma",
            "top_news_my",
            "top_news_il",
            "top_news_kw",
            "top_news_in",
            "top_news_fr",
            "top_news_ve",
            "top_news_fi",
            "top_news_be",
            "top_news_mx",
            "top_news_no",
            "top_news_ca",
            "top_news_cl",
            "top_news_iq",
            "top_news_gr",
            "top_news_es",
            "top_news"
        ],
        "bias": "center",
        "source": {
            "type": null,
            "city": null,
            "state": null,
            "country": null,
            "domain_type": null,
            "agency": null,
            "organization_name": null
        }
    },
    "rating": null,
    "crawled": "2025-11-13T11:33:08.763+02:00",
    "updated": "2025-11-14T12:13:17.000+02:00"
}