{
    "thread": {
        "uuid": "5c49c07a78d42afec51fa6844f3c490e82e81d2b",
        "url": "https://www.marketsmojo.com/news/stocks-in-action/yash-chemex-ltd-faces-heavy-selling-pressure-stock-declines-499-amid-ongoing-losses-3697689",
        "site_full": "www.marketsmojo.com",
        "site": "marketsmojo.com",
        "site_section": "https://www.marketsmojo.com/news/result-analysis",
        "site_categories": [],
        "section_title": "Stay Informed with MarketsMojo News: Stock Market Insights, Portfolio Tracking, Alerts, and Expert Analyses  ",
        "site_title": "MarketsMojo Research, Handpicked Mojo Stocks &amp; Portfolio Tracking",
        "title": "Yash Chemex Ltd Faces Heavy Selling Pressure, Stock Declines 4.99% Amid Ongoing Losses",
        "title_full": "Yash Chemex Ltd Faces Heavy Selling Pressure, Stock Declines 4.99% Amid Ongoing Losses",
        "published": "2025-11-13T09:30:29.730+02:00",
        "replies_count": 0,
        "participants_count": 1,
        "site_type": "news",
        "country": "IN",
        "main_image": "https://i.marketsmojo.com/newsimg/2025/11/YashChemex_only_sellers_3697689.png",
        "performance_score": 0,
        "domain_rank": 66172,
        "domain_rank_updated": "2025-10-26T23:00:00.000+02:00",
        "licensing_agency": [],
        "social": {
            "facebook": {
                "likes": 0,
                "comments": 0,
                "shares": 0
            },
            "vk": {
                "shares": 0
            }
        }
    },
    "uuid": "5c49c07a78d42afec51fa6844f3c490e82e81d2b",
    "url": "https://www.marketsmojo.com/news/stocks-in-action/yash-chemex-ltd-faces-heavy-selling-pressure-stock-declines-499-amid-ongoing-losses-3697689",
    "ord_in_thread": 0,
    "author": "@Marketsmojo",
    "published": "2025-11-13T09:30:29.730+02:00",
    "title": "Yash Chemex Ltd Faces Heavy Selling Pressure, Stock Declines 4.99% Amid Ongoing Losses",
    "text": "Yash Chemex Ltd Faces Heavy Selling Pressure, Stock Declines 4.99% Amid Ongoing Losses\nYash ChemexLtd is experiencing significant selling pressure, marked by a six-day decline totaling 14.76%. The stock opened lower today and reached an intraday low, underperforming compared to the Sensex. Despite strong gains over the past three months, recent trends suggest a shift in market sentiment.\nYash ChemexLtd is currently facing significant selling pressure, with the stock showing only sellers today. The company has experienced a consecutive decline over the past six days, resulting in a total loss of 14.76%. Today, the stock opened with a gap down of 2.85% and reached an intraday low of Rs 93.3, reflecting a decline of 4.99%.\nIn comparison to the Sensex, Yash Chemex's performance has been notably poor. Over the past week, the stock has dropped 12.97%, while the Sensex has gained 1.68%. On a monthly basis,\nYash Chemexhas decreased by 1.91%, contrasting with the Sensex's increase of 2.90%. Despite a strong performance over the past three months, where\nYash Chemexrose by 76.94%, the recent trend indicates a shift in market sentiment.\nPotential contributing factors to this selling pressure may include broader market dynamics and sector-specific challenges, as the stock underperformed its sector by 4.83% today. While\nYash Chemexhas shown impressive gains over the past year, the current trend raises questions about its short-term stability.\n{{stockdata.stock.price.value}} {{stockdata.stock.price_difference.value}} ({{stockdata.stock.price_percentage.value}}%)\n{{stockdata.stock.date.value}} | BSE+NSE Vol: {{stockdata.index_name}} Vol: {{stockdata.stock.bse_nse_vol.value}} ({{stockdata.stock.bse_nse_vol_per.value}}%)\nRelated Stock Links\n{{stockdata.stock.stock_name.value}} Analysis}}){{stockdata.stock.stock_name.value}} Technicals}}){{stockdata.stock.stock_name.value}} Quality}}){{stockdata.stock.stock_name.value}} Valuation}}){{stockdata.stock.stock_name.value}} Financial Trend}}){{stockdata.stock.stock_name.value}} Return Analysis}}){{stockdata.stock.stock_name.value}} Price Analysis}}){{stockdata.stock.stock_name.value}} Quarterly Result Analysis}}){{stockdata.stock.stock_name.value}} Half-Yearly Result Analysis}}){{stockdata.stock.stock_name.value}} Nine Monthly Result Analysis}}){{stockdata.stock.stock_name.value}} Annual Results}}){{stockdata.stock.stock_name.value}} Balance Sheet}}){{stockdata.stock.stock_name.value}} Profit & Loss}}){{stockdata.stock.stock_name.value}} Cash Flow}}){{stockdata.stock.stock_name.value}} News}}){{stockdata.stock.stock_name.value}} Announcements}}){{stockdata.stock.stock_name.value}} Share Holding}}){{stockdata.stock.stock_name.value}} Peer Comparison}})\nOur weekly and monthly stock recommendations are here\nLoading...\nIndustry\n{{sm.old_ind_name }}\nMarket Cap\n{{sm.mcapsizerank }}\nDate of Entry\n{{sm.date }}\nTarget Price\n{{sm.target_price }}\n({{sm.performance_target }}%)\nHolding Duration\n{{sm.target_duration }}\nLast 1 Year Return\n{{sm.performance_1y}}%\n{{sm.comp_name}} price as on {{sm.todays_date}}\n₹{{sm.price_as_on}} ({{sm.performance}}%)\nIndustry\n{{sm.old_ind_name}}\nMarket Cap\n{{sm.mcapsizerank}}\nDate of Entry\n{{sm.date}}\nEntry Price\n{{sm.opening_price}}\nLast 1 Year Return\n{{sm.performance_1y}}%\nRelated News\nMost Read",
    "highlightText": "",
    "highlightTitle": "",
    "highlightThreadTitle": "",
    "language": "english",
    "sentiment": "negative",
    "categories": [
        "Economy, Business and Finance"
    ],
    "topics": [
        "Economy, Business and Finance->corporate news and profiles",
        "Economy, Business and Finance->business and market analysis",
        "Economy, Business and Finance->financial and economic news"
    ],
    "ai_allow": true,
    "has_canonical": false,
    "breaking": false,
    "webz_reporter": false,
    "external_links": [],
    "external_images": [],
    "internal_images": [],
    "entities": {
        "persons": [],
        "locations": [],
        "organizations": []
    },
    "syndication": {
        "syndicated": false,
        "syndicate_id": null,
        "first_syndicated": false
    },
    "trust": {
        "categories": [],
        "top_news": [],
        "bias": null,
        "source": {
            "type": null,
            "city": null,
            "state": null,
            "country": null,
            "domain_type": null,
            "agency": null,
            "organization_name": null
        }
    },
    "rating": null,
    "crawled": "2025-11-13T09:30:29.730+02:00",
    "updated": "2025-11-13T09:31:50.000+02:00"
}