{
    "thread": {
        "uuid": "ccd8c938203eaf7a9b82b6a9b2c3fd3fa3dac48c",
        "url": "https://www.defenseworld.net/2025/11/13/novacyt-lonncyt-trading-down-1-3-heres-why.html",
        "site_full": "www.defenseworld.net",
        "site": "defenseworld.net",
        "site_section": "https://news.google.com/search?q=why%20when%3A1h&hl=en-US&gl=US&ceid=US%3Aen",
        "site_categories": [
            "media"
        ],
        "section_title": "Google News - Search",
        "site_title": "Defense World",
        "title": "Novacyt (LON:NCYT) Trading Down 1.3% - Here's Why - Defense World",
        "title_full": "Novacyt (LON:NCYT) Trading Down 1.3% - Here's Why - Defense World",
        "published": "2025-11-13T10:19:00.000+02:00",
        "replies_count": 0,
        "participants_count": 1,
        "site_type": "news",
        "country": "US",
        "main_image": "https://www.americanbankingnews.com/wp-content/timthumb/timthumb.php?src=https://www.marketbeat.com/logos/novacyt-sa-logo-1200x675.jpg?v=20211202093856&amp;w=240&amp;h=240&amp;zc=2",
        "performance_score": 0,
        "domain_rank": 159846,
        "domain_rank_updated": "2025-10-26T23:00:00.000+02:00",
        "licensing_agency": [],
        "social": {
            "facebook": {
                "likes": 0,
                "comments": 0,
                "shares": 0
            },
            "vk": {
                "shares": 0
            }
        }
    },
    "uuid": "ccd8c938203eaf7a9b82b6a9b2c3fd3fa3dac48c",
    "url": "https://www.defenseworld.net/2025/11/13/novacyt-lonncyt-trading-down-1-3-heres-why.html",
    "ord_in_thread": 0,
    "author": "Defense World Staff",
    "published": "2025-11-13T10:19:00.000+02:00",
    "title": "Novacyt (LON:NCYT) Trading Down 1.3% - Here's Why - Defense World",
    "text": "Shares of Novacyt S.A. ( LON:NCYT – Get Free Report ) dropped 1.3% on Wednesday . The stock traded as low as GBX 39 and last traded at GBX 39. Approximately 17,840 shares were traded during trading, a decline of 84% from the average daily volume of 112,297 shares. The stock had previously closed at GBX 39.50. The stock has a fifty day moving average of GBX 40.21 and a 200-day moving average of GBX 41.01. The firm has a market capitalization of £27.54 million, a P/E ratio of -0.91 and a beta of -1.86. The company has a quick ratio of 4.46, a current ratio of 4.04 and a debt-to-equity ratio of 1.92. Novacyt ( LON:NCYT – Get Free Report ) last released its earnings results on Tuesday, September 30th. The company reported GBX (0.10) EPS for the quarter. Novacyt had a negative net margin of 203.06% and a negative return on equity of 47.73%. ( Get Free Report ) Novacyt is an international molecular diagnostics company providing a broad portfolio of integrated technologies and services, primarily focused on the delivery of genomic medicine. The Company develops, manufactures, and commercialises a range of molecular assays and instrumentation to deliver workflows and services that enable seamless end-to-end solutions from sample to result across multiple sectors including human health, animal health and environmental. The Company is divided into three business segments: Clinical\nBroad portfolio of human clinical in vitro diagnostic products, workflows and services focused on three therapeutic areas:\n· Reproductive Health: NIPT, Cystic Fibrosis and other rapid aneuploidy tests\n· Precision Medicine: DPYD genotyping assay\n· Infectious Diseases: Winterplex, multiplex winter respiratory PCR panel Instrumentation\nPortfolio of next generation size selection DNA sample preparation platforms and rapid PCR machines, including:\n· Ranger® Technology: automated DNA sample preparation and target enrichment technology\nMyGo: real-time quantitative PCR (qPCR) instruments Research Use Only\nRange of services for the life sciences industry:\n· Design, manufacture, and supply of high-performance qPCR assays and workflows for use in human health, agriculture, veterinary and environmental, to support global health organisations and the research industry\n· Pharmaceutical research services: whole genome sequencing (WGS) / whole exome sequencing (WES) Novacyt is headquartered in Vélizy-Villacoublay in France with offices in the UK (in Stokesley, Eastleigh and Manchester), Taipei, Singapore, the US and Canada and has a commercial presence in over 65 countries.",
    "highlightText": "",
    "highlightTitle": "",
    "highlightThreadTitle": "",
    "language": "english",
    "sentiment": "negative",
    "categories": [
        "Economy, Business and Finance"
    ],
    "topics": [
        "Economy, Business and Finance->financial and economic news",
        "Economy, Business and Finance->investment and opinion pieces",
        "Economy, Business and Finance->business and market analysis"
    ],
    "ai_allow": true,
    "has_canonical": false,
    "breaking": true,
    "webz_reporter": false,
    "external_links": [
        "https://www.marketbeat.com/stocks/LON/NCYT/",
        "https://marketbeat.com/scripts/336x280AdNewsSites.ashx",
        "https://www.marketbeat.com/arnreports/ReportTickerOptin.aspx?RegistrationCode=TickerHyperlink&Prefix=LON&Symbol=NCYT",
        "https://www.marketbeat.com/scripts/336x280AdNewsSites.ashx",
        "https://www.marketbeat.com/arnreports/ReportTickerOptin.aspx",
        "https://marketbeat.com/arnreports/ReportTickerOptin.aspx?RegistrationCode=TickerHyperlink&Prefix=LON&Symbol=NCYT",
        "https://www.marketbeat.com/stocks/LON/NCYT",
        "https://marketbeat.com/stocks/LON/NCYT/"
    ],
    "external_images": [],
    "internal_images": [],
    "entities": {
        "persons": [],
        "locations": [],
        "organizations": [
            {
                "name": "Novacyt S.A.",
                "sentiment": "none",
                "tickers": []
            }
        ]
    },
    "syndication": {
        "syndicated": false,
        "syndicate_id": "ccd8c938203eaf7a9b82b6a9b2c3fd3fa3dac48c",
        "first_syndicated": true
    },
    "trust": {
        "categories": [],
        "top_news": [],
        "bias": null,
        "source": {
            "type": null,
            "city": null,
            "state": null,
            "country": null,
            "domain_type": null,
            "agency": null,
            "organization_name": null
        }
    },
    "rating": null,
    "crawled": "2025-11-13T10:23:47.672+02:00",
    "updated": "2025-11-13T10:24:50.000+02:00"
}