{
    "thread": {
        "uuid": "6e7f7aaa7b2a65ad81f5a1534d8f91c4c7593aef",
        "url": "https://www.ainvest.com/news/absci-shares-surge-12-78-ai-driven-optimism-pipeline-speculation-2512/",
        "site_full": "www.ainvest.com",
        "site": "ainvest.com",
        "site_section": "https://www.ainvest.com:443",
        "site_categories": [],
        "section_title": "AInvest: AI Stock Analysis, Quotes &amp; News - Get Free Tools Now!",
        "site_title": "AInvest: AI Stock Analysis, Quotes &amp; News - Get Free Tools Now!",
        "title": "AbSci Shares Surge 12.78% on AI-Driven Optimism, Pipeline Speculation",
        "title_full": "AbSci Shares Surge 12.78% on AI-Driven Optimism, Pipeline Speculation",
        "published": "2025-12-11T11:37:00.000+02:00",
        "replies_count": 0,
        "participants_count": 1,
        "site_type": "news",
        "country": "US",
        "main_image": "https://cdn.ainvest.com/aigc/hxcmp/images/compress-qwen_generated_1765445634791.jpg.png",
        "performance_score": 0,
        "domain_rank": 20569,
        "domain_rank_updated": "2025-12-07T23:00:00.000+02:00",
        "licensing_agency": [],
        "social": {
            "facebook": {
                "likes": 0,
                "comments": 0,
                "shares": 0
            },
            "vk": {
                "shares": 0
            }
        }
    },
    "uuid": "6e7f7aaa7b2a65ad81f5a1534d8f91c4c7593aef",
    "url": "https://www.ainvest.com/news/absci-shares-surge-12-78-ai-driven-optimism-pipeline-speculation-2512/",
    "ord_in_thread": 0,
    "author": "Before the Bell",
    "published": "2025-12-11T11:37:00.000+02:00",
    "title": "AbSci Shares Surge 12.78% on AI-Driven Optimism, Pipeline Speculation",
    "text": "AInvest Newsletter\nDaily stocks & crypto headlines, free to your inbox\nAbsci shares surged 12.7841% in pre-market trading on Dec. 11, 2025, signaling a sharp reversal in investor sentiment following recent volatility. The pre-market rally came amid renewed speculation about the biotech firm's pipeline advancements and potential partnerships, though no official announcements were disclosed.\nAnalysts noted that the move may reflect broader market optimism for AI-driven drug discovery platforms as regulatory clarity emerges in the sector.\nThe stock's performance contrasts with its recent underperformance against sector benchmarks, suggesting short-term traders are recalibrating risk exposure ahead of key data readouts in early 2026.While no corporate developments were confirmed to directly trigger the pre-market jump, technical indicators show increased open interest in call options across multiple strike prices, indicating institutional positioning for further upside potential. Market participants remain cautious, however, given the company's history of volatile price swings in response to macroeconomic signals rather than fundamental business updates.\nThe current environment remains fluid, with investors balancing speculative fervor against the reality of unproven pipeline progress and uncertain regulatory pathways. As the sector continues to evolve, Absci’s performance may serve as an early bellwether for the long-term viability of AI-centric biotech strategies.\nDaily stocks & crypto headlines, free to your inbox\nNo comments yet",
    "highlightText": "",
    "highlightTitle": "",
    "highlightThreadTitle": "",
    "language": "english",
    "sentiment": "positive",
    "categories": [
        "Economy, Business and Finance",
        "Science and Technology"
    ],
    "topics": [
        "Economy, Business and Finance->financial and economic news",
        "Science and Technology->biotechnology",
        "Science and Technology->scientific research"
    ],
    "ai_allow": true,
    "has_canonical": false,
    "breaking": false,
    "webz_reporter": false,
    "external_links": [],
    "external_images": [],
    "internal_images": [],
    "entities": {
        "persons": [],
        "locations": [],
        "organizations": [
            {
                "name": "AInvest Newsletter\nDaily",
                "sentiment": "neutral",
                "tickers": [
                    {
                        "ticker": null,
                        "exchange": null
                    }
                ]
            }
        ]
    },
    "syndication": {
        "syndicated": false,
        "syndicate_id": null,
        "first_syndicated": false
    },
    "trust": {
        "categories": [],
        "top_news": [],
        "bias": null,
        "source": {
            "type": null,
            "city": null,
            "state": null,
            "country": null,
            "domain_type": null,
            "agency": null,
            "organization_name": null
        }
    },
    "rating": null,
    "crawled": "2025-12-11T12:03:22.556+02:00",
    "updated": "2025-12-11T12:07:12.000+02:00"
}