{
    "thread": {
        "uuid": "b6d8f93674532aef5da5f63d38065f307793e4d7",
        "url": "https://www.riotimesonline.com/ecuadors-fragile-comeback-how-a-crisis-hit-economy-is-climbing-out-of-recession/",
        "site_full": "www.riotimesonline.com",
        "site": "riotimesonline.com",
        "site_section": "https://www.riotimesonline.com/feed",
        "site_categories": [],
        "section_title": "The Rio Times",
        "site_title": null,
        "title": "Ecuador's Fragile Comeback: How A Crisis-Hit Economy Is Climbing Out Of Recession",
        "title_full": "Ecuador's Fragile Comeback: How A Crisis-Hit Economy Is Climbing Out Of Recession",
        "published": "2025-12-11T13:35:00.000+02:00",
        "replies_count": 0,
        "participants_count": 1,
        "site_type": "news",
        "country": "US",
        "main_image": "https://www.riotimesonline.com/wp-content/uploads/2025/12/pexels-gabriel-manjarres-119584478-19063936-1068x712-1.webp",
        "performance_score": 0,
        "domain_rank": 81735,
        "domain_rank_updated": "2025-12-07T23:00:00.000+02:00",
        "licensing_agency": [],
        "social": {
            "facebook": {
                "likes": 0,
                "comments": 0,
                "shares": 0
            },
            "vk": {
                "shares": 0
            }
        }
    },
    "uuid": "b6d8f93674532aef5da5f63d38065f307793e4d7",
    "url": "https://www.riotimesonline.com/ecuadors-fragile-comeback-how-a-crisis-hit-economy-is-climbing-out-of-recession/",
    "ord_in_thread": 0,
    "author": "Matias Sebastian Lopez",
    "published": "2025-12-11T13:35:00.000+02:00",
    "title": "Ecuador's Fragile Comeback: How A Crisis-Hit Economy Is Climbing Out Of Recession",
    "text": "Key Points Ecuador is closing 2025 with a clear rebound, growing 3.8% after last year’s recession. The recovery rests on fiscal reforms, export expansion and IMF-backed discipline that remain politically risky. Big questions remain over whether growth can last once the rebound effect fades and protests return. Ecuador is ending 2025 after a sharp turnaround. Following a 2% contraction in 2024, the Central Bank now estimates growth of around 3.8%, driven by stronger household spending, surging non-oil exports and a flow of remittances.\nInflation is low, the current account is in surplus and country risk has come down. President Daniel Noboa has tied this improvement to a tough adjustment plan.\nHis government has cut thousands of public-sector jobs, trimmed the size of the state and pushed through urgent economic laws.\nEcuador’s Fragile Comeback: How A Crisis-Hit Economy Is Climbing Out Of Recession. (Photo Internet reproduction) The most controversial move came in September, when he scrapped the long-standing diesel subsidy, raising the pump price from 1.80 to 2.80 dollars a gallon and saving the treasury roughly 1.1 billion dollars a year.\nFor exporters, 2025 has been a banner year. Non-oil, non-mining sales have jumped, delivering a trade surplus of more than 4.5 billion dollars.\nShrimp alone has generated billions in revenue, with China now taking a rising share under a trade deal that completed its first year in May. New cooperation agreements with Asian and Middle Eastern partners are meant to lock in that momentum.\nInternational lenders have rewarded the shift. The IMF has expanded its programme to about 5 billion dollars, while the World Bank and Inter-American Development Bank have together approved roughly 2.1 billion dollars in fresh credit.\nThat support has helped Ecuador stabilise its finances and start rebuilding market confidence. The costs are real. A month-long nationwide strike led by Indigenous groups over fuel prices and mining policy left several people dead and many injured or detained.\nInformal work remains high and many families still feel left behind. Even official forecasts see growth easing back below 2% after 2025 unless investment, security and energy reforms deepen.",
    "highlightText": "",
    "highlightTitle": "",
    "highlightThreadTitle": "",
    "language": "english",
    "sentiment": "positive",
    "categories": [
        "Economy, Business and Finance"
    ],
    "topics": [
        "Economy, Business and Finance->economy",
        "Economy, Business and Finance->financial and economic news"
    ],
    "ai_allow": true,
    "has_canonical": false,
    "breaking": false,
    "webz_reporter": false,
    "external_links": [
        "https://www.bce.fin.ec/en/",
        "https://bce.fin.ec/en/",
        "https://www.bce.fin.ec/en"
    ],
    "external_images": [],
    "internal_images": [],
    "entities": {
        "persons": [
            {
                "name": "Daniel Noboa",
                "sentiment": "none"
            }
        ],
        "locations": [],
        "organizations": [
            {
                "name": "IMF",
                "sentiment": "none",
                "tickers": [
                    {
                        "ticker": null,
                        "exchange": null
                    }
                ]
            }
        ]
    },
    "syndication": {
        "syndicated": false,
        "syndicate_id": null,
        "first_syndicated": false
    },
    "trust": {
        "categories": [],
        "top_news": [],
        "bias": null,
        "source": {
            "type": null,
            "city": null,
            "state": null,
            "country": null,
            "domain_type": null,
            "agency": null,
            "organization_name": null
        }
    },
    "rating": null,
    "crawled": "2025-12-11T14:03:22.342+02:00",
    "updated": "2025-12-11T14:33:02.442+02:00"
}