{
    "thread": {
        "uuid": "58c8986ffaadd9386a3462865e195d5face79932",
        "url": "https://theedgemalaysia.com/node/785667",
        "site_full": "theedgemalaysia.com",
        "site": "theedgemalaysia.com",
        "site_section": "https://news.google.com/search?q=were%20when%3A1h&hl=en-US&gl=US&ceid=US%3Aen",
        "site_categories": [],
        "section_title": "Google News - Search",
        "site_title": "The Edge Malaysia - Make Better Decisions",
        "title": "Philippine peso reverses losses as cenbank signals pause on rate cuts",
        "title_full": "Philippine peso reverses losses as cenbank signals pause on rate cuts",
        "published": "2025-12-11T10:25:00.000+02:00",
        "replies_count": 0,
        "participants_count": 1,
        "site_type": "news",
        "country": "MY",
        "main_image": "https://assets.theedgemarkets.com/Emerging-Markets_theedgemalaysia_261.jpg",
        "performance_score": 0,
        "domain_rank": 38940,
        "domain_rank_updated": "2025-12-07T23:00:00.000+02:00",
        "licensing_agency": [],
        "social": {
            "facebook": {
                "likes": 0,
                "comments": 0,
                "shares": 0
            },
            "vk": {
                "shares": 0
            }
        }
    },
    "uuid": "58c8986ffaadd9386a3462865e195d5face79932",
    "url": "https://theedgemalaysia.com/node/785667",
    "ord_in_thread": 0,
    "author": "Shivangi Lahiri",
    "published": "2025-12-11T10:25:00.000+02:00",
    "title": "Philippine peso reverses losses as cenbank signals pause on rate cuts",
    "text": "(Dec 11): The Philippine peso reversed earlier losses and shares extended gains after the central bank signalled it was done easing for the near term, while other regional assets were mixed as markets parsed dovish comments by Federal Reserve chair Jerome Powell.\nThe Philippine peso inched higher 0.1% after the announcement, while stocks were up 0.5%.\nThe Bangko Sentral ng Pilipinas (BSP) cut its key policy rate for the fifth straight time by 25 basis points to a three-year low of 4.50%.\n\"On balance, the Monetary Board sees the monetary policy easing cycle nearing its end,\" the central bank said in a statement, adding that any further easing would be limited and guided by incoming data.\nThe peso may see mild, temporary pressure from easier policy, but with inflation deeply anchored and the Fed already cutting rates last night, the relative rate differential isn't as punitive as before, said Mohit Mirpuri, a fund manager at SGMC Capital.\nOCBC's senior Asean economist Lavanya Venkateswaran foresees a prolonged pause in the BSP easing cycle, with no further cuts expected in 2026.\nElsewhere, stocks in Jakarta were trading down 0.5% after touching a record high earlier in the day, while equities in Singapore and Kuala Lumpur rose 0.4% and 0.6%, respectively.\nStocks in Seoul and Taipei declined 0.6% and 1.3%, respectively, after cloud computing giant Oracle's disappointing earnings sounded a warning for AI profitability, triggering a pullback in the two tech-heavy Asian indices.\nAmong currencies in the region, Malaysia's ringgit rose 0.3% after three straight sessions of losses, while the Singapore dollar was marginally lower against a weaker US dollar.\nThe greenback was on the back foot after the Fed's 25-basis-point rate cut and Powell's comments at his post-meeting press conference were perceived as less hawkish than expected, firming bets of two more rate cuts next year.\nSteven Dooley, head of market insights at Convera, said rising odds of a rate cut in early 2026 would boost global liquidity and help emerging Asian assets \"play catch-up\".\nStocks in Thailand were down 1.2% as trading resumed after a holiday on Wednesday, while the baht was flat.\nFighting between Thailand and Cambodia entered its fourth day as both sides waited for a promised telephone call from US President Donald Trump.\nUploaded by Magessan Varatharaja",
    "highlightText": "",
    "highlightTitle": "",
    "highlightThreadTitle": "",
    "language": "english",
    "sentiment": "positive",
    "categories": [
        "Economy, Business and Finance"
    ],
    "topics": [
        "Economy, Business and Finance->foreign exchange market",
        "Economy, Business and Finance->financial and economic news"
    ],
    "ai_allow": true,
    "has_canonical": false,
    "breaking": true,
    "webz_reporter": false,
    "external_links": [],
    "external_images": [],
    "internal_images": [],
    "entities": {
        "persons": [
            {
                "name": "Lavanya Venkateswaran",
                "sentiment": "none"
            },
            {
                "name": "Jerome Powell",
                "sentiment": "none"
            },
            {
                "name": "Mohit Mirpuri",
                "sentiment": "none"
            }
        ],
        "locations": [],
        "organizations": [
            {
                "name": "Federal Reserve",
                "sentiment": "none",
                "tickers": [
                    {
                        "ticker": null,
                        "exchange": null
                    }
                ]
            },
            {
                "name": "Monetary Board",
                "sentiment": "none",
                "tickers": [
                    {
                        "ticker": null,
                        "exchange": null
                    }
                ]
            },
            {
                "name": "SGMC Capital",
                "sentiment": "none",
                "tickers": []
            },
            {
                "name": "OCBC",
                "sentiment": "none",
                "tickers": [
                    {
                        "ticker": "OCBC",
                        "exchange": "SGX"
                    }
                ]
            }
        ]
    },
    "syndication": {
        "syndicated": false,
        "syndicate_id": "58c8986ffaadd9386a3462865e195d5face79932",
        "first_syndicated": true
    },
    "trust": {
        "categories": [],
        "top_news": [],
        "bias": null,
        "source": {
            "type": null,
            "city": null,
            "state": null,
            "country": null,
            "domain_type": null,
            "agency": null,
            "organization_name": null
        }
    },
    "rating": null,
    "crawled": "2025-12-11T10:36:14.537+02:00",
    "updated": "2025-12-11T10:37:51.000+02:00"
}