{
    "thread": {
        "uuid": "99ef94bac5c3fc9d38480604d7063fa571401811",
        "url": "https://www.indiatoday.in/information/story/7-countries-where-indian-rupee-is-king-budget-travel-picks-this-holiday-season-2834424-2025-12-11",
        "site_full": "www.indiatoday.in",
        "site": "indiatoday.in",
        "site_section": "https://news.google.com/search?q=where%20when%3A1h&hl=en-US&gl=US&ceid=US%3Aen",
        "site_categories": [
            "religion",
            "media",
            "catholicism",
            "top_news_in",
            "top_news_ph",
            "top_news_kw",
            "top_news_iq",
            "top_news_nz",
            "top_news_pk",
            "top_news_ae",
            "top_news_za",
            "top_news_qa",
            "top_news_sg",
            "top_news_sa",
            "top_news_my",
            "top_news"
        ],
        "section_title": "Google News - Search",
        "site_title": "Latest News, Breaking News Today - Entertainment, Cricket, Business, Politics - India Today",
        "title": "7 Countries Where Indian Rupee Is Stronger: Best Budget-Friendly Trips - India Today",
        "title_full": "7 Countries Where Indian Rupee Is Stronger: Best Budget-Friendly Trips - India Today",
        "published": "2025-12-11T11:17:00.000+02:00",
        "replies_count": 0,
        "participants_count": 1,
        "site_type": "news",
        "country": "IN",
        "main_image": "https://akm-img-a-in.tosshub.com/indiatoday/images/story/202512/7-countries-where-indian-rupee-is-king-budget-travel-picks-this-holiday-season-111356547-16x9_0.jpg?VersionId=SiB3CpR5z2H0I8Xyz5PRsaUsADM3PCez",
        "performance_score": 0,
        "domain_rank": 3659,
        "domain_rank_updated": "2025-12-07T23:00:00.000+02:00",
        "licensing_agency": [],
        "social": {
            "facebook": {
                "likes": 0,
                "comments": 0,
                "shares": 2
            },
            "vk": {
                "shares": 0
            }
        }
    },
    "uuid": "99ef94bac5c3fc9d38480604d7063fa571401811",
    "url": "https://www.indiatoday.in/information/story/7-countries-where-indian-rupee-is-king-budget-travel-picks-this-holiday-season-2834424-2025-12-11",
    "ord_in_thread": 0,
    "author": "@indiatoday",
    "published": "2025-12-11T11:17:00.000+02:00",
    "title": "7 Countries Where Indian Rupee Is Stronger: Best Budget-Friendly Trips - India Today",
    "text": "7 countries where Indian rupee is king: Budget travel picks this holiday season\nWant an international trip that doesn't burn a hole in your pocket? These seven countries offer incredible landscapes, culture, and experiences, all where your Indian Rupee stretches further.\nIf you’re dreaming of an international holiday without overspending, here’s the good news, your Indian Rupee (INR) is surprisingly strong in several countries. These destinations offer stunning beaches, ancient ruins, world-famous cuisines, and memorable adventures while keeping your budget happy. Here are seven countries where the Rupee rules and where you can travel without worrying about sky-high expenses.\n1. Vietnam\n1 INR = high local value\nVietnam offers delicious food, postcard-perfect landscapes, and affordable stays.\nTop experiences: Ha Long Bay cruise, Hanoi street food, Hoi An lantern walk.\nWhy visit: Flights + food + hotels remain highly economical for Indians.\n2. Nepal\n1 INR = 1.60 NPR approx\nFrom Kathmandu’s temples to Pokhara’s lakes, Nepal offers serenity and adventure.\nTop experiences: Everest flight tour, Pashupatinath Temple, trekking routes.\nWhy visit: Visa-free entry for Indians + low daily budget.\n3. Sri Lanka\n1 INR = 3.70 LKR approx\nPerfect for a quick tropical getaway.\nTop experiences: Galle Fort, Kandy temples, Ella train ride, beaches of Mirissa.\nWhy visit: Budget-friendly food, local transport, and homestays.\n4. Indonesia\n1 INR = 190 IDR approx\nDespite Bali’s popularity, the Indian Rupee still stretches well here.\nTop experiences: Ubud rice terraces, Nusa Penida cliffs, Kecak dance.\nWhy visit: Luxury villas and activities remain surprisingly affordable.\n5. Cambodia\n1 INR = 49 KHR approx\nKnown for Angkor Wat and warm hospitality.\nTop experiences: Angkor temple tour, Phnom Penh museums, floating villages.\nWhy visit: Cheap food, travel, and guided tours.\n6. Zimbabwe\n1 INR = high local value\nZimbabwe stays surprisingly economical despite world-renowned attractions.\nTop experiences: Victoria Falls, safari tours, Zambezi river adventures.\nWhy visit: Safaris and stays cost far less than East Africa.\n7. Paraguay\n1 INR = 87 PYG approx\nA lesser-explored gem that offers rich culture and scenic landscapes.\nTop experiences: Iguazu region, Jesuit ruins, Asunción markets.\nWhy visit: One of the cheapest South American destinations for Indians.\nExploring the world doesn’t have to be expensive. These seven countries where the Indian Rupee is stronger allow you to enjoy international experiences, beaches, mountains, culture, food, and wildlife, without stressing about the budget. If you’re planning your next big trip, start with these INR-friendly destinations.",
    "highlightText": "",
    "highlightTitle": "",
    "highlightThreadTitle": "",
    "language": "english",
    "sentiment": "positive",
    "categories": [
        "Lifestyle and Leisure",
        "Economy, Business and Finance"
    ],
    "topics": [
        "Lifestyle and Leisure->travel and tourism",
        "Lifestyle and Leisure->holiday",
        "Economy, Business and Finance->macro economics",
        "Economy, Business and Finance->tourism and leisure industry",
        "Economy, Business and Finance->financial and economic news"
    ],
    "ai_allow": true,
    "has_canonical": false,
    "breaking": true,
    "webz_reporter": false,
    "external_links": [],
    "external_images": [],
    "internal_images": [],
    "entities": {
        "persons": [],
        "locations": [
            {
                "name": "Kathmandu",
                "sentiment": "none"
            },
            {
                "name": "Pokhara",
                "sentiment": "none"
            }
        ],
        "organizations": []
    },
    "syndication": {
        "syndicated": false,
        "syndicate_id": null,
        "first_syndicated": false
    },
    "trust": {
        "categories": null,
        "top_news": [
            "top_news_in",
            "top_news_ph",
            "top_news_kw",
            "top_news_iq",
            "top_news_nz",
            "top_news_pk",
            "top_news_ae",
            "top_news_za",
            "top_news_qa",
            "top_news_sg",
            "top_news_sa",
            "top_news_my",
            "top_news"
        ],
        "bias": "center",
        "source": {
            "type": null,
            "city": null,
            "state": null,
            "country": null,
            "domain_type": null,
            "agency": null,
            "organization_name": null
        }
    },
    "rating": null,
    "crawled": "2025-12-11T11:43:40.327+02:00",
    "updated": "2025-12-12T12:08:08.000+02:00"
}