{
    "thread": {
        "uuid": "ae39c703ee3aedd9d16537a867cbd59cd63cf38b",
        "url": "https://ng.investing.com/analysis/9-highdividend-real-estate-stocks-to-buy-and-hold-as-fed-prepares-to-cut-rates-212455",
        "site_full": "ng.investing.com",
        "site": "investing.com",
        "site_section": "https://ng.investing.com/",
        "site_categories": [
            "investing",
            "finance"
        ],
        "section_title": "Investing.com Nigeria - Financial News, Shares, Quotes &amp; Charts",
        "site_title": "Investing.com - Stock Market Quotes &amp; Financial News",
        "title": "9 High-Dividend Real Estate Stocks to Buy and Hold as Fed Prepares to Cut Rates | Investing.com NG",
        "title_full": "9 High-Dividend Real Estate Stocks to Buy and Hold as Fed Prepares to Cut Rates | Investing.com NG",
        "published": "2025-12-04T11:10:00.000+02:00",
        "replies_count": 0,
        "participants_count": 1,
        "site_type": "news",
        "country": "KR",
        "main_image": "https://i-invdn-com.investing.com/redesign/images/seo/investingcom_analysis_og.jpg",
        "performance_score": 0,
        "domain_rank": 2348,
        "domain_rank_updated": "2025-11-30T23:00:00.000+02:00",
        "licensing_agency": [],
        "social": {
            "facebook": {
                "likes": 0,
                "comments": 0,
                "shares": 0
            },
            "vk": {
                "shares": 0
            }
        }
    },
    "uuid": "ae39c703ee3aedd9d16537a867cbd59cd63cf38b",
    "url": "https://ng.investing.com/analysis/9-highdividend-real-estate-stocks-to-buy-and-hold-as-fed-prepares-to-cut-rates-212455",
    "ord_in_thread": 0,
    "author": "Investing.com",
    "published": "2025-12-04T11:10:00.000+02:00",
    "title": "9 High-Dividend Real Estate Stocks to Buy and Hold as Fed Prepares to Cut Rates | Investing.com NG",
    "text": "Economic data continues to point to Fed rate cuts Real estate stocks could be among the biggest beneficiaries of the rate cuts Which are the best real estate stocks to watch in December and beyond as the Fed gears up for more cuts? For a limited time, get an InvestingPro subscription at the lowest price of the year with our extended Cyber Monday discount . Yesterday’s ADP report on private-sector job creation disappointed significantly, showing a loss of 32,000 jobs versus the consensus forecast of a 5,000 gain. Despite the negative news for the economy, stock markets still closed higher.\nThe weakness in the US job market has strengthened expectations that the Fed will cut rates at its meeting next Wednesday, which is supportive for equities. Furthermore, signals suggest the Fed is likely to continue easing into 2026, with at least one additional rate cut expected before mid-year.\nSome sectors are likely to benefit more than others from the Fed’s rate cuts. Real estate is frequently cited as a key beneficiary, since property transactions often depend on credit, which becomes cheaper when rates fall.\nReal estate stocks become particularly attractive in a declining interest-rate environment, as they typically offer steady dividends, providing meaningful passive income while yields on bonds and money market instruments decline.\nInvesting in real estate stocks this December could be a smart way to close out 2025 and start 2026 on a strong note.\nSo, using the Investing.com screener , we went in search of opportunities in US real estate stocks. Here are the exact parameters we used for our search:\nIn this search, we used InvestingPro metrics, including Fair Value and Health Score, which are available only to InvestingPro subscribers with a PRO+ plan. Fair Value provides an average of several recognized valuation models for each stock, while the Health Score evaluates multiple financial metrics to measure a company’s overall strength.\nWe were thus able to identify 9 opportunities:\nAre you an InvestingPro subscriber with a Pro+ plan? Click here to access this screener search You have a Pro plan and would like to switch to Pro+? Click here Not a Pro member yet? Subscribe to InvestingPro NOW! InvestingPro’s Fair Value estimates indicate that these US real estate stocks are undervalued by 16.7% to 63.5%, while analysts see upside potential of 15.5% to 34%.\nAll of these stocks also offer attractive dividend yields, ranging from 6.2% to 13.5%.\nBeyond real estate, there are other opportunities in a falling-rate environment. Small-cap stocks, which rely more heavily on bank loans than larger companies, are often cited as key beneficiaries of Fed rate cuts.\nIn fact, the Investing.com screener provides several pre-configured small-cap stock searches that can be very useful for identifying additional opportunities.\nPlease note that some searches are reserved for InvestingPro subscribers with a PRO+ plan.\nPlease keep in mind that some of these pre-configured searches are available only to InvestingPro and Pro+ subscribers.\nIf you’re not yet an InvestingPro subscriber and want to explore the opportunities mentioned in this article along with access to InvestingPro tools, you can now take advantage of the 60% off Cyber Monday discount by clicking the button below.\nSubscribe to InvestingPro amid the extended Cyber Monday discount!\nFinally, please note that the features mentioned in this article are far from being the only InvestingPro tools useful for market success. In fact, InvestingPro offers a wide range of tools that enable investors to always know how to react in the stock market, regardless of market conditions. These include:\nAI-managed stock market strategies that are re-evaluated monthly. 10 years of historical financial data for thousands of global stocks. A database of investor, billionaire, and hedge fund positions. And many other tools that help tens of thousands of investors outperform the market every day! Tens of thousands of investors are already using InvestingPro to outperform the market. Why shouldn’t you?\nDisclaimer: This article is written for informational purposes only. It is not intended to encourage the purchase of assets in any way, nor does it constitute a solicitation, offer, recommendation or suggestion to invest. I would like to remind you that all assets are evaluated from multiple perspectives and are highly risky, so any investment decision and the associated risk belongs to the investor. We also do not provide any investment advisory services.\n9 High-Dividend Real Estate Stocks to Buy and Hold as Fed Prepares to Cut Rates",
    "highlightText": "",
    "highlightTitle": "",
    "highlightThreadTitle": "",
    "language": "english",
    "sentiment": "positive",
    "categories": [
        "Economy, Business and Finance"
    ],
    "topics": [
        "Economy, Business and Finance->investment and opinion pieces",
        "Economy, Business and Finance->business and market analysis",
        "Economy, Business and Finance->financial and economic news"
    ],
    "ai_allow": true,
    "has_canonical": false,
    "breaking": false,
    "webz_reporter": false,
    "external_links": [],
    "external_images": [],
    "internal_images": [],
    "entities": {
        "persons": [],
        "locations": [],
        "organizations": [
            {
                "name": "Fed",
                "sentiment": "negative",
                "tickers": [
                    {
                        "ticker": null,
                        "exchange": null
                    }
                ]
            }
        ]
    },
    "syndication": {
        "syndicated": false,
        "syndicate_id": null,
        "first_syndicated": false
    },
    "trust": {
        "categories": null,
        "top_news": [],
        "bias": "center",
        "source": {
            "type": null,
            "city": null,
            "state": null,
            "country": null,
            "domain_type": null,
            "agency": null,
            "organization_name": null
        }
    },
    "rating": null,
    "crawled": "2025-12-04T12:02:32.822+02:00",
    "updated": "2025-12-04T12:05:34.000+02:00"
}