{
    "thread": {
        "uuid": "d510de0decf31d1de6d998d57130e19a50bbaf78",
        "url": "https://en.axar.az/news/economy/1039375.html",
        "site_full": "en.axar.az",
        "site": "axar.az",
        "site_section": "https://en.axar.az/",
        "site_categories": [
            "media"
        ],
        "section_title": "AXAR.AZ English version",
        "site_title": "Axar.Az - Operativ xəbər portalı, son xəbərlər, yeni xəbərlər, ən son xəbərlər, xeber, xeberler, son xeberler, en son xeberler",
        "title": "Oil prices climb again on global markets",
        "title_full": "Oil prices climb again on global markets",
        "published": "2025-12-04T08:26:00.000+02:00",
        "replies_count": 0,
        "participants_count": 0,
        "site_type": "news",
        "country": "AZ",
        "main_image": "https://axar.az/media/2016/12/04/russia_oilfield.jpg",
        "performance_score": 0,
        "domain_rank": 65962,
        "domain_rank_updated": "2025-11-30T23:00:00.000+02:00",
        "licensing_agency": [],
        "social": {
            "facebook": {
                "likes": 0,
                "comments": 0,
                "shares": 0
            },
            "vk": {
                "shares": 0
            }
        }
    },
    "uuid": "d510de0decf31d1de6d998d57130e19a50bbaf78",
    "url": "https://en.axar.az/news/economy/1039375.html",
    "ord_in_thread": 0,
    "author": null,
    "published": "2025-12-04T08:26:00.000+02:00",
    "title": "Oil prices climb again on global markets",
    "text": "Oil prices have risen again on global markets.\nAxar.az informs Brent crude is currently trading at $62.90, while light crude is offered at $59.24.",
    "highlightText": "",
    "highlightTitle": "",
    "highlightThreadTitle": "",
    "language": "english",
    "sentiment": "positive",
    "categories": [
        "Economy, Business and Finance"
    ],
    "topics": [
        "Economy, Business and Finance->financial and economic news",
        "Economy, Business and Finance->commodity market"
    ],
    "ai_allow": true,
    "has_canonical": false,
    "breaking": false,
    "webz_reporter": false,
    "external_links": [],
    "external_images": [],
    "internal_images": [],
    "entities": {
        "persons": [],
        "locations": [],
        "organizations": []
    },
    "syndication": {
        "syndicated": false,
        "syndicate_id": null,
        "first_syndicated": false
    },
    "trust": {
        "categories": [],
        "top_news": [],
        "bias": null,
        "source": {
            "type": null,
            "city": null,
            "state": null,
            "country": null,
            "domain_type": null,
            "agency": null,
            "organization_name": null
        }
    },
    "rating": null,
    "crawled": "2025-12-04T08:30:24.117+02:00",
    "updated": "2025-12-04T08:33:01.000+02:00"
}