{
    "thread": {
        "uuid": "a94bc32a74e9276ad5f8f6b737381e1282670a66",
        "url": "http://business.inyoregister.com/inyoregister/article/accwirecq-2025-12-4-bms-holdings-berhad-announces-rm-8481-million-revenue-in-its-first-quarterly-results-ahead-of-listing",
        "site_full": "business.inyoregister.com",
        "site": "inyoregister.com",
        "site_section": "http://business.inyoregister.com/inyoregister/markets/news?category=healthcare",
        "site_categories": [
            "stocks",
            "finance"
        ],
        "section_title": "Stock Market News | NSDQ, NYSE, and AMEX Stock Market News, Market News Categories, Market Indicators | User | inyoregister.com ",
        "site_title": "inyoregister.com",
        "title": "BMS Holdings Berhad Announces RM 84.81 Million Revenue In Its First Quarterly Results Ahead Of Listing",
        "title_full": "BMS Holdings Berhad Announces RM 84.81 Million Revenue In Its First Quarterly Results Ahead Of Listing",
        "published": "2025-12-04T13:15:00.000+02:00",
        "replies_count": 0,
        "participants_count": 1,
        "site_type": "news",
        "country": "US",
        "main_image": "",
        "performance_score": 0,
        "domain_rank": 188788,
        "domain_rank_updated": "2025-11-30T23:00:00.000+02:00",
        "licensing_agency": [],
        "social": {
            "facebook": {
                "likes": 0,
                "comments": 0,
                "shares": 0
            },
            "vk": {
                "shares": 0
            }
        }
    },
    "uuid": "a94bc32a74e9276ad5f8f6b737381e1282670a66",
    "url": "http://business.inyoregister.com/inyoregister/article/accwirecq-2025-12-4-bms-holdings-berhad-announces-rm-8481-million-revenue-in-its-first-quarterly-results-ahead-of-listing",
    "ord_in_thread": 0,
    "author": "Inyo Register",
    "published": "2025-12-04T13:15:00.000+02:00",
    "title": "BMS Holdings Berhad Announces RM 84.81 Million Revenue In Its First Quarterly Results Ahead Of Listing",
    "text": "KUALA LUMPUR, MY / ACCESS Newswire / December 4, 2025 / BMS Holdings Berhad (\"BMS Holdings\" or the \"Company\"), a deep-rooted Malaysian retailer and distributor specialising in tiles, stone surfaces, bathware and kitchenware, today announced its financial results for the first quarter ended 30 September 2025 (\"1Q FY2026\"). This marks BMS Holdings' first interim financial report prepared ahead of its proposed listing on 8 December 2025.\nFor 1Q FY2026, BMS Holdings recorded revenue of RM84.81 million and gross profit (\"GP\") of RM28.62 million , translating into a GP margin of 33.75% . Profit before taxation stood at RM7.35 million , while profit after taxation (\"PAT\") amounted to RM5.39 million , representing a PAT margin of 6.36% . After excluding the one-off listing-related expenses of RM0.21 million incurred during the quarter, BMS Holdings' adjusted PAT stood at RM5.60 million , translating into an adjusted PAT margin of 6.61%.\nMr. Ang Kwee Peng, Managing Director of BMS Holdings Berhad\nMr. Ang Kwee Peng, Managing Director of BMS Holdings Berhad , commented, \"Our first quarter results reflect the strength of our nationwide retail and distribution platform as we progress towards our listing. Demand across retail, project, and wholesale channels remains healthy, supported by ongoing residential and commercial development activities. We will continue strengthening our operating capabilities, expanding our showroom footprint, and enhancing our distribution infrastructure to support long-term growth. The Group remains focused on disciplined execution as we prepare for our next phase of expansion.\"\nAccording to the Independent Market Research findings cited in the Prospectus, Malaysia's surface covering distribution industry remains supported by favourable macroeconomic indicators, including projected GDP growth of 4.0%-4.8% in 2025 and expected expansion in the construction sector, driven by residential and non-residential developments and government-led affordable housing initiatives.\nThese trends are expected to support continued demand for ceramic and porcelain tiles over the medium term.\nIn line with its long-term plans outlined in the Prospectus, BMS Holdings intends to expand its retail showroom presence and enhance operational efficiency through upgraded warehousing and distribution centres while also broadening its product assortment to capture evolving consumer and market preferences.\nBMS Holdings is anticipated to raise RM80.08 million from the IPO exercise, and the proceeds have been allocated as follows:\nRM34.28 million for expansion of operations and facilities;\nRM17.00 million for upgrading existing operational facilities and ICT systems;\nRM4.00 million for marketing activities;\nRM18.80 million for working capital; and\nRM6.00 million for estimated listing expenses.\nBMS Holdings is scheduled to be listed on the ACE Market of Bursa Securities on 8 December 2025 .\nAlliance Islamic Bank Berhad is the Principal Adviser, Sponsor, Sole Underwriter, and Placement Agent for BMS Holdings Berhad's IPO.\n###\nABOUT BMS HOLDINGS BERHAD\nBMS Holdings Berhad (\"BMS Holdings\" or the \"Company\"), through its subsidiaries (collectively known as the \"Group\"), is an established retailer and distributor specialising in tiles, stone surfaces, bathware, and kitchenware in Malaysia. Established in 1993, the Group has built a robust market presence through its network of retail showrooms across Peninsular Malaysia (Johor, Selangor, Kuala Lumpur and Negeri Sembilan) and Sarawak as well as through its wholesale and project sales. BMS Holdings offers an extensive portfolio including porcelain and ceramic tiles, natural and engineered stone surfaces, mosaic tiles, as well as complementary bathware and kitchenware products. Leveraging decades of industry experience, the Group caters to a diverse customer base comprising retail, wholesale, and project segments. Today, BMS Holdings continues to enhance its competitive edge by expanding its retail footprint and product portfolio, consistently delivering innovative surface covering products to both residential and commercial customers nationwide.\nFor more information, visit https://bmsholdings.com.my/en/ .\nIssued By: Swan Consultancy Sdn. Bhd. on behalf of BMS Holdings Berhad\nFor more information, please contact:\nJazzmin Wan\nEmail: j.wan@swanconsultancy.biz\nWilliam Yeo\nEmail: w.yeo@swanconsultancy.biz\nSOURCE: BMS Holdings Berhad\nView the original press release on ACCESS Newswire",
    "highlightText": "",
    "highlightTitle": "",
    "highlightThreadTitle": "",
    "language": "english",
    "sentiment": "positive",
    "categories": [
        "Economy, Business and Finance"
    ],
    "topics": [
        "Economy, Business and Finance->business reporting and performance",
        "Economy, Business and Finance->corporate news and profiles",
        "Economy, Business and Finance->financial and economic news"
    ],
    "ai_allow": true,
    "has_canonical": false,
    "breaking": null,
    "webz_reporter": false,
    "external_links": [
        "https://app.accessnewswire.com/img.ashx?id=1114610",
        "https://tracking.newsrpm.com/pixel?slug=accwirecq-2025-12-4-bms-holdings-berhad-announces-rm-8481-million-revenue-in-its-first-quarterly-results-ahead-of-listing",
        "https://pr.report/gqll",
        "https://www.accessnewswire.com/",
        "https://bmsholdings.com.my/en/",
        "https://www.accessnewswire.com/newsroom/en/consumer-and-retail-products/bms-holdings-berhad-announces-rm-84.81-million-revenue-in-its-first-qu-1114610",
        "https://accessnewswire.com/newsroom/en/consumer-and-retail-products/bms-holdings-berhad-announces-rm-84.81-million-revenue-in-its-first-qu-1114610",
        "https://www.pr.report/gqll",
        "https://app.accessnewswire.com/img.ashx",
        "https://bmsholdings.com.my/en",
        "https://www.tracking.newsrpm.com/pixel?slug=accwirecq-2025-12-4-bms-holdings-berhad-announces-rm-8481-million-revenue-in-its-first-quarterly-results-ahead-of-listing",
        "https://www.app.accessnewswire.com/img.ashx?id=1114610",
        "https://www.accessnewswire.com",
        "https://accessnewswire.com/",
        "https://tracking.newsrpm.com/pixel",
        "https://www.bmsholdings.com.my/en/"
    ],
    "external_images": [],
    "internal_images": [],
    "entities": {
        "persons": [
            {
                "name": "Ang Kwee Peng",
                "sentiment": "none"
            }
        ],
        "locations": [],
        "organizations": [
            {
                "name": "BMS Holdings Berhad",
                "sentiment": "none",
                "tickers": [
                    {
                        "ticker": null,
                        "exchange": null
                    }
                ]
            }
        ]
    },
    "syndication": {
        "syndicated": false,
        "syndicate_id": "a94bc32a74e9276ad5f8f6b737381e1282670a66",
        "first_syndicated": true
    },
    "trust": {
        "categories": [
            "fake_news"
        ],
        "top_news": [],
        "bias": null,
        "source": {
            "type": null,
            "city": null,
            "state": null,
            "country": null,
            "domain_type": null,
            "agency": null,
            "organization_name": null
        }
    },
    "rating": null,
    "crawled": "2025-12-04T14:37:06.408+02:00",
    "updated": "2025-12-04T14:38:04.000+02:00"
}