{
    "thread": {
        "uuid": "300ce1423c37253a804da32a32306cf91ed51f24",
        "url": "https://www.5paisa.com/news/fitch-raises-indias-fy26-growth-forecast-to-74",
        "site_full": "www.5paisa.com",
        "site": "5paisa.com",
        "site_section": "https://www.5paisa.com/news",
        "site_categories": [
            "mutual_funds",
            "finance",
            "insurance"
        ],
        "section_title": "Share/Stock Market News - Indian Share Market Updates | 5paisa",
        "site_title": "Online Stock Trading &amp; Broking: India&#039;s Top Discount Broker | 5paisa",
        "title": "Fitch Raises India's FY26 Growth Forecast to 7.4% | 5paisa",
        "title_full": "Fitch Raises India's FY26 Growth Forecast to 7.4% | 5paisa",
        "published": "2025-12-04T09:17:00.000+02:00",
        "replies_count": 0,
        "participants_count": 1,
        "site_type": "news",
        "country": "IN",
        "main_image": "https://storage.googleapis.com/5paisa-prod-storage/files/styles/blog_list/cloud-storage/2025-12/Fitch%20lifts%20India.webp?itok=si2K4O0C",
        "performance_score": 0,
        "domain_rank": 43618,
        "domain_rank_updated": "2025-11-30T23:00:00.000+02:00",
        "licensing_agency": [],
        "social": {
            "facebook": {
                "likes": 0,
                "comments": 0,
                "shares": 0
            },
            "vk": {
                "shares": 0
            }
        }
    },
    "uuid": "300ce1423c37253a804da32a32306cf91ed51f24",
    "url": "https://www.5paisa.com/news/fitch-raises-indias-fy26-growth-forecast-to-74",
    "ord_in_thread": 0,
    "author": "5paisa Research Team",
    "published": "2025-12-04T09:17:00.000+02:00",
    "title": "Fitch Raises India's FY26 Growth Forecast to 7.4% | 5paisa",
    "text": "Sensex, Nifty Live Updates December 4: Markets Start on Positive Note\nFitch Raises India’s FY26 Growth Forecast to 7.4%\n5paisa Capital Ltd- 2 min read\nLast Updated: 4th December 2025 - 12:58 pm\nFitch Ratings has raised India’s growth forecast for the financial year 2025-26 (FY26) to 7.4%, up from its previous estimate of 6.9%. The agency pointed to strong private consumption as the main reason for this growth, as per a Moneycontrol report. Solid real income trends, improved consumer sentiment, and the effects of recent goods and services tax (GST) reforms are also playing a role in this growth.\nWhat Are The Reasons?\nIndia’s GDP expanded by 8.2% in the second quarter of FY26, marking the fastest pace in six quarters. Fitch noted that domestic demand, especially consumer spending, remains the key engine of growth this year. For FY27, the agency expects growth to moderate to 6.4%, closer to India’s estimated potential growth rate. While public investment growth is likely to slow, private investment is projected to pick up in the second half of FY27 as financial conditions ease.\nTrade Deal & Expectations\nFitch’s forecast for FY28 is a further softening of growth to 6.2%, as higher imports are expected to offset slightly stronger domestic demand. The agency highlighted that India faces significant external risks, including one of the highest effective tariff rates on its exports to the US, estimated at around 35%. Fitch stated that a trade agreement reducing this burden could boost external demand for Indian goods.\nInflation And Rate Cuts\nOn inflation, Fitch projects that consumer prices will average 1.5% in the current fiscal year, before rising to 4.4% in FY27. India’s consumer inflation fell to 0.3% in October, but base effects are expected to push inflation above the target by the end of 2026. The agency anticipates only a slight decline in inflation in 2027.\nFitch believes that falling inflation will allow the Reserve Bank of India (RBI) to implement one more rate cut in December, bringing the policy rate to 5.25%. This comes after 100 basis points of rate cuts in 2025 and a drop in the cash reserve ratio from 4% to 3%. However, with core inflation rising and growth likely to stay strong, Fitch expects the RBI to keep rates steady over the next two years.\nRupee's Historic Drop\nThe rupee’s recent drop toward the 90-per-dollar mark has made it harder to justify quick rate cuts, especially after the strong growth figures from the second quarter. The RBI’s Monetary Policy Committee will announce its rate decision on December 5. Fitch predicts that the rupee will strengthen next year to about 87 per dollar, compared to its previous forecast of 88.5 for 2025.\nThe agency highlighted that ongoing private spending will be vital for India's growth. Recent GST reforms have helped increase tax compliance and revenue collection. This supports government finances and allows for continued investment in infrastructure. Fitch expects public investment to moderate in the near term, but anticipates that private sector investment will gradually recover as financial conditions improve.\nIndia’s export sector remains vulnerable to global trade tensions and high tariff barriers, particularly in the US market. Fitch noted that a reduction in these barriers through a trade agreement could significantly boost India’s external demand. The agency also highlighted the importance of managing inflation expectations, as higher inflation could constrain the RBI’s ability to support growth through monetary policy.\n- Flat ₹20 Brokerage\n- Next-gen Trading\n- Advanced Charting\n- Actionable Ideas\nTrending on 5paisa\nIndian Market Related Articles\nDisclaimer:\nInvestment in securities market are subject to market risks, read all the related documents carefully before investing. For detailed disclaimer please\nClick here.",
    "highlightText": "",
    "highlightTitle": "",
    "highlightThreadTitle": "",
    "language": "english",
    "sentiment": "positive",
    "categories": [
        "Economy, Business and Finance"
    ],
    "topics": [
        "Economy, Business and Finance->financial and economic news",
        "Economy, Business and Finance->economy"
    ],
    "ai_allow": true,
    "has_canonical": false,
    "breaking": null,
    "webz_reporter": false,
    "external_links": [],
    "external_images": [],
    "internal_images": [],
    "entities": {
        "persons": [
            {
                "name": "Fitch",
                "sentiment": "none"
            }
        ],
        "locations": [],
        "organizations": []
    },
    "syndication": {
        "syndicated": false,
        "syndicate_id": null,
        "first_syndicated": false
    },
    "trust": {
        "categories": [],
        "top_news": [],
        "bias": null,
        "source": {
            "type": null,
            "city": null,
            "state": null,
            "country": null,
            "domain_type": null,
            "agency": null,
            "organization_name": null
        }
    },
    "rating": null,
    "crawled": "2025-12-04T10:22:45.998+02:00",
    "updated": "2025-12-04T10:24:31.000+02:00"
}