{
    "thread": {
        "uuid": "d55e2c7c201a0289e4b61726c304aebfd2ae372e",
        "url": "https://local.newsbreak.com/kens-5-eyewitness-news-524530/3975833708888-texas-lawmakers-pass-bill-to-lower-property-taxes-for-some-homeowners",
        "site_full": "local.newsbreak.com",
        "site": "newsbreak.com",
        "site_section": "https://local.newsbreak.com/kens-5-eyewitness-news-524530",
        "site_categories": [],
        "section_title": "KENS 5 Eyewitness News&#x27;s Home Page | NewsBreak",
        "site_title": "404 Not Found",
        "title": "Texas lawmakers pass bill to lower property taxes for some homeowners - NewsBreak",
        "title_full": "Texas lawmakers pass bill to lower property taxes for some homeowners - NewsBreak",
        "published": "2025-04-24T00:19:00.000+03:00",
        "replies_count": 0,
        "participants_count": 1,
        "site_type": "news",
        "country": "US",
        "main_image": "https://img.particlenews.com/img/id/2KrhFF_10b8RZxf00",
        "performance_score": 0,
        "domain_rank": 3139,
        "domain_rank_updated": "2025-04-22T00:00:00.000+03:00",
        "licensing_agency": [],
        "social": {
            "facebook": {
                "likes": 0,
                "comments": 0,
                "shares": 0
            },
            "vk": {
                "shares": 0
            }
        }
    },
    "uuid": "d55e2c7c201a0289e4b61726c304aebfd2ae372e",
    "url": "https://local.newsbreak.com/kens-5-eyewitness-news-524530/3975833708888-texas-lawmakers-pass-bill-to-lower-property-taxes-for-some-homeowners",
    "ord_in_thread": 0,
    "author": "KENS 5 Eyewitness News",
    "published": "2025-04-24T00:19:00.000+03:00",
    "title": "Texas lawmakers pass bill to lower property taxes for some homeowners - NewsBreak",
    "text": "Texas lawmakers pass bill to lower property taxes for some homeowners - NewsBreak",
    "highlightText": "",
    "highlightTitle": "",
    "highlightThreadTitle": "",
    "language": "english",
    "sentiment": "positive",
    "categories": [
        "Economy, Business and Finance",
        "Politics"
    ],
    "topics": [
        "Economy, Business and Finance->financial and economic news",
        "Economy, Business and Finance->economy",
        "Economy, Business and Finance->business governance",
        "Politics->government policy",
        "Politics->economic policy",
        "Politics->local government and authority"
    ],
    "ai_allow": true,
    "has_canonical": false,
    "breaking": false,
    "webz_reporter": false,
    "external_links": [],
    "entities": {
        "persons": [],
        "locations": [],
        "organizations": []
    },
    "syndication": {
        "syndicated": false,
        "syndicate_id": null,
        "first_syndicated": false
    },
    "trust": {
        "categories": [],
        "bias": "center",
        "source": {
            "type": null,
            "city": null,
            "state": null,
            "country": null,
            "domain_type": null,
            "agency": null,
            "organization_name": null
        }
    },
    "rating": null,
    "crawled": "2025-04-24T01:25:23.376+03:00",
    "updated": "2025-04-24T01:25:23.376+03:00"
}