{
    "thread": {
        "uuid": "a359a3b4a8525376121b5a078106146b3966eff9",
        "url": "https://www.paddleyourownkanoo.com/2025/02/13/transportation-secretary-sean-duffy-demands-boeing-chief-executive-comes-to-washington-dc-to-discuss-safety-standards",
        "site_full": "www.paddleyourownkanoo.com",
        "site": "paddleyourownkanoo.com",
        "site_section": "https://news.google.com/search?q=own%20when%3A1h&hl=en-US&gl=US&ceid=US%3Aen",
        "site_categories": [
            "travel",
            "air_travel"
        ],
        "section_title": "Google News - Search",
        "title": "Transportation Secretary Sean Duffy Demands Boeing Chief Executive Comes to Washington DC To Discuss Safety Standards",
        "title_full": "Transportation Secretary Sean Duffy Demands Boeing Chief Executive Comes to Washington DC To Discuss Safety Standards",
        "published": "2025-02-14T01:26:00.000+02:00",
        "replies_count": 0,
        "participants_count": 1,
        "site_type": "news",
        "country": "US",
        "main_image": "https://www.paddleyourownkanoo.com/wp-content/uploads/2023/09/shutterstock_726791449-scaled.jpg",
        "performance_score": 0,
        "domain_rank": 56537,
        "domain_rank_updated": "2025-02-10T23:00:00.000+02:00",
        "social": {
            "facebook": {
                "likes": 0,
                "comments": 0,
                "shares": 0
            },
            "vk": {
                "shares": 0
            }
        }
    },
    "uuid": "a359a3b4a8525376121b5a078106146b3966eff9",
    "url": "https://www.paddleyourownkanoo.com/2025/02/13/transportation-secretary-sean-duffy-demands-boeing-chief-executive-comes-to-washington-dc-to-discuss-safety-standards",
    "ord_in_thread": 0,
    "parent_url": null,
    "author": "Mateusz Maszczynski",
    "published": "2025-02-14T01:26:00.000+02:00",
    "title": "Transportation Secretary Sean Duffy Demands Boeing Chief Executive Comes to Washington DC To Discuss Safety Standards",
    "text": "New Transportation Secretary Sean Duffy has told the chief executive of embattled aircraft manufacturer Boeing to travel to Washington DC “as soon as possible” to explain what steps the company is taking to improve the quality and safety issues that have plagued Boeing.\nIn a short post on X, Duffy said that following the meeting, he would also travel to Boeing facilities to see for himself how new safety measures were being implemented.\nBoeing has been under intense regulatory scrutiny following a series of serious incidents in the last few years, the most recent of which was the explosive mid-cabin exit door blowout of an Alaska Airlines Boeing 737MAX during takeoff from Portland International Airport in January 2024.\n“I’ve requested that the Boeing CEO come to D.C. as soon as possible to provide a full accounting of the steps the company is taking to address its quality and safety issues,” Duffy said in his post.\n“Following that, I will visit Boeing myself to evaluate firsthand the measures being implemented to ensure its planes meet the highest safety standards,” Duffy continued.\nBoeing has already agreed a safety action plan with the Federal Aviation Administration (FAA) to improve safety oversight and quality standards covering some of the manufacturer’s best-selling aircraft models, including the Boeing 737MAX and 787 Dreamliner.\nAs recently as May 2024, however, Boeing was hit with fresh claims of misconduct over allegations that workers at its 787 Dreamliner production line regularly skipped important conformance testing.\nBoeing had faced claims that it bullied and attempted to silence safety whistleblowers, but the company now says it ‘celebrates’ employees who come forward with safety issues.\nIt’s not just the federal government that is keeping a close eye on safety practices within Boeing, as some major airline customers of the manufacturer have also started to send their own inspectors to its facilities.\nAlaska Airlines even has its own team stationed at Boeing’s 737MAX factory in Renton, near Seattle, to ensure new airplanes destined to join the carrier’s fleet are up to standard.\nA team of three Aircraft Acquisition Representatives from Alaska Airlines now spends five days a week on-site at the Boeing factory in Renton, which built the 737MAX-9 aircraft that suffered the exit door blowout in January 2024.\nIn addition, the airline says it has ‘augmented’ the oversight team with three specialist Maintenance and Engineering employees who work various shifts and remain on-call to address issues at any time of day or night.\nMateusz Maszczynski\nMateusz Maszczynski honed his skills as an international flight attendant at the most prominent airline in the Middle East and has been flying ever since... most recently for a well known European airline. Matt is passionate about the aviation industry and has become an expert in passenger experience and human-centric stories. Always keeping an ear close to the ground, Matt's industry insights, analysis and news coverage is frequently relied upon by some of the biggest names in journalism.",
    "highlightText": "",
    "highlightTitle": "",
    "highlightThreadTitle": "",
    "language": "english",
    "sentiment": "negative",
    "categories": [
        "Economy, Business and Finance",
        "Politics"
    ],
    "topics": [
        "Economy, Business and Finance->transport",
        "Economy, Business and Finance->business governance",
        "Economy, Business and Finance->financial and economic news",
        "Politics->civil and public service",
        "Politics->government",
        "Politics->safety of citizens"
    ],
    "ai_allow": true,
    "has_canonical": false,
    "breaking": true,
    "webz_reporter": false,
    "external_links": [],
    "external_images": [],
    "entities": {
        "persons": [
            {
                "name": "Sean Duffy",
                "sentiment": "negative"
            }
        ],
        "organizations": [
            {
                "name": "Boeing",
                "sentiment": "none"
            }
        ],
        "locations": [
            {
                "name": "International Airport",
                "sentiment": "none"
            },
            {
                "name": "D.C.",
                "sentiment": "none"
            }
        ]
    },
    "syndication": {
        "syndicated": false,
        "syndicate_id": null,
        "first_syndicated": false
    },
    "trust": null,
    "rating": null,
    "crawled": "2025-02-14T01:35:45.494+02:00",
    "updated": "2025-02-14T01:35:45.494+02:00"
}