{
    "thread": {
        "uuid": "f60f5d6aec648827d6fb5dc409b0b9f76b2346e8",
        "url": "https://www.nclc.org/bill-to-overturn-cfpb-overdraft-fee-rule-would-hurt-families-allow-big-banks-to-keep-5-billion-in-excessive-fees",
        "site_full": "www.nclc.org",
        "site": "nclc.org",
        "site_section": "https://nclc.org/feed",
        "site_categories": [
            "law_government_and_politics",
            "legal_issues"
        ],
        "section_title": "NCLC",
        "title": "Bill to Overturn CFPB Overdraft Fee Rule Would Hurt Families, Allow Big Banks to Keep $5 Billion in Excessive Fees",
        "title_full": "Bill to Overturn CFPB Overdraft Fee Rule Would Hurt Families, Allow Big Banks to Keep $5 Billion in Excessive Fees",
        "published": "2025-02-13T23:07:00.000+02:00",
        "replies_count": 0,
        "participants_count": 1,
        "site_type": "news",
        "country": "US",
        "main_image": "https://www.nclc.org/wp-content/uploads/2025/02/Concerned-Woman-Looking-at-Wallet.jpg",
        "performance_score": 0,
        "domain_rank": 27521,
        "domain_rank_updated": "2025-02-10T23:00:00.000+02:00",
        "social": {
            "facebook": {
                "likes": 0,
                "comments": 0,
                "shares": 0
            },
            "vk": {
                "shares": 0
            }
        }
    },
    "uuid": "f60f5d6aec648827d6fb5dc409b0b9f76b2346e8",
    "url": "https://www.nclc.org/bill-to-overturn-cfpb-overdraft-fee-rule-would-hurt-families-allow-big-banks-to-keep-5-billion-in-excessive-fees",
    "ord_in_thread": 0,
    "parent_url": null,
    "author": "Stephen Rouzer",
    "published": "2025-02-13T23:07:00.000+02:00",
    "title": "Bill to Overturn CFPB Overdraft Fee Rule Would Hurt Families, Allow Big Banks to Keep $5 Billion in Excessive Fees",
    "text": "Sen. Tim Scott (SC) and Rep. French Hill (AR) Introduced Resolutions to Overturn a CFPB Rule Capping Big Bank Overdraft Fees at $5\nWASHINGTON –Today, House Financial Service Committee Chairman French Hill (R-AR) and Senate Banking Committee Chairman Tim Scott (R-SC) moved to repeal a measure limiting excessive junk fees imposed by big banks on people already short of funds.\nFrench and Scott introduced Congressional Review Act (CRA) resolutions to overturn the Consumer Financial Protection Bureau’s (CFPB) overdraft fee rule. The rule caps most big bank overdraft fees at just $5, down from the typical $35 charge per transaction. The rule would save the 23 million households who pay overdraft fees $5 billion a year. A decision to overturn it would cost these households an average of $225 each year.\n“Republican leadership is siding with Wells Fargo and other big banks over working families hurt by abusive overdraft fee practices that are huge junk fee profit centers,” said Lauren Saunders, associate director of the National Consumer Law Center. “People should let their legislators know that they need Congress to help them deal with high costs and inflation, not help rich banks get richer at their expense.”\nBanks take billions of dollars a year from the families that can least afford it but they don’t need to charge these fees at all. Capital One, Citibank and Ally have completely eliminated overdraft fees while continuing to cover overdrafts. Wells Fargo and JP Morgan Chase, however, remain the biggest offenders, each taking about $1 billion a year in overdraft and nonsufficient funds (NSF) fees.\n“The overdraft fee rule is an example of how the Consumer Financial Protection Bureau stands up for ordinary people confronted by ripoffs by big banks and corporate abuses. That is why the CFPB itself is now under attack by the Administration, with Elon Musk trying to ‘delete’ the agency,” Saunders added.\nThe CFPB’s rule doesn’t stop big banks from covering overdrafts. It caps fees for so-called overdraft coverage at $5 or the bank’s costs. Banks can still offer overdraft lines of credit without any price cap, though they are required to provide the same annual percentage rate (APR) pricing disclosure that credit cards provide and to give people adequate time to repay.\n“A vote to overturn the CFPB’s overdraft rule takes money out of the pockets of hard-working families to boost the balance sheets at the largest banks,” said Carla Sanchez-Adams, senior attorney at the National Consumer Law Center. “Voters should demand that Congress get to work on cutting costs and reducing inflation, and stop prioritizing legislation that hurts families living paycheck to paycheck.”\nRelated Resources\nSupport NCLC\nPlease support NCLC's work to advance consumer rights and economic justice with a tax-deductible contribution today!\nDonate",
    "highlightText": "",
    "highlightTitle": "",
    "highlightThreadTitle": "",
    "language": "english",
    "sentiment": "negative",
    "categories": [
        "Economy, Business and Finance",
        "Politics",
        "Social Issue"
    ],
    "topics": [
        "Economy, Business and Finance->financial and economic news",
        "Politics->government policy",
        "Politics->economic policy",
        "Social Issue->family",
        "Social Issue->social problem"
    ],
    "ai_allow": true,
    "has_canonical": false,
    "breaking": false,
    "webz_reporter": false,
    "external_links": [
        "https://nclc.salsalabs.org/moderndonationform/index.html",
        "https://financialservices.house.gov/news/documentsingle.aspx?DocumentID=409464",
        "https://www.consumerfinance.gov/rules-policy/final-rules/overdraft-lending-very-large-financial-institutions-final-rule/",
        "https://www.nclc.salsalabs.org/moderndonationform/index.html",
        "https://www.financialservices.house.gov/news/documentsingle.aspx?DocumentID=409464",
        "https://consumerfinance.gov/rules-policy/final-rules/overdraft-lending-very-large-financial-institutions-final-rule/",
        "https://www.consumerfinance.gov/rules-policy/final-rules/overdraft-lending-very-large-financial-institutions-final-rule",
        "https://financialservices.house.gov/news/documentsingle.aspx"
    ],
    "external_images": [],
    "entities": {
        "persons": [
            {
                "name": "Hill",
                "sentiment": "negative"
            },
            {
                "name": "Tim Scott",
                "sentiment": "negative"
            },
            {
                "name": "Lauren Saunders",
                "sentiment": "none"
            }
        ],
        "organizations": [
            {
                "name": "Consumer Financial Protection Bureau",
                "sentiment": "none"
            },
            {
                "name": "House Financial Service Committee",
                "sentiment": "none"
            },
            {
                "name": "National Consumer Law Center",
                "sentiment": "none"
            },
            {
                "name": "Senate Banking Committee",
                "sentiment": "none"
            }
        ],
        "locations": []
    },
    "syndication": {
        "syndicated": false,
        "syndicate_id": null,
        "first_syndicated": false
    },
    "trust": null,
    "rating": null,
    "crawled": "2025-02-14T00:38:20.637+02:00",
    "updated": "2025-02-14T00:38:20.637+02:00"
}