{
    "thread": {
        "uuid": "9c36c21b1926f2a8fb0d6d6732faaee6df692adc",
        "url": "https://www.newsbreak.com/climate-crisis-247-1826922/3810576594048-the-global-move-to-the-right-prioritizes-economy-over-environment",
        "site_full": "www.newsbreak.com",
        "site": "newsbreak.com",
        "site_section": "https://www.newsbreak.com/climate-crisis-247-1826922",
        "site_categories": [
            "under_construction"
        ],
        "section_title": "Climate Crisis 247&#x27;s Home Page | NewsBreak",
        "title": "The Global Move To The Right Prioritizes Economy Over Environment - NewsBreak",
        "title_full": "The Global Move To The Right Prioritizes Economy Over Environment - NewsBreak",
        "published": "2025-02-13T21:02:00.000+02:00",
        "replies_count": 0,
        "participants_count": 0,
        "site_type": "news",
        "country": "US",
        "main_image": "https://img.particlenews.com/img/id/1hnfCC_0yxcuMlg00",
        "performance_score": 0,
        "domain_rank": 3537,
        "domain_rank_updated": "2025-02-10T23:00:00.000+02:00",
        "social": {
            "facebook": {
                "likes": 0,
                "comments": 0,
                "shares": 0
            },
            "vk": {
                "shares": 0
            }
        }
    },
    "uuid": "9c36c21b1926f2a8fb0d6d6732faaee6df692adc",
    "url": "https://www.newsbreak.com/climate-crisis-247-1826922/3810576594048-the-global-move-to-the-right-prioritizes-economy-over-environment",
    "ord_in_thread": 0,
    "parent_url": null,
    "author": null,
    "published": "2025-02-13T21:02:00.000+02:00",
    "title": "The Global Move To The Right Prioritizes Economy Over Environment - NewsBreak",
    "text": "Open in NewsBreak\n|\nSign in\nChoose your location\nSee all locations\nSign In\nAbout NewsBreak\nPartner with us\nFollow us\n©2024 NewsBreak. All Rights Reserved.\n3 hours ago\n@climatecr_b89cc\nThe Global Move To The Right Prioritizes Economy Over Environment\n0\n0\nShare\nComments\nPost\nCommunity Policy\nComments\n/\nClose\nCommunity Policy",
    "highlightText": "",
    "highlightTitle": "",
    "highlightThreadTitle": "",
    "language": "english",
    "sentiment": "negative",
    "categories": [
        "Politics",
        "Economy, Business and Finance"
    ],
    "topics": [
        "Politics->international relations",
        "Politics->political development",
        "Politics->economic policy",
        "Economy, Business and Finance->macro economics",
        "Economy, Business and Finance->financial and economic news",
        "Economy, Business and Finance->economy"
    ],
    "ai_allow": true,
    "has_canonical": false,
    "breaking": false,
    "webz_reporter": false,
    "external_links": [],
    "external_images": [],
    "entities": {
        "persons": [],
        "organizations": [],
        "locations": []
    },
    "syndication": {
        "syndicated": false,
        "syndicate_id": null,
        "first_syndicated": false
    },
    "trust": null,
    "rating": null,
    "crawled": "2025-02-14T00:57:42.744+02:00",
    "updated": "2025-02-14T00:57:42.744+02:00"
}