{
    "thread": {
        "uuid": "69f38823d2087da68a1ecbbd9ca92f2c9826d36b",
        "url": "https://businesstelegraph.co.uk/trump-warns-brics-nations-could-face-100-tariffs",
        "site_full": "businesstelegraph.co.uk",
        "site": "businesstelegraph.co.uk",
        "site_section": "https://www.businesstelegraph.co.uk",
        "site_categories": [],
        "section_title": "Business Telegraph - business, tech and industry news",
        "title": "Trump warns BRICS nations could face 100% tariffs",
        "title_full": "Trump warns BRICS nations could face 100% tariffs",
        "published": "2025-02-13T21:37:00.000+02:00",
        "replies_count": 0,
        "participants_count": 1,
        "site_type": "news",
        "country": "GB",
        "main_image": "https://businesstelegraph.co.uk/wp-content/uploads/2025/02/Trump-warns-BRICS-nations-could-face-100-tariffs.cms.jpeg",
        "performance_score": 0,
        "domain_rank": 181316,
        "domain_rank_updated": "2025-02-10T23:00:00.000+02:00",
        "social": {
            "facebook": {
                "likes": 0,
                "comments": 0,
                "shares": 0
            },
            "vk": {
                "shares": 0
            }
        }
    },
    "uuid": "69f38823d2087da68a1ecbbd9ca92f2c9826d36b",
    "url": "https://businesstelegraph.co.uk/trump-warns-brics-nations-could-face-100-tariffs",
    "ord_in_thread": 0,
    "parent_url": null,
    "author": "businesstelegraph",
    "published": "2025-02-13T21:37:00.000+02:00",
    "title": "Trump warns BRICS nations could face 100% tariffs",
    "text": "U.S. President Donald Trump on Thursday warned of 100% tariffs on BRICS nations if they “play games with the dollar,” referring to discussions around non-dollar trade mechanisms. While Trump targeted Brazil, Russia, India, and China, sources clarified that BRICS has no proposal for a single currency, focusing instead on bilateral trade in national currencies.\nREAD SOURCE",
    "highlightText": "",
    "highlightTitle": "",
    "highlightThreadTitle": "",
    "language": "english",
    "sentiment": "negative",
    "categories": [
        "Politics",
        "Economy, Business and Finance",
        "Social Issue"
    ],
    "topics": [
        "Politics->economic policy",
        "Politics->international relations",
        "Politics->political development",
        "Economy, Business and Finance->foreign exchange market",
        "Economy, Business and Finance->financial and economic news",
        "Social Issue->social condition",
        "Social Issue->social problem",
        "Social Issue->communities"
    ],
    "ai_allow": true,
    "has_canonical": false,
    "breaking": false,
    "webz_reporter": false,
    "external_links": [
        "https://economictimes.indiatimes.com/news/economy/foreign-trade/brics-trading-could-be-100-tariff-at-least-trump/articleshow/118224945.cms",
        "https://www.economictimes.indiatimes.com/news/economy/foreign-trade/brics-trading-could-be-100-tariff-at-least-trump/articleshow/118224945.cms"
    ],
    "external_images": [],
    "entities": {
        "persons": [
            {
                "name": "Donald Trump",
                "sentiment": "none"
            }
        ],
        "organizations": [
            {
                "name": "BRICS",
                "sentiment": "none"
            }
        ],
        "locations": []
    },
    "syndication": {
        "syndicated": false,
        "syndicate_id": null,
        "first_syndicated": false
    },
    "trust": null,
    "rating": null,
    "crawled": "2025-02-14T01:26:55.863+02:00",
    "updated": "2025-02-14T01:26:55.863+02:00"
}