{
    "thread": {
        "uuid": "845d98224a0b4a6ae6947006cbfd1fb36f0d27cd",
        "url": "https://thebusinessjournal.com/first-the-joann-distribution-center-now-fresno-retail-store-to-close",
        "site_full": "thebusinessjournal.com",
        "site": "thebusinessjournal.com",
        "site_section": "https://news.google.com/search?q=to%20when%3a1h&hl=en-us&gl=us&ceid=us%3aen",
        "site_categories": [
            "media"
        ],
        "section_title": "Google News - Search",
        "title": "First the Joann distribution center, now Fresno retail store to close",
        "title_full": "First the Joann distribution center, now Fresno retail store to close",
        "published": "2025-02-13T17:09:00.000+02:00",
        "replies_count": 0,
        "participants_count": 1,
        "site_type": "news",
        "country": "US",
        "main_image": "https://thebusinessjournal.com/wp-content/uploads/2025/02/joann-fresno.png",
        "performance_score": 0,
        "domain_rank": 89276,
        "domain_rank_updated": "2025-02-10T23:00:00.000+02:00",
        "social": {
            "facebook": {
                "likes": 0,
                "comments": 0,
                "shares": 0
            },
            "vk": {
                "shares": 0
            }
        }
    },
    "uuid": "845d98224a0b4a6ae6947006cbfd1fb36f0d27cd",
    "url": "https://thebusinessjournal.com/first-the-joann-distribution-center-now-fresno-retail-store-to-close",
    "ord_in_thread": 0,
    "parent_url": null,
    "author": "Gabriel Dillard",
    "published": "2025-02-13T17:09:00.000+02:00",
    "title": "First the Joann distribution center, now Fresno retail store to close",
    "text": "The Joann Fabrics store in Fresno is set to close as the retailer files bankruptcy for the second time in a year. Photo by Ben Hensley\nWritten by\nBen Hensley\nJoann Fabrics in Fresno is slated to be one of 61 California stores that are being shuttered, according to court documents and published reports nationwide.\nDocuments revealed that on Jan. 15, JOANN Inc. (DBA: Joann Fabrics) moved to file for Chapter 11 bankruptcy, aiming to restructure the company by closing 500 stores nationwide, including a location in Fresno.\nThe Business Journal reported last month that the company is set to close its Visalia distribution center, which handles its West Coast operations. That location employed 209 people as of January.\nA 60-day notice to the state Employment Development Department published Jan. 29 means the store will likely close sometime in March.\nThe employees at the Fresno store were notified about the impending closure on Wednesday.\n“As part of the ongoing Chapter 11 process, on February 12, 2025, JOANN filed a motion seeking court authority to begin closing approximately 500 stores across the nation,” a statement on the company website reads. “Right-sizing the store footprint is a critical part of the efforts to ensure the best path forward for JOANN,” according to court documents posted Feb. 12.\nAccording to the company website, the company will continue to actively solicit bids and have received sale inquiries. The company underwent restructuring last year, but continued to experience challenges in the retail environment, forcing the company to make the decision to close more than half of its retail location.\nJoann Fabrics has more than 800 stores in 49 states.\n“This was a very difficult decision to make, given the major impact we know it will have on our Team Members, our customers and all of the communities we serve,” said Amanda Hayes, Director of Corporate Communications and Engagement with JOANN. “A careful analysis of store performance and future strategic fit for the Company determined which stores should remain operating as usual at this time.”\nHayes added that if the court approves the motion in Friday’s hearing, stores will begin closing sales on Saturday that will likely go on for several weeks.\nCalifornia, which is home to roughly 10 percent of its stores, will see 61 of its 77 locations close. Retail locations in Clovis and Visalia will remain two of the remaining 16 California stores should the bankruptcy filing proceed Friday.",
    "highlightText": "",
    "highlightTitle": "",
    "highlightThreadTitle": "",
    "language": "english",
    "sentiment": "negative",
    "categories": [
        "Economy, Business and Finance",
        "Social Issue",
        "Crime, Law and Justice"
    ],
    "topics": [
        "Economy, Business and Finance->business restructuring",
        "Economy, Business and Finance->financial and economic news",
        "Social Issue->demographics",
        "Social Issue->poverty",
        "Social Issue->social problem",
        "Crime, Law and Justice->corporate crime"
    ],
    "ai_allow": true,
    "has_canonical": false,
    "breaking": false,
    "webz_reporter": false,
    "external_links": [
        "https://www.joannrestructuring.com",
        "https://cases.ra.kroll.com/Joann2025/",
        "https://joannrestructuring.com",
        "https://cases.ra.kroll.com/Joann2025",
        "https://www.cases.ra.kroll.com/Joann2025/"
    ],
    "external_images": [],
    "entities": {
        "persons": [
            {
                "name": "Ben Hensley",
                "sentiment": "none"
            }
        ],
        "organizations": [
            {
                "name": "Employment Development Department",
                "sentiment": "none"
            },
            {
                "name": "JOANN Inc.",
                "sentiment": "none"
            }
        ],
        "locations": [
            {
                "name": "West Coast",
                "sentiment": "none"
            }
        ]
    },
    "syndication": {
        "syndicated": false,
        "syndicate_id": "845d98224a0b4a6ae6947006cbfd1fb36f0d27cd",
        "first_syndicated": true
    },
    "trust": null,
    "rating": null,
    "crawled": "2025-02-14T01:11:40.297+02:00",
    "updated": "2025-02-14T01:11:40.297+02:00"
}