{
    "thread": {
        "uuid": "53d2134fa1814e92855d985747e395558ba198b2",
        "url": "https://www.nasdaq.com/articles/11-fy24-preliminary-revenues-down",
        "site_full": "www.nasdaq.com",
        "site": "nasdaq.com",
        "site_section": "https://www.nasdaq.com/feed/rssoutbound?category=Markets",
        "site_categories": [
            "investing",
            "financial_news",
            "finance",
            "stocks",
            "enterprise_news"
        ],
        "section_title": "Markets Feed",
        "title": "1&1 FY24 Preliminary Revenues Down",
        "title_full": "1&1 FY24 Preliminary Revenues Down",
        "published": "2025-02-13T23:56:00.000+02:00",
        "replies_count": 0,
        "participants_count": 1,
        "site_type": "news",
        "country": "US",
        "main_image": "https://www.nasdaq.com/sites/acquia.prod/files/2019-05/0902-Q19%20Total%20Markets%20photos%20and%20gif_CC8.jpg",
        "performance_score": 0,
        "domain_rank": 762,
        "domain_rank_updated": "2025-02-10T23:00:00.000+02:00",
        "social": {
            "facebook": {
                "likes": 0,
                "comments": 0,
                "shares": 0
            },
            "vk": {
                "shares": 0
            }
        }
    },
    "uuid": "53d2134fa1814e92855d985747e395558ba198b2",
    "url": "https://www.nasdaq.com/articles/11-fy24-preliminary-revenues-down",
    "ord_in_thread": 0,
    "parent_url": null,
    "author": "RTTNews",
    "published": "2025-02-13T23:56:00.000+02:00",
    "title": "1&1 FY24 Preliminary Revenues Down",
    "text": "(RTTNews) - Telecommunications provider 1&1 AG (1U1.DE), on Thursday reported full-year 2024 preliminary revenues of 4.064 billion euros, down 0.8% from 4.096 billion euros last year.\nThe company reported EBITDA of 590.8 million euros, down 9.6% from 653.8 million euros last year.\nIn fiscal year 2024, 1&1 increased the number of customer contracts by 130,000 to 16.39 million contracts. This growth was based on 190,000 new mobile internet contracts, which amounted to 12.44 million at the end of the 2024 fiscal year.\nAt the same time, the number of broadband connections declined by 60,000 to 3.95 million.\nThe views and opinions expressed herein are the views and opinions of the author and do not necessarily reflect those of Nasdaq, Inc.",
    "highlightText": "",
    "highlightTitle": "",
    "highlightThreadTitle": "",
    "language": "english",
    "sentiment": "negative",
    "categories": [
        "Economy, Business and Finance",
        "Social Issue",
        "Human Interest"
    ],
    "topics": [
        "Economy, Business and Finance->computing and information technology",
        "Economy, Business and Finance->business reporting and performance",
        "Economy, Business and Finance->financial and economic news",
        "Social Issue->social condition"
    ],
    "ai_allow": true,
    "has_canonical": true,
    "breaking": false,
    "webz_reporter": false,
    "external_links": [],
    "external_images": [],
    "entities": {
        "persons": [],
        "organizations": [
            {
                "name": "AG",
                "sentiment": "negative"
            }
        ],
        "locations": []
    },
    "syndication": {
        "syndicated": false,
        "syndicate_id": null,
        "first_syndicated": false
    },
    "trust": null,
    "rating": null,
    "crawled": "2025-02-14T00:32:01.562+02:00",
    "updated": "2025-02-14T00:32:01.562+02:00"
}