{
    "thread": {
        "uuid": "583d81d839df6d535b222ad8e23af37e6ac5dc05",
        "url": "https://us.headtopics.com/news/cnbc-daily-open-stocks-rebound-as-trump-grants-automakers-66662925",
        "site_full": "us.headtopics.com",
        "site": "headtopics.com",
        "site_section": "https://us.headtopics.com/news",
        "site_categories": [],
        "section_title": "News News | Latest News On News",
        "site_title": null,
        "title": "CNBC Daily Open: Stocks rebound as Trump grants automakers some tariff relief",
        "title_full": "CNBC Daily Open: Stocks rebound as Trump grants automakers some tariff relief",
        "published": "2025-03-06T03:54:00.000+02:00",
        "replies_count": 0,
        "participants_count": 1,
        "site_type": "news",
        "country": "US",
        "main_image": "https://i.headtopics.com/images/2025/3/6/nbcnewyork/cnbc-daily-open-stocks-rebound-as-trump-grants-aut-cnbc-daily-open-stocks-rebound-as-trump-grants-aut-FC7E279F82D3C0F10BF296CB65A4B192.webp",
        "performance_score": 0,
        "domain_rank": 10437,
        "domain_rank_updated": "2025-03-03T23:00:00.000+02:00",
        "social": {
            "facebook": {
                "likes": 0,
                "comments": 0,
                "shares": 0
            },
            "vk": {
                "shares": 0
            }
        }
    },
    "uuid": "583d81d839df6d535b222ad8e23af37e6ac5dc05",
    "url": "https://us.headtopics.com/news/cnbc-daily-open-stocks-rebound-as-trump-grants-automakers-66662925",
    "ord_in_thread": 0,
    "parent_url": null,
    "author": "NBCNewYork",
    "published": "2025-03-06T03:54:00.000+02:00",
    "title": "CNBC Daily Open: Stocks rebound as Trump grants automakers some tariff relief",
    "text": "The reprieve on tariffs for automakers, and a possible concession on some aspect of tariffs, is assuaging markets’ fears. But that could be temporary.\nU.S. President Donald Trump allowed a one-month pause on tariffs for automakers that comply with a trilateral trade deal between the U.S., Canada and Mexico. The White House also signaled that Trump is\"open\" to more tariff exemptions.\nBut U.S. Commerce Secretary Howard Lutnick said none of this has to do with Trump.\"You're looking at Biden data,\" Lutnick argued in a Bloomberg Television interview, saying that former President Joe Biden left Trump with\"a pile of poop.\"on Canada and Mexico, as well as his reciprocal tariffs coming into effect April 2, U.S. Press Secretary Karoline Leavitt said Wednesday on behalf of Trump.\nUnited States Latest News, United States Headlines\nSimilar News:You can also read news stories similar to this one that we have collected from other news sources.\nCNBC Daily Open: Back-to-back gains in stocks signal calm, but listen to Fed officialsU.S. Federal Reserves have been unusually open in discussing their concerns over fiscal policy. Investors might want to pay attention.\nRead more »\nCNBC Daily Open: Stocks tank globally as tit-for-tat tariffs begin“Tariffs” may be the most beautiful word in the dictionary for U.S. President Donald Trump, but it stokes fear in investors, who triggered a sell-off on…\nRead more »\nCNBC Daily Open: Stocks tank as Trump says tariffs will start Tuesday“Tariffs” may be the most beautiful word in the dictionary for U.S. President Donald Trump, but it stokes fear in investors, who triggered a sell-off on Monday.\nRead more »\nCNBC Daily Open: As tariffs come into force, stocks sell-off and prices might riseGeopolitical trade and international relations may be fractured by U.S. tariffs, but it could be domestic consumers, the economy and markets that hurt the most.\nRead more »\nCNBC Daily Open: Trump pauses tariffs but markets are still waryThe tariffs are not happening immediately — at least for Mexico and Canada. But jitters about long-term uncertainty kept stocks from having a positive day.\nRead more »\nCNBC Daily Open: As Trump pauses tariffs on Mexico and Canada, China makes its moveThe tariffs are not happening immediately — at least for Mexico and Canada. But with China's tariff still in place, the country decided to respond on Tuesday.\nRead more »",
    "highlightText": "",
    "highlightTitle": "",
    "highlightThreadTitle": "",
    "language": "english",
    "sentiment": "positive",
    "categories": [
        "Economy, Business and Finance",
        "Politics"
    ],
    "topics": [
        "Economy, Business and Finance->business reporting and performance",
        "Economy, Business and Finance->financial and economic news",
        "Politics->government",
        "Politics->political candidates",
        "Politics->economic policy"
    ],
    "ai_allow": true,
    "has_canonical": false,
    "breaking": false,
    "webz_reporter": false,
    "external_links": [],
    "external_images": [],
    "entities": {
        "persons": [
            {
                "name": "Karoline Leavitt",
                "sentiment": "none"
            },
            {
                "name": "Howard Lutnick",
                "sentiment": "none"
            },
            {
                "name": "Donald Trump",
                "sentiment": "none"
            },
            {
                "name": "Joe Biden",
                "sentiment": "none"
            }
        ],
        "locations": [],
        "organizations": [
            {
                "name": "CNBC",
                "sentiment": "negative",
                "tickers": []
            },
            {
                "name": "Bloomberg Television",
                "sentiment": "none",
                "tickers": []
            }
        ]
    },
    "syndication": {
        "syndicated": false,
        "syndicate_id": null,
        "first_syndicated": false
    },
    "trust": null,
    "rating": null,
    "crawled": "2025-03-06T03:57:44.009+02:00",
    "updated": "2025-03-06T03:57:44.009+02:00"
}