{
    "thread": {
        "uuid": "abc6b457d1aa41d20a762813f2154891f22b4485",
        "url": "https://www.bigcountrynewsconnection.com/news/national/defense-stocks-lifted-european-bourses-on-news-that-the-likely-next-german-chancellor-friedrich-merz/image_336c49f6-9504-5eeb-8131-bf61b8cf8684.html",
        "site_full": "www.bigcountrynewsconnection.com",
        "site": "bigcountrynewsconnection.com",
        "site_section": "https://www.bigcountrynewsconnection.com/search/?f=rss&amp",
        "site_categories": [
            "media"
        ],
        "section_title": "www.bigcountrynewsconnection.com - RSS Results",
        "site_title": null,
        "title": "Defense stocks lifted European bourses on news that the likely next German chancellor, Friedrich Merz (L), shown here with Germany's Social Democratic Party (SPD) Chairman Lars Klingbeil, plans heavy investment in military programs | National | bigcountrynewsconnection.com",
        "title_full": "Defense stocks lifted European bourses on news that the likely next German chancellor, Friedrich Merz (L), shown here with Germany's Social Democratic Party (SPD) Chairman Lars Klingbeil, plans heavy investment in military programs | National | bigcountrynewsconnection.com",
        "published": "2025-03-06T03:04:00.000+02:00",
        "replies_count": 0,
        "participants_count": 1,
        "site_type": "news",
        "country": "US",
        "main_image": "https://bloximages.newyork1.vip.townnews.com/bigcountrynewsconnection.com/content/tncms/assets/v3/editorial/3/36/336c49f6-9504-5eeb-8131-bf61b8cf8684/67c8db91e2d0c.image.jpg?crop=341%2C341%2C85%2C0&amp;resize=200%2C200&amp;order=crop%2Cresize",
        "performance_score": 0,
        "domain_rank": 136375,
        "domain_rank_updated": "2025-03-03T23:00:00.000+02:00",
        "social": {
            "facebook": {
                "likes": 0,
                "comments": 0,
                "shares": 0
            },
            "vk": {
                "shares": 0
            }
        }
    },
    "uuid": "abc6b457d1aa41d20a762813f2154891f22b4485",
    "url": "https://www.bigcountrynewsconnection.com/news/national/defense-stocks-lifted-european-bourses-on-news-that-the-likely-next-german-chancellor-friedrich-merz/image_336c49f6-9504-5eeb-8131-bf61b8cf8684.html",
    "ord_in_thread": 0,
    "parent_url": null,
    "author": "RALF HIRSCHBERGER",
    "published": "2025-03-06T03:04:00.000+02:00",
    "title": "Defense stocks lifted European bourses on news that the likely next German chancellor, Friedrich Merz (L), shown here with Germany's Social Democratic Party (SPD) Chairman Lars Klingbeil, plans heavy investment in military programs | National | bigcountrynewsconnection.com",
    "text": "Defense stocks lifted European bourses on news that the likely next German chancellor, Friedrich Merz (L), shown here with Germany's Social Democratic Party (SPD) Chairman Lars Klingbeil, plans heavy investment in military programs RALF HIRSCHBERGER Mar 5, 2025 Mar 5, 2025 Updated 23 mins ago Facebook Twitter WhatsApp SMS Email Print Copy article link Save Defense stocks lifted European bourses on news that the likely next German chancellor, Friedrich Merz (L), shown here with Germany's Social Democratic Party (SPD) Chairman Lars Klingbeil, plans heavy investment in military programs RALF HIRSCHBERGER Tags Partners/afp As featured on +3 Global stocks rally on German defense push, US pause on auto tariffs Global stocks rallied on Wednesday, buoyed by Germany's plan to massively boost spending on defense and a move by the White House to pause tariffs on auto imports from Mexico and Canada. Facebook Twitter WhatsApp SMS Email Print Copy article link Save Today's Weather Right Now 49° Partly Cloudy Humidity: 46% Cloud Coverage: 36% Wind: 5 mph UV Index: 0 Low Sunrise: 06:18:09 AM Sunset: 05:40:05 PM Today Partly cloudy. Low 31F. Winds light and variable. Tonight Partly cloudy. Low 31F. Winds light and variable. Tomorrow Sunny along with a few clouds. High 51F. Winds W at 10 to 20 mph. Newsletters Success! An email has been sent to with a link to confirm list signup. Error! There was an error processing your request. Daily Newsletter Would you like to receive our daily news? Signup today! Please enter a valid email address. Sign up Manage your lists Most Popular Images Videos CommentedSorry, there are no recent results for popular commented articles.\n+3 Global stocks rally on German defense push, US pause on auto tariffs Global stocks rallied on Wednesday, buoyed by Germany's plan to massively boost spending on defense and a move by the White House to pause tariffs on auto imports from Mexico and Canada.",
    "highlightText": "",
    "highlightTitle": "",
    "highlightThreadTitle": "",
    "language": "english",
    "sentiment": "positive",
    "categories": [
        "Economy, Business and Finance",
        "Politics",
        "Social Issue"
    ],
    "topics": [
        "Economy, Business and Finance->manufacturing and engineering",
        "Economy, Business and Finance->financial and economic news",
        "Economy, Business and Finance->business governance",
        "Politics->government",
        "Politics->political candidates",
        "Politics->defence"
    ],
    "ai_allow": false,
    "has_canonical": true,
    "breaking": false,
    "webz_reporter": false,
    "external_links": [],
    "external_images": [],
    "entities": {
        "persons": [
            {
                "name": "Lars Klingbeil",
                "sentiment": "none"
            },
            {
                "name": "Friedrich Merz",
                "sentiment": "none"
            }
        ],
        "locations": [],
        "organizations": [
            {
                "name": "Social Democratic Party",
                "sentiment": "none",
                "tickers": []
            },
            {
                "name": "SPD",
                "sentiment": "none",
                "tickers": []
            },
            {
                "name": "Facebook Twitter",
                "sentiment": "none",
                "tickers": []
            },
            {
                "name": "Global",
                "sentiment": "none",
                "tickers": []
            }
        ]
    },
    "syndication": {
        "syndicated": false,
        "syndicate_id": null,
        "first_syndicated": false
    },
    "trust": null,
    "rating": null,
    "crawled": "2025-03-06T03:42:25.517+02:00",
    "updated": "2025-03-06T03:42:25.517+02:00"
}