{
    "thread": {
        "uuid": "29ac45bd3f20523698687e56ab7e0f0b49eaeed0",
        "url": "https://www.nasdaq.com/articles/rithm-ritm-rises-higher-market-key-facts",
        "site_full": "www.nasdaq.com",
        "site": "nasdaq.com",
        "site_section": "https://www.nasdaq.com/feed/rssoutbound?category=Investing",
        "site_categories": [
            "investing",
            "financial_news",
            "finance",
            "stocks",
            "enterprise_news"
        ],
        "section_title": "Investing Feed",
        "site_title": null,
        "title": "Rithm (RITM) Rises Higher Than Market: Key Facts",
        "title_full": "Rithm (RITM) Rises Higher Than Market: Key Facts",
        "published": "2025-03-06T01:15:00.000+02:00",
        "replies_count": 0,
        "participants_count": 1,
        "site_type": "news",
        "country": "US",
        "main_image": "https://www.nasdaq.com/sites/acquia.prod/files/2019-05/0902-Q19%20Total%20Markets%20photos%20and%20gif_CC8.jpg",
        "performance_score": 0,
        "domain_rank": 764,
        "domain_rank_updated": "2025-03-03T23:00:00.000+02:00",
        "social": {
            "facebook": {
                "likes": 0,
                "comments": 0,
                "shares": 0
            },
            "vk": {
                "shares": 0
            }
        }
    },
    "uuid": "29ac45bd3f20523698687e56ab7e0f0b49eaeed0",
    "url": "https://www.nasdaq.com/articles/rithm-ritm-rises-higher-market-key-facts",
    "ord_in_thread": 0,
    "parent_url": null,
    "author": "Zacks",
    "published": "2025-03-06T01:15:00.000+02:00",
    "title": "Rithm (RITM) Rises Higher Than Market: Key Facts",
    "text": "In the latest market close, Rithm (RITM) reached $11.82, with a +1.81% movement compared to the previous day. The stock exceeded the S&P 500, which registered a gain of 1.12% for the day. At the same time, the Dow added 1.14%, and the tech-heavy Nasdaq gained 1.46%.\nShares of the real estate investment trust have appreciated by 1.31% over the course of the past month, outperforming the Finance sector's loss of 1.89% and the S&P 500's loss of 4.13%.\nAnalysts and investors alike will be keeping a close eye on the performance of Rithm in its upcoming earnings disclosure. It is anticipated that the company will report an EPS of $0.47, marking a 2.08% fall compared to the same quarter of the previous year. Alongside, our most recent consensus estimate is anticipating revenue of $1.19 billion, indicating a 7.35% downward movement from the same quarter last year.\nRITM's full-year Zacks Consensus Estimates are calling for earnings of $1.94 per share and revenue of $4.89 billion. These results would represent year-over-year changes of -7.62% and -6.53%, respectively.\nInvestors might also notice recent changes to analyst estimates for Rithm. Recent revisions tend to reflect the latest near-term business trends. With this in mind, we can consider positive estimate revisions a sign of optimism about the company's business outlook.\nResearch indicates that these estimate revisions are directly correlated with near-term share price momentum. To benefit from this, we have developed the Zacks Rank, a proprietary model which takes these estimate changes into account and provides an actionable rating system.\nThe Zacks Rank system ranges from #1 (Strong Buy) to #5 (Strong Sell). It has a remarkable, outside-audited track record of success, with #1 stocks delivering an average annual return of +25% since 1988. Over the last 30 days, the Zacks Consensus EPS estimate has witnessed a 0.91% increase. Rithm currently has a Zacks Rank of #2 (Buy).\nLooking at its valuation, Rithm is holding a Forward P/E ratio of 5.98. For comparison, its industry has an average Forward P/E of 9.36, which means Rithm is trading at a discount to the group.\nThe Financial - Miscellaneous Services industry is part of the Finance sector. At present, this industry carries a Zacks Industry Rank of 35, placing it within the top 14% of over 250 industries.\nThe strength of our individual industry groups is measured by the Zacks Industry Rank, which is calculated based on the average Zacks Rank of the individual stocks within these groups. Our research shows that the top 50% rated industries outperform the bottom half by a factor of 2 to 1.\nDon't forget to use Zacks.com to keep track of all these stock-moving metrics, and others, in the upcoming trading sessions.\nZacks Names #1 Semiconductor Stock\nIt's only 1/9,000th the size of NVIDIA which skyrocketed more than +800% since we recommended it. NVIDIA is still strong, but our new top chip stock has much more room to boom.\nWith strong earnings growth and an expanding customer base, it's positioned to feed the rampant demand for Artificial Intelligence, Machine Learning, and Internet of Things. Global semiconductor manufacturing is projected to explode from $452 billion in 2021 to $803 billion by 2028.\nSee This Stock Now for Free >>\nWant the latest recommendations from Zacks Investment Research? Today, you can download 7 Best Stocks for the Next 30 Days. Click to get this free report\nRithm Capital Corp. (RITM) : Free Stock Analysis Report\nThis article originally published on Zacks Investment Research (zacks.com).\nThe views and opinions expressed herein are the views and opinions of the author and do not necessarily reflect those of Nasdaq, Inc.",
    "highlightText": "",
    "highlightTitle": "",
    "highlightThreadTitle": "",
    "language": "english",
    "sentiment": "positive",
    "categories": [
        "Economy, Business and Finance"
    ],
    "topics": [
        "Economy, Business and Finance->financial and economic news",
        "Economy, Business and Finance->market and exchange"
    ],
    "ai_allow": true,
    "has_canonical": false,
    "breaking": false,
    "webz_reporter": false,
    "external_links": [
        "https://www.zacks.com/stock/news/2426307/rithm-ritm-rises-higher-than-market-key-facts?cid=CS-NASDAQ-FT-tale_of_the_tape|yseop_template_6v3-2426307",
        "https://www.zacks.com/registration/ultimatetrader/welcome/eoffer/3b9f?add=2154&adid=SYND_NASDAQ_ZU_SEMICONDUCTORREPORTA_TALEOFTAPE_555_03052025_2426307&cid=CS-NASDAQ-FT-tale_of_the_tape|yseop_template_6v3-2426307",
        "https://www.zacks.com/registration/pfp?ALERT=NASDAQ_ZER_A388&d_alert=rd_final_rank&t=RITM&ADID=SYND_NASDAQ_TCK_TALEOFTAPE_555_2426307_RITM&cid=CS-NASDAQ-FT-tale_of_the_tape|yseop_template_6v3-2426307",
        "https://www.zacks.com/registration/pfp/?ALERT=RPT_7BEST_NASDAQSYND&ADID=SYND_NASDAQ_7BEST_TALEOFTAPE_555_2426307&cid=CS-NASDAQ-FT-tale_of_the_tape|yseop_template_6v3-2426307",
        "https://www.zacks.com/registration/ultimatetrader/welcome/eoffer/3b9f",
        "https://zacks.com/registration/pfp?ALERT=NASDAQ_ZER_A388&d_alert=rd_final_rank&t=RITM&ADID=SYND_NASDAQ_TCK_TALEOFTAPE_555_2426307_RITM&cid=CS-NASDAQ-FT-tale_of_the_tape|yseop_template_6v3-2426307",
        "https://zacks.com/stock/news/2426307/rithm-ritm-rises-higher-than-market-key-facts?cid=CS-NASDAQ-FT-tale_of_the_tape|yseop_template_6v3-2426307",
        "https://zacks.com/registration/ultimatetrader/welcome/eoffer/3b9f?add=2154&adid=SYND_NASDAQ_ZU_SEMICONDUCTORREPORTA_TALEOFTAPE_555_03052025_2426307&cid=CS-NASDAQ-FT-tale_of_the_tape|yseop_template_6v3-2426307",
        "https://zacks.com/registration/pfp/?ALERT=RPT_7BEST_NASDAQSYND&ADID=SYND_NASDAQ_7BEST_TALEOFTAPE_555_2426307&cid=CS-NASDAQ-FT-tale_of_the_tape|yseop_template_6v3-2426307",
        "https://www.zacks.com/registration/pfp",
        "https://www.zacks.com/registration/pfp/",
        "https://www.zacks.com/stock/news/2426307/rithm-ritm-rises-higher-than-market-key-facts"
    ],
    "external_images": [],
    "entities": {
        "persons": [],
        "locations": [],
        "organizations": [
            {
                "name": "S&P",
                "sentiment": "none",
                "tickers": []
            }
        ]
    },
    "syndication": {
        "syndicated": false,
        "syndicate_id": null,
        "first_syndicated": false
    },
    "trust": null,
    "rating": null,
    "crawled": "2025-03-06T03:31:44.572+02:00",
    "updated": "2025-03-06T03:31:44.572+02:00"
}