{
    "thread": {
        "uuid": "8363c12564a115a18c4d4ec20b9defc2b3671770",
        "url": "https://www.newsbreak.com/news8000com-wkbt-news-8-1590300/3842477007652-proposed-wisconsin-bill-aims-to-fill-federal-funding-gaps",
        "site_full": "www.newsbreak.com",
        "site": "newsbreak.com",
        "site_section": "https://www.newsbreak.com/news8000-com-wkbt-news-8-1590300",
        "site_categories": [
            "under_construction",
            "non_standard_content"
        ],
        "section_title": "News8000com WKBT News 8&#x27;s Home Page | NewsBreak",
        "site_title": null,
        "title": "Proposed Wisconsin bill aims to fill federal funding gaps - NewsBreak",
        "title_full": "Proposed Wisconsin bill aims to fill federal funding gaps - NewsBreak",
        "published": "2025-03-06T03:02:00.000+02:00",
        "replies_count": 0,
        "participants_count": 0,
        "site_type": "news",
        "country": "US",
        "main_image": "https://img.particlenews.com/img/id/1hYig0_0zSlx1yA00",
        "performance_score": 0,
        "domain_rank": 3319,
        "domain_rank_updated": "2025-03-03T23:00:00.000+02:00",
        "social": {
            "facebook": {
                "likes": 0,
                "comments": 0,
                "shares": 0
            },
            "vk": {
                "shares": 0
            }
        }
    },
    "uuid": "8363c12564a115a18c4d4ec20b9defc2b3671770",
    "url": "https://www.newsbreak.com/news8000com-wkbt-news-8-1590300/3842477007652-proposed-wisconsin-bill-aims-to-fill-federal-funding-gaps",
    "ord_in_thread": 0,
    "parent_url": null,
    "author": null,
    "published": "2025-03-06T03:02:00.000+02:00",
    "title": "Proposed Wisconsin bill aims to fill federal funding gaps - NewsBreak",
    "text": "MADISON (WKBT) -- A newly proposed Wisconsin bill could cover gaps in federal funding freezes. Three democratic lawmakers are behind the bill, but it would still need republican support. A special session would take place if money that's already approved is stalled. The state would cover the funding gaps through a \"rainy day\" fund. There has been no word on how long the fund would be able to cover the gaps. ​COPYRIGHT 2025 BY NEWS 8 NOW/NEWS 8000. ALL RIGHTS RESERVED. THIS MATERIAL MAY NOT BE PUBLISHED, BROADCAST, REWRITTEN OR REDISTRIBUTED. The U.S. Supreme Court Building is seen on Capitol Hill on February 12 in Washington, DC. Chief Justice John Roberts paused a court-imposed midnight deadline on February 26.",
    "highlightText": "",
    "highlightTitle": "",
    "highlightThreadTitle": "",
    "language": "english",
    "sentiment": "positive",
    "categories": [
        "Economy, Business and Finance",
        "Politics",
        "Social Issue"
    ],
    "topics": [
        "Economy, Business and Finance->financial and economic news",
        "Economy, Business and Finance->business governance",
        "Politics->government policy",
        "Politics->economic policy",
        "Social Issue->social condition",
        "Social Issue->social services"
    ],
    "ai_allow": true,
    "has_canonical": true,
    "breaking": false,
    "webz_reporter": false,
    "external_links": [],
    "external_images": [],
    "entities": {
        "persons": [
            {
                "name": "John Roberts",
                "sentiment": "none"
            }
        ],
        "locations": [],
        "organizations": []
    },
    "syndication": {
        "syndicated": false,
        "syndicate_id": null,
        "first_syndicated": false
    },
    "trust": null,
    "rating": null,
    "crawled": "2025-03-06T03:55:00.266+02:00",
    "updated": "2025-03-06T03:55:00.266+02:00"
}