{
    "thread": {
        "uuid": "dfaaad323851b713cfa16de676c40408b059f42f",
        "url": "https://www.rnz.co.nz/national/programmes/middayreport/audio/2018977715/calls-for-card-payment-surcharges-to-be-banned",
        "site_full": "www.rnz.co.nz",
        "site": "rnz.co.nz",
        "site_section": "https://rnz.co.nz/radio",
        "site_categories": [
            "media",
            "travel",
            "australia_and_new_zealand",
            "music",
            "entertainment"
        ],
        "section_title": "RNZ",
        "site_title": null,
        "title": "Calls for card payment surcharges to be banned",
        "title_full": "Calls for card payment surcharges to be banned",
        "published": "2025-03-06T01:51:00.000+02:00",
        "replies_count": 0,
        "participants_count": 1,
        "site_type": "news",
        "country": "NZ",
        "main_image": "https://media.rnztools.nz/rnz/image/upload/s--ImISGBa8--/c_fill,f_auto,g_auto,h_300,q_auto,w_300/v1719960626/4KNMJ82_midday_report_external_cover_July_2024_jpg?_a=BACCd2AD",
        "performance_score": 0,
        "domain_rank": 3530,
        "domain_rank_updated": "2025-03-03T23:00:00.000+02:00",
        "social": {
            "facebook": {
                "likes": 0,
                "comments": 0,
                "shares": 0
            },
            "vk": {
                "shares": 0
            }
        }
    },
    "uuid": "dfaaad323851b713cfa16de676c40408b059f42f",
    "url": "https://www.rnz.co.nz/national/programmes/middayreport/audio/2018977715/calls-for-card-payment-surcharges-to-be-banned",
    "ord_in_thread": 0,
    "parent_url": null,
    "author": "RNZ",
    "published": "2025-03-06T01:51:00.000+02:00",
    "title": "Calls for card payment surcharges to be banned",
    "text": "Calls for card payment surcharges to be banned\nConsumer advocates want card payment surcharges to be banned, due to growing concerns about excessive and hidden fees. Consumer's acting head of research and advocacy Jessica Walker spoke to Charlotte Cook.",
    "highlightText": "",
    "highlightTitle": "",
    "highlightThreadTitle": "",
    "language": "english",
    "sentiment": "positive",
    "categories": [
        "Economy, Business and Finance"
    ],
    "topics": [
        "Economy, Business and Finance->consumer goods",
        "Economy, Business and Finance->financial and economic news"
    ],
    "ai_allow": true,
    "has_canonical": false,
    "breaking": false,
    "webz_reporter": false,
    "external_links": [],
    "external_images": [],
    "entities": {
        "persons": [
            {
                "name": "Charlotte Cook",
                "sentiment": "none"
            },
            {
                "name": "Jessica Walker",
                "sentiment": "none"
            }
        ],
        "locations": [],
        "organizations": []
    },
    "syndication": {
        "syndicated": false,
        "syndicate_id": null,
        "first_syndicated": false
    },
    "trust": null,
    "rating": null,
    "crawled": "2025-03-06T02:45:13.036+02:00",
    "updated": "2025-03-06T02:45:13.036+02:00"
}