{
    "thread": {
        "uuid": "b78c7480e77c447676a0a9b22e6f67297b72b97d",
        "url": "https://www.livemint.com/economy/uk-strikes-data-deal-with-ireland-in-bid-to-lift-energy-security-11741215689753.html",
        "site_full": "www.livemint.com",
        "site": "livemint.com",
        "site_section": "https://www.livemint.com/sports",
        "site_categories": [
            "media",
            "top_news_in",
            "top_news_iq",
            "top_news_pk",
            "top_news_ae",
            "top_news_za",
            "top_news_qa",
            "top_news_sg",
            "top_news_sa",
            "top_news_kw",
            "top_news"
        ],
        "section_title": "Sports News Today: Latest Cricket News, Football, and Hockey along with IPL 2024",
        "site_title": null,
        "title": "UK Strikes Data Deal With Ireland in Bid to Lift Energy Security",
        "title_full": "UK Strikes Data Deal With Ireland in Bid to Lift Energy Security",
        "published": "2025-03-06T01:01:00.000+02:00",
        "replies_count": 0,
        "participants_count": 1,
        "site_type": "news",
        "country": "IN",
        "main_image": "https://www.livemint.com/lm-img/img/2024/12/12/1600x900/economy5_1733996295026_1733996306137.jpg",
        "performance_score": 0,
        "domain_rank": 1276,
        "domain_rank_updated": "2025-03-03T23:00:00.000+02:00",
        "social": {
            "facebook": {
                "likes": 0,
                "comments": 0,
                "shares": 0
            },
            "vk": {
                "shares": 0
            }
        }
    },
    "uuid": "b78c7480e77c447676a0a9b22e6f67297b72b97d",
    "url": "https://www.livemint.com/economy/uk-strikes-data-deal-with-ireland-in-bid-to-lift-energy-security-11741215689753.html",
    "ord_in_thread": 0,
    "parent_url": null,
    "author": "@mint",
    "published": "2025-03-06T01:01:00.000+02:00",
    "title": "UK Strikes Data Deal With Ireland in Bid to Lift Energy Security",
    "text": "Get Instant Loan up to ₹10 Lakh!\n(Bloomberg) -- The UK and Ireland plan to share more data and slash red tape in a bid to boost energy security as thee two countries seek a tighter relationship after years of post-Brexit tension.\nThe two nations are planning a new arrangements that would lay the groundwork for commercial developers to increase offshore energy by minimizing the burden of maritime and environmental consent processes, UK Prime Minister Keir Starmer’s office said late Wednesday in a statement.\nThe move is to be announced Thursday at a meeting between Starmer and Irish Taoiseach Micheal Martin in Liverpool as part of efforts to improve the relationship between the two countries, something the British premier has made one of his government’s key objectives.\nThe two leaders meet against a backdrop of European nations reckoning with how to secure their continent in the wake of Russian aggression in Ukraine — potentially with weakened US support.\n“Collectively, people are coming to the conclusion that Europe needs to improve and enhance its capabilities in order to have a deterrence there to avoid any attempted encroachment on any member state,” Martin said in Liverpool on Wednesday evening, ahead of the inaugural UK-Ireland Summit the following day.\nSince Russia’s invasion of Ukraine three years ago, European countries have sought to increase domestic energy supplies after previously relying on imports of Russian gas. While neither had been particularly reliant on Russia gas, Ireland on Tuesday announced it would build an LNG facility to be used in energy emergencies.\nThe small island nation also recently proposed to simplify the rules for sending its troops abroad — a move that comes as European nations discuss sending a peacekeeping force to help enforce any peace deal between Russia and Ukraine. As one of Europe’s only militarily neutral countries, Ireland is having to fast adapt in a bloc where boosting security capabilities has become the most urgent item on its agenda.\nThe meeting symbolizes how far relations between the UK and Ireland have come since the Brexit years, when close ties fractured over negotiating a solution to the Irish Sea border problem. Starmer and Martin will also discuss building a more resilient trading relationship, according to the British statement.\n“Now more than ever we must work with like-minded partners in the pursuit of global peace, prosperity and security,” Starmer said in the statement.\nMore stories like this are available on bloomberg.com\n©2025 Bloomberg L.P.\nCatch all the Business News , Economy news , Breaking News Events andLatest News Updates on Live Mint. Download TheMint News App to get Daily Market Updates.",
    "highlightText": "",
    "highlightTitle": "",
    "highlightThreadTitle": "",
    "language": "english",
    "sentiment": "positive",
    "categories": [
        "Economy, Business and Finance"
    ],
    "topics": [
        "Economy, Business and Finance->financial and economic news",
        "Economy, Business and Finance->business governance",
        "Economy, Business and Finance->energy and resource"
    ],
    "ai_allow": true,
    "has_canonical": false,
    "breaking": true,
    "webz_reporter": false,
    "external_links": [
        "https://www.bloomberg.com",
        "https://bloomberg.com"
    ],
    "external_images": [],
    "entities": {
        "persons": [
            {
                "name": "Keir Starmer",
                "sentiment": "none"
            }
        ],
        "locations": [
            {
                "name": "Europe",
                "sentiment": "none"
            }
        ],
        "organizations": [
            {
                "name": "Bloomberg",
                "sentiment": "positive",
                "tickers": []
            }
        ]
    },
    "syndication": {
        "syndicated": false,
        "syndicate_id": null,
        "first_syndicated": false
    },
    "trust": null,
    "rating": null,
    "crawled": "2025-03-06T01:17:38.643+02:00",
    "updated": "2025-03-06T01:17:38.643+02:00"
}