{
    "thread": {
        "uuid": "ea3d2d3e5eabb0082bed97764cf39f2955366ccb",
        "url": "https://www.kedglobal.com/real-estate/newsView/ked202502260005",
        "site_full": "www.kedglobal.com",
        "site": "kedglobal.com",
        "site_section": "https://www.kedglobal.com/newsRss",
        "site_categories": [],
        "section_title": "The Korea Economic Daily Global",
        "site_title": null,
        "title": "European student housing is top of the class: Savills IM",
        "title_full": "European student housing is top of the class: Savills IM",
        "published": "2025-03-06T03:25:00.000+02:00",
        "replies_count": 0,
        "participants_count": 1,
        "site_type": "news",
        "country": "US",
        "main_image": "https://www.kedglobal.com/data/ked/image/2025/02/26/ked202502260030.jpg",
        "performance_score": 0,
        "domain_rank": 22894,
        "domain_rank_updated": "2025-03-03T23:00:00.000+02:00",
        "social": {
            "facebook": {
                "likes": 0,
                "comments": 0,
                "shares": 0
            },
            "vk": {
                "shares": 0
            }
        }
    },
    "uuid": "ea3d2d3e5eabb0082bed97764cf39f2955366ccb",
    "url": "https://www.kedglobal.com/real-estate/newsView/ked202502260005",
    "ord_in_thread": 0,
    "parent_url": null,
    "author": "yhkim@hankyung.com (Yeonhee Kim)",
    "published": "2025-03-06T03:25:00.000+02:00",
    "title": "European student housing is top of the class: Savills IM",
    "text": "Real estate\nEuropean student housing is top of the class: Savills IM\nWhile the purpose-built student accommodation sector in Europe is in its infancy, it is increasingly catching the eyes of investors\n1 HOURS AGO\n3\nMin read\nThe appeal of European purpose-built student housing (PBSA) to real estate investors is growing rapidly.\nIn the recent 2025 INREV Investor Intentions survey, student accommodation ranked as the third most preferred sector to invest in, with 67% of respondents selecting the sector. Well above its five-year average of 35% of respondents, with only residential and industrial and logistics scoring higher.\nBut why exactly is PBSA is rising up investor wishlists? Here we explore six key factors.\n(1) Demand for European higher education\nEurope is home to more than a quarter of the world’s top universities, with 70 in the top 250 and close to 150 in the world’s top 500 ranked institutions. The quality of institutions, along with rising wealth in other parts of the world, has supported growing student numbers, particularly from international students.\n(2) High numbers of international and mobile students\nWhile international student numbers are a key driver of PBSA demand, Europe also has a large domestically mobile student population. A population that will often look to the relative ease of securing PBSA and the appeal of amenity-rich buildings, rather than enter the local private rental market.\n(3) Lack of PBSA supply\nThe provision of PBSA has gathered pace in recent years, but there remains a significant undersupply. Just one-in-five domestically mobile and international students are currently able to access a PBSA room. And it seems highly unlikely that there will be any significant respite in the existing lack of supply anytime soon.\nAssuming all existing units under construction and those with planning permission get built, PBSA provision rates would increase by less than five percentage points in most markets on average.\n(4) Risk-adjusted returns\nWhile long-term time series are hard to come by given the sector remains in its infancy, evidence from the more mature UK market shows that total returns display roughly half the volatility to that at the “all-property” level.\nRental growth was also twice the all-property average. Returns of 8% per annum on average over the past ten years compares favourably to the 5.5% per annum returns achieved at the all-property level, while lower volatility evidences the PBSA sector’s strong risk-adjusted returns.\n(5) Downside protection\nHistorically, higher education participation rates have tended to rise during periods of economic weakness and rising unemployment. As fewer job opportunities push more young adults into studying and/or studying for longer the PBSA sector can provide investors with defensive characteristics to periods of economic weakness.\n(6) Scalable opportunity\nDespite still being in its infancy from an institutional capital perspective, the PBSA sector displays the right characteristics to ensure scalability and liquidity. Continental Europe has 3.5 times more domestically mobile and international students than the UK, but only a similar number of private PBSA beds.\nNot only does this represent a significant development opportunities. But we estimate that if the private provision rate rose to 25% (as an example, one private bed for every four domestically mobile and international students), this would more than triple the current size of the market from around €45 billion, to over €155 billion. The estimate is based on the average transaction value per bed presented in Bonard’s Student Housing Annual Report 2022.\nRISK FACTORS\nThree key risks for European PBSA are potential demand risks, including online teaching; the affordability of study and living costs; and operational considerations. These risks are explored further in our European PBSA 101: Top of the Class paper.\nIn two further upcoming papers on European PBSA we set out a framework for determining where investors should focus their investment strategies and explore the issue of gross-to-net leakage and why this is an important determinant for a successful PBSA portfolio. For the full research papers and all the statistics, sources and graphs behind this article, please visit our website.\n(This article was contributed by Hamish Smith, head of research and strategy (UK) of Savills Investment Management. References to Europe in this article excludes the UK)\nMore to Read\n-\n-\nPension fundsS.Korea’s pension fund NPS posts record return in 2024 on US stock rally\nFeb 28, 2025 (Gmt+09:00)\n-\nSovereign wealth fundsS.Korea’s sovereign fund KIC logs 8.5% return in 2024\nFeb 28, 2025 (Gmt+09:00)\n-\nAlternative investmentsS.Korean investors name their 33 favorite alternative asset managers\nFeb 27, 2025 (Gmt+09:00)\nComment 0",
    "highlightText": "",
    "highlightTitle": "",
    "highlightThreadTitle": "",
    "language": "english",
    "sentiment": "positive",
    "categories": [
        "Economy, Business and Finance",
        "Social Issue",
        "Human Interest"
    ],
    "topics": [
        "Economy, Business and Finance->construction and property",
        "Economy, Business and Finance->financial and economic news",
        "Economy, Business and Finance->business strategy and marketing",
        "Social Issue->social services",
        "Social Issue->population and census",
        "Social Issue->demographics"
    ],
    "ai_allow": true,
    "has_canonical": false,
    "breaking": false,
    "webz_reporter": false,
    "external_links": [],
    "external_images": [],
    "entities": {
        "persons": [],
        "locations": [
            {
                "name": "Europe",
                "sentiment": "none"
            }
        ],
        "organizations": [
            {
                "name": "Savills",
                "sentiment": "positive",
                "tickers": []
            }
        ]
    },
    "syndication": {
        "syndicated": false,
        "syndicate_id": null,
        "first_syndicated": false
    },
    "trust": null,
    "rating": null,
    "crawled": "2025-03-06T04:44:50.985+02:00",
    "updated": "2025-03-06T04:44:50.985+02:00"
}