{
    "thread": {
        "uuid": "08b2f6c9abd9a6842ca4f534f89034ae456accf3",
        "url": "https://www.benzinga.com/trading-ideas/movers/25/03/44157693/bitcoin-ethereum-dogecoin-spike-amid-high-hopes-from-white-house-crypto-summit-this-analyst-",
        "site_full": "www.benzinga.com",
        "site": "benzinga.com",
        "site_section": "http://business.ridgwayrecord.com/ridgwayrecord/markets/news?channelid=6980",
        "site_categories": [
            "stocks",
            "finance"
        ],
        "section_title": "Stock Market News | NSDQ, NYSE, and AMEX Stock Market News, Market News Categories, Market Indicators | User | ridgwayrecord.com ",
        "site_title": null,
        "title": "Bitcoin, Ethereum, Dogecoin Spike Amid High Hopes From White House Crypto Summit: This Analyst Has Some G",
        "title_full": "Bitcoin, Ethereum, Dogecoin Spike Amid High Hopes From White House Crypto Summit: This Analyst Has Some G",
        "published": "2025-03-06T04:32:00.000+02:00",
        "replies_count": 0,
        "participants_count": 1,
        "site_type": "news",
        "country": "US",
        "main_image": "https://cdn.benzinga.com/files/images/story/2025/03/05/Cryptocurrency-Photo-by-CMP-NZ-on-Shutte.jpeg?width=1200&amp;height=800&amp;fit=crop",
        "performance_score": 0,
        "domain_rank": 1954,
        "domain_rank_updated": "2025-03-03T23:00:00.000+02:00",
        "social": {
            "facebook": {
                "likes": 0,
                "comments": 0,
                "shares": 0
            },
            "vk": {
                "shares": 0
            }
        }
    },
    "uuid": "08b2f6c9abd9a6842ca4f534f89034ae456accf3",
    "url": "https://www.benzinga.com/trading-ideas/movers/25/03/44157693/bitcoin-ethereum-dogecoin-spike-amid-high-hopes-from-white-house-crypto-summit-this-analyst-",
    "ord_in_thread": 0,
    "parent_url": null,
    "author": "Aniket Verma",
    "published": "2025-03-06T04:32:00.000+02:00",
    "title": "Bitcoin, Ethereum, Dogecoin Spike Amid High Hopes From White House Crypto Summit: This Analyst Has Some G",
    "text": "Leading cryptocurrencies rallied on Wednesday on news that Bitcoin would be granted special status in the national strategic cryptocurrency reserve.\nCryptocurrency | Gains +/- | Price (Recorded at 7:45 p.m. ET) |\nBitcoin BTC/USD | +4.01% | $90,164.31 |\nEthereum ETH/USD | +3.79% | $2,245.90 |\nDogecoin DOGE/USD | +2.42% | $0.2029 |\nWhat Happened: The apex cryptocurrency surpassed $90,000, recouping gains lost due to the ongoing tariff announcements by President Donald Trump.\nThe momentum trickled to the rest of the market as Ethereum sailed past $2,500, hitting an intraday high of $2,272.80.\nThe improvement in sentiment came after Commerce Secretary Howard Lutnick indicated major policy announcements during Friday’s White House crypto summit. He confirmed that Bitcoin may receive special status in the national cryptocurrency reserve, but other tokens will be treated differently but positively.\nThe rally liquidated short positions worth $145 million from the cryptocurrency market in the last 24 hours.\nBitcoin's Open Interest popped 5.34%. A surge in spot price, coinciding with a jump in OI, indicated an influx of fresh money into the market.\nMore than 55% of traders on Binance were positioned long as of this writing, according to the Long/Short Ratio, implying a bullish sentiment.\nIn contrast, the Crypto Fear and Greed Index remained in the \"Extreme Fear\" zone.\nTop Gainers (24-Hours)\nCryptocurrency | Gains +/- | Price (Recorded at 7:45 p.m. ET) |\nOndo (ONDO) | +19.90% | $1.15 |\nBitcoin Cash (BCH) | +18.82% | $387.05 |\nAptos (APT) | +13.63% | $6.20 |\nThe global cryptocurrency market capitalization stood at $2.96 trillion, following an increase of 3.30% in the last 24 hours.\nStocks recovered on Wednesday following two consecutive days of losses. The Dow Jones Industrial Average jumped 485.60 points, or 1.14%, to close at 43,006.59. The S&P 500 gained 1.12%, ending at 5,842.63, while the tech-focused Nasdaq Composite added 1.46% to close the session at 18,552.73.\nThe recovery came after the Trump administration paused tariffs on automobile manufacturers' imports by one month, sending stocks of big automakers higher.\nSee More: Best Cryptocurrency Scanners\nAnalyst Notes: Widely followed cryptocurrency analyst, Ali Martinez, stated that if Bitcoin reclaims $97,000, there is a strong chance of it moving toward $150,000, according to the Pi Cycle Top indicator.\nThe Pi Cycle Top Indicator is a technical indicator used to identify potential tops in Bitcoin’s price cycles.\nPopular on-chain analytics firm Santiment noted a sharp drop in Ethereum sentiment owing to its underperformance relative to other large-cap cryptocurrencies.\n\"For those patiently holding their ETH, the bearishness being projected across social media is a good sign of a potential turnaround once crypto markets stabilize,\" the analytics firm predicted.\nPhoto by CMP_NZ on Shutterstock\nRead Next:\nMarket News and Data brought to you by Benzinga APIs\n© 2025 Benzinga.com. Benzinga does not provide investment advice. All rights reserved.\nTrade confidently with insights and alerts from analyst ratings, free reports and breaking news that affects the stocks you care about.\nJoin Now: Free!\nSign in",
    "highlightText": "",
    "highlightTitle": "",
    "highlightThreadTitle": "",
    "language": "english",
    "sentiment": "positive",
    "categories": [
        "Economy, Business and Finance",
        "Science and Technology",
        "Social Issue"
    ],
    "topics": [
        "Economy, Business and Finance->financial and economic news",
        "Economy, Business and Finance->business information",
        "Economy, Business and Finance->foreign exchange market",
        "Science and Technology->economics",
        "Science and Technology->technology and engineering",
        "Social Issue->social problem",
        "Social Issue->social condition",
        "Social Issue->discrimination"
    ],
    "ai_allow": true,
    "has_canonical": false,
    "breaking": false,
    "webz_reporter": false,
    "external_links": [],
    "external_images": [],
    "entities": {
        "persons": [
            {
                "name": "Howard Lutnick",
                "sentiment": "none"
            },
            {
                "name": "Donald Trump",
                "sentiment": "none"
            }
        ],
        "locations": [],
        "organizations": []
    },
    "syndication": {
        "syndicated": false,
        "syndicate_id": null,
        "first_syndicated": false
    },
    "trust": null,
    "rating": null,
    "crawled": "2025-03-06T04:42:37.071+02:00",
    "updated": "2025-03-06T04:42:37.071+02:00"
}