{
    "thread": {
        "uuid": "1b097196674992d70cb0a7e656fcaa33dcc51c4a",
        "url": "https://www.latestnigeriannews.com/p/49841/nnpc-foundation-extends-farmers-empowerment-programme-to-northern-nigeria.html",
        "site_full": "www.latestnigeriannews.com",
        "site": "latestnigeriannews.com",
        "site_section": "https://www.latestnigeriannews.com/feed/allnews/rss",
        "site_categories": [
            "media"
        ],
        "section_title": "Latest Nigerian News Headlines",
        "site_title": "Latesnigeriannews Mobile Index",
        "title": "NNPC Foundation extends farmers empowerment programme to northern Nigeria",
        "title_full": "NNPC Foundation extends farmers empowerment programme to northern Nigeria",
        "published": "2025-09-11T07:07:00.000+03:00",
        "replies_count": 0,
        "participants_count": 1,
        "site_type": "news",
        "country": "NG",
        "main_image": "",
        "performance_score": 0,
        "domain_rank": 82615,
        "domain_rank_updated": "2025-06-03T00:00:00.000+03:00",
        "licensing_agency": [],
        "social": {
            "facebook": {
                "likes": 0,
                "comments": 0,
                "shares": 0
            },
            "vk": {
                "shares": 0
            }
        }
    },
    "uuid": "1b097196674992d70cb0a7e656fcaa33dcc51c4a",
    "url": "https://www.latestnigeriannews.com/p/49841/nnpc-foundation-extends-farmers-empowerment-programme-to-northern-nigeria.html",
    "ord_in_thread": 0,
    "author": "Latestnigeriannews",
    "published": "2025-09-11T07:07:00.000+03:00",
    "title": "NNPC Foundation extends farmers empowerment programme to northern Nigeria",
    "text": "-- External Links --\nPunch\nVanguard\nThisday\nGuardian\nDaily Sun\nThe Nation\nDaily Independent\nLeadership\nTribune\nNational Mirror\nDaily Trust\nDaily Times\nBusinessDay\nSahara Reporters\nPremium Times\nPM News\nTori\nLinda Ikeji\nBella Naija\nNairaland\nCNN\nBBC\nAljazeera\nGoal\nAfrican Football\nBleacher Report\n90min\nComplete Sports\n|\n|\n|\n|\n|\n|\n|\n|\n|\n|\n|\n|\n|\n|\n|\n|\n|\n|\n|\n|\nViewing Mode:\nMedium\nVanguard\nPunch\nGuardian\nThisday\nDaily Sun\nLeadership\nTribune\nDaily Trust\nDaily Times\nDaily Independent\nThe Nation\nNational Mirror\nBusinessDay\nSahara Reporters\nSports\nEntertainment\nWorld\nTechnology\nBusiness\nPolitics\nFeatures\nColumns\nNigerian Jobs\nDay\n01\n02\n03\n04\n05\n06\n07\n08\n09\n10\n11\n12\n13\n14\n15\n16\n17\n18\n19\n20\n21\n22\n23\n24\n25\n26\n27\n28\n29\n30\n31\nMonth\nJan\nFeb\nMar\nApr\nMay\nJun\nJul\nAug\nSep\nOct\nNov\nDec\nYear\n2024\n2023\n2022\n2021\n2020\n2019\n2018\n2017\n2016\n2015\n2014\n2013\n2012\n2011\nArchive:\nEntertainment Headlines Today\n[Thu-11-Sep-2025]\n-\n-\n-\n-\n-\n-\n-\n-\n-\nClick to view all Entertainment headlines today\nSports Headlines Today\n[Thu-11-Sep-2025]\n-\n-\n-\n-\n-\n-\n-\n-\n-\nClick to view all Sports headlines today\nSolarWinds Says 18,000 Customers Were Impacted by Recent Hack\nPublished by\nSlashdot\non Tue, 15 Dec 2020\nIT software provider SolarWinds downplayed a recent security breach in documents filed with the US Securities and Exchange Commission on Monday. From a report: SolarWinds disclosed on Sunday that a nation-state hacker group breached its network and inserted malware in updates for Orion, a software application for IT inventory management and monitoring. Orion app versions 2019.4 through 2020.2.1, released between March 2020 and June 2020, were tainted with malware, SolarWinds said in a security advisory. The trojanized Orion update allowed attackers to deploy additional and highly stealthy malware on the networks of SolarWinds customers. But while initial news reports on Sunday suggested that all of SolarWinds' customers were impacted, in SEC documents filed today, SolarWinds said that of its 300,000 total customers, only 33,000 were using Orion, a software platform for IT inventory management and monitoring, and that fewer than 18,000 are believed to have installed the malware-laced update. The company said it notified all its 33,000 Orion customers on Sunday, even if they didn't install the trojanized Orion update, with information about the hack and mitigation steps they could take.Read more of this story at Slashdot.\nClick here to read full news..\nAll Channels\nNigerian Dailies:\nPunch\n|\nVanguard\n|\nThe Nation\n|\nThisday\n|\nDaily Sun\n|\nGuardian\n|\nDaily Times\n|\nDaily Trust\n|\nDaily Independent\n|\nThe Herald\n|\nTribune\n|\nLeadership\n|\nNational Mirror\n|\nBusinessDay\n|\nNew Telegraph\n|\nPeoples Daily\n|\nBlueprint\n|\nNigerian Pilot\n|\nSahara Reporters\n|\nPremium Times\n|\nThe Cable\n|\nPM News\n|\nAPO Africa Newsroom\nCategories Today:\nWorld\n|\nSports\n|\nTechnology\n|\nEntertainment\n|\nBusiness\n|\nPolitics\n|\nColumns\n|\nAll Headlines Today\nEntertainment (Local):\nLinda Ikeji\n|\nBella Naija\n|\nTori\n|\nDaily News 24\n|\nPulse\n|\nThe NET\n|\nDailyPost\n|\nInformation Nigeria\n|\nGistlover\n|\nLailas Blog\n|\nMiss Petite\n|\nOlufamous\n|\nStella Dimoko Korkus Blog\n|\nYnaija\n|\nAll Entertainment News Today\nEntertainment (World):\nTMZ\n|\nDaily Mail\n|\nHuffington Post\nSports:\nGoal\n|\nAfrican Football\n|\nBleacher Report\n|\nFTBpro\n|\nKickoff\n|\nAll Sports Headlines Today\nBusiness & Finance:\nNairametrics\n|\nNigerian Tenders\n|\nBusiness Insider\n|\nForbes\n|\nEntrepreneur\n|\nThe Economist\n|\nBusinessTech\n|\nFinancial Watch\n|\nBusinessDay\n|\nAll Business News Headlines Today\nTechnology (Local):\nTechpoint\n|\nTechMoran\n|\nTechCity\n|\nInnovation Village\n|\nIT News Africa\n|\nTechnology Times\n|\nTechnext\n|\nTechcabal\n|\nAll Technology News Headlines Today\nTechnology (World):\nTechcrunch\n|\nTechmeme\n|\nSlashdot\n|\nWired\n|\nHackers News\n|\nEngadget\n|\nPocket Lint\n|\nThe Verge\nInternational Networks:\n|\nCNN\n|\nBBC\n|\nAl Jazeera\n|\nYahoo\nForum:\n|\nNairaland\n|\nNaij\nOther Links:\nHome\n|\nNigerian Jobs\nHome\n|\nAbout Us\n|\nContact Us\n|\nDisclaimer\n|\nPrivacy Policy\n|\nCopyright\n|\nSubscribe To News Alert\n|\nFacebook\n|\nTwitter\nAll trademarks and copyrights on this page are owned by their respective owners\nCopyright © 2025. latestnigeriannews.com - All rights reserved",
    "highlightText": "",
    "highlightTitle": "",
    "highlightThreadTitle": "",
    "language": "english",
    "sentiment": "positive",
    "categories": [
        "Economy, Business and Finance",
        "Politics",
        "Social Issue"
    ],
    "topics": [
        "Economy, Business and Finance->business governance",
        "Economy, Business and Finance->financial and economic news",
        "Economy, Business and Finance->agriculture",
        "Politics->economic policy",
        "Politics->local government and authority",
        "Politics->government",
        "Social Issue->social services",
        "Social Issue->demographics",
        "Social Issue->communities"
    ],
    "ai_allow": true,
    "has_canonical": false,
    "breaking": false,
    "webz_reporter": false,
    "external_links": [],
    "external_images": [],
    "internal_images": [],
    "entities": {
        "persons": [
            {
                "name": "Tori\nLinda Ikeji\nBella Naija\nNairaland",
                "sentiment": "none"
            }
        ],
        "locations": [],
        "organizations": [
            {
                "name": "NNPC Foundation",
                "sentiment": "negative",
                "tickers": []
            },
            {
                "name": "Tribune\nNational Mirror\nDaily Trust\nDaily Times",
                "sentiment": "none",
                "tickers": [
                    {
                        "ticker": null,
                        "exchange": null
                    }
                ]
            }
        ]
    },
    "syndication": {
        "syndicated": false,
        "syndicate_id": null,
        "first_syndicated": false
    },
    "trust": {
        "categories": [],
        "top_news": [],
        "bias": null,
        "source": {
            "type": null,
            "city": null,
            "state": null,
            "country": null,
            "domain_type": null,
            "agency": null,
            "organization_name": null
        }
    },
    "rating": null,
    "crawled": "2025-09-11T07:59:45.661+03:00",
    "updated": "2025-09-11T08:03:19.000+03:00"
}