{
    "thread": {
        "uuid": "957dbcc2721009cee33cfba593c44771f67e0d0b",
        "url": "https://leadership.ng/council-applauded-over-3-2bn-earnings-from-non-oil-export/",
        "site_full": "leadership.ng",
        "site": "leadership.ng",
        "site_section": "https://news.google.com/search?q=same%20when%3A1h&hl=en-US&gl=US&ceid=US%3Aen",
        "site_categories": [
            "media"
        ],
        "section_title": "Google News - Search",
        "site_title": "Leadership News - Nigeria News, Nigerian Newspaper, Breaking News And More",
        "title": "Council Applauded Over $3.2bn Earnings From Non-Oil Export",
        "title_full": "Council Applauded Over $3.2bn Earnings From Non-Oil Export",
        "published": "2025-09-11T07:38:00.000+03:00",
        "replies_count": 0,
        "participants_count": 1,
        "site_type": "news",
        "country": "NG",
        "main_image": "https://leadership.ng/wp-content/uploads/2025/09/NEPC-Chief-Executive-Officer-Nonye-Ayeni.jpg",
        "performance_score": 0,
        "domain_rank": 19444,
        "domain_rank_updated": "2025-06-03T00:00:00.000+03:00",
        "licensing_agency": [],
        "social": {
            "facebook": {
                "likes": 0,
                "comments": 0,
                "shares": 0
            },
            "vk": {
                "shares": 0
            }
        }
    },
    "uuid": "957dbcc2721009cee33cfba593c44771f67e0d0b",
    "url": "https://leadership.ng/council-applauded-over-3-2bn-earnings-from-non-oil-export/",
    "ord_in_thread": 0,
    "author": "Leadership News",
    "published": "2025-09-11T07:38:00.000+03:00",
    "title": "Council Applauded Over $3.2bn Earnings From Non-Oil Export",
    "text": "Mentees of the Nigerian Export Promotion Council’s (NEPC) Export Mentorship Programme (EMP) have applauded the council’s executive director/chief executive officer, Mrs. Nonye Ayeni, for her visionary leadership and consistent drive in boosting Nigeria’s non-oil exports.\nThey also commended President Bola Ahmed Tinubu for his economic reforms and the Minister of Trade and Investment for supporting policies that have sustained export growth.\nAccording to the NEPC’s First Half-Year Progress Report presented in Abuja on Sunday, non-oil exports rose to $3.225 billion in the first half of 2025, a 19.59 per cent increase from $2.696 billion recorded in the same period last year.\nExport volumes also grew to 4.04 million metric tonnes, up from 3.83 million metric tonnes in H1 2024, driven by strong demand from India, Brazil, Vietnam and several African countries.\nAyeni noted that Q1 2025 alone generated $1.791 billion in non-oil exports – a 24.75 per cent increase over Q1 2024 – while shipment volumes surged by 24.3 per cent to 2.416 million metric tonnes.\nOn behalf of the mentees, Baba Ransome Adamu, managing director of Za&Ra Global Systems Ltd, said the council’s leadership had inspired confidence among exporters.\n“Her results inspire exporters to aim higher and contribute meaningfully to Nigeria’s non-oil export success story,” he stated.",
    "highlightText": "",
    "highlightTitle": "",
    "highlightThreadTitle": "",
    "language": "english",
    "sentiment": "positive",
    "categories": [
        "Economy, Business and Finance",
        "Human Interest"
    ],
    "topics": [
        "Economy, Business and Finance->business reporting and performance",
        "Economy, Business and Finance->economy",
        "Economy, Business and Finance->financial and economic news"
    ],
    "ai_allow": true,
    "has_canonical": false,
    "breaking": null,
    "webz_reporter": false,
    "external_links": [],
    "external_images": [],
    "internal_images": [],
    "entities": {
        "persons": [
            {
                "name": "Bola Ahmed Tinubu",
                "sentiment": "none"
            },
            {
                "name": "Nonye Ayeni",
                "sentiment": "none"
            },
            {
                "name": "Baba Rans",
                "sentiment": "none"
            }
        ],
        "locations": [],
        "organizations": []
    },
    "syndication": {
        "syndicated": false,
        "syndicate_id": null,
        "first_syndicated": false
    },
    "trust": {
        "categories": [],
        "top_news": [],
        "bias": null,
        "source": {
            "type": null,
            "city": null,
            "state": null,
            "country": null,
            "domain_type": null,
            "agency": null,
            "organization_name": null
        }
    },
    "rating": null,
    "crawled": "2025-09-11T08:45:45.903+03:00",
    "updated": "2025-09-11T08:50:09.000+03:00"
}