{
    "thread": {
        "uuid": "2aff7a4690bd40be90951d767ca67d1335524c5e",
        "url": "https://menafn.com/1110046544/Home-To-86000-Millionaires-Dubai-Now-Ranks-4Th-Wealthiest-City-In-Europe-Mena",
        "site_full": "menafn.com",
        "site": "menafn.com",
        "site_section": "http://menafn.com/rss/menafn_mostapopular_local_en.xml",
        "site_categories": [
            "investing",
            "financial_news",
            "finance"
        ],
        "section_title": "Eyeing Strong Comeback, Qatar Put Final Touches On FIVB Volleyball World Championship Build-Up",
        "site_title": "Business &amp; Financial - International News, Currencies &amp; Economic Indicators",
        "title": "Home To 86,000 Millionaires, Dubai Now Ranks 4Th Wealthiest City In Europe, Mena",
        "title_full": "Home To 86,000 Millionaires, Dubai Now Ranks 4Th Wealthiest City In Europe, Mena",
        "published": "2025-09-11T02:20:00.000+03:00",
        "replies_count": 0,
        "participants_count": 1,
        "site_type": "news",
        "country": "US",
        "main_image": "https://menafn.com/updates/pr/2025-09/10/KT_dced2image_story.jpg",
        "performance_score": 0,
        "domain_rank": 7014,
        "domain_rank_updated": "2025-06-03T00:00:00.000+03:00",
        "licensing_agency": [],
        "social": {
            "facebook": {
                "likes": 0,
                "comments": 0,
                "shares": 0
            },
            "vk": {
                "shares": 0
            }
        }
    },
    "uuid": "2aff7a4690bd40be90951d767ca67d1335524c5e",
    "url": "https://menafn.com/1110046544/Home-To-86000-Millionaires-Dubai-Now-Ranks-4Th-Wealthiest-City-In-Europe-Mena",
    "ord_in_thread": 0,
    "author": "https://menafn.com",
    "published": "2025-09-11T02:20:00.000+03:00",
    "title": "Home To 86,000 Millionaires, Dubai Now Ranks 4Th Wealthiest City In Europe, Mena",
    "text": "Home To 86,000 Millionaires, Dubai Now Ranks 4Th Wealthiest City In Europe, Mena\nMENAFN- Khaleej Times)\nA booming economy and strong investor inflows have propelled Dubai to become the fourth-wealthiest city in the Middle East and fourth in Europe, Middle East and Africa (EMEA) after London, Paris, and Milan.\nThe emirate is home to 86,000 millionaires , 251 centi-millionaires, and 23 billionaires at the end of June 2025, according to The Rise of Dubai study released on Wednesday.\nRecommended For You iPhone 17 launch: Can Apple's 'Air' model breathe new life into a sluggish upgrade cycle? Qatar residents describe panic after Israel strikes targeting Hamas in Doha\"If current growth trends continue, Dubai is on track to overtake these cities to become EMEA's wealthiest city by 2040,\" said the report, which MCB Group, boutique investment advisory firm Stewards Investment Capital, and New World Wealth conducted.\nStay up to date with the latest news. Follow KT on WhatsApp Channels.\n\"Dubai's total liquid investable wealth is approximately $1.1 trillion (Dh4 trillion) as at June 2025. This refers to the combined investable wealth of all people currently living in the city. This does not necessarily mean that they hold their money there. Many high net worth individuals (HNWIs), for instance, will still keep much of their wealth with large banks and wealth managers abroad, and invest in global stock markets,\" said Andrew Amoils, head of research at New World Wealth.\nHe added that Dubai ranked the fourth-wealthiest city in EMEA in terms of millionaire (HNWI) numbers. The first-ranked London is home to 212,000 millionaires, Paris is second with 163,000, and Milan is third with 121,000 high net worth individuals as of June 2025.\nThierry Hebraud, CEO of MCB, said Dubai's position as a global business hub, combined with the strengths of the Mauritius International Financial Centre, creates powerful synergies.\n\"Dubai's transformation into a leading global wealth hub\nreinforces its appeal as a bridge between established and emerging markets. Together with regulatory sophistication and technological excellence, Dubai offers new investment opportunities that don't exist in traditional markets,\" said Bilal Adam, CEO of Stewards Investment Capital.\n\"We view the UAE as a gateway to high-growth opportunities geared towards business growth, wealth preservation, and legacy building,\" he said.\nHighlighting the key factors that contributed to the emirate's strong wealth growth, The Rise of Dubai study said its safe-haven status; low taxes which attracted wealthy retirees; highly diversified economy; rising property prices and a convenient base for global investors to reach any destination in the world due to its strong air connectivity; consistently strong foreign direct investment flows; first-class healthcare system; good international schools and all-year-round leisure activities; and a world leader in eco-state living.\nThe growing wealth is attracting professionals, investors, retirees and digital nomads, resulting in its population also reaching the highest level in its history last month. Official data showed that the city's population crossed 4 million.\nAccording to New World Wealth's in-house database, the UAE is the fastest-growing family office hub in the world, and is the home base to at least 250 family offices as of June 2025.\n\"Most of these were set up fairly recently (post-Covid) by HNWIs that originally came from Africa, India, Russia, the UK, CIS, and the Middle East. Family offices are normally only cost-effective for ultra-wealthy centi-millionaires and billionaires,\" the report said.\nLegal Disclaimer:\nMENAFN provides the\ninformation “as is” without warranty of any kind. We do not accept\nany responsibility or liability for the accuracy, content, images,\nvideos, licenses, completeness, legality, or reliability of the information\ncontained in this article. If you have any complaints or copyright\nissues related to this article, kindly contact the provider above.",
    "highlightText": "",
    "highlightTitle": "",
    "highlightThreadTitle": "",
    "language": "english",
    "sentiment": "positive",
    "categories": [
        "Economy, Business and Finance",
        "Human Interest",
        "Lifestyle and Leisure"
    ],
    "topics": [
        "Economy, Business and Finance->financial and economic news",
        "Economy, Business and Finance->economy",
        "Lifestyle and Leisure->lifestyle",
        "Lifestyle and Leisure->travel and tourism"
    ],
    "ai_allow": true,
    "has_canonical": false,
    "breaking": null,
    "webz_reporter": false,
    "external_links": [],
    "external_images": [],
    "internal_images": [],
    "entities": {
        "persons": [],
        "locations": [
            {
                "name": "Europe",
                "sentiment": "none"
            },
            {
                "name": "Middle East",
                "sentiment": "none"
            },
            {
                "name": "Africa",
                "sentiment": "none"
            }
        ],
        "organizations": [
            {
                "name": "Stewards Investment Capital",
                "sentiment": "none",
                "tickers": []
            },
            {
                "name": "MCB Group",
                "sentiment": "none",
                "tickers": []
            },
            {
                "name": "Hamas",
                "sentiment": "none",
                "tickers": [
                    {
                        "ticker": null,
                        "exchange": null
                    }
                ]
            },
            {
                "name": "EMEA",
                "sentiment": "none",
                "tickers": [
                    {
                        "ticker": null,
                        "exchange": null
                    }
                ]
            }
        ]
    },
    "syndication": {
        "syndicated": false,
        "syndicate_id": null,
        "first_syndicated": false
    },
    "trust": {
        "categories": [],
        "top_news": [],
        "bias": null,
        "source": {
            "type": null,
            "city": null,
            "state": null,
            "country": null,
            "domain_type": null,
            "agency": null,
            "organization_name": null
        }
    },
    "rating": null,
    "crawled": "2025-09-11T08:47:07.190+03:00",
    "updated": "2025-09-11T08:51:43.000+03:00"
}