{
    "thread": {
        "uuid": "f008a3550544bc79ca63593d0a91926f6931c292",
        "url": "https://www.defenseworld.net/2025/09/11/ameriwest-lithium-otcmktsawlid-trading-up-3-8-time-to-buy.html",
        "site_full": "www.defenseworld.net",
        "site": "defenseworld.net",
        "site_section": "https://news.google.com/search?q=up%20when%3A1h&hl=en-US&gl=US&ceid=US%3Aen",
        "site_categories": [
            "media"
        ],
        "section_title": "Google News - Search",
        "site_title": "Defense World",
        "title": "Ameriwest Lithium (OTCMKTS:AWLID) Trading Up 3.8% - Time to Buy? - Defense World",
        "title_full": "Ameriwest Lithium (OTCMKTS:AWLID) Trading Up 3.8% - Time to Buy? - Defense World",
        "published": "2025-09-11T09:16:00.000+03:00",
        "replies_count": 0,
        "participants_count": 1,
        "site_type": "news",
        "country": "US",
        "main_image": "https://www.americanbankingnews.com/wp-content/timthumb/timthumb.php?src=https://www.marketbeat.com/logos/ameriwest-lithium-inc-logo-1200x675.png?v=20211104145023&amp;w=240&amp;h=240&amp;zc=2",
        "performance_score": 0,
        "domain_rank": 38342,
        "domain_rank_updated": "2025-06-03T00:00:00.000+03:00",
        "licensing_agency": [],
        "social": {
            "facebook": {
                "likes": 0,
                "comments": 0,
                "shares": 0
            },
            "vk": {
                "shares": 0
            }
        }
    },
    "uuid": "f008a3550544bc79ca63593d0a91926f6931c292",
    "url": "https://www.defenseworld.net/2025/09/11/ameriwest-lithium-otcmktsawlid-trading-up-3-8-time-to-buy.html",
    "ord_in_thread": 0,
    "author": "Defense World Staff",
    "published": "2025-09-11T09:16:00.000+03:00",
    "title": "Ameriwest Lithium (OTCMKTS:AWLID) Trading Up 3.8% - Time to Buy? - Defense World",
    "text": "Shares of Ameriwest Lithium Inc. ( OTCMKTS:AWLID – Get Free Report ) were up 3.8% during trading on Wednesday . The company traded as high as $0.21 and last traded at $0.20. Approximately 24,547 shares traded hands during trading, a decline of 44% from the average daily volume of 44,218 shares. The stock had previously closed at $0.19. The stock’s fifty day simple moving average is $0.21 and its 200 day simple moving average is $0.15. ( Get Free Report ) Ameriwest Lithium Inc engages in the acquisition, exploration, and development of natural resources properties in Canada and the United States. The company focuses on exploring Nevada's Deer Musk East property consists of 283 claims covering an area of 5,600 acres located in the prolific Clayton Valley; the Railroad Valley property comprising 312 claims covering an area of approximately 6,200 acres; the Edwards Creek Valley consists of 847 contiguous claims covering an area of 17,000 acres; the Thompson Valley property covering an area of 2,900 acres located in Yavapai County; and the Little Smoky Valley property comprising 288 mineral claims located in Little Smoky Valley, Nevada.",
    "highlightText": "",
    "highlightTitle": "",
    "highlightThreadTitle": "",
    "language": "english",
    "sentiment": "positive",
    "categories": [
        "Economy, Business and Finance",
        "Economy, Business and Finance",
        "Economy, Business and Finance"
    ],
    "topics": [
        "Economy, Business and Finance->investment and opinion pieces",
        "Economy, Business and Finance->financial service",
        "Economy, Business and Finance->business and market analysis",
        "Economy, Business and Finance->business and market analysis",
        "Economy, Business and Finance->financial and economic news",
        "Economy, Business and Finance->investment and opinion pieces"
    ],
    "ai_allow": true,
    "has_canonical": false,
    "breaking": true,
    "webz_reporter": false,
    "external_links": [
        "https://www.marketbeat.com/stocks/OTCMKTS/AWLID/",
        "https://www.marketbeat.com/arnreports/ReportTickerOptin.aspx?RegistrationCode=TickerHyperlink&Prefix=OTCMKTS&Symbol=AWLID",
        "https://marketbeat.com/arnreports/ReportTickerOptin.aspx?RegistrationCode=TickerHyperlink&Prefix=OTCMKTS&Symbol=AWLID",
        "https://www.marketbeat.com/stocks/OTCMKTS/AWLID",
        "https://marketbeat.com/stocks/OTCMKTS/AWLID/",
        "https://www.marketbeat.com/arnreports/ReportTickerOptin.aspx"
    ],
    "external_images": [],
    "internal_images": [],
    "entities": {
        "persons": [],
        "locations": [
            {
                "name": "Yavapai County",
                "sentiment": "none"
            },
            {
                "name": "Railroad",
                "sentiment": "none"
            }
        ],
        "organizations": [
            {
                "name": "Ameriwest Lithium Inc.",
                "sentiment": "negative",
                "tickers": []
            }
        ]
    },
    "syndication": {
        "syndicated": false,
        "syndicate_id": null,
        "first_syndicated": false
    },
    "trust": {
        "categories": [],
        "top_news": [],
        "bias": null,
        "source": {
            "type": null,
            "city": null,
            "state": null,
            "country": null,
            "domain_type": null,
            "agency": null,
            "organization_name": null
        }
    },
    "rating": null,
    "crawled": "2025-09-11T10:09:15.677+03:00",
    "updated": "2025-09-11T10:10:59.000+03:00"
}