{
    "thread": {
        "uuid": "8be6618a5eecce23734a165a26adf564c1fa5f89",
        "url": "https://www.watoday.com.au/business/companies/i-told-you-so-moment-for-albo-as-1b-computer-bet-pays-off-20250911-p5mu8s.html",
        "site_full": "www.watoday.com.au",
        "site": "watoday.com.au",
        "site_section": "http://www.watoday.com.au/rssheadlines/business/article/rss.xml",
        "site_categories": [
            "media",
            "top_news_au",
            "top_news"
        ],
        "section_title": "WA Today - Business",
        "site_title": "Breaking News from Perth &amp; Western Australia | WAtoday.com.au",
        "title": "I told you so' moment for Albanese as $1b computer bet on PsiQuantum pays off",
        "title_full": "I told you so' moment for Albanese as $1b computer bet on PsiQuantum pays off",
        "published": "2025-09-11T07:34:00.000+03:00",
        "replies_count": 0,
        "participants_count": 1,
        "site_type": "news",
        "country": "AU",
        "main_image": "https://static.ffx.io/images/$zoom_0.5521%2C$multiply_0.7554%2C$ratio_1.777778%2C$width_1059%2C$x_0%2C$y_0/t_crop_custom/q_86%2Cf_auto/t_watoday_opinion_no_age_social_wm/e3d0252d02187553d9086a8296970ce5f682e3df",
        "performance_score": 0,
        "domain_rank": 13585,
        "domain_rank_updated": "2025-06-03T00:00:00.000+03:00",
        "licensing_agency": [],
        "social": {
            "facebook": {
                "likes": 0,
                "comments": 0,
                "shares": 0
            },
            "vk": {
                "shares": 0
            }
        }
    },
    "uuid": "8be6618a5eecce23734a165a26adf564c1fa5f89",
    "url": "https://www.watoday.com.au/business/companies/i-told-you-so-moment-for-albo-as-1b-computer-bet-pays-off-20250911-p5mu8s.html",
    "ord_in_thread": 0,
    "author": "-",
    "published": "2025-09-11T07:34:00.000+03:00",
    "title": "I told you so' moment for Albanese as $1b computer bet on PsiQuantum pays off",
    "text": "Elizabeth Knight Business columnist September 11, 2025 — 12.34pm September 11, 2025 — 12.34pm Save Log in , register or subscribe to save articles for later. Save articles for later Add articles to your saved list and come back to them any time.\nGot it Normal text size Larger text size Very large text size Advertisement What do the largest company in the world, Nvidia, our home-grown millionaires’ factory Macquarie Group and the country’s leading venture capitalist, Blackbird, have in common with the federal and Queensland governments?\nYou could be forgiven if your riposte was zilch. But if you answer PsiQuantum at the pub trivia night, then the meat tray is yours.\nPsiQuantum co-founder and chief technologist Mark Thompson, holds up a model of a quantum chip and stands in front of a cryogenic cabinet.\nSo it would be unsurprising that both governments must be doing cartwheels after their combined near $1 billion investment in the US quantum computing start-up doubled in value overnight when a bunch of new investors including Macquarie and Nvidia joined the list of investors.\nThe updated valuation for the whole of PsiQuantum, which is trying to build a new form of computer capable of solving previously impenetrable problems, is now around $10.6 billion.\nThe very notion of the federal and Queensland governments being ahead of Nvidia or Macquarie at picking an IT winner feels both bizarre and a fluke.\nThe Albanese government, of course, won’t portray its luck like this. Rather, it will be its ‘I told you so’ moment.\nThe very notion of the Australian and Queensland governments being ahead of Nvidia or Macquarie at picking an IT winner feels both bizarre and a fluke.\nAnd to be fair, former federal industry minister Ed Husic deserves some bragging rights, given he was roundly beaten up when the government took this big investment swing a little over a year ago.\nAt the time, the government’s investment looked as much oversized as it did risky.\nAdvertisement The federal opposition labelled its investment process as opaque and even sought the help of the auditor general to undertake a probe into how Husic et al landed on this particular quantum computing hopeful ahead of a conga line of others looking for some government money (loans and equity) under its Future Made in Australia Act.\nPsiQuantum is the kind of high-risk investment that would sit more comfortably in the Future Fund rather than a direct investment made by governments. So it’s not surprising the Qatar sovereign fund and the Singaporean government’s investment fund joined its list of new investors.\nEd Husic as he announced the investment in PsiQuantum last year. Credit: Jamila Toderas\nSovereign funds and venture capital funds have an investment model that fosters a scattergun approach to investing – putting relatively small amounts of money into a range of high-risk start-ups in the hope that down the line one or two will be 10 or even a 100 times bigger.\nBut direct investment from governments needs to meet a higher watermark.\nThere is no doubt that cracking the code to actually build a quantum computer is next-level nirvana – but no one has done it yet.\nThe promise of quantum computing lies in its capacity to solve complex problems exponentially faster than traditional computers.\nFor the nerds interested in the details, quantum computing is an advanced form of computing that uses the principles of quantum mechanics to rapidly increase the processing of information. Where classical computing relies on binary bits (0s or 1s), quantum computing uses quantum bits – or qubits – that can exist in multiple states simultaneously.\nI hope that clears up the science. For those who find it baffling, suffice to say PsiQuantum chief executive Jeremy O’Brien reckons his company is a way down the track – and it’s now looking to build a cutting-edge world-leading facility in Brisbane, of all places.\nIt certainly helped that a couple of the company’s founders were locals, even though the head office is in Silicon Valley.\nLoading It would be premature for the Queensland or federal government to claim vindication of their investment.\nAnd it should be noted that for the likes of Nvidia and even Macquarie, the funds spent on investing in PsiQuantum would barely be noticed or move the dial on their overall returns.\nHowever, there will be plenty of scrutiny on the Australian government if this investment goes pear-shaped.\nBut for now, the federal and Queensland governments look like they are in illustrious company.\nThe Market Recap newsletter is a wrap of the day’s trading. Get it each we e kday afternoon .",
    "highlightText": "",
    "highlightTitle": "",
    "highlightThreadTitle": "",
    "language": "english",
    "sentiment": "positive",
    "categories": [
        "Economy, Business and Finance"
    ],
    "topics": [
        "Economy, Business and Finance->investment and opinion pieces",
        "Economy, Business and Finance->business strategy and marketing",
        "Economy, Business and Finance->financial and economic news"
    ],
    "ai_allow": false,
    "has_canonical": true,
    "breaking": true,
    "webz_reporter": false,
    "external_links": [
        "https://static.ffx.io/images/$zoom_0.188%2C$multiply_0.9788%2C$ratio_1.5%2C$width_756%2C$x_0%2C$y_31/t_crop_custom/q_86%2Cf_auto/3be14a3c64453373c364034ca60ab29f8837e569,",
        "https://static.ffx.io/images/$zoom_0.11%2C$multiply_1.545%2C$ratio_1.5%2C$width_756%2C$x_0%2C$y_0/t_crop_custom/q_62%2Cf_auto/72dcb116f34e7e58a0f3e728908d06de79514d50",
        "https://watoday.myfairfax.com.au/channel/cWvEleexy48f-PI5-jlBnw/members/signups/new?callback_uri=",
        "https://static.ffx.io/images/$zoom_0.188%2C$multiply_1.9577%2C$ratio_1.5%2C$width_756%2C$x_0%2C$y_31/t_crop_custom/q_62%2Cf_auto/3be14a3c64453373c364034ca60ab29f8837e569",
        "https://static.ffx.io/images/$zoom_0.188%2C$multiply_1.545%2C$ratio_1.5%2C$width_756%2C$x_0%2C$y_31/t_crop_custom/q_62%2Cf_auto/3be14a3c64453373c364034ca60ab29f8837e569",
        "https://static.ffx.io/images/$zoom_0.11%2C$multiply_0.7725%2C$ratio_1.5%2C$width_756%2C$x_0%2C$y_0/t_crop_custom/q_86%2Cf_auto/72dcb116f34e7e58a0f3e728908d06de79514d50,",
        "https://static.ffx.io/images/$zoom_0.11%2C$multiply_0.7725%2C$ratio_1.5%2C$width_756%2C$x_0%2C$y_0/t_crop_custom/q_86%2Cf_auto/72dcb116f34e7e58a0f3e728908d06de79514d50",
        "https://static.ffx.io/images/$zoom_0.11%2C$multiply_1.0159%2C$ratio_1.5%2C$width_756%2C$x_0%2C$y_0/t_crop_custom/q_86%2Cf_auto/72dcb116f34e7e58a0f3e728908d06de79514d50,",
        "https://www.smh.com.au/link/follow-20170101-p56jh8",
        "https://static.ffx.io/images/$zoom_0.11%2C$multiply_0.9788%2C$ratio_1.5%2C$width_756%2C$x_0%2C$y_0/t_crop_custom/q_86%2Cf_auto/72dcb116f34e7e58a0f3e728908d06de79514d50,",
        "https://static.ffx.io/images/$zoom_0.188%2C$multiply_1.0159%2C$ratio_1.5%2C$width_756%2C$x_0%2C$y_31/t_crop_custom/q_86%2Cf_auto/3be14a3c64453373c364034ca60ab29f8837e569,",
        "https://static.ffx.io/images/$zoom_0.11%2C$multiply_1.9577%2C$ratio_1.5%2C$width_756%2C$x_0%2C$y_0/t_crop_custom/q_62%2Cf_auto/72dcb116f34e7e58a0f3e728908d06de79514d50",
        "https://archive.budget.gov.au/2024-25/factsheets/download/factsheet-fmia.pdf",
        "https://static.ffx.io/images/$zoom_0.188%2C$multiply_0.7725%2C$ratio_1.5%2C$width_756%2C$x_0%2C$y_31/t_crop_custom/q_86%2Cf_auto/3be14a3c64453373c364034ca60ab29f8837e569",
        "https://www.psiquantum.com/",
        "https://static.ffx.io/images/$zoom_0.188%2C$multiply_0.7725%2C$ratio_1.5%2C$width_756%2C$x_0%2C$y_31/t_crop_custom/q_86%2Cf_auto/3be14a3c64453373c364034ca60ab29f8837e569,",
        "https://static.ffx.io/images/$zoom_0.188%2C$multiply_2.0317%2C$ratio_1.5%2C$width_756%2C$x_0%2C$y_31/t_crop_custom/q_62%2Cf_auto/3be14a3c64453373c364034ca60ab29f8837e569",
        "https://static.ffx.io/images/$zoom_0.11%2C$multiply_2.0317%2C$ratio_1.5%2C$width_756%2C$x_0%2C$y_0/t_crop_custom/q_62%2Cf_auto/72dcb116f34e7e58a0f3e728908d06de79514d50",
        "https://www.static.ffx.io/images/$zoom_0.188%2C$multiply_0.7725%2C$ratio_1.5%2C$width_756%2C$x_0%2C$y_31/t_crop_custom/q_86%2Cf_auto/3be14a3c64453373c364034ca60ab29f8837e569,",
        "https://www.psiquantum.com",
        "https://www.static.ffx.io/images/$zoom_0.188%2C$multiply_2.0317%2C$ratio_1.5%2C$width_756%2C$x_0%2C$y_31/t_crop_custom/q_62%2Cf_auto/3be14a3c64453373c364034ca60ab29f8837e569",
        "https://www.archive.budget.gov.au/2024-25/factsheets/download/factsheet-fmia.pdf",
        "https://www.watoday.myfairfax.com.au/channel/cWvEleexy48f-PI5-jlBnw/members/signups/new?callback_uri=",
        "https://www.static.ffx.io/images/$zoom_0.11%2C$multiply_1.9577%2C$ratio_1.5%2C$width_756%2C$x_0%2C$y_0/t_crop_custom/q_62%2Cf_auto/72dcb116f34e7e58a0f3e728908d06de79514d50",
        "https://www.static.ffx.io/images/$zoom_0.188%2C$multiply_1.9577%2C$ratio_1.5%2C$width_756%2C$x_0%2C$y_31/t_crop_custom/q_62%2Cf_auto/3be14a3c64453373c364034ca60ab29f8837e569",
        "https://www.static.ffx.io/images/$zoom_0.11%2C$multiply_0.7725%2C$ratio_1.5%2C$width_756%2C$x_0%2C$y_0/t_crop_custom/q_86%2Cf_auto/72dcb116f34e7e58a0f3e728908d06de79514d50,",
        "https://www.static.ffx.io/images/$zoom_0.11%2C$multiply_1.0159%2C$ratio_1.5%2C$width_756%2C$x_0%2C$y_0/t_crop_custom/q_86%2Cf_auto/72dcb116f34e7e58a0f3e728908d06de79514d50,",
        "https://psiquantum.com/",
        "https://watoday.myfairfax.com.au/channel/cWvEleexy48f-PI5-jlBnw/members/signups/new",
        "https://smh.com.au/link/follow-20170101-p56jh8",
        "https://www.static.ffx.io/images/$zoom_0.188%2C$multiply_0.9788%2C$ratio_1.5%2C$width_756%2C$x_0%2C$y_31/t_crop_custom/q_86%2Cf_auto/3be14a3c64453373c364034ca60ab29f8837e569,",
        "https://www.static.ffx.io/images/$zoom_0.11%2C$multiply_0.9788%2C$ratio_1.5%2C$width_756%2C$x_0%2C$y_0/t_crop_custom/q_86%2Cf_auto/72dcb116f34e7e58a0f3e728908d06de79514d50,",
        "https://www.static.ffx.io/images/$zoom_0.188%2C$multiply_1.0159%2C$ratio_1.5%2C$width_756%2C$x_0%2C$y_31/t_crop_custom/q_86%2Cf_auto/3be14a3c64453373c364034ca60ab29f8837e569,",
        "https://www.static.ffx.io/images/$zoom_0.188%2C$multiply_1.545%2C$ratio_1.5%2C$width_756%2C$x_0%2C$y_31/t_crop_custom/q_62%2Cf_auto/3be14a3c64453373c364034ca60ab29f8837e569",
        "https://www.static.ffx.io/images/$zoom_0.11%2C$multiply_2.0317%2C$ratio_1.5%2C$width_756%2C$x_0%2C$y_0/t_crop_custom/q_62%2Cf_auto/72dcb116f34e7e58a0f3e728908d06de79514d50",
        "https://www.static.ffx.io/images/$zoom_0.11%2C$multiply_1.545%2C$ratio_1.5%2C$width_756%2C$x_0%2C$y_0/t_crop_custom/q_62%2Cf_auto/72dcb116f34e7e58a0f3e728908d06de79514d50",
        "https://www.static.ffx.io/images/$zoom_0.188%2C$multiply_0.7725%2C$ratio_1.5%2C$width_756%2C$x_0%2C$y_31/t_crop_custom/q_86%2Cf_auto/3be14a3c64453373c364034ca60ab29f8837e569",
        "https://www.static.ffx.io/images/$zoom_0.11%2C$multiply_0.7725%2C$ratio_1.5%2C$width_756%2C$x_0%2C$y_0/t_crop_custom/q_86%2Cf_auto/72dcb116f34e7e58a0f3e728908d06de79514d50"
    ],
    "external_images": [],
    "internal_images": [],
    "entities": {
        "persons": [
            {
                "name": "Mark Thompson",
                "sentiment": "none"
            }
        ],
        "locations": [
            {
                "name": "Queensland",
                "sentiment": "none"
            }
        ],
        "organizations": [
            {
                "name": "Macquarie Group",
                "sentiment": "none",
                "tickers": [
                    {
                        "ticker": "MQG",
                        "exchange": "ASX"
                    }
                ]
            },
            {
                "name": "Nvidia",
                "sentiment": "none",
                "tickers": [
                    {
                        "ticker": "NVDA",
                        "exchange": "NASDAQ"
                    }
                ]
            }
        ]
    },
    "syndication": {
        "syndicated": false,
        "syndicate_id": null,
        "first_syndicated": false
    },
    "trust": {
        "categories": [],
        "top_news": [
            "top_news_au",
            "top_news"
        ],
        "bias": null,
        "source": {
            "type": null,
            "city": null,
            "state": null,
            "country": null,
            "domain_type": null,
            "agency": null,
            "organization_name": null
        }
    },
    "rating": null,
    "crawled": "2025-09-11T08:06:11.589+03:00",
    "updated": "2025-09-12T09:09:27.000+03:00"
}