{
    "thread": {
        "uuid": "7f52f97b948a01067059c7d3be1ec590e100ce11",
        "url": "https://www.savings.com.au/news/australian-kids-incomes-grow-faster",
        "site_full": "www.savings.com.au",
        "site": "savings.com.au",
        "site_section": "https://savings.com.au",
        "site_categories": [
            "telecommuting",
            "tax_planning",
            "investing",
            "jobs",
            "finance"
        ],
        "section_title": "Savings.com.au | Financial Comparison & Money Savings Tips",
        "site_title": "Savings.com.au | Financial Comparison & Money Savings Tips",
        "title": "Kids fuelling $623m economy: Spriggy says financially savvy kids on the rise",
        "title_full": "Kids fuelling $623m economy: Spriggy says financially savvy kids on the rise",
        "published": "2025-09-11T08:31:49.310+03:00",
        "replies_count": 0,
        "participants_count": 1,
        "site_type": "news",
        "country": "AU",
        "main_image": "https://www.savings.com.au/dA/b565efd230/kids-income-soar.png",
        "performance_score": 0,
        "domain_rank": 95978,
        "domain_rank_updated": "2025-06-03T00:00:00.000+03:00",
        "licensing_agency": [],
        "social": {
            "facebook": {
                "likes": 0,
                "comments": 0,
                "shares": 0
            },
            "vk": {
                "shares": 0
            }
        }
    },
    "uuid": "7f52f97b948a01067059c7d3be1ec590e100ce11",
    "url": "https://www.savings.com.au/news/australian-kids-incomes-grow-faster",
    "ord_in_thread": 0,
    "author": "@savingscomau",
    "published": "2025-09-11T08:31:49.310+03:00",
    "title": "Kids fuelling $623m economy: Spriggy says financially savvy kids on the rise",
    "text": "A new report from kids' finance app Spriggy shows that kids raked in a total of $286.3 million last year, with their income growing three-times faster than the national average.\nBased on data from 790,000 active child users, Australian kids are now making an average of $50.97 per month - an 11% increase compared to 2024.\nThis growth not only outpaces inflation by more than five times but also surpasses the projected average wage growth in Australia for 2025 by over threefold.\nSpriggy's data also highlights a notable reversal of the gender pay gap among younger generations, showing that girls earn $1.03 for every dollar boys make.\nThis stands in stark contrast to the Workplace Gender Equality Agency's figures, which report that women still earn just 78 cents for every dollar earned by full-time men.\nViral trends and charity drive kids' savings\nViral cultural trends are clearly influencing what children choose to save for, with Labubu plush toys experiencing a staggering 9,600% surge as a popular savings goal. Meanwhile, Japan has become the top destination for family travel dreams.\nAt the same time, children have donated over $1 million to charity, reflecting a growing generation of socially conscious savers.\nJasmin Dayes, Spriggy's Head of Finance, said the findings reveal the distinctive ways Australian kids are engaging with money today.\n\"These results prove kids are far more engaged with money than many people realise,\" she said.\n\"They're not only working hard and saving ambitiously, from family holidays to viral trends, but also showing wonderful generosity, donating over a million dollars in the last year alone.\n\"This is a generation that is both financially aware and socially conscious, which is something worth celebrating.\"\nReady, Set, Buy!\nLearn everything you need to know about buying property – from choosing the right property and home loan, to the purchasing process, tips to save money and more!\nWith bonus Q&A sheet and Crossword!\nprivacy policy",
    "highlightText": "",
    "highlightTitle": "",
    "highlightThreadTitle": "",
    "language": "english",
    "sentiment": "positive",
    "categories": [
        "Economy, Business and Finance"
    ],
    "topics": [
        "Economy, Business and Finance->business strategy and marketing",
        "Economy, Business and Finance->economy",
        "Economy, Business and Finance->financial and economic news"
    ],
    "ai_allow": true,
    "has_canonical": false,
    "breaking": false,
    "webz_reporter": false,
    "external_links": [],
    "external_images": [],
    "internal_images": [],
    "entities": {
        "persons": [],
        "locations": [],
        "organizations": [
            {
                "name": "Workplace Gender Equality Agency",
                "sentiment": "none",
                "tickers": []
            }
        ]
    },
    "syndication": {
        "syndicated": false,
        "syndicate_id": null,
        "first_syndicated": false
    },
    "trust": {
        "categories": [],
        "top_news": [],
        "bias": null,
        "source": {
            "type": null,
            "city": null,
            "state": null,
            "country": null,
            "domain_type": null,
            "agency": null,
            "organization_name": null
        }
    },
    "rating": null,
    "crawled": "2025-09-11T08:31:49.310+03:00",
    "updated": "2025-09-11T08:33:19.000+03:00"
}