{
    "thread": {
        "uuid": "9b60a4eb342ff35eaaf9bd5a23d1447f7bfa648f",
        "url": "https://www.defenseworld.net/2025/09/11/suncor-energy-tsesu-reaches-new-52-week-high-following-insider-buying-activity.html",
        "site_full": "www.defenseworld.net",
        "site": "defenseworld.net",
        "site_section": "https://www.defenseworld.net/feed/atom",
        "site_categories": [
            "media"
        ],
        "section_title": "Defense World",
        "site_title": "Defense World",
        "title": "Suncor Energy (TSE:SU) Reaches New 52-Week High Following Insider Buying Activity - Defense World",
        "title_full": "Suncor Energy (TSE:SU) Reaches New 52-Week High Following Insider Buying Activity - Defense World",
        "published": "2025-09-11T08:34:00.000+03:00",
        "replies_count": 0,
        "participants_count": 1,
        "site_type": "news",
        "country": "US",
        "main_image": "https://www.americanbankingnews.com/wp-content/timthumb/timthumb.php?src=https://www.marketbeat.com/logos/suncor-energy-inc-logo-1200x675.jpg?v=20240529142631&amp;w=240&amp;h=240&amp;zc=2",
        "performance_score": 0,
        "domain_rank": 38342,
        "domain_rank_updated": "2025-06-03T00:00:00.000+03:00",
        "licensing_agency": [],
        "social": {
            "facebook": {
                "likes": 0,
                "comments": 0,
                "shares": 0
            },
            "vk": {
                "shares": 0
            }
        }
    },
    "uuid": "9b60a4eb342ff35eaaf9bd5a23d1447f7bfa648f",
    "url": "https://www.defenseworld.net/2025/09/11/suncor-energy-tsesu-reaches-new-52-week-high-following-insider-buying-activity.html",
    "ord_in_thread": 0,
    "author": "Defense World Staff",
    "published": "2025-09-11T08:34:00.000+03:00",
    "title": "Suncor Energy (TSE:SU) Reaches New 52-Week High Following Insider Buying Activity - Defense World",
    "text": "Suncor Energy Inc. ( TSE:SU – Get Free Report ) (NYSE:SU) reached a new 52-week high during mid-day trading on Wednesday following insider buying activity. The company traded as high as C$58.58 and last traded at C$58.55, with a volume of 10488925 shares trading hands. The stock had previously closed at C$56.78. Specifically, Director Russell Girling bought 10,000 shares of Suncor Energy stock in a transaction dated Thursday, August 14th. The shares were bought at an average price of C$53.48 per share, for a total transaction of C$534,790.00. Following the purchase, the director owned 45,000 shares of the company’s stock, valued at approximately C$2,406,555. This trade represents a 28.57% increase in their ownership of the stock. Several equities research analysts have recently commented on the stock. Jefferies Financial Group boosted their target price on shares of Suncor Energy from C$53.00 to C$57.00 in a research note on Monday, August 18th. ATB Capital boosted their target price on shares of Suncor Energy from C$60.00 to C$62.00 and gave the company a “sector perform” rating in a research note on Thursday, August 7th. TD Securities upped their price target on shares of Suncor Energy from C$62.00 to C$63.00 and gave the stock a “buy” rating in a research report on Wednesday, August 6th. Scotiabank upped their price target on shares of Suncor Energy from C$60.00 to C$62.00 and gave the stock a “sector perform” rating in a research report on Wednesday, August 6th. Finally, Desjardins raised their price target on shares of Suncor Energy from C$64.00 to C$65.00 and gave the company a “buy” rating in a report on Thursday, August 7th. One equities research analyst has rated the stock with a Strong Buy rating, six have issued a Buy rating and five have given a Hold rating to the company’s stock. According to data from MarketBeat.com, the stock has an average rating of “Moderate Buy” and an average target price of C$63.00. Read Our Latest Stock Report on SU The business has a 50 day moving average price of C$54.46 and a two-hundred day moving average price of C$52.17. The company has a debt-to-equity ratio of 33.35, a current ratio of 1.59 and a quick ratio of 0.83. The stock has a market cap of C$71.04 billion, a PE ratio of 12.90, a price-to-earnings-growth ratio of 0.15 and a beta of 0.83. Suncor Energy ( TSE:SU – Get Free Report ) (NYSE:SU) last released its quarterly earnings data on Tuesday, August 5th. The company reported C$0.71 EPS for the quarter. Suncor Energy had a return on equity of 18.10% and a net margin of 15.15%. As a group, equities research analysts forecast that Suncor Energy Inc. will post 4.4208333 EPS for the current fiscal year. The business also recently announced a quarterly dividend, which will be paid on Thursday, September 25th. Investors of record on Thursday, September 25th will be issued a dividend of $0.57 per share. This represents a $2.28 annualized dividend and a yield of 3.9%. The ex-dividend date of this dividend is Thursday, September 4th. Suncor Energy’s dividend payout ratio (DPR) is 49.67%. ( Get Free Report ) Suncor Energy Inc is an integrated energy company. The company’s operations include oil sands development, production and upgrading, offshore oil and gas, petroleum refining in Canada and the U.S. and the company’s PetroCanada retail and wholesale distribution networks. The company is developing petroleum resources while advancing the transition to a low-emissions future through investment in power, renewable fuels and hydrogen.",
    "highlightText": "",
    "highlightTitle": "",
    "highlightThreadTitle": "",
    "language": "english",
    "sentiment": "positive",
    "categories": [
        "Economy, Business and Finance",
        "Politics",
        "Social Issue"
    ],
    "topics": [
        "Economy, Business and Finance->financial and economic news",
        "Economy, Business and Finance->business reporting and performance",
        "Economy, Business and Finance->investment and opinion pieces",
        "Politics->political development",
        "Politics->government",
        "Politics->economic policy",
        "Social Issue->social condition"
    ],
    "ai_allow": true,
    "has_canonical": false,
    "breaking": false,
    "webz_reporter": false,
    "external_links": [
        "https://marketbeat.com/scripts/336x280AdNewsSites.ashx",
        "https://www.marketbeat.com/arnreports/ReportTickerOptin.aspx?RegistrationCode=TickerHyperlink&Prefix=TSE&Symbol=SU",
        "https://www.marketbeat.com/stocks/TSE/SU/",
        "https://marketbeat.com/stocks/TSE/SU/",
        "https://www.marketbeat.com/scripts/336x280AdNewsSites.ashx",
        "https://www.marketbeat.com/stocks/TSE/SU",
        "https://marketbeat.com/arnreports/ReportTickerOptin.aspx?RegistrationCode=TickerHyperlink&Prefix=TSE&Symbol=SU",
        "https://www.marketbeat.com/arnreports/ReportTickerOptin.aspx"
    ],
    "external_images": [],
    "internal_images": [],
    "entities": {
        "persons": [
            {
                "name": "Russell Girling",
                "sentiment": "none"
            }
        ],
        "locations": [],
        "organizations": [
            {
                "name": "Suncor Energy Inc.",
                "sentiment": "negative",
                "tickers": []
            },
            {
                "name": "Jefferies Financial Group",
                "sentiment": "none",
                "tickers": [
                    {
                        "ticker": "JEF",
                        "exchange": "NYSE"
                    }
                ]
            }
        ]
    },
    "syndication": {
        "syndicated": false,
        "syndicate_id": "9b60a4eb342ff35eaaf9bd5a23d1447f7bfa648f",
        "first_syndicated": true
    },
    "trust": {
        "categories": [],
        "top_news": [],
        "bias": null,
        "source": {
            "type": null,
            "city": null,
            "state": null,
            "country": null,
            "domain_type": null,
            "agency": null,
            "organization_name": null
        }
    },
    "rating": null,
    "crawled": "2025-09-11T09:30:26.416+03:00",
    "updated": "2025-09-11T09:34:55.000+03:00"
}