{
    "thread": {
        "uuid": "e7e477ca86d7b6a466e77e483e45dfe816687bd5",
        "url": "https://techfundingnews.com/europe-rocketship-unicorns-closing-us-speed-gap/",
        "site_full": "techfundingnews.com",
        "site": "techfundingnews.com",
        "site_section": "https://techfundingnews.com/category/health",
        "site_categories": [],
        "section_title": "Healthtech News &#8212; Tech Funding News",
        "site_title": "Tech Funding News | Global technology startup funding news",
        "title": "Europe's rocketship unicorns: 14 startups, $1B valuations, Silicon Valley AI speed",
        "title_full": "Europe's rocketship unicorns: 14 startups, $1B valuations, Silicon Valley AI speed",
        "published": "2025-09-11T08:01:00.000+03:00",
        "replies_count": 0,
        "participants_count": 1,
        "site_type": "news",
        "country": "US",
        "main_image": "https://techfundingnews.com/wp-content/uploads/2025/09/Christoph-Klink-Partner-at-Antler.png",
        "performance_score": 0,
        "domain_rank": 80250,
        "domain_rank_updated": "2025-06-03T00:00:00.000+03:00",
        "licensing_agency": [],
        "social": {
            "facebook": {
                "likes": 0,
                "comments": 0,
                "shares": 0
            },
            "vk": {
                "shares": 0
            }
        }
    },
    "uuid": "e7e477ca86d7b6a466e77e483e45dfe816687bd5",
    "url": "https://techfundingnews.com/europe-rocketship-unicorns-closing-us-speed-gap/",
    "ord_in_thread": 0,
    "author": "Sofia Chesnokova",
    "published": "2025-09-11T08:01:00.000+03:00",
    "title": "Europe's rocketship unicorns: 14 startups, $1B valuations, Silicon Valley AI speed",
    "text": "Europe’s tech scene is evolving faster than many expected. A new wave of “rocketship” unicorns (startups founded since 2020) is not only scaling faster and more efficiently but also closing the long-standing gap with their US counterparts.\nAccording to Antler’s latest report, these European companies have slashed the time to reach billion-dollar valuations from over seven years to around two.\nBut what’s driving this shift? .\nThe new engines of speed: AI and technical founders\nThe pace of growth is being driven by two key forces: the rise of AI-powered tools and a surge in technically savvy founders.\nIn a conversation with TFN, Christoph Klink, Partner at Antler, explains, “We see two main drivers behind the increasing speed of execution across European unicorns: AI and technical founders.”\nHe highlights how AI has “decreased the cost of building software and the resources required to develop products,” with 85% of startups using AI platforms for their MVPs and a 3x increase in such usage over five years. This leap “levels the playing field for European startups” to compete with more capital-heavy US companies.\nBut technology alone isn’t enough. Klink points to a fundamental shift in who’s steering these startups. “Data shows that the most successful and fastest-growing tech companies in the world are almost universally built by founders with technical backgrounds. And historically, Europe has always fallen behind the US when it comes to producing technical founders. But in the last couple of years, that has changed massively.\nEurope now has a higher rate of technical founders running unicorns than the US. And while the sample is still small, we see an even bigger wave of technical founders forming right from inception. Between 2023 and 2025, the number of AI engineers becoming founders has increased by 14x. And since 2022, the number of AI founders has increased by 4x.”\nEurope’s academic institutions are a key part of this momentum. Klink cites Cambridge (ElevenLabs, Helsing), KTH Royal Institute of Technology (Lovable, Neko Health), and École Polytechnique (Mistral) as top talent incubators feeding this new generation of founders.\nLocal capital and rising momentum\nBacking this new generation is a growing base of European venture capital. Sixty-seven per cent of the funding for these rocketships comes from European VCs, and firms like Accel lead the pack by backing multiple unicorns. Early-stage companies in Antler’s portfolio are achieving revenue milestones three times faster than they were just a few years ago, with first-year revenues often 5 to 10 times higher.\nStill, challenges persist, particularly in terms of diversity and geography. Klink shares, “Only one AI unicorn founder in Europe is a stark reminder of the scale of this discrepancy. There aren’t easy or immediate solutions, but we need more women to start scaling companies, greater investment into companies with women founders, and the entire ecosystem needs to do more to encourage more women to become engineers – and that process begins from education onwards.”\nGeographically, some ecosystems are outpacing others. London, long Europe’s tech capital, is losing ground to hubs like Stockholm and Paris. “London has clearly lost momentum to Stockholm and Paris when it comes to building AI unicorns. This is down to a combination of factors: access to talent post-Brexit, Government support that didn’t materialise as quickly as in France and an over-dependence on fintech,” Klink adds.\nThe Lovable effect and cultural shift\nEurope’s fastest-growing software company, Lovable, has become a symbol of the new possibilities.\nKlink describes the “Lovable Effect” as a cultural shift where “it just takes one company to break the cycle and change expectations about what’s achievable in Europe. These new ‘rocketships’, led by the extraordinary success of Lovable as the fastest growing software company in the world, have shown that you can absolutely scale a tech company as quickly in Europe as anywhere else in the world.”\nThis has reshaped founder priorities. For the first time, European startups view the speed of execution as a greater challenge than fundraising, shifting their focus squarely onto rapid revenue growth and operational discipline.\nAntler’s analysis paints a confident picture: Europe’s new breed of rocketship unicorns is reshaping the startup narrative. While challenges around diversity and ecosystem maturity remain, the pace and quality of Europe’s tech founders suggest the region is ready to compete on the global stage.",
    "highlightText": "",
    "highlightTitle": "",
    "highlightThreadTitle": "",
    "language": "english",
    "sentiment": "positive",
    "categories": [
        "Economy, Business and Finance",
        "Science and Technology",
        "Social Issue"
    ],
    "topics": [
        "Economy, Business and Finance->business strategy and marketing",
        "Economy, Business and Finance->financial and economic news",
        "Economy, Business and Finance->investment and opinion pieces",
        "Science and Technology->scientific research",
        "Science and Technology->technology and engineering",
        "Science and Technology->biomedical science",
        "Social Issue->demographics",
        "Social Issue->social networking"
    ],
    "ai_allow": true,
    "has_canonical": false,
    "breaking": null,
    "webz_reporter": false,
    "external_links": [
        "https://de.linkedin.com/in/christoph-klink-a0ab44b5",
        "https://www.de.linkedin.com/in/christoph-klink-a0ab44b5"
    ],
    "external_images": [],
    "internal_images": [],
    "entities": {
        "persons": [
            {
                "name": "Christoph Klink",
                "sentiment": "none"
            }
        ],
        "locations": [
            {
                "name": "Europe",
                "sentiment": "none"
            }
        ],
        "organizations": [
            {
                "name": "TFN",
                "sentiment": "none",
                "tickers": []
            }
        ]
    },
    "syndication": {
        "syndicated": false,
        "syndicate_id": null,
        "first_syndicated": false
    },
    "trust": {
        "categories": [],
        "top_news": [],
        "bias": null,
        "source": {
            "type": null,
            "city": null,
            "state": null,
            "country": null,
            "domain_type": null,
            "agency": null,
            "organization_name": null
        }
    },
    "rating": null,
    "crawled": "2025-09-11T09:03:46.813+03:00",
    "updated": "2025-09-11T09:08:35.000+03:00"
}