{
    "thread": {
        "uuid": "42bb3cde90f1f706ff70db14f9e7fee73ca19cd6",
        "url": "https://www.naturalgasintel.com:443/news/natural-gas-forward-prices-strengthen-as-storage-declines-seen-accelerating-into-march",
        "site_full": "www.naturalgasintel.com",
        "site": "naturalgasintel.com",
        "site_section": "https://www.naturalgasintel.com:443",
        "site_categories": [
            "media",
            "financial_news",
            "finance"
        ],
        "section_title": "Natural Gas Intelligence - Key natural gas price index data and news",
        "title": "Natural Gas Forward Prices Strengthen as Storage Declines Seen Accelerating into March",
        "title_full": "Natural Gas Forward Prices Strengthen as Storage Declines Seen Accelerating into March",
        "published": "2025-02-20T23:59:00.000+02:00",
        "replies_count": 0,
        "participants_count": 1,
        "site_type": "news",
        "country": "US",
        "main_image": "https://apppack-app-naturalgasintel-prod-publics3bucket-8jv5bxjtvpgq.s3.amazonaws.com/images/Northeast-Regional-Curve-20250220.width-900.format-webp.webp",
        "performance_score": 0,
        "domain_rank": 39868,
        "domain_rank_updated": "2025-02-17T23:00:00.000+02:00",
        "social": {
            "facebook": {
                "likes": 0,
                "comments": 0,
                "shares": 0
            },
            "vk": {
                "shares": 0
            }
        }
    },
    "uuid": "42bb3cde90f1f706ff70db14f9e7fee73ca19cd6",
    "url": "https://www.naturalgasintel.com:443/news/natural-gas-forward-prices-strengthen-as-storage-declines-seen-accelerating-into-march",
    "ord_in_thread": 0,
    "parent_url": null,
    "author": "@NGInews",
    "published": "2025-02-20T23:59:00.000+02:00",
    "title": "Natural Gas Forward Prices Strengthen as Storage Declines Seen Accelerating into March",
    "text": "Natural gas forward prices gained ground during the Feb. 13-19 trading period, with robust heating and LNG demand on track to widen storage deficits in the final weeks of peak withdrawal season.\nAverage March fixed prices rose by 63.1 cents during the period to reach $4.113/MMBtu, with gains led by the Northeast, NGI’s Forward Look data show.\nAlgonquin Citygate increased to $8.787, up $1.652 for the six-day span. Iroquois Zone 2 gained $1.652 to reach $7.987. West Texas was an outlier, with Permian Basin Waha falling 31.7 cents to $1.325.",
    "highlightText": "",
    "highlightTitle": "",
    "highlightThreadTitle": "",
    "language": "english",
    "sentiment": "positive",
    "categories": [
        "Economy, Business and Finance"
    ],
    "topics": [
        "Economy, Business and Finance->financial and economic news",
        "Economy, Business and Finance->energy and resource"
    ],
    "ai_allow": true,
    "has_canonical": false,
    "breaking": false,
    "webz_reporter": false,
    "external_links": [],
    "external_images": [],
    "entities": {
        "persons": [],
        "organizations": [],
        "locations": [
            {
                "name": "Permian Basin Waha",
                "sentiment": "none"
            }
        ]
    },
    "syndication": {
        "syndicated": false,
        "syndicate_id": null,
        "first_syndicated": false
    },
    "trust": null,
    "rating": null,
    "crawled": "2025-02-21T00:34:47.766+02:00",
    "updated": "2025-02-21T00:34:47.766+02:00"
}