{
    "thread": {
        "uuid": "b4eb79aa61bb09354136a425b8befe71ef2b8d08",
        "url": "https://seekingalpha.com/article/4760412-celsius-holdings-stock-surged-30-percent-post-earnings-deep-dive-into-the-numbers",
        "site_full": "seekingalpha.com",
        "site": "seekingalpha.com",
        "site_section": "https://stockanalysis.com/news",
        "site_categories": [
            "investing",
            "financial_news",
            "finance",
            "mutual_funds"
        ],
        "section_title": "Today's Stock Market News and Breaking Stories",
        "title": "Celsius Holdings: Stock Surged 30% Post Earnings, Deep Dive Into The Numbers",
        "title_full": "Celsius Holdings: Stock Surged 30% Post Earnings, Deep Dive Into The Numbers",
        "published": "2025-02-21T02:15:00.000+02:00",
        "replies_count": 0,
        "participants_count": 1,
        "site_type": "news",
        "country": "US",
        "main_image": "https://static.seekingalpha.com/cdn/s3/uploads/getty_images/93296103/image_93296103.jpg?io=getty-c-w1536",
        "performance_score": 0,
        "domain_rank": 1131,
        "domain_rank_updated": "2025-02-17T23:00:00.000+02:00",
        "social": {
            "facebook": {
                "likes": 0,
                "comments": 0,
                "shares": 0
            },
            "vk": {
                "shares": 0
            }
        }
    },
    "uuid": "b4eb79aa61bb09354136a425b8befe71ef2b8d08",
    "url": "https://seekingalpha.com/article/4760412-celsius-holdings-stock-surged-30-percent-post-earnings-deep-dive-into-the-numbers",
    "ord_in_thread": 0,
    "parent_url": null,
    "author": "Leon Laake",
    "published": "2025-02-21T02:15:00.000+02:00",
    "title": "Celsius Holdings: Stock Surged 30% Post Earnings, Deep Dive Into The Numbers",
    "text": "Introduction\nCelsius Holdings, Inc. (NASDAQ:CELH) announced its Q4 2024 earnings report today after the close. In the after-hour trading session, the stock first sold off quite substantially, down 9%. This was after The Wall\nCelsius Holdings, Inc. (NASDAQ:CELH) announced its Q4 2024 earnings report today after the close. In the after-hour trading session, the stock first sold off quite substantially, down 9%. This was after The Wall\nAnalyst’s Disclosure: I/we have a beneficial long position in the shares of CELH either through stock ownership, options, or other derivatives. I wrote this article myself, and it expresses my own opinions. I am not receiving compensation for it (other than from Seeking Alpha). I have no business relationship with any company whose stock is mentioned in this article.\nSeeking Alpha's Disclosure: Past performance is no guarantee of future results. No recommendation or advice is being given as to whether any investment is suitable for a particular investor. Any views or opinions expressed above may not reflect those of Seeking Alpha as a whole. Seeking Alpha is not a licensed securities dealer, broker or US investment adviser or investment bank. Our analysts are third party authors that include both professional investors and individual investors who may not be licensed or certified by any institute or regulatory body.",
    "highlightText": "",
    "highlightTitle": "",
    "highlightThreadTitle": "",
    "language": "english",
    "sentiment": "positive",
    "categories": [
        "Economy, Business and Finance",
        "Human Interest",
        "Politics"
    ],
    "topics": [
        "Economy, Business and Finance->financial and economic news",
        "Economy, Business and Finance->business reporting and performance"
    ],
    "ai_allow": true,
    "has_canonical": false,
    "breaking": false,
    "webz_reporter": false,
    "external_links": [
        "https://www.wsj.com/business/deals/celsius-to-buy-energy-drink-rival-for-1-8-billion-a1618105",
        "https://wsj.com/business/deals/celsius-to-buy-energy-drink-rival-for-1-8-billion-a1618105"
    ],
    "external_images": [],
    "entities": {
        "persons": [],
        "organizations": [
            {
                "name": "Wall\nCelsius Holdings",
                "sentiment": "none"
            }
        ],
        "locations": []
    },
    "syndication": {
        "syndicated": false,
        "syndicate_id": null,
        "first_syndicated": false
    },
    "trust": null,
    "rating": null,
    "crawled": "2025-02-21T02:34:40.394+02:00",
    "updated": "2025-02-21T02:34:40.394+02:00"
}