{
    "thread": {
        "uuid": "57af303091c9312386c19c6deb22ba64fe7581ae",
        "url": "https://flipboard.com/topic/operatingsystems/zoom-goes-down-across-the-globe---what-we-know-about-the-outage-so-far/a-zzbx3RMWTaWz7F-fQ5KnIw%3Aa%3A221841707-c627bddb58%2Fzdnet.com",
        "site_full": "flipboard.com",
        "site": "flipboard.com",
        "site_section": "https://flipboard.com/topic/operatingsystems",
        "site_categories": [
            "family_and_parenting",
            "eldercare"
        ],
        "section_title": "Discover More in Operating Systems on Flipboard",
        "site_title": "Flipboard: Your Social Magazine",
        "title": "Zoom goes down across the globe - what we know about the outage so far | Flipboard",
        "title_full": "Zoom goes down across the globe - what we know about the outage so far | Flipboard",
        "published": "2025-04-17T00:05:00.000+03:00",
        "replies_count": 0,
        "participants_count": 1,
        "site_type": "news",
        "country": "US",
        "main_image": "https://ic-cdn.flipboard.com/zdnet.com/fe7d8274077523acf5bee731a7f7125a0ca83d24/_medium.jpeg",
        "performance_score": 0,
        "domain_rank": 1236,
        "domain_rank_updated": "2025-04-15T00:00:00.000+03:00",
        "licensing_agency": [],
        "social": {
            "facebook": {
                "likes": 0,
                "comments": 0,
                "shares": 0
            },
            "vk": {
                "shares": 0
            }
        }
    },
    "uuid": "57af303091c9312386c19c6deb22ba64fe7581ae",
    "url": "https://flipboard.com/topic/operatingsystems/zoom-goes-down-across-the-globe---what-we-know-about-the-outage-so-far/a-zzbx3RMWTaWz7F-fQ5KnIw%3Aa%3A221841707-c627bddb58%2Fzdnet.com",
    "ord_in_thread": 0,
    "author": "ZDNET - Artie Beaty",
    "published": "2025-04-17T00:05:00.000+03:00",
    "title": "Zoom goes down across the globe - what we know about the outage so far | Flipboard",
    "text": "Zoom goes down across the globe - what we know about the outage so far The popular virtual meeting service has been hit with a major outage. Time to call it a day? If you need a sign to call it quits early today, this …\nZDNET - Artie Beaty • 37m",
    "highlightText": "",
    "highlightTitle": "",
    "highlightThreadTitle": "",
    "language": "english",
    "sentiment": "negative",
    "categories": [
        "Science and Technology",
        "Social Issue",
        "Economy, Business and Finance"
    ],
    "topics": [
        "Science and Technology->information technology and computer science",
        "Science and Technology->technology and engineering",
        "Social Issue->social networking",
        "Social Issue->social services",
        "Economy, Business and Finance->business service",
        "Economy, Business and Finance->financial and economic news",
        "Economy, Business and Finance->computing and information technology"
    ],
    "ai_allow": true,
    "has_canonical": false,
    "breaking": false,
    "webz_reporter": false,
    "external_links": [],
    "entities": {
        "persons": [
            {
                "name": "Artie Beaty",
                "sentiment": "none"
            }
        ],
        "locations": [],
        "organizations": [
            {
                "name": "ZDNET",
                "sentiment": "none",
                "tickers": []
            }
        ]
    },
    "syndication": {
        "syndicated": false,
        "syndicate_id": null,
        "first_syndicated": false
    },
    "trust": {
        "categories": [],
        "bias": null,
        "source": {
            "type": null,
            "city": null,
            "state": null,
            "country": null,
            "domain_type": null,
            "agency": null,
            "organization_name": null
        }
    },
    "rating": null,
    "crawled": "2025-04-17T00:45:16.932+03:00",
    "updated": "2025-04-17T00:45:16.932+03:00"
}