{
    "thread": {
        "uuid": "19b399a55accffb6e1e4d525f4da526bdf7c8db7",
        "url": "https://www.newstalkzb.co.nz/news/business/inflation-rises-to-25",
        "site_full": "www.newstalkzb.co.nz",
        "site": "newstalkzb.co.nz",
        "site_section": "https://www.newstalkzb.co.nz/news",
        "site_categories": [
            "media"
        ],
        "section_title": "Latest News from New Zealand and around the World",
        "site_title": "Newstalk ZB",
        "title": "Inflation rises to 2.5%",
        "title_full": "Inflation rises to 2.5%",
        "published": "2025-04-17T02:09:09.956+03:00",
        "replies_count": 0,
        "participants_count": 1,
        "site_type": "news",
        "country": "NZ",
        "main_image": "https://www.newstalkzb.co.nz/media/mlkc2l4e/inflation-economy-getty.jpg?rmode=crop&v=1db224652bc7860&height=395&width=635&quality=95&scale=both",
        "performance_score": 0,
        "domain_rank": 22116,
        "domain_rank_updated": "2025-04-15T00:00:00.000+03:00",
        "licensing_agency": [],
        "social": {
            "facebook": {
                "likes": 0,
                "comments": 0,
                "shares": 0
            },
            "vk": {
                "shares": 0
            }
        }
    },
    "uuid": "19b399a55accffb6e1e4d525f4da526bdf7c8db7",
    "url": "https://www.newstalkzb.co.nz/news/business/inflation-rises-to-25",
    "ord_in_thread": 0,
    "author": "ZB",
    "published": "2025-04-17T02:09:09.956+03:00",
    "title": "Inflation rises to 2.5%",
    "text": "Inflation is officially on the rise again.\nLatest Stats NZ figures show the Consumers Price Index rose 2.5 percent in the year to March.\nThat's up from a 2.2 percent rise in the year to December.\nMore to come\nTake your Radio, Podcasts and Music with you",
    "highlightText": "",
    "highlightTitle": "",
    "highlightThreadTitle": "",
    "language": "english",
    "sentiment": "negative",
    "categories": [
        "Economy, Business and Finance",
        "Social Issue"
    ],
    "topics": [
        "Economy, Business and Finance->financial and economic news",
        "Economy, Business and Finance->macro economics",
        "Social Issue->social condition",
        "Social Issue->population and census"
    ],
    "ai_allow": true,
    "has_canonical": false,
    "breaking": false,
    "webz_reporter": false,
    "external_links": [],
    "entities": {
        "persons": [],
        "locations": [],
        "organizations": []
    },
    "syndication": {
        "syndicated": false,
        "syndicate_id": null,
        "first_syndicated": false
    },
    "trust": {
        "categories": [],
        "bias": null,
        "source": {
            "type": null,
            "city": null,
            "state": null,
            "country": null,
            "domain_type": null,
            "agency": null,
            "organization_name": null
        }
    },
    "rating": null,
    "crawled": "2025-04-17T02:09:09.956+03:00",
    "updated": "2025-04-17T02:09:09.956+03:00"
}