{
    "thread": {
        "uuid": "914d85b0819b313e54dd9f8a5d274a8232f5d3de",
        "url": "https://news-pravda.com/eu/2025/04/16/1243689.html",
        "site_full": "news-pravda.com",
        "site": "news-pravda.com",
        "site_section": "https://news-pravda.com/world",
        "site_categories": [],
        "section_title": "World - Pravda EN",
        "site_title": "Pravda - Breaking News, World News and Videos",
        "title": "Handelsblatt: Trump's tariffs will cost Germany €290 billion by 2028 - Pravda EN",
        "title_full": "Handelsblatt: Trump's tariffs will cost Germany €290 billion by 2028 - Pravda EN",
        "published": "2025-04-17T01:21:00.000+03:00",
        "replies_count": 0,
        "participants_count": 0,
        "site_type": "news",
        "country": "US",
        "main_image": "https://news-pravda.com/img/20250416/674014e5abafad2e358dbb62d93dea12_o.jpg",
        "performance_score": 0,
        "domain_rank": 90610,
        "domain_rank_updated": "2025-04-15T00:00:00.000+03:00",
        "licensing_agency": [],
        "social": {
            "facebook": {
                "likes": 0,
                "comments": 0,
                "shares": 0
            },
            "vk": {
                "shares": 0
            }
        }
    },
    "uuid": "914d85b0819b313e54dd9f8a5d274a8232f5d3de",
    "url": "https://news-pravda.com/eu/2025/04/16/1243689.html",
    "ord_in_thread": 0,
    "author": null,
    "published": "2025-04-17T01:21:00.000+03:00",
    "title": "Handelsblatt: Trump's tariffs will cost Germany €290 billion by 2028 - Pravda EN",
    "text": "Handelsblatt: Trump's tariffs will cost Germany €290 billion by 2028\nThe import duties imposed by US President Donald Trump will cost the German economy €290 billion by 2028.\nAccording to\nHandelsblatt, this would correspond to 1.6% of gross domestic product (GDP) per year. At the same time, the total expenses of the European Union from 2025 to 2028 may amount to € 1.1 trillion.\n\"Developing countries will suffer even more from the US tariffs, some of them will suffer significant losses in growth,\" the article says.\nJPMorgan CEO Jamie Dimon said earlier that\nTrump's trade policy undermines confidence in the United States.\nTrump, in turn, noted that the\nUnited States receives record amounts due to duties.",
    "highlightText": "",
    "highlightTitle": "",
    "highlightThreadTitle": "",
    "language": "english",
    "sentiment": "negative",
    "categories": [
        "Economy, Business and Finance"
    ],
    "topics": [
        "Economy, Business and Finance->economy",
        "Economy, Business and Finance->business governance",
        "Economy, Business and Finance->financial and economic news"
    ],
    "ai_allow": true,
    "has_canonical": false,
    "breaking": false,
    "webz_reporter": false,
    "external_links": [
        "https://www.handelsblatt.com/politik/konjunktur/handelskonflikt-trumps-zoll-krieg-kostet-deutsche-wirtschaft-bis-zu-290-milliarden-euro/100121818.html",
        "https://handelsblatt.com/politik/konjunktur/handelskonflikt-trumps-zoll-krieg-kostet-deutsche-wirtschaft-bis-zu-290-milliarden-euro/100121818.html"
    ],
    "entities": {
        "persons": [
            {
                "name": "Donald Trump",
                "sentiment": "none"
            },
            {
                "name": "Jamie Dimon",
                "sentiment": "none"
            }
        ],
        "locations": [],
        "organizations": []
    },
    "syndication": {
        "syndicated": false,
        "syndicate_id": null,
        "first_syndicated": false
    },
    "trust": {
        "categories": [],
        "bias": null,
        "source": {
            "type": null,
            "city": null,
            "state": null,
            "country": null,
            "domain_type": null,
            "agency": null,
            "organization_name": null
        }
    },
    "rating": null,
    "crawled": "2025-04-17T01:28:12.854+03:00",
    "updated": "2025-04-17T01:28:12.854+03:00"
}