{
    "thread": {
        "uuid": "3f342eb8975b3ecc38ceaddd547e39356ae9cfcb",
        "url": "https://in.marketscreener.com/quote/stock/CSX-CORPORATION-25500636/news/Railroad-operator-CSX-misses-quarterly-estimates-as-coal-revenue-falls-49639038",
        "site_full": "in.marketscreener.com",
        "site": "marketscreener.com",
        "site_section": "https://in.marketscreener.com/news/companies/",
        "site_categories": [],
        "section_title": "Stock Market Listed Companies News - MarketScreener India",
        "site_title": null,
        "title": "Railroad operator CSX misses quarterly estimates as coal revenue falls | MarketScreener India",
        "title_full": "Railroad operator CSX misses quarterly estimates as coal revenue falls | MarketScreener India",
        "published": "2025-04-17T00:08:00.000+03:00",
        "replies_count": 0,
        "participants_count": 1,
        "site_type": "news",
        "country": "IN",
        "main_image": "https://cdn.zonebourse.com/static/resize/0/0//images/reuters/2025-04/2025-04-16T210845Z_1_LYNXMPEL3F10D_RTROPTP_4_USA-DAILYLIFE.JPG",
        "performance_score": 0,
        "domain_rank": 3591,
        "domain_rank_updated": "2025-04-15T00:00:00.000+03:00",
        "licensing_agency": [],
        "social": {
            "facebook": {
                "likes": 0,
                "comments": 0,
                "shares": 0
            },
            "vk": {
                "shares": 0
            }
        }
    },
    "uuid": "3f342eb8975b3ecc38ceaddd547e39356ae9cfcb",
    "url": "https://in.marketscreener.com/quote/stock/CSX-CORPORATION-25500636/news/Railroad-operator-CSX-misses-quarterly-estimates-as-coal-revenue-falls-49639038",
    "ord_in_thread": 0,
    "author": "MarketScreener India",
    "published": "2025-04-17T00:08:00.000+03:00",
    "title": "Railroad operator CSX misses quarterly estimates as coal revenue falls | MarketScreener India",
    "text": "(Reuters) - Railroad operator CSX reported first-quarter revenue and profit below Wall Street estimates on Wednesday, as gains in intermodal were offset by a decline in coal revenue and fuel surcharge.\nDemand for coal has been hampered by consumers switching to cheaper natural gas stockpiles for energy, but that trend is expected to change after U.S. President Donald Trump signed executive orders earlier this month aiming to boost coal production.\n\"CSX faced operational challenges to start the year, which contributed to first quarter results that did not meet our expectations,\" CEO Joe Hinrichs said in a statement.\nIntermodal shipping, which involves two or more means of transportation for goods, saw a 2.1% rise in volume during the quarter, while that of coal fell 8.5%.\nThe company reported revenue of $3.42 billion for the quarter ended March 31, below analysts' estimate of $3.47 billion, according to data compiled by LSEG.\nIt reported a profit of 34 cents per share, also missing expectations of 37 cents.\nCSX's operating margin for the quarter was 30.4%, down from the 36.3% it posted a year ago.\nShares of the Jacksonville, Florida-based company were marginally down in after-hours trading.\n(Reporting by Anshuman Tripathy and Utkarsh Shetti in Bengaluru; Editing by Maju Samuel)\nShare © Reuters - 2025",
    "highlightText": "",
    "highlightTitle": "",
    "highlightThreadTitle": "",
    "language": "english",
    "sentiment": "negative",
    "categories": [
        "Economy, Business and Finance",
        "Politics",
        "Social Issue"
    ],
    "topics": [
        "Economy, Business and Finance->financial and economic news",
        "Economy, Business and Finance->business reporting and performance",
        "Politics->economic policy",
        "Politics->government",
        "Politics->political development",
        "Social Issue->social networking",
        "Social Issue->social condition"
    ],
    "ai_allow": true,
    "has_canonical": false,
    "breaking": false,
    "webz_reporter": false,
    "external_links": [
        "https://www.linkedin.com/shareArticle?mini=true&url=https%3A%2F%2Fwww.marketscreener.com%2Fquote%2Fstock%2FCSX-CORPORATION-25500636%2Fnews%2FRailroad-operator-CSX-misses-quarterly-estimates-as-coal-revenue-falls-49639038%2F%3Futm_source%3Dlinkedin%26utm_medium%3Dsocial%26utm_campaign%3Dshare&title=Railroad",
        "https://cdn.zonebourse.com/static/resize/464/261//images/reuters/2025-04/2025-04-16T210845Z_1_LYNXMPEL3F10D_RTROPTP_4_USA-DAILYLIFE.JPG",
        "https://twitter.com/intent/tweet?text=Railroad",
        "https://www.facebook.com/sharer/sharer.php?u=https%3A%2F%2Fwww.marketscreener.com%2Fquote%2Fstock%2FCSX-CORPORATION-25500636%2Fnews%2FRailroad-operator-CSX-misses-quarterly-estimates-as-coal-revenue-falls-49639038%2F%3Futm_source%3Dfacebook%26utm_medium%3Dsocial%26utm_campaign%3Dshare",
        "https://wa.me/?text=https%3A%2F%2Fwww.marketscreener.com%2Fquote%2Fstock%2FCSX-CORPORATION-25500636%2Fnews%2FRailroad-operator-CSX-misses-quarterly-estimates-as-coal-revenue-falls-49639038%2F%3Futm_source%3Dwhatsapp%26utm_medium%3Dsocial%26utm_campaign%3Dshare",
        "https://telegram.me/share/url?url=https%3A%2F%2Fwww.marketscreener.com%2Fquote%2Fstock%2FCSX-CORPORATION-25500636%2Fnews%2FRailroad-operator-CSX-misses-quarterly-estimates-as-coal-revenue-falls-49639038%2F%3Futm_source%3Dtelegram%26utm_medium%3Dsocial%26utm_campaign%3Dshare",
        "https://facebook.com/sharer/sharer.php?u=https%3A%2F%2Fwww.marketscreener.com%2Fquote%2Fstock%2FCSX-CORPORATION-25500636%2Fnews%2FRailroad-operator-CSX-misses-quarterly-estimates-as-coal-revenue-falls-49639038%2F%3Futm_source%3Dfacebook%26utm_medium%3Dsocial%26utm_campaign%3Dshare",
        "https://www.twitter.com/intent/tweet?text=Railroad",
        "https://telegram.me/share/url",
        "https://www.wa.me/?text=https%3A%2F%2Fwww.marketscreener.com%2Fquote%2Fstock%2FCSX-CORPORATION-25500636%2Fnews%2FRailroad-operator-CSX-misses-quarterly-estimates-as-coal-revenue-falls-49639038%2F%3Futm_source%3Dwhatsapp%26utm_medium%3Dsocial%26utm_campaign%3Dshare",
        "https://wa.me/",
        "https://www.facebook.com/sharer/sharer.php",
        "https://www.linkedin.com/shareArticle",
        "https://linkedin.com/shareArticle?mini=true&url=https%3A%2F%2Fwww.marketscreener.com%2Fquote%2Fstock%2FCSX-CORPORATION-25500636%2Fnews%2FRailroad-operator-CSX-misses-quarterly-estimates-as-coal-revenue-falls-49639038%2F%3Futm_source%3Dlinkedin%26utm_medium%3Dsocial%26utm_campaign%3Dshare&title=Railroad",
        "https://www.telegram.me/share/url?url=https%3A%2F%2Fwww.marketscreener.com%2Fquote%2Fstock%2FCSX-CORPORATION-25500636%2Fnews%2FRailroad-operator-CSX-misses-quarterly-estimates-as-coal-revenue-falls-49639038%2F%3Futm_source%3Dtelegram%26utm_medium%3Dsocial%26utm_campaign%3Dshare",
        "https://twitter.com/intent/tweet",
        "https://www.cdn.zonebourse.com/static/resize/464/261//images/reuters/2025-04/2025-04-16T210845Z_1_LYNXMPEL3F10D_RTROPTP_4_USA-DAILYLIFE.JPG"
    ],
    "entities": {
        "persons": [
            {
                "name": "Joe Hinrichs",
                "sentiment": "none"
            },
            {
                "name": "Donald Trump",
                "sentiment": "none"
            }
        ],
        "locations": [],
        "organizations": [
            {
                "name": "Reuters",
                "sentiment": "negative",
                "tickers": [
                    {
                        "ticker": "TRI",
                        "exchange": "NASDAQ"
                    }
                ]
            },
            {
                "name": "CSX",
                "sentiment": "negative",
                "tickers": []
            }
        ]
    },
    "syndication": {
        "syndicated": false,
        "syndicate_id": "3f342eb8975b3ecc38ceaddd547e39356ae9cfcb",
        "first_syndicated": true
    },
    "trust": {
        "categories": [],
        "bias": null,
        "source": {
            "type": null,
            "city": null,
            "state": null,
            "country": null,
            "domain_type": null,
            "agency": null,
            "organization_name": null
        }
    },
    "rating": null,
    "crawled": "2025-04-17T00:12:39.768+03:00",
    "updated": "2025-04-17T00:12:39.768+03:00"
}