{
    "thread": {
        "uuid": "d329f7482738c2ac4d837ca04ba1053e252abb51",
        "url": "https://ifp.nyu.edu/2025/news/christmas-in-america-staggering-wealth-concentration-and-deepening-social-crisis/",
        "site_full": "ifp.nyu.edu",
        "site": "nyu.edu",
        "site_section": "https://ifp.nyu.edu/feed",
        "site_categories": [],
        "section_title": "information for practice",
        "site_title": "NYU",
        "title": "Christmas in America: Staggering wealth concentration and deepening social crisis",
        "title_full": "Christmas in America: Staggering wealth concentration and deepening social crisis",
        "published": "2025-12-25T14:12:00.000+02:00",
        "replies_count": 0,
        "participants_count": 1,
        "site_type": "news",
        "country": "US",
        "main_image": "https://ifp.nyu.edu/wp-content/uploads/2025/12/1-218.jpg",
        "performance_score": 0,
        "domain_rank": 2271,
        "domain_rank_updated": "2025-12-21T23:00:00.000+02:00",
        "licensing_agency": [],
        "social": {
            "facebook": {
                "likes": 0,
                "comments": 0,
                "shares": 0
            },
            "vk": {
                "shares": 0
            }
        }
    },
    "uuid": "d329f7482738c2ac4d837ca04ba1053e252abb51",
    "url": "https://ifp.nyu.edu/2025/news/christmas-in-america-staggering-wealth-concentration-and-deepening-social-crisis/",
    "ord_in_thread": 0,
    "author": "Holden",
    "published": "2025-12-25T14:12:00.000+02:00",
    "title": "Christmas in America: Staggering wealth concentration and deepening social crisis",
    "text": "As Christmas approaches and the year comes to an end, administration officials are pointing to headlines about GDP growth and a soaring stock market to support the president’s absurd claim that Americans are enjoying the “greatest economy in the history of our country.” Behind these figures lies a sharply “K‑shaped” social reality: spectacular gains in wealth and consumption for the affluent, while tens of millions of workers confront stagnant real wages, mounting debt, mass layoffs, evictions, utility shutoffs and preventable deaths. Above: Homeless men attempt to use a steam vent to stay warm in downtown Detroit on December 22, 2025",
    "highlightText": "",
    "highlightTitle": "",
    "highlightThreadTitle": "",
    "language": "english",
    "sentiment": "negative",
    "categories": [
        "Economy, Business and Finance"
    ],
    "topics": [
        "Economy, Business and Finance->financial and economic news",
        "Economy, Business and Finance->economy"
    ],
    "ai_allow": true,
    "has_canonical": false,
    "breaking": false,
    "webz_reporter": false,
    "external_links": [],
    "external_images": [],
    "internal_images": [],
    "entities": {
        "persons": [],
        "locations": [],
        "organizations": []
    },
    "syndication": {
        "syndicated": false,
        "syndicate_id": null,
        "first_syndicated": false
    },
    "trust": {
        "categories": [],
        "top_news": [],
        "bias": null,
        "source": {
            "type": null,
            "city": null,
            "state": null,
            "country": null,
            "domain_type": null,
            "agency": null,
            "organization_name": null
        }
    },
    "rating": null,
    "crawled": "2025-12-25T14:25:47.224+02:00",
    "updated": "2025-12-25T14:27:45.000+02:00"
}