{
    "thread": {
        "uuid": "519237451327f98ddb9cada0eaa762fbc636f8e4",
        "url": "https://www.plaindealerin.com/news/wire/protesters-say-that-the-recent-elimination-of-subsidies-has-caused-fuel-prices-in-bolivia-to/image_d23372d5-d60e-5568-9c86-317031a0ad43.html",
        "site_full": "www.plaindealerin.com",
        "site": "plaindealerin.com",
        "site_section": "https://www.plaindealerin.com/search/?f=rss&amp",
        "site_categories": [],
        "section_title": "www.plaindealerin.com - RSS Results",
        "site_title": "plaindealerin.com",
        "title": "Protesters say that the recent elimination of subsidies has caused fuel prices in Bolivia to double",
        "title_full": "Protesters say that the recent elimination of subsidies has caused fuel prices in Bolivia to double",
        "published": "2025-12-25T13:01:00.000+02:00",
        "replies_count": 0,
        "participants_count": 1,
        "site_type": "news",
        "country": "US",
        "main_image": "https://bloximages.newyork1.vip.townnews.com/plaindealerin.com/content/tncms/assets/v3/editorial/d/23/d23372d5-d60e-5568-9c86-317031a0ad43/694c3bd9881a0.image.jpg?crop=340%2C340%2C86%2C0&amp;resize=200%2C200&amp;order=crop%2Cresize",
        "performance_score": 0,
        "domain_rank": null,
        "domain_rank_updated": null,
        "licensing_agency": [],
        "social": {
            "facebook": {
                "likes": 0,
                "comments": 0,
                "shares": 0
            },
            "vk": {
                "shares": 0
            }
        }
    },
    "uuid": "519237451327f98ddb9cada0eaa762fbc636f8e4",
    "url": "https://www.plaindealerin.com/news/wire/protesters-say-that-the-recent-elimination-of-subsidies-has-caused-fuel-prices-in-bolivia-to/image_d23372d5-d60e-5568-9c86-317031a0ad43.html",
    "ord_in_thread": 0,
    "author": "Jorge BERNAL",
    "published": "2025-12-25T13:01:00.000+02:00",
    "title": "Protesters say that the recent elimination of subsidies has caused fuel prices in Bolivia to double",
    "text": "Protesters say that the recent elimination of subsidies has caused fuel prices in Bolivia to double\n- Jorge BERNAL\n- Updated\nLatest e-Edition\n- To view our latest e-Edition click the image on the left.\nMost Popular\nImages\nVideos\nSorry, there are no recent results for popular videos.",
    "highlightText": "",
    "highlightTitle": "",
    "highlightThreadTitle": "",
    "language": "english",
    "sentiment": "negative",
    "categories": [
        "Politics",
        "Economy, Business and Finance"
    ],
    "topics": [
        "Politics->government policy",
        "Economy, Business and Finance->macro economics",
        "Economy, Business and Finance->financial and economic news"
    ],
    "ai_allow": false,
    "has_canonical": true,
    "breaking": false,
    "webz_reporter": false,
    "external_links": [],
    "external_images": [],
    "internal_images": [],
    "entities": {
        "persons": [
            {
                "name": "Jorge BERNAL",
                "sentiment": "none"
            }
        ],
        "locations": [],
        "organizations": []
    },
    "syndication": {
        "syndicated": false,
        "syndicate_id": null,
        "first_syndicated": false
    },
    "trust": {
        "categories": null,
        "top_news": [],
        "bias": null,
        "source": {
            "type": "local_news",
            "city": [
                "Servia",
                "Huntington",
                "Hope",
                "Peru",
                "Reddington",
                "Wabash",
                "Miami",
                "English"
            ],
            "state": [
                "Indiana"
            ],
            "country": [
                "US"
            ],
            "domain_type": null,
            "agency": null,
            "organization_name": null
        }
    },
    "rating": null,
    "crawled": "2025-12-25T13:21:51.354+02:00",
    "updated": "2025-12-25T13:24:24.000+02:00"
}