{
    "thread": {
        "uuid": "8da2ddfa3a56123888dd6c34548060a72238445f",
        "url": "https://www.defenseworld.net/2025/12/25/corient-private-wealth-llc-cuts-stock-position-in-ishares-silver-trust-slv.html",
        "site_full": "www.defenseworld.net",
        "site": "defenseworld.net",
        "site_section": "https://defenseworld.net/wp-json/wp/v2/posts/",
        "site_categories": [
            "media"
        ],
        "section_title": "",
        "site_title": "Defense World",
        "title": "Corient Private Wealth LLC Cuts Stock Position in iShares Silver Trust $SLV",
        "title_full": "Corient Private Wealth LLC Cuts Stock Position in iShares Silver Trust $SLV",
        "published": "2025-12-25T10:40:00.000+02:00",
        "replies_count": 0,
        "participants_count": 1,
        "site_type": "news",
        "country": "US",
        "main_image": "",
        "performance_score": 0,
        "domain_rank": 159846,
        "domain_rank_updated": "2025-12-21T23:00:00.000+02:00",
        "licensing_agency": [],
        "social": {
            "facebook": {
                "likes": 0,
                "comments": 0,
                "shares": 0
            },
            "vk": {
                "shares": 0
            }
        }
    },
    "uuid": "8da2ddfa3a56123888dd6c34548060a72238445f",
    "url": "https://www.defenseworld.net/2025/12/25/corient-private-wealth-llc-cuts-stock-position-in-ishares-silver-trust-slv.html",
    "ord_in_thread": 0,
    "author": "Defense World Staff",
    "published": "2025-12-25T10:40:00.000+02:00",
    "title": "Corient Private Wealth LLC Cuts Stock Position in iShares Silver Trust $SLV",
    "text": "Corient Private Wealth LLC decreased its holdings in iShares Silver Trust ( NYSEARCA:SLV – Free Report ) by 35.3% in the 2nd quarter, according to the company in its most recent Form 13F filing with the SEC. The firm owned 48,684 shares of the exchange traded fund’s stock after selling 26,572 shares during the quarter. Corient Private Wealth LLC’s holdings in iShares Silver Trust were worth $1,597,000 at the end of the most recent reporting period.\nOther institutional investors have also recently made changes to their positions in the company. Center for Financial Planning Inc. purchased a new position in iShares Silver Trust in the 2nd quarter valued at approximately $25,000. Highline Wealth Partners LLC purchased a new stake in shares of iShares Silver Trust during the second quarter worth $26,000. Addison Advisors LLC acquired a new stake in shares of iShares Silver Trust in the second quarter valued at $31,000. Financial Management Professionals Inc. raised its stake in shares of iShares Silver Trust by 37.6% in the second quarter. Financial Management Professionals Inc. now owns 1,105 shares of the exchange traded fund’s stock valued at $36,000 after acquiring an additional 302 shares in the last quarter. Finally, Trust Co. of Toledo NA OH purchased a new position in iShares Silver Trust in the second quarter valued at $38,000.\niShares Silver Trust Price Performance Shares of NYSEARCA SLV opened at $65.22 on Thursday. The company has a market cap of $35.14 billion, a price-to-earnings ratio of -8.51 and a beta of 0.38. The stock’s 50-day moving average is $49.77 and its two-hundred day moving average is $41.11. iShares Silver Trust has a 1-year low of $26.22 and a 1-year high of $65.53.\niShares Silver Trust Company Profile ( Free Report )\niShares Silver Trust (the Trust) owns silver transferred to the Trust in exchange for shares issued by the Trust. The Trust’s each share represents a fractional undivided beneficial interest in its net assets. The assets of the Trust consist of silver held by the Trust’s custodian on behalf of the Trust. The activities of the Trust are limited to issuing baskets of shares in exchange for the silver deposited with the custodian as consideration, selling silver as necessary to cover the sponsor’s fee, Trust expenses not assumed by the sponsor and other liabilities, and delivering silver in exchange for baskets of shares surrendered for redemption.\nRecommended Stories",
    "highlightText": "",
    "highlightTitle": "",
    "highlightThreadTitle": "",
    "language": "english",
    "sentiment": "negative",
    "categories": [
        "Economy, Business and Finance"
    ],
    "topics": [
        "Economy, Business and Finance->market and exchange",
        "Economy, Business and Finance->financial and economic news"
    ],
    "ai_allow": true,
    "has_canonical": false,
    "breaking": false,
    "webz_reporter": false,
    "external_links": [
        "https://www.marketbeat.com/scripts/SECFilingChart.ashx?Prefix=NYSEARCA&Symbol=SLV",
        "https://www.marketbeat.com/arnreports/ReportTickerOptin.aspx?RegistrationCode=TickerHyperlink&Prefix=NYSEARCA&Symbol=SLV",
        "https://www.marketbeat.com/stocks/NYSEARCA/SLV/",
        "https://www.marketbeat.com/stocks/NYSEARCA/SLV",
        "https://marketbeat.com/scripts/SECFilingChart.ashx?Prefix=NYSEARCA&Symbol=SLV",
        "https://www.marketbeat.com/scripts/SECFilingChart.ashx",
        "https://marketbeat.com/arnreports/ReportTickerOptin.aspx?RegistrationCode=TickerHyperlink&Prefix=NYSEARCA&Symbol=SLV",
        "https://www.marketbeat.com/arnreports/ReportTickerOptin.aspx",
        "https://marketbeat.com/stocks/NYSEARCA/SLV/"
    ],
    "external_images": [],
    "internal_images": [],
    "entities": {
        "persons": [],
        "locations": [],
        "organizations": [
            {
                "name": "Corient Private Wealth LLC",
                "sentiment": "none",
                "tickers": [
                    {
                        "ticker": null,
                        "exchange": null
                    }
                ]
            },
            {
                "name": "Financial Management Professionals Inc.",
                "sentiment": "none",
                "tickers": [
                    {
                        "ticker": null,
                        "exchange": null
                    }
                ]
            },
            {
                "name": "Center for Financial Planning Inc.",
                "sentiment": "none",
                "tickers": [
                    {
                        "ticker": null,
                        "exchange": null
                    }
                ]
            },
            {
                "name": "Highline Wealth Partners LLC",
                "sentiment": "none",
                "tickers": [
                    {
                        "ticker": null,
                        "exchange": null
                    }
                ]
            },
            {
                "name": "Addison Advisors LLC",
                "sentiment": "none",
                "tickers": [
                    {
                        "ticker": null,
                        "exchange": null
                    }
                ]
            },
            {
                "name": "iShares Silver Trust",
                "sentiment": "none",
                "tickers": []
            },
            {
                "name": "SEC",
                "sentiment": "none",
                "tickers": [
                    {
                        "ticker": null,
                        "exchange": null
                    }
                ]
            }
        ]
    },
    "syndication": {
        "syndicated": false,
        "syndicate_id": "8da2ddfa3a56123888dd6c34548060a72238445f",
        "first_syndicated": true
    },
    "trust": {
        "categories": [],
        "top_news": [],
        "bias": null,
        "source": {
            "type": null,
            "city": null,
            "state": null,
            "country": null,
            "domain_type": null,
            "agency": null,
            "organization_name": null
        }
    },
    "rating": null,
    "crawled": "2025-12-25T11:02:54.094+02:00",
    "updated": "2025-12-25T11:04:15.000+02:00"
}