{
    "thread": {
        "uuid": "6aaeba2d3c54138993afdb68363ca2d9c1cabe49",
        "url": "https://www.ad-hoc-news.de/boerse/ueberblick/bitcoin-in-uncharted-waters-volatility-losses-and-why-caution-is/68434203",
        "site_full": "www.ad-hoc-news.de",
        "site": "ad-hoc-news.de",
        "site_section": "https://www.ad-hoc-news.de/international",
        "site_categories": [
            "media",
            "business",
            "marketing"
        ],
        "section_title": "INTERNATIONAL AKTUELLE NACHRICHTEN UND MELDUNGEN",
        "site_title": "NEWS & AKTIENKURSE | AD HOC NEWS",
        "title": "Bitcoin in Uncharted Waters: Volatility, Losses and Why Caution Is Paramount",
        "title_full": "Bitcoin in Uncharted Waters: Volatility, Losses and Why Caution Is Paramount",
        "published": "2025-12-25T10:46:00.000+02:00",
        "replies_count": 0,
        "participants_count": 1,
        "site_type": "news",
        "country": "DE",
        "main_image": "https://mdb.ad-hoc-news.de/bilder/bild-2394296_600_800.jpg",
        "performance_score": 0,
        "domain_rank": 146132,
        "domain_rank_updated": "2025-12-21T23:00:00.000+02:00",
        "licensing_agency": [],
        "social": {
            "facebook": {
                "likes": 0,
                "comments": 0,
                "shares": 0
            },
            "vk": {
                "shares": 0
            }
        }
    },
    "uuid": "6aaeba2d3c54138993afdb68363ca2d9c1cabe49",
    "url": "https://www.ad-hoc-news.de/boerse/ueberblick/bitcoin-in-uncharted-waters-volatility-losses-and-why-caution-is/68434203",
    "ord_in_thread": 0,
    "author": "Redaktion ad-hoc-news.de",
    "published": "2025-12-25T10:46:00.000+02:00",
    "title": "Bitcoin in Uncharted Waters: Volatility, Losses and Why Caution Is Paramount",
    "text": ",\nBitcoin in Uncharted Waters: Volatility, Losses and Why Caution Is Paramount\n25.12.2025 - 09:46:05Bitcoin remains the ultimate high-stakes gamble: wild price swings, brutal regulatory crackdowns and the looming threat of total loss, all in a single, unpredictable asset.\nOver the past three months, Bitcoin has delivered one of the most nerve-racking rides in the global financial markets—more casino than investment. In mid-March, Bitcoin briefly soared to nearly 72,000 USD, only to nosedive within days, plunging around 15 percent and wiping out tens of billions in market value. Since then, swing intervals of 5 to 10 percent in either direction have become almost normal. For conservative investors, these brutal fluctuations are nothing short of a nightmare. Week to week, it seems impossible to predict whether Bitcoin will crash or rally next: Is this still investing or just pure speculation?\nFor risk-takers only: Trade Bitcoin at your own peril\nThe most recent news amplifies the warning signals. Just this month, reports of regulatory tightening echoed throughout the market: the US SEC is signaling harsher scrutiny over new Bitcoin-based financial products, while European authorities discuss further restrictions on crypto advertising and potential outright bans for privacy coins (coindesk.com, 03/2024; cointelegraph.com, 04/2024). Moreover, a notorious exchange hack saw millions in digital assets drained in seconds, leaving thousands of users out in the cold—once again exposing the dark side of digital currencies (crypto.news, 05/2024). At the same time, the Federal Reserve in the US is hinting at more rate hikes, which directly undermine the bullish narrative for risk-on assets like Bitcoin. All it takes is a single adverse headline for panic selling to erupt, as seen repeatedly in April and May.\nIf you’re wondering what Bitcoin actually is: at its core, Bitcoin is an open, peer-to-peer digital payment network. The system is neither backed nor controlled by any government or central bank. Anyone can participate; nobody can claim ultimate authority. While its technical innovation is significant, the fact remains: Bitcoin does not represent a claim on economic output, cash flow or natural resources. There’s no 'intrinsic' value anchoring the price—a sobering contrast to stocks or gold. Your only guarantee is the network itself and your private key. Lose access, and your assets are gone forever. Trust an exchange and it gets hacked? There is no safety net, no state guarantee—just a painful lesson in risk tolerance.\nThe psychological danger can't be overstated. Surges and slumps fuel the FOMO (fear of missing out) and crush the unwary in moments of panic selling. Bitcoin’s violent volatility is legendary: in a single trading session, it's not uncommon to see double-digit percentage changes. For every anecdote of overnight riches, there are horror stories of traders losing their entire investment in minutes. This is high-stakes speculation, not prudent portfolio management—you are not just betting on the direction of an asset, you're gambling with the very foundation of your capital.\nSome argue that Bitcoin offers a hedge against inflation or a safe haven in chaotic times. Reality paints a different picture: whenever turmoil hits broader markets, Bitcoin often crashes faster and harder than stocks or bonds. Even established exchanges are not immune from hacks, withdrawals locks or sudden bankruptcies—the infamous cases of Mt. Gox or more recently FTX linger as chilling reminders. If a technical glitch or regulatory freeze strikes, the result is usually a brutal wipeout rather than protection.\nAnyone contemplating a Bitcoin investment should treat it as a high-risk wager, not a safe store of value. Massive price swings, total loss risk, constant regulatory headwinds and technical pitfalls are the harsh realities facing every Bitcoin holder. If you’re hoping to preserve wealth or sleep soundly at night, Bitcoin is the wrong asset. Focus on solid, proven investments with state backing and real, measurable value. But if you crave adrenaline, fully accept the chance of losing everything and view this as sheer speculation, then—only with disposable 'gambling' money—enter at your own risk.\nI acknowledge all risks and still want to open a trading account",
    "highlightText": "",
    "highlightTitle": "",
    "highlightThreadTitle": "",
    "language": "english",
    "sentiment": "negative",
    "categories": [
        "Economy, Business and Finance"
    ],
    "topics": [
        "Economy, Business and Finance->cryptocurrency",
        "Economy, Business and Finance->investment and opinion pieces",
        "Economy, Business and Finance->financial and economic news"
    ],
    "ai_allow": true,
    "has_canonical": false,
    "breaking": false,
    "webz_reporter": false,
    "external_links": [
        "https://www.trading-house.broker/skilling-kontoeroeffnung?ref=ahnart",
        "https://trading-house.broker/skilling-kontoeroeffnung?ref=ahnart",
        "https://www.trading-house.broker/skilling-kontoeroeffnung"
    ],
    "external_images": [],
    "internal_images": [],
    "entities": {
        "persons": [],
        "locations": [],
        "organizations": []
    },
    "syndication": {
        "syndicated": false,
        "syndicate_id": null,
        "first_syndicated": false
    },
    "trust": {
        "categories": [],
        "top_news": [],
        "bias": null,
        "source": {
            "type": null,
            "city": null,
            "state": null,
            "country": null,
            "domain_type": null,
            "agency": null,
            "organization_name": null
        }
    },
    "rating": null,
    "crawled": "2025-12-25T10:49:14.163+02:00",
    "updated": "2025-12-25T10:50:09.000+02:00"
}