{
    "thread": {
        "uuid": "e08d55baa812a335491197f1907acfcd0386715b",
        "url": "https://scanx.trade/stock-market-news/stocks/united-spirits-limited-receives-0-40-crore-penalty-order-from-punjab-excise-commissioner/28137501",
        "site_full": "scanx.trade",
        "site": "scanx.trade",
        "site_section": "https://scanx.trade/sitemap-stock-market-news.xml",
        "site_categories": [],
        "section_title": "",
        "site_title": "ScanX - Stock Screener &amp; Market Research Platform Built for India",
        "title": "United Spirits Faces ₹0.40 Cr Penalty Order from Punjab Excise Commissioner",
        "title_full": "United Spirits Faces ₹0.40 Cr Penalty Order from Punjab Excise Commissioner",
        "published": "2025-12-24T17:58:00.000+02:00",
        "replies_count": 0,
        "participants_count": 1,
        "site_type": "news",
        "country": "IN",
        "main_image": "http://news-images.dhan.co/united-spirits-limited-receives-0-40-crore-penalty-order-from-punjab-excise-commissioner.jpg",
        "performance_score": 0,
        "domain_rank": 85630,
        "domain_rank_updated": "2025-12-21T23:00:00.000+02:00",
        "licensing_agency": [],
        "social": {
            "facebook": {
                "likes": 0,
                "comments": 0,
                "shares": 0
            },
            "vk": {
                "shares": 0
            }
        }
    },
    "uuid": "e08d55baa812a335491197f1907acfcd0386715b",
    "url": "https://scanx.trade/stock-market-news/stocks/united-spirits-limited-receives-0-40-crore-penalty-order-from-punjab-excise-commissioner/28137501",
    "ord_in_thread": 0,
    "author": "Dhan",
    "published": "2025-12-24T17:58:00.000+02:00",
    "title": "United Spirits Faces ₹0.40 Cr Penalty Order from Punjab Excise Commissioner",
    "text": "United Spirits Faces ₹0.40 Cr Penalty Order from Punjab Excise Commissioner\nUnited Spirits Limited has been penalized ₹0.40 crores by the Punjab Excise Commissioner for an inadvertent operational lapse in printing TT barcodes. The company must pay the penalty within 30 days. United Spirits had previously filed a compounding application regarding this issue. The company states that this penalty will not impact its operations or other business activities beyond the financial obligation.\n*this image is generated using AI for illustrative purposes only.\n United Spirits Limited has received a penalty order from the Punjab Excise Commissioner requiring payment of ₹0.40 crores for an inadvertent operational lapse in printing of TT barcodes. The company disclosed this development through a regulatory filing under Regulation 30 of SEBI (Listing Obligations and Disclosure Requirements) Regulations, 2015.\nPenalty Order Details\nThe Excise Commissioner, Punjab issued the penalty order, which was handed over in-person to the company's authorized representative. The order mandates payment of the penalty amount within 30 days from the date of issuance.\n| Parameter | Details |\n|---|---|\n| Issuing Authority | The Excise Commissioner, Punjab |\n| Penalty Amount | ₹0.40 crores |\n| Payment Deadline | 30 days from order date |\nNature of Violation\nThe penalty relates to an inadvertent and operational lapse in printing of TT barcodes. United Spirits had proactively filed a compounding application in relation to this compliance issue, indicating the company's awareness of the matter prior to receiving the formal penalty order.\nFinancial and Operational Impact\nThe company has assessed the impact of this penalty order on its business operations and financial position:\n| Impact Area | Assessment |\n|---|---|\n| Financial Impact | ₹0.40 crores |\n| Operational Impact | No impact |\n| Other Business Activities | No impact |\nRegulatory Compliance\nUnited Spirits has fulfilled its disclosure obligations by promptly informing both BSE Limited and The National Stock Exchange of India Limited about this development. The company trades under scrip codes 532432 on BSE and UNITDSPR on NSE.\nThe penalty represents a minor compliance matter for the alcoholic beverages company, with management confirming that the financial obligation will not affect the company's ongoing operations or other business activities beyond the monetary penalty itself.\nHistorical Stock Returns for United Spirits\n| 1 Day | 5 Days | 1 Month | 6 Months | 1 Year | 5 Years |\n|---|---|---|---|---|---|\n| -1.37% | -0.20% | -0.64% | -1.47% | -9.12% | +149.78% |\nView in Depth",
    "highlightText": "",
    "highlightTitle": "",
    "highlightThreadTitle": "",
    "language": "english",
    "sentiment": "negative",
    "categories": [
        "Economy, Business and Finance",
        "Crime, Law and Justice"
    ],
    "topics": [
        "Economy, Business and Finance->business reporting and performance",
        "Economy, Business and Finance->financial and economic news",
        "Crime, Law and Justice->prosecution and prosecutors",
        "Crime, Law and Justice->court"
    ],
    "ai_allow": true,
    "has_canonical": false,
    "breaking": null,
    "webz_reporter": false,
    "external_links": [],
    "external_images": [],
    "internal_images": [],
    "entities": {
        "persons": [],
        "locations": [],
        "organizations": [
            {
                "name": "United Spirits Limited",
                "sentiment": "none",
                "tickers": []
            }
        ]
    },
    "syndication": {
        "syndicated": false,
        "syndicate_id": null,
        "first_syndicated": false
    },
    "trust": {
        "categories": [],
        "top_news": [],
        "bias": null,
        "source": {
            "type": null,
            "city": null,
            "state": null,
            "country": null,
            "domain_type": null,
            "agency": null,
            "organization_name": null
        }
    },
    "rating": null,
    "crawled": "2025-12-25T07:58:29.423+02:00",
    "updated": "2025-12-25T08:01:51.000+02:00"
}