{
    "thread": {
        "uuid": "79b5eea22fb4c0d333828d7c78f4dda28e14995c",
        "url": "https://www.thehindubusinessline.com/markets/commodities/crude-oil-futures-decline-as-us-inventories-increase/article69767021.ece",
        "site_full": "www.thehindubusinessline.com",
        "site": "thehindubusinessline.com",
        "site_section": "https://news.google.com/search?q=as%20when%3A1h&hl=en-US&gl=US&ceid=US%3Aen",
        "site_categories": [
            "media"
        ],
        "section_title": "Google News - Search",
        "site_title": "Business News Today: Latest Business News, Finance News | The Hindu BusinessLine",
        "title": "Crude oil futures decline as US inventories increase",
        "title_full": "Crude oil futures decline as US inventories increase",
        "published": "2025-07-03T07:46:00.000+03:00",
        "replies_count": 0,
        "participants_count": 1,
        "site_type": "news",
        "country": "IN",
        "main_image": "https://bl-i.thgim.com/public/incoming/ec7kt6/article69767038.ece/alternates/LANDSCAPE_1200/PO19_Crude_oil.jpg",
        "performance_score": 0,
        "domain_rank": 3237,
        "domain_rank_updated": "2025-06-03T00:00:00.000+03:00",
        "licensing_agency": [],
        "social": {
            "facebook": {
                "likes": 0,
                "comments": 0,
                "shares": 0
            },
            "vk": {
                "shares": 0
            }
        }
    },
    "uuid": "79b5eea22fb4c0d333828d7c78f4dda28e14995c",
    "url": "https://www.thehindubusinessline.com/markets/commodities/crude-oil-futures-decline-as-us-inventories-increase/article69767021.ece",
    "ord_in_thread": 0,
    "author": "BL Mangaluru Bureau",
    "published": "2025-07-03T07:46:00.000+03:00",
    "title": "Crude oil futures decline as US inventories increase",
    "text": "Crude oil futures traded lower on Thursday morning after official data showed an increase in US crude oil inventory levels.\nAt 9.54 am on Thursday, September Brent oil futures were at $68.60, down by 0.74 per cent, and August crude oil futures on WTI (West Texas Intermediate) were at $66.98, down by 0.70 per cent. July crude oil futures were trading at ₹5,741 on Multi Commodity Exchange (MCX) during the initial hour of trading on Thursday against the previous close of ₹5,753, down by 0.21 per cent, and August futures were trading at ₹5,641 against the previous close of ₹5654, down by 0.23 per cent.\nWeekly petroleum status report by the US EIA (Energy Information Administration) said the US commercial crude oil inventories increased by 3.8 million barrels for the week ending June 27. At 419 million barrels, US crude oil inventories were about 9 per cent below the five-year average for this time of year.\nTotal motor gasoline inventories increased by 4.2 million barrels from last week and were about 1 per cent below the five-year average for this time of year. Both finished gasoline inventories and blending components inventories increased last week.\nDistillate fuel inventories decreased by 1.7 million barrels last week and were about 21 per cent below the five-year average for this time of year. Propane/propylene inventories increased by 3 million barrels from last week and are 11 per cent above the five-year average.\nTotal products supplied in the US over the last four-week period averaged 20.3 million barrels a day, down by 1.1 per cent from the same period last year. Over the past four weeks, motor gasoline product supplied averaged 9.2 million barrels a day, down by 0.1 per cent from the same period last year.\nDistillate fuel product supplied averaged 3.7 million barrels a day over the past four weeks, up by 0.6 per cent from the same period last year. Jet fuel product supplied was up 2.4 per cent compared with the same four-week period last year. US is a major consumer of crude oil in the world market.\nIn their Commodities Feed for Thursday, Warren Patterson, Head of Commodities Strategy of ING Think, and Ewa Manthey, Commodities Strategist, said oil prices moved higher on Wednesday, with ICE Brent settling just shy of a 3 per cent gain on the day. Trade optimism is providing a boost to the market, following the Trump administration’s announcement that it reached a trade deal with Vietnam.\n“However, this optimism may be short-lived, with OPEC+ deciding on August production levels this weekend. The expectation is that the group will go with another large supply increase of 4,11,000 barrels a day. Given the uncertainty, market participants will probably not want to carry too much risk into the long US weekend,” they said.\nNext week marks the end of Trump’s 90-day reciprocal tariff pause. “We could see tariff increases reinstated on some US trading partners if trade deals are not concluded. This leaves a fair amount of uncertainty going into next week,” they added.\nJuly natural gas futures were trading at ₹298.70 on MCX during the initial hour of trading on Thursday against the previous close of ₹300.10, down by 0.47 per cent.\nOn the National Commodities and Derivatives Exchange (NCDEX), July guargum contracts were trading at ₹9,690 in the initial hour of trading on Thursday against the previous close of ₹9,658, up by 0.33 per cent.\nJuly castor seed futures were trading at ₹6,910 on NCDEX in the initial hour of trading on Thursday against the previous close of ₹6,898, up by 0.17 per cent.\nPublished on July 3, 2025\nComments have to be in English, and in full sentences. They cannot be abusive or personal. Please abide by our community guidelines for posting your comments.\nWe have migrated to a new commenting platform. If you are already a registered user of TheHindu Businessline and logged in, you may continue to engage with our articles. If you do not have an account please register and login to post comments. Users can access their older comments by logging into their accounts on Vuukle.",
    "highlightText": "",
    "highlightTitle": "",
    "highlightThreadTitle": "",
    "language": "english",
    "sentiment": "negative",
    "categories": [
        "Economy, Business and Finance",
        "Social Issue",
        "Environment"
    ],
    "topics": [
        "Economy, Business and Finance->financial and economic news",
        "Economy, Business and Finance->market and exchange",
        "Economy, Business and Finance->commodity market",
        "Social Issue->social condition",
        "Social Issue->population and census",
        "Environment->environmental pollution",
        "Environment->sustainability",
        "Environment->energy resources"
    ],
    "ai_allow": true,
    "has_canonical": false,
    "breaking": true,
    "webz_reporter": false,
    "external_links": [],
    "entities": {
        "persons": [],
        "locations": [],
        "organizations": [
            {
                "name": "Energy Information Administration",
                "sentiment": "none",
                "tickers": []
            }
        ]
    },
    "syndication": {
        "syndicated": false,
        "syndicate_id": null,
        "first_syndicated": false
    },
    "trust": {
        "categories": [],
        "top_news": [],
        "bias": "center"
    },
    "rating": null,
    "crawled": "2025-07-03T08:45:47.336+03:00",
    "updated": "2025-07-03T05:51:50.000+00:00"
}