{
    "thread": {
        "uuid": "4af0eefd3d3758b33c399d69246f470526f84454",
        "url": "https://www.kaaltv.com/news/fillmore-county-farm-in-jeopardy-of-shutting-down-after-missing-out-on-grant/",
        "site_full": "www.kaaltv.com",
        "site": "kaaltv.com",
        "site_section": "https://world.einnews.com/ajax/headlines",
        "site_categories": [
            "media"
        ],
        "section_title": "",
        "site_title": "ABC 6 News - ABC 6 News - kaaltv.com",
        "title": "Fillmore County farm in jeopardy of shutting down after missing out on grant - ABC 6 News - kaaltv.com",
        "title_full": "Fillmore County farm in jeopardy of shutting down after missing out on grant - ABC 6 News - kaaltv.com",
        "published": "2025-07-03T03:50:00.000+03:00",
        "replies_count": 0,
        "participants_count": 1,
        "site_type": "news",
        "country": "US",
        "main_image": "https://www.kaaltv.com/wp-content/uploads/2025/07/vlcsnap-2025-07-02-19h43m11s452.png",
        "performance_score": 0,
        "domain_rank": 42449,
        "domain_rank_updated": "2025-06-03T00:00:00.000+03:00",
        "licensing_agency": [],
        "social": {
            "facebook": {
                "likes": 0,
                "comments": 0,
                "shares": 0
            },
            "vk": {
                "shares": 0
            }
        }
    },
    "uuid": "4af0eefd3d3758b33c399d69246f470526f84454",
    "url": "https://www.kaaltv.com/news/fillmore-county-farm-in-jeopardy-of-shutting-down-after-missing-out-on-grant/",
    "ord_in_thread": 0,
    "author": "Brandon Antony",
    "published": "2025-07-03T03:50:00.000+03:00",
    "title": "Fillmore County farm in jeopardy of shutting down after missing out on grant - ABC 6 News - kaaltv.com",
    "text": "Fillmore County farm in jeopardy of shutting down after missing out on grant\n(ABC 6 News) – In Fillmore County, a farm is in jeopardy, after it missed out on a $300,000 grant to help pay for the farm, plus higher costs because of new tariffs.\nBadgersett Farm is the name, and it is 160 acres near Canton, specializing in hazelnuts, chestnuts, and pecans.\nAnd with 30 to 40 percent tariffs now on pretty much all the supplies needed to make their farm go, worry is at an all time high.\n“Peat moss to make potting soil comes from Canada. The fertilizer components, so the chemicals, comes from oversees, from Mexico, China, India, and even though it’s mixed here in the United States, the fertilizer companies have to pay for that,” said Megan Rutter, who runs the farm.\nIt’s a situation that has forced Rutter to let most all of the farm’s employees and volunteers go.\n“We’ve had to let go everybody. I had some part time volunteer staff but I can’t even afford to offer them protection, liability insurance, I can only cover myself,” Megan said.\nBut it’s not just the higher tariffs causing financial concern, the original owner said the loss of expected USDA grant funding will be very devastating for the farm in the long run.\n“We put an enormous amount of effort into that particular grant proposal, that dedicated saying, “okay we are going to use the land for this purpose, and then they killed it, and that meant 2 years lost right there,” said Philip Rutter, Megan’s husband and original owner of the farm.\nAnd with Badgersett being the main source of nuts for a lot of people across the region, shutting the farm down would have wide reaching impact.\n“We’re the source for anyone who wants the seed. We sell the nuts to eat so we fall, a whole bunch of people behind us fall,” Philip said.\nThe Rutters say they are currently only living off of $2000 per month right now, and their goal they are needing to get in 60,000 dollars to help pay off a mortgage related to the property. A GoFundMe has been set up to help the Rutters which can be found here.",
    "highlightText": "",
    "highlightTitle": "",
    "highlightThreadTitle": "",
    "language": "english",
    "sentiment": "negative",
    "categories": [
        "Economy, Business and Finance",
        "Social Issue",
        "Human Interest"
    ],
    "topics": [
        "Economy, Business and Finance->financial and economic news",
        "Economy, Business and Finance->agriculture",
        "Economy, Business and Finance->business governance",
        "Social Issue->communities",
        "Social Issue->social problem",
        "Social Issue->social condition",
        "Human Interest->human mishap"
    ],
    "ai_allow": true,
    "has_canonical": false,
    "breaking": null,
    "webz_reporter": false,
    "external_links": [
        "https://www.gofundme.com/f/help-meg-save-50-years-of-sustainable-farming",
        "https://gofundme.com/f/help-meg-save-50-years-of-sustainable-farming"
    ],
    "entities": {
        "persons": [
            {
                "name": "Megan Rutter",
                "sentiment": "none"
            }
        ],
        "locations": [
            {
                "name": "County",
                "sentiment": "none"
            }
        ],
        "organizations": [
            {
                "name": "ABC",
                "sentiment": "negative",
                "tickers": []
            }
        ]
    },
    "syndication": {
        "syndicated": false,
        "syndicate_id": null,
        "first_syndicated": false
    },
    "trust": {
        "categories": [
            "trusted_news"
        ],
        "top_news": [],
        "bias": "center"
    },
    "rating": null,
    "crawled": "2025-07-03T08:01:34.288+03:00",
    "updated": "2025-07-03T05:04:32.000+00:00"
}