{
    "thread": {
        "uuid": "b9902d40f2a33cc29b4c29639ff89f94d4f85da8",
        "url": "https://www.morningstar.com/news/dow-jones/20250703286/dow-jones-top-company-headlines-at-1-am-et-ceos-start-saying-the-quiet-part-out-loud-ai-will-wipe-out-jobs-tesla",
        "site_full": "www.morningstar.com",
        "site": "morningstar.com",
        "site_section": "https://www.morningstar.com/markets",
        "site_categories": [
            "investing",
            "financial_news",
            "finance"
        ],
        "section_title": "US Markets, Company Earnings, Stock Market Trends, Market News | Morningstar",
        "site_title": "Morningstar | Empowering Investor Success",
        "title": "Dow Jones Top Company Headlines at 1 AM ET: CEOs Start Saying the Quiet Part Out Loud: AI Will Wipe Out Jobs | Tesla ... | Morningstar",
        "title_full": "Dow Jones Top Company Headlines at 1 AM ET: CEOs Start Saying the Quiet Part Out Loud: AI Will Wipe Out Jobs | Tesla ... | Morningstar",
        "published": "2025-07-03T08:15:00.000+03:00",
        "replies_count": 0,
        "participants_count": 0,
        "site_type": "news",
        "country": "US",
        "main_image": "https://images.contentstack.io/v3/assets/blt4eb669caa7dc65b2/blta7dd42ebdd7b93b8/61899b34a3c7df383578294c/morningstar-og.png",
        "performance_score": 0,
        "domain_rank": 1812,
        "domain_rank_updated": "2025-06-03T00:00:00.000+03:00",
        "licensing_agency": [],
        "social": {
            "facebook": {
                "likes": 0,
                "comments": 0,
                "shares": 0
            },
            "vk": {
                "shares": 0
            }
        }
    },
    "uuid": "b9902d40f2a33cc29b4c29639ff89f94d4f85da8",
    "url": "https://www.morningstar.com/news/dow-jones/20250703286/dow-jones-top-company-headlines-at-1-am-et-ceos-start-saying-the-quiet-part-out-loud-ai-will-wipe-out-jobs-tesla",
    "ord_in_thread": 0,
    "author": null,
    "published": "2025-07-03T08:15:00.000+03:00",
    "title": "Dow Jones Top Company Headlines at 1 AM ET: CEOs Start Saying the Quiet Part Out Loud: AI Will Wipe Out Jobs | Tesla ... | Morningstar",
    "text": "Dow Jones Top Company Headlines at 1 AM ET: CEOs Start Saying the Quiet Part Out Loud: AI Will Wipe Out Jobs | Tesla ...\nCEOs Start Saying the Quiet Part Out Loud: AI Will Wipe Out Jobs\nFord chief predicts AI will replace \"literally half of all white-collar workers.\"\n----\nTesla Is in Disarray. Musk Has Already Moved Beyond Caring About Cars.\nThe electric-vehicle maker has an aging lineup and slumping sales, but its CEO has shifted his focus to robotaxis and robots.\n----\nMicrosoft to Lay Off About 9,000 Workers\nThe cuts represent less than 4% of the company's global workforce and come on top of about 6,000 roles it eliminated in May.\n----\nInside Trump and Paramount's Wrangling Over the '60 Minutes' Settlement\nConcerns about bribery allegations, angry CBS News staff and a looming high-stakes merger made for tense monthslong negotiations.\n----\nStarboard Takes More Than 9% Stake in Tripadvisor\nThe travel-review company's shares have fallen after it rejected takeover offers last year.\n----\nDel Monte Foods Files for Bankruptcy After Post-Pandemic Consumer Pullback\nThe packaged-foods company has lined up $165 million in new bankruptcy loans and hopes to sell its assets as going concerns.\n----\nAdvanced Micro Devices CEO to Get Raise, $33 Million Equity Award\nAll of the five AMD executives included in the securities filing are getting a raise between 3% and 5%.\n----\nLucid Group Vehicle Deliveries Rise\nLucid delivered 3,309 vehicles in the second quarter, 200 more than in it did the prior quarter and above the 2,394 delivered in the same period a year earlier, the company said.\n----\nCentene Faces Earnings Crunch as More Healthy Americans Exit Insurance Plans\nThe health-insurance provider is reckoning with multiple threats to its business, potentially leaving it with fewer and less-healthy enrollees signed up to its health-insurance plans.\n----\nContinental Expects Limited Autos Hit From U.S. Tariffs\nContinental said it expects its automotive division to face a limited impact from U.S. tariffs on auto parts due to a high share of imports that comply with the USMCA trade agreement.\n----\nRegeneron Gets Accelerated FDA OK of Lynozyfic for Blood Cancer Treatment\nRegeneron Pharmaceuticals has won FDA accelerated approval of its Lynozyfic treatment for certain patients with the blood cancer multiple myeloma.\n(END) Dow Jones Newswires\nJuly 03, 2025 01:15 ET (05:15 GMT)\nCopyright (c) 2025 Dow Jones & Company, Inc.The articles, information, and content displayed on this webpage may include materials prepared and provided by third parties. Such third-party content is offered for informational purposes only and is not endorsed, reviewed, or verified by Morningstar.\nMorningstar makes no representations or warranties regarding the accuracy, completeness, timeliness, or reliability of any third-party content displayed on this site. The views and opinions expressed in third-party content are those of the respective authors and do not necessarily reflect the views of Morningstar, its affiliates, or employees.\nMorningstar is not responsible for any errors, omissions, or delays in this content, nor for any actions taken in reliance thereon. Users are advised to exercise their own judgment and seek independent financial advice before making any decisions based on such content. The third-party providers of this content are not affiliated with Morningstar, and their inclusion on this site does not imply any form of partnership, agency, or endorsement.",
    "highlightText": "",
    "highlightTitle": "",
    "highlightThreadTitle": "",
    "language": "english",
    "sentiment": "negative",
    "categories": [
        "Economy, Business and Finance"
    ],
    "topics": [
        "Economy, Business and Finance->business governance",
        "Economy, Business and Finance->human resources",
        "Economy, Business and Finance->financial and economic news"
    ],
    "ai_allow": true,
    "has_canonical": false,
    "breaking": null,
    "webz_reporter": false,
    "external_links": [],
    "entities": {
        "persons": [],
        "locations": [],
        "organizations": [
            {
                "name": "Microsoft",
                "sentiment": "none",
                "tickers": []
            },
            {
                "name": "Paramount",
                "sentiment": "none",
                "tickers": []
            },
            {
                "name": "CBS News",
                "sentiment": "none",
                "tickers": [
                    {
                        "ticker": null,
                        "exchange": null
                    }
                ]
            }
        ]
    },
    "syndication": {
        "syndicated": false,
        "syndicate_id": null,
        "first_syndicated": false
    },
    "trust": {
        "categories": [],
        "top_news": [],
        "bias": null
    },
    "rating": null,
    "crawled": "2025-07-03T09:27:06.740+03:00",
    "updated": "2025-07-03T06:28:42.000+00:00"
}