{
    "thread": {
        "uuid": "ee400f48d907ca8d1be1a879d7cff4e0ebae8900",
        "url": "https://www.businessupturn.com/finance/stock-market/shanti-gold-shares-jump-9-as-q1-revenue-rises-22-yoy-to-rs-292-77-crore-net-profit-up-174-yoy/",
        "site_full": "www.businessupturn.com",
        "site": "businessupturn.com",
        "site_section": "https://gold.einnews.com/rss",
        "site_categories": [
            "media"
        ],
        "section_title": "Gold Industry News",
        "site_title": "News at Business Upturn: Stock Market, Business &amp; Industry Updates",
        "title": "Shanti Gold shares jump 9% as Q1 revenue rises 22% YoY to Rs 292.77 crore, net profit up 174% YoY",
        "title_full": "Shanti Gold shares jump 9% as Q1 revenue rises 22% YoY to Rs 292.77 crore, net profit up 174% YoY",
        "published": "2025-08-21T08:39:31.040+03:00",
        "replies_count": 0,
        "participants_count": 1,
        "site_type": "news",
        "country": "IN",
        "main_image": "https://images.businessupturn.com/wp-content/uploads/2024/11/Untitled-design-22-5-1024x576.jpg",
        "performance_score": 0,
        "domain_rank": 126874,
        "domain_rank_updated": "2025-06-03T00:00:00.000+03:00",
        "licensing_agency": [],
        "social": {
            "facebook": {
                "likes": 0,
                "comments": 0,
                "shares": 0
            },
            "vk": {
                "shares": 0
            }
        }
    },
    "uuid": "ee400f48d907ca8d1be1a879d7cff4e0ebae8900",
    "url": "https://www.businessupturn.com/finance/stock-market/shanti-gold-shares-jump-9-as-q1-revenue-rises-22-yoy-to-rs-292-77-crore-net-profit-up-174-yoy/",
    "ord_in_thread": 0,
    "author": "Aman Shukla",
    "published": "2025-08-21T08:39:31.040+03:00",
    "title": "Shanti Gold shares jump 9% as Q1 revenue rises 22% YoY to Rs 292.77 crore, net profit up 174% YoY",
    "text": "Shanti Gold Industries saw its shares jump nearly 9% in morning trade on Thursday after the jewellery manufacturer posted strong first-quarter results for the financial year 2025-26. As of 9:27 AM, the shares were trading 6.62% higher at Rs 263.54.\nThe company’s revenue from operations rose 22% year-on-year (YoY) to ₹292.77 crore in Q1FY26, compared to ₹239.83 crore in the same period last year.\nNet profit recorded a sharp 174% surge, coming in at ₹24.64 crore for the quarter ended June 2025, as against ₹8.99 crore in the corresponding quarter of the previous fiscal.\nOn the operational front, Shanti Gold’s earnings before interest, taxes, depreciation, and amortisation (EBITDA) jumped 153.93% to ₹38 crore in Q1FY26, up from ₹15 crore in Q1FY25. The company’s EBITDA margin also improved significantly to 13.13% from 6.31% last year, reflecting stronger profitability.\nDisclaimer: The information provided is for informational purposes only and should not be considered financial or investment advice. Stock market investments are subject to market risks. Always conduct your own research or consult a financial advisor before making investment decisions. Author or Business Upturn is not liable for any losses arising from the use of this information.",
    "highlightText": "",
    "highlightTitle": "",
    "highlightThreadTitle": "",
    "language": "english",
    "sentiment": "positive",
    "categories": [
        "Economy, Business and Finance",
        "Social Issue",
        "Politics"
    ],
    "topics": [
        "Economy, Business and Finance->financial and economic news",
        "Economy, Business and Finance->business reporting and performance",
        "Social Issue->demographics",
        "Social Issue->social condition",
        "Social Issue->social services",
        "Politics->economic policy"
    ],
    "ai_allow": true,
    "has_canonical": false,
    "breaking": false,
    "webz_reporter": false,
    "external_links": [],
    "external_images": [],
    "internal_images": [],
    "entities": {
        "persons": [],
        "locations": [],
        "organizations": [
            {
                "name": "Shanti Gold Industries",
                "sentiment": "none",
                "tickers": []
            }
        ]
    },
    "syndication": {
        "syndicated": false,
        "syndicate_id": null,
        "first_syndicated": false
    },
    "trust": {
        "categories": [],
        "top_news": [],
        "bias": null,
        "source": {
            "type": null,
            "city": null,
            "state": null,
            "country": null,
            "domain_type": null,
            "agency": null,
            "organization_name": null
        }
    },
    "rating": null,
    "crawled": "2025-08-21T08:39:31.040+03:00",
    "updated": "2025-08-21T08:45:26.000+03:00"
}