{
    "thread": {
        "uuid": "8e033a969390735b2b755950c9a7ab274b5d7026",
        "url": "https://advisors.voya.com/insights/global-perspectives/say-hai-yes-japanese-stocks",
        "site_full": "advisors.voya.com",
        "site": "voya.com",
        "site_section": "https://advisors.voya.com/insights",
        "site_categories": [
            "investing",
            "finance"
        ],
        "section_title": "Insights | Voya Investment Management",
        "site_title": "Voya Financial: Plan, Invest, Protect | Voya.com",
        "title": "Say \"hai\" (yes) to Japanese stocks",
        "title_full": "Say \"hai\" (yes) to Japanese stocks",
        "published": "2025-08-20T15:00:00.000+03:00",
        "replies_count": 0,
        "participants_count": 1,
        "site_type": "news",
        "country": "US",
        "main_image": "",
        "performance_score": 0,
        "domain_rank": 36366,
        "domain_rank_updated": "2025-06-03T00:00:00.000+03:00",
        "licensing_agency": [],
        "social": {
            "facebook": {
                "likes": 0,
                "comments": 0,
                "shares": 0
            },
            "vk": {
                "shares": 0
            }
        }
    },
    "uuid": "8e033a969390735b2b755950c9a7ab274b5d7026",
    "url": "https://advisors.voya.com/insights/global-perspectives/say-hai-yes-japanese-stocks",
    "ord_in_thread": 0,
    "author": "Barbara Reinhard; CFA CIO; Multi-Asset Strategies; Solutions",
    "published": "2025-08-20T15:00:00.000+03:00",
    "title": "Say \"hai\" (yes) to Japanese stocks",
    "text": "The Nikkei 225—Japan’s version of the S&P 500—is near an all-time high. Yet we think Japan is still a good source of opportunities. Here’s why:\nBusinesses are becoming more investor-friendly: Companies have been doing more to drive shareholder value, such as buying back nearly ¥17 trillion (~US$110 billion) worth of shares in 2024, a 75% increase over 2023.1\nThe market is more accessible to foreign investors: Reforms and new takeover guidelines by the Tokyo Stock Exchange have made it easier for global investors to get involved with Japanese companies. As a result, private equity deals have surged, surpassing ¥3 trillion (~US$20 billion) in 2024 for the fourth year in a row.2 Carve-outs and take-privates have been particularly active—activity that can boost valuation multiples for listed equities broadly.\nThe economy is shifting gears: Japan is finally showing signs of moving away from deflation (a period of falling prices). Wages were up 4.8% in 2024 versus the prior year, the biggest increase since 1997! And the Bank of Japan raised interest rates in January for the first time in 17 years, signaling confidence in a healthier inflationary environment. (Inflation was 3.3% in June.3)\nJapan equities are relatively cheap: The MSCI Japan trades at a forward price to earnings multiple of 17.2x and an EV/EBITDA4 of 7.0x. Compare that to the S&P 500’s 23.3x and 15.8x, respectively.\nIn short, the company’s corporate landscape is improving, the economy is on the right track, and valuations are reasonable. It’s why we continue to have a positive view of Japanese equities.\nMaverick Lin contributed to this article. All data not specifically cited is from FactSet.\nTags:\nGlobal Perspectives",
    "highlightText": "",
    "highlightTitle": "",
    "highlightThreadTitle": "",
    "language": "english",
    "sentiment": "positive",
    "categories": [
        "Economy, Business and Finance",
        "Science and Technology",
        "Social Issue"
    ],
    "topics": [
        "Economy, Business and Finance->business strategy and marketing",
        "Economy, Business and Finance->investment and opinion pieces",
        "Economy, Business and Finance->financial and economic news",
        "Science and Technology->social sciences",
        "Science and Technology->technology and engineering",
        "Science and Technology->economics",
        "Social Issue->demographics",
        "Social Issue->social condition",
        "Social Issue->population and census"
    ],
    "ai_allow": true,
    "has_canonical": false,
    "breaking": null,
    "webz_reporter": false,
    "external_links": [],
    "external_images": [],
    "internal_images": [],
    "entities": {
        "persons": [],
        "locations": [],
        "organizations": [
            {
                "name": "Tokyo Stock Exchange",
                "sentiment": "none",
                "tickers": [
                    {
                        "ticker": null,
                        "exchange": null
                    }
                ]
            },
            {
                "name": "Bank of Japan",
                "sentiment": "none",
                "tickers": [
                    {
                        "ticker": null,
                        "exchange": null
                    }
                ]
            }
        ]
    },
    "syndication": {
        "syndicated": false,
        "syndicate_id": null,
        "first_syndicated": false
    },
    "trust": {
        "categories": [],
        "top_news": [],
        "bias": null,
        "source": {
            "type": null,
            "city": null,
            "state": null,
            "country": null,
            "domain_type": null,
            "agency": null,
            "organization_name": null
        }
    },
    "rating": null,
    "crawled": "2025-08-21T08:51:45.765+03:00",
    "updated": "2025-08-21T08:56:05.000+03:00"
}