{
    "thread": {
        "uuid": "956d28dc0aa29b7f1d97e3c82a6fc2a1fd2fc4e3",
        "url": "https://www.marketscreener.com/news/asia-s-wealthy-investors-seek-more-crypto-in-portfolios-ce7c51d3d881f42d",
        "site_full": "www.marketscreener.com",
        "site": "marketscreener.com",
        "site_section": "http://www.marketscreener.com/news/latest/",
        "site_categories": [
            "photography",
            "hobbies_and_interests"
        ],
        "section_title": "Stock market news - MarketScreener",
        "site_title": "Stock Market Today : Reports, Quotes and News - MarketScreener",
        "title": "Asia's wealthy investors seek more crypto in portfolios | MarketScreener",
        "title_full": "Asia's wealthy investors seek more crypto in portfolios | MarketScreener",
        "published": "2025-08-21T09:11:00.000+03:00",
        "replies_count": 0,
        "participants_count": 1,
        "site_type": "news",
        "country": "DE",
        "main_image": "https://cdn.zonebourse.com/static/resize/0/0//images/reuters/2025-08/2025-08-21T061515Z_1_LYNXMPEL7K07F_RTROPTP_4_ASIA-CRYPTO-INVESTORS.JPG",
        "performance_score": 0,
        "domain_rank": 3601,
        "domain_rank_updated": "2025-06-03T00:00:00.000+03:00",
        "licensing_agency": [
            "CFC"
        ],
        "social": {
            "facebook": {
                "likes": 0,
                "comments": 0,
                "shares": 0
            },
            "vk": {
                "shares": 0
            }
        }
    },
    "uuid": "956d28dc0aa29b7f1d97e3c82a6fc2a1fd2fc4e3",
    "url": "https://www.marketscreener.com/news/asia-s-wealthy-investors-seek-more-crypto-in-portfolios-ce7c51d3d881f42d",
    "ord_in_thread": 0,
    "author": "Reuters",
    "published": "2025-08-21T09:11:00.000+03:00",
    "title": "Asia's wealthy investors seek more crypto in portfolios | MarketScreener",
    "text": "Bitcoin (BTC/USD) -0.50% Bitcoin (BTC/EUR) -0.44% UBS Group AG -0.05% HONG KONG/SINGAPORE (Reuters) - Wealthy Asian families and family offices are ramping up their cryptocurrency investments, driven by the bullishness around digital assets, increased mainstream adoption and favourable regulatory developments in key markets.\nWealth managers said they are receiving more enquiries, cryptocurrency exchanges have seen trading volumes surge and crypto funds are in huge demand as high-net-worth Asian investors seek more exposure.\n\"We raised over $100 million in just a few months, and the response from LPs has been encouraging,\" said Jason Huang, founder of NextGen Digital Venture, referring to Limited Partners that represent high net-worth individuals.\nHuang launched a new long-short crypto equity fund, the Next Generation Fund II, in Singapore in late May, after winding down his first fund last year, which returned 375% in less than two years.\n\"Our investors - mainly family offices and internet/fintech entrepreneurs, recognise the growing role of digital assets in diversified portfolios,\" he said.\nSwiss investment bank UBS said some overseas Chinese family offices plan to raise their crypto exposure to around 5% of their portfolios.\n\"Many second- and third-generation individuals of family offices are starting to learn about and participate in virtual currencies,\" said Lu Zijie, head of wealth management at UBS China.\nThe surging interest comes on the back of strong cryptocurrency returns and favourable regulatory developments in the United States under President Donald Trump, such as the recently approved GENIUS Act.\nBitcoin prices have been hitting record highs this month, surpassing $124,000.\nHong Kong's recent passage of its stablecoin legislation has also fuelled a wave of crypto enthusiasm.\n\"The momentum has definitely built, and I think it's a function of just general maturity of the asset class,\" said Saad Ahmed, head of Asia Pacific at crypto exchange Gemini.\nWealth managers said the mindset among Asian clients has changed from merely wanting to have a small allocation to digital currencies a few years ago to now embracing it as a must-have in portfolios and exploring tools to optimise returns.\n\"Last year, they (family offices) started to dip their feet into bitcoin ETFs...now they have begun to learn the difference of holding a token directly,\" said Zann Kwan, chief investment officer at Singapore-based Revo Digital Family Office.\nLighthouse Canton, a Singapore-based wealth manager, said some more sophisticated family offices have started adopting market-neutral strategies, such as basis trades and arbitrage.\nGiselle Lai, associate investment director for digital assets at Fidelity International, said investors are increasingly treating bitcoin as a \"portfolio diversifier\" to hedge macro uncertainties, given its low correlation with stocks and bonds.\nCryptocurrency exchanges have also benefitted from increased trading demand.\nThe number of registered users at Hong Kong's HashKey Exchange surged 85% year-on-year by August 2025, the firm said.\nTotal trading volumes at South Korea's three major exchanges grew 17% so far in 2025 over the same period of 2024, with average daily trading volumes rising more than 20%, according to research platform CryptoQuant.\n(Reporting by Summer Zhen, Rae Wee; Additional reporting by Gu Li; Editing by Vidya Ranganathan and Jacqueline Wong)\nBy Summer Zhen and Rae Wee\n© Reuters - 2025",
    "highlightText": "",
    "highlightTitle": "",
    "highlightThreadTitle": "",
    "language": "english",
    "sentiment": "positive",
    "categories": [
        "Economy, Business and Finance"
    ],
    "topics": [
        "Economy, Business and Finance->investment and opinion pieces",
        "Economy, Business and Finance->financial and economic news",
        "Economy, Business and Finance->foreign exchange market"
    ],
    "ai_allow": false,
    "has_canonical": false,
    "breaking": false,
    "webz_reporter": false,
    "external_links": [
        "https://x.com/intent/tweet?text=Asia",
        "https://www.linkedin.com/shareArticle?mini=true&url=https%3A%2F%2Fwww.marketscreener.com%2Fnews%2Fasia-s-wealthy-investors-seek-more-crypto-in-portfolios-ce7c51d3d881f42d%3Futm_source%3Dlinkedin%26utm_medium%3Dsocial%26utm_campaign%3Dshare&title=Asia",
        "https://wa.me/?text=https%3A%2F%2Fwww.marketscreener.com%2Fnews%2Fasia-s-wealthy-investors-seek-more-crypto-in-portfolios-ce7c51d3d881f42d%3Futm_source%3Dwhatsapp%26utm_medium%3Dsocial%26utm_campaign%3Dshare",
        "https://cdn.zonebourse.com/static/resize/768/432//images/reuters/2025-08/2025-08-21T061515Z_1_LYNXMPEL7K07F_RTROPTP_4_ASIA-CRYPTO-INVESTORS.JPG",
        "https://www.facebook.com/sharer/sharer.php?u=https%3A%2F%2Fwww.marketscreener.com%2Fnews%2Fasia-s-wealthy-investors-seek-more-crypto-in-portfolios-ce7c51d3d881f42d%3Futm_source%3Dfacebook%26utm_medium%3Dsocial%26utm_campaign%3Dshare",
        "https://telegram.me/share/url?url=https%3A%2F%2Fwww.marketscreener.com%2Fnews%2Fasia-s-wealthy-investors-seek-more-crypto-in-portfolios-ce7c51d3d881f42d%3Futm_source%3Dtelegram%26utm_medium%3Dsocial%26utm_campaign%3Dshare",
        "https://www.cdn.zonebourse.com/static/resize/768/432//images/reuters/2025-08/2025-08-21T061515Z_1_LYNXMPEL7K07F_RTROPTP_4_ASIA-CRYPTO-INVESTORS.JPG",
        "https://x.com/intent/tweet",
        "https://facebook.com/sharer/sharer.php?u=https%3A%2F%2Fwww.marketscreener.com%2Fnews%2Fasia-s-wealthy-investors-seek-more-crypto-in-portfolios-ce7c51d3d881f42d%3Futm_source%3Dfacebook%26utm_medium%3Dsocial%26utm_campaign%3Dshare",
        "https://www.facebook.com/sharer/sharer.php",
        "https://telegram.me/share/url",
        "https://www.x.com/intent/tweet?text=Asia",
        "https://www.telegram.me/share/url?url=https%3A%2F%2Fwww.marketscreener.com%2Fnews%2Fasia-s-wealthy-investors-seek-more-crypto-in-portfolios-ce7c51d3d881f42d%3Futm_source%3Dtelegram%26utm_medium%3Dsocial%26utm_campaign%3Dshare",
        "https://wa.me/",
        "https://www.wa.me/?text=https%3A%2F%2Fwww.marketscreener.com%2Fnews%2Fasia-s-wealthy-investors-seek-more-crypto-in-portfolios-ce7c51d3d881f42d%3Futm_source%3Dwhatsapp%26utm_medium%3Dsocial%26utm_campaign%3Dshare",
        "https://www.linkedin.com/shareArticle",
        "https://linkedin.com/shareArticle?mini=true&url=https%3A%2F%2Fwww.marketscreener.com%2Fnews%2Fasia-s-wealthy-investors-seek-more-crypto-in-portfolios-ce7c51d3d881f42d%3Futm_source%3Dlinkedin%26utm_medium%3Dsocial%26utm_campaign%3Dshare&title=Asia"
    ],
    "external_images": [],
    "internal_images": [],
    "entities": {
        "persons": [
            {
                "name": "Jason Huang",
                "sentiment": "none"
            }
        ],
        "locations": [],
        "organizations": [
            {
                "name": "Reuters",
                "sentiment": "negative",
                "tickers": [
                    {
                        "ticker": "TRI",
                        "exchange": "NASDAQ"
                    }
                ]
            },
            {
                "name": "UBS Group AG",
                "sentiment": "negative",
                "tickers": []
            },
            {
                "name": "NextGen Digital Venture",
                "sentiment": "none",
                "tickers": []
            }
        ]
    },
    "syndication": {
        "syndicated": false,
        "syndicate_id": null,
        "first_syndicated": false
    },
    "trust": {
        "categories": [],
        "top_news": [],
        "bias": null,
        "source": {
            "type": null,
            "city": null,
            "state": null,
            "country": null,
            "domain_type": null,
            "agency": null,
            "organization_name": null
        }
    },
    "rating": null,
    "crawled": "2025-08-21T09:43:24.172+03:00",
    "updated": "2025-08-21T10:36:34.846+03:00"
}