{
    "thread": {
        "uuid": "8535de6109e8421d592b898b62b814abce59758f",
        "url": "https://www.livemint.com/money/warren-buffett-biggest-regrets-investors-circle-of-competence-missed-opportunities-charlie-munger-11755751446291.html",
        "site_full": "www.livemint.com",
        "site": "livemint.com",
        "site_section": "https://www.golf.einnews.com/live_feed",
        "site_categories": [
            "media",
            "financial_news",
            "finance",
            "top_news_in",
            "top_news_iq",
            "top_news_pk",
            "top_news_ae",
            "top_news_za",
            "top_news_qa",
            "top_news_sg",
            "top_news_sa",
            "top_news_kw",
            "top_news"
        ],
        "section_title": "Live Feed Wire - Golf News Today - EIN Presswire",
        "site_title": "Business News Today: Read Latest Business News, Live India Share Market News, Finance &amp; Economy News | Mint",
        "title": "Why Buffett's biggest regrets should reassure, not alarm, investors",
        "title_full": "Why Buffett's biggest regrets should reassure, not alarm, investors",
        "published": "2025-08-21T08:16:00.000+03:00",
        "replies_count": 0,
        "participants_count": 1,
        "site_type": "news",
        "country": "IN",
        "main_image": "https://www.livemint.com/lm-img/img/2025/08/21/1600x900/im-87737015_1755093149390_1755753055822.jpg",
        "performance_score": 0,
        "domain_rank": 1367,
        "domain_rank_updated": "2025-06-03T00:00:00.000+03:00",
        "licensing_agency": [],
        "social": {
            "facebook": {
                "likes": 0,
                "comments": 0,
                "shares": 0
            },
            "vk": {
                "shares": 0
            }
        }
    },
    "uuid": "8535de6109e8421d592b898b62b814abce59758f",
    "url": "https://www.livemint.com/money/warren-buffett-biggest-regrets-investors-circle-of-competence-missed-opportunities-charlie-munger-11755751446291.html",
    "ord_in_thread": 0,
    "author": "Dhirendra Kumar (Value Research)",
    "published": "2025-08-21T08:16:00.000+03:00",
    "title": "Why Buffett's biggest regrets should reassure, not alarm, investors",
    "text": "Why Buffett's biggest regrets should reassure, not alarm, investors\nDhirendra Kumar (Value Research))4 min read 21 Aug 2025, 10:46 AM IST\nSummary\nThe lesson for ordinary investors isn't to become more aggressive about seizing opportunities, but to become more comfortable with missing them.\nThis is a Mint Premium article gifted to you.\nSubscribe to enjoy similar stories.\nIn a decades-old video that surfaced recently on social media, a young audience member asks Warren Buffett about his worst investment. Buffett's response is characteristically candid: his biggest mistakes weren't the investments that went wrong, but the opportunities he missed entirely. He estimates missing out on perhaps $10 billion in profit from investments he \"knew enough to do\" but didn't make.\nCatch all the\nBusiness News,Market News,Breaking NewsEvents andLatest NewsUpdates on Live Mint. Download TheMint News Appto get Daily Market Updates.more)\nless)",
    "highlightText": "",
    "highlightTitle": "",
    "highlightThreadTitle": "",
    "language": "english",
    "sentiment": "positive",
    "categories": [
        "Economy, Business and Finance"
    ],
    "topics": [
        "Economy, Business and Finance->financial and economic news",
        "Economy, Business and Finance->investment and opinion pieces"
    ],
    "ai_allow": true,
    "has_canonical": false,
    "breaking": true,
    "webz_reporter": false,
    "external_links": [],
    "external_images": [],
    "internal_images": [],
    "entities": {
        "persons": [
            {
                "name": "Dhirendra Kumar",
                "sentiment": "negative"
            },
            {
                "name": "Warren Buffett",
                "sentiment": "neutral"
            }
        ],
        "locations": [],
        "organizations": [
            {
                "name": "Value Research",
                "sentiment": "negative",
                "tickers": []
            }
        ]
    },
    "syndication": {
        "syndicated": false,
        "syndicate_id": null,
        "first_syndicated": false
    },
    "trust": {
        "categories": null,
        "top_news": [
            "top_news_in",
            "top_news_iq",
            "top_news_pk",
            "top_news_ae",
            "top_news_za",
            "top_news_qa",
            "top_news_sg",
            "top_news_sa",
            "top_news_kw",
            "top_news"
        ],
        "bias": "center",
        "source": {
            "type": null,
            "city": null,
            "state": null,
            "country": null,
            "domain_type": null,
            "agency": null,
            "organization_name": null
        }
    },
    "rating": null,
    "crawled": "2025-08-21T08:29:57.261+03:00",
    "updated": "2025-08-22T09:05:45.000+03:00"
}