{
    "thread": {
        "uuid": "123ee0d5c004923928cce51a174effc03e1cd3b1",
        "url": "https://news24online.com/business/rs-1000000000000-loss-five-it-stocks-bleed-red-ratan-tata-tcs-worst-performer-other-four-are/744551/",
        "site_full": "news24online.com",
        "site": "news24online.com",
        "site_section": "https://news.google.com/search?q=other%20when%3A1h&hl=en-US&gl=US&ceid=US%3Aen",
        "site_categories": [
            "arts, culture and entertainment",
            "media",
            "economy, business and finance",
            "lifestyle and leisure",
            "crime, law and justice",
            "politics",
            "sport"
        ],
        "section_title": "Google News - Search",
        "site_title": "News24: Get Breaking News, Latest News, India News &amp; Updates",
        "title": "Rs 1 loss... five IT stocks bleed red, Ratan Tata's TCS worst performer, other four are...",
        "title_full": "Rs 1 loss... five IT stocks bleed red, Ratan Tata's TCS worst performer, other four are...",
        "published": "2026-02-12T10:29:00.000+02:00",
        "replies_count": 0,
        "participants_count": 1,
        "site_type": "news",
        "country": "IN",
        "main_image": "https://news24online.com/wp-content/uploads/2026/02/TCS-3.jpg",
        "performance_score": 0,
        "domain_rank": 47209,
        "domain_rank_updated": "2026-02-08T23:00:00.000+02:00",
        "licensing_agency": [],
        "social": {
            "facebook": {
                "likes": 0,
                "comments": 0,
                "shares": 0
            },
            "vk": {
                "shares": 0
            }
        }
    },
    "uuid": "123ee0d5c004923928cce51a174effc03e1cd3b1",
    "url": "https://news24online.com/business/rs-1000000000000-loss-five-it-stocks-bleed-red-ratan-tata-tcs-worst-performer-other-four-are/744551/",
    "ord_in_thread": 0,
    "author": "Sonali Sharma",
    "published": "2026-02-12T10:29:00.000+02:00",
    "title": "Rs 1 loss... five IT stocks bleed red, Ratan Tata's TCS worst performer, other four are...",
    "text": "The share market fell on Thursday. The main reason was a sharp decline in IT company shares. Major Indian IT stocks such as Infosys, TCS, Wipro and HCLTech dropped heavily. On Thursday, these shares fell by up to 5%. Because of this fall, the total market value of these companies went down by about Rs 1 lakh crore.\nShare price falls: Infosys fell 5.18% to Rs 1,396; TCS fell 4.58% to Rs 2,776; HCL Tech fell 4.55% to Rs 1,480.50; Wipro fell 3.76% to Rs 221.10 and Tech Mahindra fell 4.84% to Rs 1,555.\nOn Wednesday, the total market value of these five companies was Rs 24.72 lakh crore. On Thursday, it dropped to Rs 23.71 lakh crore, meaning a loss of Rs 1.00 lakh crore in one day.\nReason of THIS decline\nOvernight, the American market saw a fall of up to 5% in the US-listed shares (ADRs) of Infosys, Wipro and Cognizant. This led to a fall in Indian IT stocks as well. According the experts, US markets are very unstable nowadays. High-risk and high-volatility stocks are seeing heavy selling.\nThey also say that new AI-based cloud software tools launched by Anthropic have increased fears among investors. There is concern that AI software could seriously affect the business models of IT companies. Because of this, investors are quickly selling IT shares. Heavy selling was also seen in SaaS, consulting and data analytics stocks.",
    "summary": "Major Indian IT stocks such as Infosys, TCS, Wipro and HCLTech dropped heavily. Because of this fall, the total market value of these companies went down by about Rs 1 lakh crore. On Wednesday, the total market value of these five companies was Rs 24.72 lakh crore. Overnight, the American market saw a fall of up to 5% in the US-listed shares (ADRs) of Infosys, Wipro and Cognizant. They also say that new AI-based cloud software tools launched by Anthropic have increased fears among investors.",
    "highlightText": "",
    "highlightTitle": "",
    "highlightThreadTitle": "",
    "language": "english",
    "sentiment": "negative",
    "categories": [
        "Economy, Business and Finance"
    ],
    "topics": [
        "Economy, Business and Finance->computing and information technology",
        "Economy, Business and Finance->financial and economic news",
        "Economy, Business and Finance->market and exchange"
    ],
    "ai_allow": true,
    "has_canonical": false,
    "breaking": true,
    "webz_reporter": false,
    "external_links": [],
    "external_images": [],
    "internal_images": [],
    "entities": {
        "persons": [],
        "locations": [],
        "organizations": [
            {
                "name": "TCS",
                "sentiment": "negative",
                "tickers": [
                    {
                        "ticker": "TCS",
                        "exchange": "NSE"
                    }
                ]
            },
            {
                "name": "Ratan Tata",
                "sentiment": "negative",
                "tickers": []
            },
            {
                "name": "Wipro",
                "sentiment": "none",
                "tickers": [
                    {
                        "ticker": "WIT",
                        "exchange": "NYSE"
                    }
                ]
            },
            {
                "name": "Infosys",
                "sentiment": "none",
                "tickers": [
                    {
                        "ticker": "INFY",
                        "exchange": "NYSE"
                    }
                ]
            },
            {
                "name": "HCL Tech",
                "sentiment": "none",
                "tickers": [
                    {
                        "ticker": "HCLTECH",
                        "exchange": "NYSE"
                    }
                ]
            },
            {
                "name": "Tech Mahindra",
                "sentiment": "none",
                "tickers": [
                    {
                        "ticker": "TECHM",
                        "exchange": "NASDAQ"
                    }
                ]
            },
            {
                "name": "HCLTech",
                "sentiment": "none",
                "tickers": [
                    {
                        "ticker": "HCLTECH",
                        "exchange": "NASDAQ"
                    }
                ]
            }
        ]
    },
    "syndication": {
        "syndicated": false,
        "syndicate_id": null,
        "first_syndicated": false
    },
    "trust": {
        "categories": [],
        "top_news": [],
        "bias": null,
        "source": {
            "type": null,
            "city": null,
            "state": null,
            "country": null,
            "domain_type": null,
            "agency": null,
            "organization_name": null
        }
    },
    "rating": null,
    "crawled": "2026-02-12T11:00:13.277+02:00",
    "updated": "2026-02-12T11:03:05.000+02:00"
}