{
    "thread": {
        "uuid": "864deecf0d6d68014760f0572383031190ee8f9e",
        "url": "https://www.moneycontrol.com/news/business/stocks/rail-vikas-nigam-shares-fall-over-2-alpha-article-13824796.html",
        "site_full": "www.moneycontrol.com",
        "site": "moneycontrol.com",
        "site_section": "https://www.moneycontrol.com/",
        "site_categories": [
            "arts, culture and entertainment",
            "finance",
            "investing",
            "financial_news",
            "lifestyle and leisure",
            "science and technology",
            "economy, business and finance",
            "crime, law and justice",
            "politics",
            "stocks"
        ],
        "section_title": "Business News Today: Stock and Share Market News, Economy and Finance News, Sensex, Nifty, Global Market, NSE, BSE Live IPO News",
        "site_title": "Business News Today: Stock and Share Market News, Economy and Finance News, Sensex, Nifty, Global Market, NSE, BSE Live IPO News",
        "title": "Rail Vikas Nigam shares fall over 2%",
        "title_full": "Rail Vikas Nigam shares fall over 2%",
        "published": "2026-02-12T09:09:00.000+02:00",
        "replies_count": 0,
        "participants_count": 1,
        "site_type": "news",
        "country": "IN",
        "main_image": "https://images.moneycontrol.com/static-mcnews/2025/09/20250320041134_sensex_nifty-marketup_sensexup-Niftyup.jpg",
        "performance_score": 0,
        "domain_rank": 1049,
        "domain_rank_updated": "2026-02-08T23:00:00.000+02:00",
        "licensing_agency": [],
        "social": {
            "facebook": {
                "likes": 0,
                "comments": 0,
                "shares": 0
            },
            "vk": {
                "shares": 0
            }
        }
    },
    "uuid": "864deecf0d6d68014760f0572383031190ee8f9e",
    "url": "https://www.moneycontrol.com/news/business/stocks/rail-vikas-nigam-shares-fall-over-2-alpha-article-13824796.html",
    "ord_in_thread": 0,
    "author": "Alpha Desk",
    "published": "2026-02-12T09:09:00.000+02:00",
    "title": "Rail Vikas Nigam shares fall over 2%",
    "text": "Shares of Rail Vikas Nigam declined by 2.12% to Rs 309.85 at 09:48 am on Thursday. The stock is a constituent of the Nifty Midcap 150 index. Financial Performance Rail Vikas Nigam's consolidated financial performance shows the following trends: Revenue The company's consolidated quarterly revenue shows fluctuations in recent periods. The revenue for the quarter-ending December 2025 was Rs 4,684.46 Crore, compared to Rs 5,122.98 Crore in the September 2025 quarter and Rs 3,908.77 Crore in the June 2025 quarter. For the quarter-ending March 2025, the revenue stood at Rs 6,426.88 Crore, and for December 2024, it was Rs 4,567.38 Crore. The company's consolidated annual revenue has seen some variations over the years. The revenue for the year-ending March 2025 was Rs 19,923.02 Crore, a decrease compared to Rs 21,889.23 Crore for the year-ending March 2024. The revenue for the years ending March 2023, 2022, and 2021 were Rs 20,281.57 Crore, Rs 19,381.71 Crore, and Rs 15,403.76 Crore, respectively. Net Profit The consolidated quarterly net profit also varied. The net profit for the quarter-ending December 2025 was Rs 267.73 Crore, compared to Rs 206.49 Crore in the September 2025 quarter and Rs 124.99 Crore in the June 2025 quarter. The net profit for the quarter-ending March 2025 was Rs 406.74 Crore, and for December 2024, it was Rs 254.66 Crore. The company's consolidated annual net profit shows a decrease in the latest year. The net profit for the year-ending March 2025 was Rs 1,186.11 Crore, compared to Rs 1,574.47 Crore for the year-ending March 2024. The net profit for the years ending March 2023, 2022, and 2021 were Rs 1,261.95 Crore, Rs 1,079.17 Crore, and Rs 922.85 Crore, respectively. EPS The consolidated quarterly EPS also presented fluctuations. The EPS for the quarter-ending December 2025 was Rs 1.55, compared to Rs 1.10 in the September 2025 quarter and Rs 0.65 in the June 2025 quarter. The EPS for the quarter-ending March 2025 was Rs 2.20, and for December 2024, it was Rs 1.49. The company's consolidated annual EPS shows a decrease in the latest year. The EPS for the year-ending March 2025 was Rs 6.15, compared to Rs 7.55 for the year-ending March 2024. The EPS for the years ending March 2023, 2022, and 2021 were Rs 6.81, Rs 5.67, and Rs 4.42, respectively. Key Financial Metrics (Consolidated, Annual) Heading Mar 2025 Mar 2024 Mar 2023 Mar 2022 Mar 2021 Revenue Rs 19,923.02 Crore Rs 21,889.23 Crore Rs 20,281.57 Crore Rs 19,381.71 Crore Rs 15,403.76 Crore Net Profit Rs 1,186.11 Crore Rs 1,574.47 Crore Rs 1,261.95 Crore Rs 1,079.17 Crore Rs 922.85 Crore EPS 6.15 7.55 6.81 5.67 4.42 BVPS 45.90 41.95 35.13 30.68 26.70 ROE 13.38 18.00 19.39 18.48 16.56 Debt to Equity 0.56 0.68 0.87 1.03 1.02 The revenue decreased by 8.98 percent in 2025 compared to 2024. Net profit also saw a decrease of 24.66 percent during the same period. Balance Sheet (Consolidated, Annual) Heading Mar 2025 Mar 2024 Mar 2023 Mar 2022 Mar 2021 Share Capital Rs 2,085 Crore Rs 2,085 Crore Rs 2,085 Crore Rs 2,085 Crore Rs 2,085 Crore Reserves &amp; Surplus Rs 7,485 Crore Rs 6,660 Crore Rs 5,240 Crore Rs 4,312 Crore Rs 3,481 Crore Current Liabilities Rs 5,652 Crore Rs 4,579 Crore Rs 4,442 Crore Rs 6,845 Crore Rs 2,508 Crore Other Liabilities Rs 5,258 Crore Rs 6,286 Crore Rs 6,655 Crore Rs 6,637 Crore Rs 6,076 Crore Total Liabilities Rs 20,481 Crore Rs 19,611 Crore Rs 18,422 Crore Rs 19,881 Crore Rs 14,151 Crore The total liabilities increased by 4.44 percent in 2025 compared to 2024. Cash Flow (Consolidated, Annual) Heading Mar 2025 Mar 2024 Mar 2023 Mar 2022 Mar 2021 Operating Activities Rs 1,878 Crore Rs 2,954 Crore Rs -4,076 Crore Rs 4,800 Crore Rs 657 Crore Investing Activities Rs 1,629 Crore Rs -1,399 Crore Rs 1,354 Crore Rs -1,426 Crore Rs 74 Crore Financing Activities Rs -1,484 Crore Rs -1,286 Crore Rs -1,036 Crore Rs -186 Crore Rs 415 Crore Net Cash Flow Rs 2,023 Crore Rs 267 Crore Rs -3,757 Crore Rs 3,187 Crore Rs 1,147 Crore The net cash flow increased from Rs 267 crore in March 2024 to Rs 2,023 crore in March 2025. Key Ratio Trends (Consolidated, Annual) Heading Mar 2025 Mar 2024 Mar 2023 Mar 2022 Mar 2021 Basic EPS (Rs.) 6.15 7.55 6.81 5.67 4.42 Diluted Eps (Rs.) 6.15 7.55 6.81 5.67 4.42 Book Value [Excl. Reval Reserve]/Share (Rs.) 45.90 41.95 35.13 30.68 26.70 Dividend/Share (Rs.) 1.72 2.11 2.13 1.83 1.58 Face Value 10 10 10 10 10 Heading Mar 2025 Mar 2024 Mar 2023 Mar 2022 Mar 2021 Gross Profit Margin (%) 10.66 11.59 11.06 10.23 7.72 Operating Margin (%) 10.51 11.50 10.95 10.12 7.57 Net Profit Margin (%) 5.95 7.19 6.22 5.56 5.99 Heading Mar 2025 Mar 2024 Mar 2023 Mar 2022 Mar 2021 Return on Networth / Equity (%) 13.38 18.00 19.39 18.48 16.56 ROCE (%) 14.12 16.74 15.88 15.05 10.01 Return On Assets (%) 6.25 8.02 7.71 5.94 6.51 Heading Mar 2025 Mar 2024 Mar 2023 Mar 2022 Mar 2021 Current Ratio (X) 2.06 2.13 2.04 2.12 3.98 Quick Ratio (X) 2.06 2.11 2.02 2.11 3.97 Heading Mar 2025 Mar 2024 Mar 2023 Mar 2022 Mar 2021 Debt to Equity (x) 0.56 0.68 0.87 1.03 1.02 Interest Coverage Ratios (X) 3.94 4.47 3.86 3.52 41.25 Heading Mar 2025 Mar 2024 Mar 2023 Mar 2022 Mar 2021 Asset Turnover Ratio (%) 0.99 1.15 1.06 1.14 108.84 Inventory Turnover Ratio (X) 615.67 354.05 0.00 0.00 655.76 Heading Mar 2025 Mar 2024 Mar 2023 Mar 2022 Mar 2021 3 Yr CAGR Sales (%) 1.39 19.21 18.14 38.74 42.39 3 Yr CAGR Net Profit (%) 4.84 30.62 28.03 35.35 40.17 Heading Mar 2025 Mar 2024 Mar 2023 Mar 2022 Mar 2021 P/E (x) 57.21 33.50 10.07 5.77 6.58 P/B (x) 7.66 6.03 1.95 1.07 1.09 EV/EBITDA (x) 35.22 21.91 8.41 3.32 8.15 P/S (x) 3.68 2.41 0.71 0.35 0.39 Corporate Actions Rail Vikas Nigam announced an interim dividend for FY 2025-26, with the record date set as February 05, 2026. The dividend amount is Rs 1.00 per share (10%). Further dividends include: Rs 1.72 per share (17.2%) final dividend with effective date August 21, 2025; Rs 2.11 per share (21.1%) final dividend with effective date September 23, 2024; Rs 0.36 per share (3.6%) final dividend with effective date September 20, 2023; Rs 1.77 per share (17.7%) interim dividend with effective date April 06, 2023. Market Sentiment Moneycontrol analysis indicates a very bearish sentiment for Rail Vikas Nigam as of February 12, 2026. With the stock currently trading at Rs 309.85, Rail Vikas Nigam experiences a downward trend amid very bearish sentiments.\",",
    "summary": "Shares of Rail Vikas Nigam declined by 2.12% to Rs 309.85 at 09:48 am on Thursday. Financial Performance Rail Vikas Nigam's consolidated financial performance shows the following trends: Revenue The company's consolidated quarterly revenue shows fluctuations in recent periods. The company's consolidated annual net profit shows a decrease in the latest year. The company's consolidated annual EPS shows a decrease in the latest year. With the stock currently trading at Rs 309.85, Rail Vikas Nigam experiences a downward trend amid very bearish sentiments.",
    "highlightText": "",
    "highlightTitle": "",
    "highlightThreadTitle": "",
    "language": "english",
    "sentiment": "negative",
    "categories": [
        "Economy, Business and Finance"
    ],
    "topics": [
        "Economy, Business and Finance->financial and economic news",
        "Economy, Business and Finance->market and exchange"
    ],
    "ai_allow": true,
    "has_canonical": false,
    "breaking": false,
    "webz_reporter": false,
    "external_links": [],
    "external_images": [],
    "internal_images": [],
    "entities": {
        "persons": [],
        "locations": [],
        "organizations": [
            {
                "name": "Rail Vikas Nigam",
                "sentiment": "negative",
                "tickers": []
            }
        ]
    },
    "syndication": {
        "syndicated": false,
        "syndicate_id": null,
        "first_syndicated": false
    },
    "trust": {
        "categories": [],
        "top_news": [],
        "bias": null,
        "source": {
            "type": null,
            "city": null,
            "state": null,
            "country": null,
            "domain_type": null,
            "agency": null,
            "organization_name": null
        }
    },
    "rating": null,
    "crawled": "2026-02-12T09:23:15.200+02:00",
    "updated": "2026-02-12T09:25:37.000+02:00"
}