{
    "thread": {
        "uuid": "14e79b6f0c9053aeccdc2fb1bc87080149c8fe2e",
        "url": "https://www.ad-hoc-news.de/boerse/ueberblick/warning-is-ethereum-setting-up-a-brutal-bull-trap-or-a-generational/68574428",
        "site_full": "www.ad-hoc-news.de",
        "site": "ad-hoc-news.de",
        "site_section": "https://www.ad-hoc-news.de/",
        "site_categories": [
            "arts, culture and entertainment",
            "business",
            "media",
            "lifestyle and leisure",
            "science and technology",
            "economy, business and finance",
            "marketing"
        ],
        "section_title": "NEWS & AKTIENKURSE | AD HOC NEWS",
        "site_title": "NEWS & AKTIENKURSE | AD HOC NEWS",
        "title": "Warning: Is Ethereum Setting Up a Brutal Bull Trap or a Generational Entry?",
        "title_full": "Warning: Is Ethereum Setting Up a Brutal Bull Trap or a Generational Entry?",
        "published": "2026-02-12T07:37:00.000+02:00",
        "replies_count": 0,
        "participants_count": 1,
        "site_type": "news",
        "country": "DE",
        "main_image": "https://mdb.ad-hoc-news.de/bilder/bild-2404982_600_800.jpg",
        "performance_score": 0,
        "domain_rank": 146132,
        "domain_rank_updated": "2026-02-08T23:00:00.000+02:00",
        "licensing_agency": [],
        "social": {
            "facebook": {
                "likes": 0,
                "comments": 0,
                "shares": 0
            },
            "vk": {
                "shares": 0
            }
        }
    },
    "uuid": "14e79b6f0c9053aeccdc2fb1bc87080149c8fe2e",
    "url": "https://www.ad-hoc-news.de/boerse/ueberblick/warning-is-ethereum-setting-up-a-brutal-bull-trap-or-a-generational/68574428",
    "ord_in_thread": 0,
    "author": "Redaktion ad-hoc-news.de",
    "published": "2026-02-12T07:37:00.000+02:00",
    "title": "Warning: Is Ethereum Setting Up a Brutal Bull Trap or a Generational Entry?",
    "text": ",\nWarning: Is Ethereum Setting Up a Brutal Bull Trap or a Generational Entry?\n12.02.2026 - 06:37:34Get top recommendations for free. Benefit from expert knowledge. Sign up now!\nVibe Check: Ethereum is in one of those classic \"make or break\" moments: price has just pulled a dramatic move, volatility is heating up, and every feed is split between \"ETH is finished\" and \"ETH is about to melt faces\". We are in a classic high-stakes zone where one impulsive decision can make you a legend or leave you completely rekt. Remember: data is mixed, dates are not fully aligned with today, so treat every exact figure you see elsewhere as suspect and focus on the trend, not the digits.\nWant to see what people are saying? Here are the real opinions:\nThe Narrative: Ethereum right now is pure narrative warfare. On one side you have the tech crowd screaming that Layer-2s are exploding, gas fees are becoming more manageable, and smart contract activity is pushing Ethereum back into \"internet of value\" territory. On the other side you have doom-posters insisting that competitors and regulations are slowly choking ETH out.\nLet’s break down what is actually driving the market under the meme layer:\n1. Layer-2 Wars: Arbitrum, Optimism, Base and the Great Migration\nThe biggest structural shift in Ethereum is the move from Mainnet-maxi culture to a full-blown Layer-2 multichain ecosystem. Arbitrum, Optimism, Base and others are sucking in transactions that would have once clogged L1 and sent gas fees to insane levels.\nHere is what that really means for traders and investors:\n- Activity is not dying, it is migrating. When you see lower Mainnet transaction counts, it does not necessarily mean Ethereum is fading; it often means users are doing their DeFi, NFT mints, and yield strategies on Layer-2s where fees are far lower.\n- Mainnet becomes the settlement layer. Ethereum L1 is evolving into the high-value settlement and security backbone. Big whale moves, major protocol upgrades, serious DeFi collateral flows: that is increasingly what L1 is about.\n- Revenue shifts, but does not vanish. Less raw L1 gas spike action does not automatically mean Ethereum is earning less. Instead, value accrues via rollup fees, L2 tokens tied back to Ethereum, and the fact that all of these systems still ultimately anchor into ETH for security.\nArbitrum is dominating a massive share of DeFi and on-chain volume, Optimism is powering a growing ecosystem of \"OP Stack\" chains, and Coinbase’s Base has become a magnet for retail-friendly, social and meme-heavy flows. The key point: the Ethereum economy is getting wider and faster, even if Mainnet itself sometimes looks calmer on the surface.\n2. Gas Fees: From Pain to Playgrounds\nWe all remember those brutal days when a simple swap could feel like lighting money on fire. That narrative is changing. Thanks to Layer-2s and protocol upgrades, gas fee spikes are less of a constant nightmare and more of an occasional storm during peak mania events.\nFor traders, this is huge:\n- Retail can actually participate. Lower effective gas on L2s means smaller accounts can farm, trade, and experiment in DeFi without being instantly rekt by fees.\n- Higher turnover, more experiments. As transactions become cheaper on L2s, we see more experimentation with new protocols, memecoins, NFT primitives, and derivatives products all anchored back to Ethereum.\n- Yet gas can still explode when narratives go parabolic. When a new narrative hits (like a hyped airdrop or meta), gas can still rip higher on both L1 and L2. Those spikes are like on-chain sentiment indicators: euphoric activity, FOMO minting, degen leverage.\n3. The Economics: Ultrasound Money vs. Dilution Fears\nThe \"Ultrasound Money\" thesis is still one of Ethereum’s strongest long-term narratives. The idea: thanks to EIP-1559 and post-Merge proof-of-stake, a chunk of ETH used to pay gas fees gets burned. If network activity is strong enough, the burn rate can outpace new issuance, making ETH effectively scarce or even net-deflationary over time.\nKey angles you need to understand:\n- Burn Rate: When Ethereum activity is popping off (DeFi mania, NFT seasons, L2 bridges, airdrop hype), more ETH gets burned. That reduces the circulating supply and supports the \"Ultrasound Money\" meme with real on-chain data behind it.\n- Issuance: With proof-of-stake, new ETH issuance to validators is way lower than the old proof-of-work era. Staked ETH earns yield from protocol rewards and fees, but the net new ETH hitting the market can be quite modest relative to demand.\n- Net Effect: Over longer timeframes, heavy usage plus consistent burning can tilt ETH’s supply curve toward stability or slight deflation, especially during high-activity phases. Long-term macro players love this narrative because it looks more like a productive, yield-bearing, scarce digital asset than just another inflationary token.\nBut do not get it twisted: if on-chain activity cools off, the burn slows down. That is when bears jump in claiming the Ultrasound story is broken. Real talk: the thesis is cyclical with demand, not a permanent switch. You are betting on Ethereum staying relevant and heavily used.\n4. Macro & ETF Flows: Institutions vs. Retail Fear\nOn the macro side, Ethereum is walking a razor’s edge between explosive opportunity and regulatory overhang. Discussions about spot ETH ETFs, staking regulations, and securities classification have every institution watching carefully.\nHere is how that translates into price behavior and sentiment:\n- Institutional Flows: When ETFs, ETPs, and regulated funds start to accumulate ETH, it brings in sticky capital that is not trying to scalp every little move. That can give Ethereum a solid underlying bid, especially during risk-on environments.\n- Regulatory FUD: Every time there is chatter about ETH’s status, staking crackdowns, or stricter DeFi rules, retail freaks out. You will see sudden risk-off candles, sharp liquidations, and a wave of fear-driven selling.\n- Retail Positioning: Right now, a lot of retail is still traumatized from previous crypto cycles, scared of being exit liquidity again. That fear actually creates upside optionality: if regulatory clarity improves and ETFs gain traction, sidelined capital can FOMO in hard.\nIn other words, ETH sits at the intersection of TradFi legitimacy and DeFi chaos. When macro winds are favorable and rates sentiment improves, the narrative of \"digital yield, programmable money, and real on-chain economies\" becomes incredibly attractive to bigger players.\n5. The Tech Roadmap: Pectra, Verkle Trees and the Next Meta\nEthereum’s biggest hidden weapon is that it never stops shipping. While social feeds obsess over short-term pumps and dumps, core devs are grinding on upgrades like Pectra and Verkle Trees that fundamentally upgrade the chain’s capabilities.\nVerkle Trees:\n- These are a more efficient data structure for storing state. Translated into trader language: they help make Ethereum more scalable and lighter for nodes, which supports more decentralization and reduces hardware requirements over time.\n- With Verkle Trees, it becomes easier for more participants to run nodes or light clients. That is bullish for censorship resistance and network health, two pillars institutions actually care about when allocating big capital.\nPectra Upgrade:\n- Pectra is set to bundle improvements from both protocol and execution layers. The focus includes better user experience, validator quality-of-life enhancements, and continued optimization for rollup-centric scaling.\n- As rollups become the default for day-to-day transactions, Ethereum L1 needs to be ultra-efficient as the base settlement layer. Pectra pushes the chain further in that direction.\n- Expect future narratives to revolve around \"L2-centric Ethereum\" where almost every normal user lives on L2 while ETH on L1 becomes the ultimate collateral and settlement asset.\nThe big takeaway: each major upgrade tends to set up the next narrative wave. Traders who front-run upgrades by accumulating during boredom and derisking into post-upgrade euphoria often outperform pure FOMO chasers.\nDeep Dive Analysis: Gas, Burn, and the ETF Game\nGas Fees & User Experience:\nEthereum’s long-term value is tightly linked to whether normal humans can use it without rage-quitting. Layer-2s plus protocol upgrades are pushing the ecosystem toward a world where gas fees are mostly chill in normal conditions and only explode during mega hype cycles.\nFor DeFi degens:\n- Cheaper transactions on L2s mean more complex strategies (cross-chain farming, options overlays, structured products) become realistic for mid-size accounts.\n- As more protocols integrate L2-native liquidity, the need to constantly bridge or pay heavy L1 gas shrinks. That is bullish for stickiness and retention.\nBurn Rate & Supply Dynamics:\nBurn is the silent killer of supply. Every time the network is popping, ETH quietly vanishes into the void. Long-term holders love this, but it is volatility in disguise:\n- During high activity, the burn accelerates, narratives about ETH scarcity flood social feeds, and speculative flows pile in.\n- During quiet periods, the burn cools, bears claim the Ultrasound story was overhyped, and weaker hands rotate into whatever is pumping that week.\nAs a trader, you are not just betting on price candles; you are betting on sustained demand for blockspace and settlement over years. That is what really powers the supply side economics.\nETF and Institutional Flows:\nThe big question hanging over Ethereum is how aggressively institutions will embrace it once structural products like spot ETFs, staking wrappers, and regulatory clarity mature.\n- If ETF flows trend positive: you get a slow, grinding bid supporting ETH even when retail is terrified. That backdrop often leads to brutal short squeezes as bears misjudge the new buyer base.\n- If regulatory clouds persist: institutions stay cautious, derivatives and offshore venues dominate flows, and price action stays choppy with violent liquidations.\nRight now, sentiment across YouTube, TikTok and Instagram is a mix of cautious optimism and deep skepticism. Bullish influencers are shouting that institutions will not ignore a yield-bearing, deflationary, programmable asset forever. Bears argue that regulatory risk and competing chains still cap Ethereum’s upside.\n- Key Levels: We are trading around major key zones where previous cycles have flipped from distribution to accumulation and back again. These areas act as emotional anchors: above them, people feel like WAGMI; below them, the timeline screams \"Ethereum is dying\".\n- Sentiment: Whales appear to be selectively accumulating on sharp fear-driven dips while offloading into euphoric spikes. On-chain data frequently shows large holders using retail panic as their entry signal and retail FOMO as their exit.\nVerdict: Is This a Trap or a Generational Setup?\nSo, is Ethereum about to nuke late buyers or launch the next face-melting leg of the cycle?\nHere is the unfiltered answer:\n- Tech Side: Ethereum is still the default home of serious DeFi, high-value NFTs, and institutional-grade smart contracts. Layer-2s are not a threat; they are Ethereum’s scalability superpower.\n- Economic Side: The Ultrasound Money thesis is not dead; it is conditional. If Ethereum stays relevant and heavily used, burn plus low issuance will keep ETH a premium asset in the crypto stack.\n- Macro Side: Institutions are circling, but regulation is the gatekeeper. Clearer rules and ETF adoption could flip Ethereum from a speculative asset to a core portfolio piece for big money.\n- Roadmap Side: Verkle Trees, Pectra and the rollup-centric vision keep Ethereum evolving. That constant iteration is why devs stick around and why new narratives keep spawning on ETH first.\nThe risk? If Ethereum fumbles the user experience, loses developer mindshare, or faces a harsh regulatory strike, it could underperform while faster, niche chains ride the narrative waves. For aggressive traders, that means you cannot just blindly \"buy and pray\"; you need a plan.\nHow to approach it like a pro:\n- Decide whether you are here for short-term volatility or long-term Ultrasound Money plus L2 growth.\n- Use clear invalidation points around the key zones instead of emotionally averaging down into every dip.\n- Watch gas spikes, L2 activity, and ETF headlines as your macro indicators for whether this is accumulation season or distribution season.\nEthereum is not \"risk free\" and it is not \"dead\". It is a high-volatility bet on the idea that programmable, yield-bearing, deflationary digital money plus a global settlement layer will matter more in ten years than it does today.\nIf that thesis wins, today’s chaos looks like opportunity. If it fails, today’s pumps will look like cruel traps. Trade accordingly, size responsibly, and never forget: in this market, managing risk is more important than being right on Twitter.\nIgnore the warning & trade Ethereum anyway\nRisk Warning: Financial instruments, especially Crypto CFDs, are highly speculative and carry a high risk of losing money rapidly due to leverage. You should consider whether you understand how these instruments work and whether you can afford to take the high risk of losing your money. This content is for informational purposes only and does not constitute investment advice.\n@ ad-hoc-news.de\nHol dir den Wissensvorsprung der Profis. Seit 2005 liefert der Börsenbrief trading-notes verlässliche Trading-Empfehlungen – dreimal die Woche, direkt in dein Postfach. 100% kostenlos. 100% Expertenwissen. Trage einfach deine E-Mail Adresse ein und verpasse ab heute keine Top-Chance mehr. Jetzt anmelden.",
    "summary": "Arbitrum is dominating a massive share of DeFi and on-chain volume, Optimism is powering a growing ecosystem of \"OP Stack\" chains, and Coinbase’s Base has become a magnet for retail-friendly, social and meme-heavy flows. Here is how that translates into price behavior and sentiment: - Institutional Flows: When ETFs, ETPs, and regulated funds start to accumulate ETH, it brings in sticky capital that is not trying to scalp every little move. When macro winds are favorable and rates sentiment improves, the narrative of \"digital yield, programmable money, and real on-chain economies\" becomes incredibly attractive to bigger players.",
    "highlightText": "",
    "highlightTitle": "",
    "highlightThreadTitle": "",
    "language": "english",
    "sentiment": "negative",
    "categories": [
        "Economy, Business and Finance"
    ],
    "topics": [
        "Economy, Business and Finance->investment and opinion pieces",
        "Economy, Business and Finance->cryptocurrency",
        "Economy, Business and Finance->financial and economic news"
    ],
    "ai_allow": true,
    "has_canonical": false,
    "breaking": false,
    "webz_reporter": false,
    "external_links": [
        "https://www.trading-house.net/boersenakademie/trading-notes/",
        "https://www.trading-house.net/boersenakademie/trading-notes/?ref=ahnart_textlink",
        "https://www.trading-house.broker/skilling-kontoeroeffnung?ref=ahnart",
        "https://trading-house.net/boersenakademie/trading-notes/",
        "https://trading-house.broker/skilling-kontoeroeffnung?ref=ahnart",
        "https://trading-house.net/boersenakademie/trading-notes/?ref=ahnart_textlink",
        "https://www.trading-house.broker/skilling-kontoeroeffnung",
        "https://www.trading-house.net/boersenakademie/trading-notes/",
        "https://www.trading-house.net/boersenakademie/trading-notes"
    ],
    "external_images": [],
    "internal_images": [],
    "entities": {
        "persons": [],
        "locations": [],
        "organizations": []
    },
    "syndication": {
        "syndicated": false,
        "syndicate_id": null,
        "first_syndicated": false
    },
    "trust": {
        "categories": [],
        "top_news": [],
        "bias": null,
        "source": {
            "type": null,
            "city": null,
            "state": null,
            "country": null,
            "domain_type": null,
            "agency": null,
            "organization_name": null
        }
    },
    "rating": null,
    "crawled": "2026-02-12T07:46:03.982+02:00",
    "updated": "2026-02-12T07:48:09.000+02:00"
}