{
    "thread": {
        "uuid": "a699f736209a094393bc4ddaab32b0778c885111",
        "url": "https://cryptorank.io/news/feed/d3215-bitcoin-realized-losses-hit-luna-crash-levels-but-price-context-points-to-a-different-market-phase",
        "site_full": "cryptorank.io",
        "site": "cryptorank.io",
        "site_section": "https://cryptorank.io/news",
        "site_categories": [
            "science and technology",
            "economy, business and finance"
        ],
        "section_title": "News aggregator – Get all latest crypto news in one source  | CryptoRank.io",
        "site_title": "Cryptocurrency prices, Token rates and Altcoin charts ranked by Market Capitalization and Volume | CryptoRank.io",
        "title": "Bitcoin Realized Losses Hit Luna Crash Levels - But Price Context Points To A Different Market Phase",
        "title_full": "Bitcoin Realized Losses Hit Luna Crash Levels - But Price Context Points To A Different Market Phase",
        "published": "2026-02-12T09:00:00.000+02:00",
        "replies_count": 0,
        "participants_count": 1,
        "site_type": "news",
        "country": "RU",
        "main_image": "https://cryptorank.io/static/logo.png",
        "performance_score": 0,
        "domain_rank": 31326,
        "domain_rank_updated": "2026-02-08T23:00:00.000+02:00",
        "licensing_agency": [],
        "social": {
            "facebook": {
                "likes": 0,
                "comments": 0,
                "shares": 0
            },
            "vk": {
                "shares": 0
            }
        }
    },
    "uuid": "a699f736209a094393bc4ddaab32b0778c885111",
    "url": "https://cryptorank.io/news/feed/d3215-bitcoin-realized-losses-hit-luna-crash-levels-but-price-context-points-to-a-different-market-phase",
    "ord_in_thread": 0,
    "author": "@CryptoRank_io",
    "published": "2026-02-12T09:00:00.000+02:00",
    "title": "Bitcoin Realized Losses Hit Luna Crash Levels - But Price Context Points To A Different Market Phase",
    "text": "Bitcoin Realized Losses Hit Luna Crash Levels — But Price Context Points To A Different Market Phase\nShare:\nBitcoin has fallen below the critical $70,000 level, entering a defensive market phase with traders cautious amid rising volatility. On-chain data reveals realized losses comparable to the June 2022 market crash, but this reflects a cyclical flush of late buyers rather than systemic failure. The $60,000-$62,000 region is now pivotal for maintaining market stability, while sustained losses suggest persistent seller pressure.\nBitcoin is facing renewed selling pressure after losing the key $70,000 level, a breakdown that has pushed the market into a more defensive phase. The inability to hold this psychological support has weighed on sentiment. With traders increasingly cautious as volatility rises and liquidity conditions remain uncertain. Price action near the mid-$60,000 range now represents a critical zone where market participants are assessing whether the current move is a deeper correction or simply another consolidation phase within the broader cycle.\nOn-chain data highlighted by analyst Axel Adler adds important context to the recent decline. According to his analysis, realized losses across the Bitcoin network have surged to levels comparable to those seen during the June 2022 Luna and UST crash.\nAt first glance, this suggests significant stress and widespread capitulation among investors. However, the price backdrop is markedly different this time. Whereas the 2022 losses occurred when Bitcoin traded near $19,000, the current wave of loss realization is unfolding around $67,000.\nThis distinction materially changes how the signal is interpreted. Rather than pointing to systemic market collapse, the data may reflect the flushing out of late-cycle buyers and leveraged positions, leaving Bitcoin at a pivotal stage where demand strength will determine the next directional move.\nExtreme Realized Losses Signal Capitulation, Not Structural Breakdown\nAxel Adler’s latest on-chain assessment highlights a sharp deterioration in Bitcoin’s realized profit and loss dynamics. The Bitcoin Net Realized Profit/Loss 7-day moving average recently dropped to around -$1.99 billion, signaling large-scale loss-taking comparable to conditions seen during the June 2022 Luna-driven market shock. This metric tracks the balance between realized profits and losses from coins moving on-chain, offering a smoothed view of investor behavior over time.\nAlthough the indicator slightly recovered to roughly -$1.73 billion in the following days, it still represents the second-deepest negative reading on record. Net losses have remained below -$1.7 billion for several consecutive sessions. This indicates persistent seller pressure and ongoing capitulation among investors who entered the market at higher prices. Historically, a sustained return above zero has marked transitions back to profit-dominant market phases.\nBitcoin Realized Loss has climbed to approximately $2.3 billion on a 7-day basis, a level comparable to peak stress during the 2022 crash. However, the broader context differs significantly. Similar loss volumes are now occurring near $67,000 rather than $19,000, suggesting a cyclical flush of late bull-market entrants rather than systemic market failure or structural network deterioration.\nBitcoin Breakdown Extends As Momentum Remains Bearish\nBitcoin’s daily chart reflects sustained downside pressure after the decisive loss of the $70,000 level. The price is now hovering in the mid-$60,000 range following a sharp decline. The move confirms a clear shift in short-term market structure, characterized by lower highs, accelerating selloffs, and repeated failures to reclaim former support zones. This pattern typically signals weakening bullish momentum and increasing caution among market participants.\nTechnically, Bitcoin is trading below key moving averages, which now act as overhead resistance rather than support. The inability to recover these levels suggests that sellers continue to dominate short-term price action. Recent spikes in trading volume during the drop reinforce the idea of forced deleveraging and defensive positioning rather than orderly rotation or accumulation.\nThe $60,000–$62,000 region emerges as the next critical support area. Aligning with prior consolidation zones and historical liquidity clusters. Holding this range would help stabilize sentiment and potentially enable consolidation. A break below it, however, could open the door to deeper retracement scenarios.\nFeatured image from ChatGPT, chart from TradingView.com\nRead the article at NewsBTC\nRead More\nBitcoin Realized Losses Hit Luna Crash Levels — But Price Context Points To A Different Market Phase\nShare:\nBitcoin has fallen below the critical $70,000 level, entering a defensive market phase with traders cautious amid rising volatility. On-chain data reveals realized losses comparable to the June 2022 market crash, but this reflects a cyclical flush of late buyers rather than systemic failure. The $60,000-$62,000 region is now pivotal for maintaining market stability, while sustained losses suggest persistent seller pressure.\nBitcoin is facing renewed selling pressure after losing the key $70,000 level, a breakdown that has pushed the market into a more defensive phase. The inability to hold this psychological support has weighed on sentiment. With traders increasingly cautious as volatility rises and liquidity conditions remain uncertain. Price action near the mid-$60,000 range now represents a critical zone where market participants are assessing whether the current move is a deeper correction or simply another consolidation phase within the broader cycle.\nOn-chain data highlighted by analyst Axel Adler adds important context to the recent decline. According to his analysis, realized losses across the Bitcoin network have surged to levels comparable to those seen during the June 2022 Luna and UST crash.\nAt first glance, this suggests significant stress and widespread capitulation among investors. However, the price backdrop is markedly different this time. Whereas the 2022 losses occurred when Bitcoin traded near $19,000, the current wave of loss realization is unfolding around $67,000.\nThis distinction materially changes how the signal is interpreted. Rather than pointing to systemic market collapse, the data may reflect the flushing out of late-cycle buyers and leveraged positions, leaving Bitcoin at a pivotal stage where demand strength will determine the next directional move.\nExtreme Realized Losses Signal Capitulation, Not Structural Breakdown\nAxel Adler’s latest on-chain assessment highlights a sharp deterioration in Bitcoin’s realized profit and loss dynamics. The Bitcoin Net Realized Profit/Loss 7-day moving average recently dropped to around -$1.99 billion, signaling large-scale loss-taking comparable to conditions seen during the June 2022 Luna-driven market shock. This metric tracks the balance between realized profits and losses from coins moving on-chain, offering a smoothed view of investor behavior over time.\nAlthough the indicator slightly recovered to roughly -$1.73 billion in the following days, it still represents the second-deepest negative reading on record. Net losses have remained below -$1.7 billion for several consecutive sessions. This indicates persistent seller pressure and ongoing capitulation among investors who entered the market at higher prices. Historically, a sustained return above zero has marked transitions back to profit-dominant market phases.\nBitcoin Realized Loss has climbed to approximately $2.3 billion on a 7-day basis, a level comparable to peak stress during the 2022 crash. However, the broader context differs significantly. Similar loss volumes are now occurring near $67,000 rather than $19,000, suggesting a cyclical flush of late bull-market entrants rather than systemic market failure or structural network deterioration.\nBitcoin Breakdown Extends As Momentum Remains Bearish\nBitcoin’s daily chart reflects sustained downside pressure after the decisive loss of the $70,000 level. The price is now hovering in the mid-$60,000 range following a sharp decline. The move confirms a clear shift in short-term market structure, characterized by lower highs, accelerating selloffs, and repeated failures to reclaim former support zones. This pattern typically signals weakening bullish momentum and increasing caution among market participants.\nTechnically, Bitcoin is trading below key moving averages, which now act as overhead resistance rather than support. The inability to recover these levels suggests that sellers continue to dominate short-term price action. Recent spikes in trading volume during the drop reinforce the idea of forced deleveraging and defensive positioning rather than orderly rotation or accumulation.\nThe $60,000–$62,000 region emerges as the next critical support area. Aligning with prior consolidation zones and historical liquidity clusters. Holding this range would help stabilize sentiment and potentially enable consolidation. A break below it, however, could open the door to deeper retracement scenarios.\nFeatured image from ChatGPT, chart from TradingView.com\nRead the article at NewsBTC\nRead More",
    "summary": "Price action near the mid-$60,000 range now represents a critical zone where market participants are assessing whether the current move is a deeper correction or simply another consolidation phase within the broader cycle. Rather than pointing to systemic market collapse, the data may reflect the flushing out of late-cycle buyers and leveraged positions, leaving Bitcoin at a pivotal stage where demand strength will determine the next directional move. The Bitcoin Net Realized Profit/Loss 7-day moving average recently dropped to around -$1.99 billion, signaling large-scale loss-taking comparable to conditions seen during the June 2022 Luna-driven market shock.",
    "highlightText": "",
    "highlightTitle": "",
    "highlightThreadTitle": "",
    "language": "english",
    "sentiment": "negative",
    "categories": [
        "Economy, Business and Finance"
    ],
    "topics": [
        "Economy, Business and Finance->cryptocurrency",
        "Economy, Business and Finance->financial and economic news"
    ],
    "ai_allow": true,
    "has_canonical": false,
    "breaking": false,
    "webz_reporter": false,
    "external_links": [
        "https://www.newsbtc.com/bitcoin-news/bitcoin-realized-losses-hit-luna-crash-levels-but-price-context-points-to-a-different-market-phase/",
        "https://www.newsbtc.com/ethereum-news/ethereum-holders-shift-to-self-custody-as-market-consolidates-near-2k/",
        "https://axeladlerjr.com/realized-losses-at-luna-crash-levels-2-3b-per-day-but-the-context-is-different/",
        "https://newsbtc.com/bitcoin-news/bitcoin-realized-losses-hit-luna-crash-levels-but-price-context-points-to-a-different-market-phase/",
        "https://www.newsbtc.com/ethereum-news/ethereum-holders-shift-to-self-custody-as-market-consolidates-near-2k",
        "https://newsbtc.com/ethereum-news/ethereum-holders-shift-to-self-custody-as-market-consolidates-near-2k/",
        "https://axeladlerjr.com/realized-losses-at-luna-crash-levels-2-3b-per-day-but-the-context-is-different",
        "https://www.axeladlerjr.com/realized-losses-at-luna-crash-levels-2-3b-per-day-but-the-context-is-different/",
        "https://www.newsbtc.com/bitcoin-news/bitcoin-realized-losses-hit-luna-crash-levels-but-price-context-points-to-a-different-market-phase"
    ],
    "external_images": [],
    "internal_images": [],
    "entities": {
        "persons": [],
        "locations": [],
        "organizations": []
    },
    "syndication": {
        "syndicated": false,
        "syndicate_id": null,
        "first_syndicated": false
    },
    "trust": {
        "categories": [],
        "top_news": [],
        "bias": null,
        "source": {
            "type": null,
            "city": null,
            "state": null,
            "country": null,
            "domain_type": null,
            "agency": null,
            "organization_name": null
        }
    },
    "rating": null,
    "crawled": "2026-02-12T09:54:07.585+02:00",
    "updated": "2026-02-12T09:56:33.000+02:00"
}