{
    "thread": {
        "uuid": "8027908850bb0b43b6f24cc2fb33c430e2ec5ddd",
        "url": "https://www.cpapracticeadvisor.com/2025/02/06/irs-employees-who-planned-to-take-trumps-offer-to-leave-now-told-they-must-stay-through-tax-season/155686",
        "site_full": "www.cpapracticeadvisor.com",
        "site": "cpapracticeadvisor.com",
        "site_section": "https://news.google.com/search?q=now%20when%3a1h&hl=en-us&gl=us&ceid=us%3aen",
        "site_categories": [
            "tax_planning",
            "finance"
        ],
        "section_title": "Google News - Search",
        "title": "IRS Employees Who Planned to Take Trump's Offer to Leave Now Told They Must Stay Through Tax Season",
        "title_full": "IRS Employees Who Planned to Take Trump's Offer to Leave Now Told They Must Stay Through Tax Season",
        "published": "2025-02-07T00:15:00.000+02:00",
        "replies_count": 0,
        "participants_count": 1,
        "site_type": "news",
        "country": "US",
        "main_image": "https://www.cpapracticeadvisor.com/wp-content/uploads/2022/07/30205/irs221_11527382.png",
        "performance_score": 0,
        "domain_rank": 24049,
        "domain_rank_updated": "2025-02-03T23:00:00.000+02:00",
        "social": {
            "facebook": {
                "likes": 0,
                "comments": 0,
                "shares": 0
            },
            "vk": {
                "shares": 0
            }
        }
    },
    "uuid": "8027908850bb0b43b6f24cc2fb33c430e2ec5ddd",
    "url": "https://www.cpapracticeadvisor.com/2025/02/06/irs-employees-who-planned-to-take-trumps-offer-to-leave-now-told-they-must-stay-through-tax-season/155686",
    "ord_in_thread": 0,
    "parent_url": null,
    "author": "Jason Bramwell",
    "published": "2025-02-07T00:15:00.000+02:00",
    "title": "IRS Employees Who Planned to Take Trump's Offer to Leave Now Told They Must Stay Through Tax Season",
    "text": "The IRS has notified workers essential to the 2025 tax filing season that they must work until May even if they accepted the Trump administration’s federal employee buyout offer, the deadline of which was put on hold temporarily by a federal judge on Thursday.\nDistrict Court Judge George A. O’Toole Jr. said he wants to get more information from the administration and unions representing more than 800,000 civil servants that seek to block the Office of Personnel Management’s offer at a hearing next week before making a decision, the New York Daily News reported on Feb. 6. A lawsuit filed in Boston by the legal group Democracy Forward on behalf of unions sought to block the offer.\nUntil then, O’Toole told the Trump administration to press pause on its self-proclaimed “fork in the road” deadline.\n“I enjoin the (government) from taking action to implement the so-called fork directive, pending the completion of briefing and oral argument on the issues,” the judge said.\nUp to 2 million federal government workers had faced the looming deadline of 11:59 p.m. tonight to accept OPM’s offer of buyouts that would allow them to collect paychecks for six months.\nThe White House claims about 40,000 workers have submitted paperwork to accept the offer from the Trump administration, which says they may get paid until September in exchange for their resignation.\nSome of those employees who took the so-called “deferred resignation” offer work at the IRS. But in an email sent to IRS employees from the agency’s Human Capital Office on Feb. 5, those in “critical filing season positions” in Taxpayer Services, Information Technology, and the Taxpayer Advocate Service were told they’re exempt from the buyout plan until May 15, 2025, Bloomberg Tax reported. Employees who already resigned must work through the extended period.\nNearly half of the IRS workforce, which comprises 100,433 people, are in Taxpayer Services or Information Technology, according to the 2024 report to Congress from the National Taxpayer Advocate.\nIn an email, the National Treasury Employees Union, which represents IRS workers, had urged its members not to take the OMP’s offer to resign.\n“You are a vital part of the non-partisan civil service, and you work hard every day to deliver for the American people. We sincerely value you and will always have your back,” the NTEU message said.\nDoreen Greenwald, national president of the NTEU, called the situation with IRS employees a “clear case of bait-and-switch,” since federal employees were originally told they would be put on paid administrative leave through Sept. 30.\nAccording to the Federal News Network, Greenwald said the terms of OMP’s buyout offer “are unreliable and cannot be trusted.”\n“We do welcome the admission, however, that IRS employees are vital to the agency mission,” she added. “By requiring IRS employees to stay on the job longer than promised, the [Trump] administration is proving what NTEU has been saying all along: IRS employees are essential and without them, the jobs that the American people depend upon will not get done. In the case of the IRS, it’s answering taxpayer questions during filing season, processing tax returns, and issuing refunds. But this holds true for frontline federal employees across government who safeguard the public health, promote economic growth, and secure the nation. If their jobs are arbitrarily eliminated, those services are in jeopardy.”\nOn his first day in office on Jan. 20, President Trump signed an executive order to freeze hiring at federal agencies, which is expected to last at least 90 days—except at the IRS. Trump ordered the freeze to remain in effect for the IRS until new Treasury Secretary Scott Bessent deems it necessary to lift the order.\nDue to the hiring freeze, all IRS job offers with a start date on or before Feb. 8, 2025, will be allowed to continue/proceed with the hiring/onboarding process, the agency said in a post on its jobs website. However, offers with a start date after Feb. 8 or those with an unconfirmed start date have been revoked.\nWith Tribune Wire Services\nThanks for reading CPA Practice Advisor!\nSubscribe\nAlready registered? Log In\nNeed more information? Read the FAQs\nTags: 2025 tax filing season, federal workers, IRS, IRS employees, Taxes, [trump](https://www.cpapracticeadvisor.com/tag/trump/)",
    "highlightText": "",
    "highlightTitle": "",
    "highlightThreadTitle": "",
    "language": "english",
    "sentiment": "negative",
    "categories": [
        "Politics",
        "Economy, Business and Finance"
    ],
    "topics": [
        "Politics->civil and public service",
        "Politics->government policy",
        "Economy, Business and Finance->human resources",
        "Economy, Business and Finance->business governance",
        "Economy, Business and Finance->financial and economic news"
    ],
    "ai_allow": true,
    "has_canonical": false,
    "breaking": false,
    "webz_reporter": false,
    "external_links": [
        "https://www.nydailynews.com/2025/02/06/federal-workers-midnight-deadline-trump-buyout-offer/",
        "https://news.bloombergtax.com/daily-tax-report/irs-workers-vital-to-tax-season-exempted-from-resignation-offer",
        "https://www.usatoday.com/story/news/politics/2025/02/06/trump-federal-workers-buyout-deadline-pause-court/78292118007/",
        "https://www.forbes.com/sites/saradorn/2025/02/06/trumps-federal-buyout-offer-expires-today-as-over-40000-staff-agree-to-leave-heres-what-to-know/",
        "https://www.reuters.com/world/us/us-government-workers-face-buyout-deadline-trump-presses-ahead-with-overhaul-2025-02-06/",
        "https://www.jobs.irs.gov/events",
        "https://federalnewsnetwork.com/hiring-retention/2025/02/some-irs-employees-taking-opms-deferred-resignation-offer-told-to-keep-working-until-may-15/",
        "https://www.reuters.com/world/us/us-government-workers-face-buyout-deadline-trump-presses-ahead-with-overhaul-2025-02-06",
        "https://www.forbes.com/sites/saradorn/2025/02/06/trumps-federal-buyout-offer-expires-today-as-over-40000-staff-agree-to-leave-heres-what-to-know",
        "https://www.usatoday.com/story/news/politics/2025/02/06/trump-federal-workers-buyout-deadline-pause-court/78292118007",
        "https://jobs.irs.gov/events",
        "https://nydailynews.com/2025/02/06/federal-workers-midnight-deadline-trump-buyout-offer/",
        "https://usatoday.com/story/news/politics/2025/02/06/trump-federal-workers-buyout-deadline-pause-court/78292118007/",
        "https://www.federalnewsnetwork.com/hiring-retention/2025/02/some-irs-employees-taking-opms-deferred-resignation-offer-told-to-keep-working-until-may-15/",
        "https://www.news.bloombergtax.com/daily-tax-report/irs-workers-vital-to-tax-season-exempted-from-resignation-offer",
        "https://www.nydailynews.com/2025/02/06/federal-workers-midnight-deadline-trump-buyout-offer",
        "https://federalnewsnetwork.com/hiring-retention/2025/02/some-irs-employees-taking-opms-deferred-resignation-offer-told-to-keep-working-until-may-15",
        "https://reuters.com/world/us/us-government-workers-face-buyout-deadline-trump-presses-ahead-with-overhaul-2025-02-06/",
        "https://forbes.com/sites/saradorn/2025/02/06/trumps-federal-buyout-offer-expires-today-as-over-40000-staff-agree-to-leave-heres-what-to-know/"
    ],
    "external_images": [],
    "entities": {
        "persons": [],
        "organizations": [],
        "locations": []
    },
    "syndication": {
        "syndicated": false,
        "syndicate_id": null,
        "first_syndicated": false
    },
    "trust": null,
    "rating": null,
    "crawled": "2025-02-07T00:21:36.767+02:00",
    "updated": "2025-02-07T00:29:55.146+02:00"
}