{
    "thread": {
        "uuid": "c5ddbd7105fbc60cd99424558ef2b5af0d06f74b",
        "url": "https://www.morningstar.com/news/dow-jones/2025020615680/sptsx-composite-index-ends-014-lower-at-2553449-data-talk",
        "site_full": "www.morningstar.com",
        "site": "morningstar.com",
        "site_section": "https://www.morningstar.com/news",
        "site_categories": [
            "investing",
            "financial_news",
            "finance"
        ],
        "section_title": "Latest Market Headlines | Morningstar",
        "title": "S&P/TSX Composite Index Ends 0.14% Lower at 25534.49 - Data Talk | Morningstar",
        "title_full": "S&P/TSX Composite Index Ends 0.14% Lower at 25534.49 - Data Talk | Morningstar",
        "published": "2025-02-07T00:19:00.000+02:00",
        "replies_count": 0,
        "participants_count": 0,
        "site_type": "news",
        "country": "US",
        "main_image": "https://images.contentstack.io/v3/assets/blt4eb669caa7dc65b2/blta7dd42ebdd7b93b8/61899b34a3c7df383578294c/morningstar-og.png",
        "performance_score": 0,
        "domain_rank": 1820,
        "domain_rank_updated": "2025-02-03T23:00:00.000+02:00",
        "social": {
            "facebook": {
                "likes": 0,
                "comments": 0,
                "shares": 0
            },
            "vk": {
                "shares": 0
            }
        }
    },
    "uuid": "c5ddbd7105fbc60cd99424558ef2b5af0d06f74b",
    "url": "https://www.morningstar.com/news/dow-jones/2025020615680/sptsx-composite-index-ends-014-lower-at-2553449-data-talk",
    "ord_in_thread": 0,
    "parent_url": null,
    "author": null,
    "published": "2025-02-07T00:19:00.000+02:00",
    "title": "S&P/TSX Composite Index Ends 0.14% Lower at 25534.49 - Data Talk | Morningstar",
    "text": "S&P/TSX Composite Index Ends 0.14% Lower at 25534.49 — Data Talk\nThe S&P/TSX Composite Index is down 35.35 points or 0.14% today to 25534.49\n--Snaps a two-trading-day winning streak\n--Off 1.06% from its record close of 25808.25 hit Thursday, Jan. 30, 2025\n--Today's closing value is the third highest this year\n--Off 1.06% from its 52-week high of 25808.25 hit Thursday, Jan. 30, 2025\n--Up 24.04% from its 52-week low of 20584.97 hit Tuesday, Feb. 13, 2024\n--Rose 22.06% from 52 weeks ago\n--Off 1.06% from its 2025 closing high of 25808.25 hit Thursday, Jan 30, 2025\n--Up 4.07% from its 2025 closing low of 24536.32 hit Monday, Jan. 13, 2025\n--Year-to-date it is up 806.55 points or 3.26%\nSource: Dow Jones Market Data, FactSet\n(END) Dow Jones Newswires\nFebruary 06, 2025 17:19 ET (22:19 GMT)\nCopyright (c) 2025 Dow Jones & Company, Inc.",
    "highlightText": "",
    "highlightTitle": "",
    "highlightThreadTitle": "",
    "language": "english",
    "sentiment": "negative",
    "categories": [
        "Economy, Business and Finance",
        "Politics",
        "Social Issue"
    ],
    "topics": [
        "Economy, Business and Finance->market and exchange",
        "Economy, Business and Finance->financial and economic news",
        "Politics->economic policy",
        "Social Issue->social condition",
        "Social Issue->population and census",
        "Social Issue->demographics"
    ],
    "ai_allow": true,
    "has_canonical": false,
    "breaking": false,
    "webz_reporter": false,
    "external_links": [],
    "external_images": [],
    "entities": {
        "persons": [],
        "organizations": [
            {
                "name": "Dow Jones Market Data",
                "sentiment": "none"
            },
            {
                "name": "FactSet",
                "sentiment": "none"
            }
        ],
        "locations": []
    },
    "syndication": {
        "syndicated": false,
        "syndicate_id": null,
        "first_syndicated": false
    },
    "trust": null,
    "rating": null,
    "crawled": "2025-02-07T00:46:43.713+02:00",
    "updated": "2025-02-07T00:46:43.713+02:00"
}