{
    "thread": {
        "uuid": "7c40858c0c4b66361d4fa9bda1faecef1c597afb",
        "url": "https://www.shawlocal.com/illinois-valley/2025/02/06/operator-of-pleasant-view-in-ottawa-files-for-bankruptcy-protection",
        "site_full": "www.shawlocal.com",
        "site": "shawlocal.com",
        "site_section": "https://news.google.com/search?q=in%20when%3A1h&hl=en-US&gl=US&ceid=US%3Aen",
        "site_categories": [
            "media",
            "law_government_and_politics",
            "legal_issues"
        ],
        "section_title": "Google News - Search",
        "title": "Operator of Pleasant View in Ottawa files for bankruptcy protection",
        "title_full": "Operator of Pleasant View in Ottawa files for bankruptcy protection",
        "published": "2025-02-07T01:26:00.000+02:00",
        "replies_count": 0,
        "participants_count": 1,
        "site_type": "news",
        "country": "US",
        "main_image": "https://www.shawlocal.com/resizer/QY86vKB8EAbErAD3kYsFdDz2f00=/1200x630/filters:format(jpg):quality(70)/cloudfront-us-east-1.images.arcpublishing.com/shawmedia/4A4IM2DMY5CG3BKREHCNFSV22I.jpg",
        "performance_score": 0,
        "domain_rank": 11814,
        "domain_rank_updated": "2025-02-03T23:00:00.000+02:00",
        "social": {
            "facebook": {
                "likes": 0,
                "comments": 0,
                "shares": 0
            },
            "vk": {
                "shares": 0
            }
        }
    },
    "uuid": "7c40858c0c4b66361d4fa9bda1faecef1c597afb",
    "url": "https://www.shawlocal.com/illinois-valley/2025/02/06/operator-of-pleasant-view-in-ottawa-files-for-bankruptcy-protection",
    "ord_in_thread": 0,
    "parent_url": null,
    "author": "Christopher Placek",
    "published": "2025-02-07T01:26:00.000+02:00",
    "title": "Operator of Pleasant View in Ottawa files for bankruptcy protection",
    "text": "Lutheran Life Communities, which operates Pleasant View in Ottawa and other retirement homes in suburban Chicago, downstate Illinois and Indiana, filed for Chapter 11 bankruptcy protection this week, court filings show.",
    "highlightText": "",
    "highlightTitle": "",
    "highlightThreadTitle": "",
    "language": "english",
    "sentiment": "negative",
    "categories": [
        "Economy, Business and Finance",
        "Social Issue"
    ],
    "topics": [
        "Economy, Business and Finance->business restructuring",
        "Economy, Business and Finance->business governance",
        "Economy, Business and Finance->financial and economic news",
        "Social Issue->social services",
        "Social Issue->social condition",
        "Social Issue->elderly care"
    ],
    "ai_allow": true,
    "has_canonical": false,
    "breaking": true,
    "webz_reporter": false,
    "external_links": [],
    "external_images": [],
    "entities": {
        "persons": [],
        "organizations": [],
        "locations": []
    },
    "syndication": {
        "syndicated": false,
        "syndicate_id": null,
        "first_syndicated": false
    },
    "trust": null,
    "rating": null,
    "crawled": "2025-02-07T01:36:18.999+02:00",
    "updated": "2025-02-07T03:22:04.732+02:00"
}