{
    "thread": {
        "uuid": "c5b65293437721c3792f6be6a0bc33765403a3e3",
        "url": "https://www.newsbreak.com/nbc-chicago-509956/3956086605832-s-p-500-futures-tick-higher-after-historic-rally-on-trump-s-tariff-walkback-live-updates",
        "site_full": "www.newsbreak.com",
        "site": "newsbreak.com",
        "site_section": "https://www.newsbreak.com/nbc-chicago-509956",
        "site_categories": [
            "under_construction"
        ],
        "section_title": "NBC Chicago&#x27;s Home Page | NewsBreak",
        "site_title": "NewsBreak: Local News &amp; Alerts",
        "title": "S&P 500 futures tick higher after historic rally on Trump's tariff walkback: Live updates - NewsBreak",
        "title_full": "S&P 500 futures tick higher after historic rally on Trump's tariff walkback: Live updates - NewsBreak",
        "published": "2025-04-10T01:03:00.000+03:00",
        "replies_count": 0,
        "participants_count": 1,
        "site_type": "news",
        "country": "US",
        "main_image": "https://img.particlenews.com/img/id/13MJDi_10HEu0LP00",
        "performance_score": 0,
        "domain_rank": 3145,
        "domain_rank_updated": "2025-04-08T00:00:00.000+03:00",
        "licensing_agency": [],
        "social": {
            "facebook": {
                "likes": 0,
                "comments": 0,
                "shares": 0
            },
            "vk": {
                "shares": 0
            }
        }
    },
    "uuid": "c5b65293437721c3792f6be6a0bc33765403a3e3",
    "url": "https://www.newsbreak.com/nbc-chicago-509956/3956086605832-s-p-500-futures-tick-higher-after-historic-rally-on-trump-s-tariff-walkback-live-updates",
    "ord_in_thread": 0,
    "author": "Sean Conlon, CNBC",
    "published": "2025-04-10T01:03:00.000+03:00",
    "title": "S&P 500 futures tick higher after historic rally on Trump's tariff walkback: Live updates - NewsBreak",
    "text": "S&P 500 futures tick higher after historic rally on Trump's tariff walkback: Live updates\nBy Sean Conlon, CNBC,\n30 minutes agoS&P 500 futures rose on Wednesday evening after President Donald Trump announced a 90-day reprieve on some of his \"reciprocal\" tariffs, spurring a massive rally on Wall Street. Futures tied to the S&P 500 were 0.3% higher, while Nasdaq-100 futures traded around the flatline. Dow Jones Industrial Average futures gained...",
    "highlightText": "",
    "highlightTitle": "",
    "highlightThreadTitle": "",
    "language": "english",
    "sentiment": "positive",
    "categories": [
        "Economy, Business and Finance"
    ],
    "topics": [
        "Economy, Business and Finance->financial and economic news",
        "Economy, Business and Finance->business reporting and performance",
        "Economy, Business and Finance->economy"
    ],
    "ai_allow": true,
    "has_canonical": false,
    "breaking": false,
    "webz_reporter": false,
    "external_links": [],
    "entities": {
        "persons": [
            {
                "name": "Sean Co",
                "sentiment": "negative"
            },
            {
                "name": "Donald Trump",
                "sentiment": "none"
            }
        ],
        "locations": [],
        "organizations": [
            {
                "name": "S&P",
                "sentiment": "negative",
                "tickers": []
            },
            {
                "name": "CNBC",
                "sentiment": "none",
                "tickers": []
            }
        ]
    },
    "syndication": {
        "syndicated": false,
        "syndicate_id": null,
        "first_syndicated": false
    },
    "trust": {
        "categories": [],
        "bias": null,
        "source": {
            "type": null,
            "city": null,
            "state": null,
            "country": null,
            "domain_type": null,
            "agency": null,
            "organization_name": null
        }
    },
    "rating": null,
    "crawled": "2025-04-10T01:35:48.608+03:00",
    "updated": "2025-04-10T01:35:48.608+03:00"
}