{
    "thread": {
        "uuid": "8e4a05ddaf2fef5d3a9642193bffd587c96d4eee",
        "url": "https://simplywall.st/stocks/jp/real-estate-management-and-development/tse-8923/tosei-shares/news/earnings-beat-tosei-corporation-just-beat-analyst-forecasts",
        "site_full": "simplywall.st",
        "site": "simplywall.st",
        "site_section": "https://news.google.com/search?q=just%20when%3A1h&hl=en-US&gl=US&ceid=US%3Aen",
        "site_categories": [
            "investing",
            "financial_news",
            "finance"
        ],
        "section_title": "Google News - Search",
        "site_title": "Free Portfolio Tracker, Stock Insights and Community - Simply Wall St",
        "title": "Earnings Beat: Tosei Corporation Just Beat Analyst Forecasts, And Analysts Have Been Updating Their Models",
        "title_full": "Earnings Beat: Tosei Corporation Just Beat Analyst Forecasts, And Analysts Have Been Updating Their Models",
        "published": "2025-04-10T00:56:00.000+03:00",
        "replies_count": 0,
        "participants_count": 1,
        "site_type": "news",
        "country": "US",
        "main_image": "https://images.simplywall.st/asset/industry/9612015-choice1-main-header/1585186799831",
        "performance_score": 0,
        "domain_rank": 18992,
        "domain_rank_updated": "2025-04-08T00:00:00.000+03:00",
        "licensing_agency": [],
        "social": {
            "facebook": {
                "likes": 0,
                "comments": 0,
                "shares": 0
            },
            "vk": {
                "shares": 0
            }
        }
    },
    "uuid": "8e4a05ddaf2fef5d3a9642193bffd587c96d4eee",
    "url": "https://simplywall.st/stocks/jp/real-estate-management-and-development/tse-8923/tosei-shares/news/earnings-beat-tosei-corporation-just-beat-analyst-forecasts",
    "ord_in_thread": 0,
    "author": "Simply Wall St",
    "published": "2025-04-10T00:56:00.000+03:00",
    "title": "Earnings Beat: Tosei Corporation Just Beat Analyst Forecasts, And Analysts Have Been Updating Their Models",
    "text": "Japan- /\nReal Estate- /\n- TSE:8923\nEarnings Beat: Tosei Corporation Just Beat Analyst Forecasts, And Analysts Have Been Updating Their Models\nA week ago, Tosei Corporation (TSE:8923) came out with a strong set of quarterly numbers that could potentially lead to a re-rate of the stock. Statutory revenue of JP¥46b and earnings of JP¥169 both blasted past expectations, beating expectations by 41% and 67%, respectively, ahead of expectations. Following the result, the analysts have updated their earnings model, and it would be good to know whether they think there's been a strong change in the company's prospects, or if it's business as usual. So we collected the latest post-earnings statutory consensus estimates to see what could be in store for next year.\nWe've found 21 US stocks that are forecast to pay a dividend yield of over 6% next year. See the full list for free.\nFollowing the latest results, Tosei's four analysts are now forecasting revenues of JP¥102.3b in 2025. This would be a solid 9.5% improvement in revenue compared to the last 12 months. Statutory earnings per share are forecast to reduce 4.7% to JP¥270 in the same period. Before this earnings report, the analysts had been forecasting revenues of JP¥102.0b and earnings per share (EPS) of JP¥267 in 2025. So it's pretty clear that, although the analysts have updated their estimates, there's been no major change in expectations for the business following the latest results.\n View our latest analysis for Tosei\nIt will come as no surprise then, to learn that the consensus price target is largely unchanged at JP¥2,870. The consensus price target is just an average of individual analyst targets, so - it could be handy to see how wide the range of underlying estimates is. There are some variant perceptions on Tosei, with the most bullish analyst valuing it at JP¥3,290 and the most bearish at JP¥2,450 per share. Even so, with a relatively close grouping of estimates, it looks like the analysts are quite confident in their valuations, suggesting Tosei is an easy business to forecast or the the analysts are all using similar assumptions.\nOf course, another way to look at these forecasts is to place them into context against the industry itself. It's clear from the latest estimates that Tosei's rate of growth is expected to accelerate meaningfully, with the forecast 13% annualised revenue growth to the end of 2025 noticeably faster than its historical growth of 6.9% p.a. over the past five years. Compare this with other companies in the same industry, which are forecast to grow their revenue 4.1% annually. Factoring in the forecast acceleration in revenue, it's pretty clear that Tosei is expected to grow much faster than its industry.\nThe Bottom Line\nThe most obvious conclusion is that there's been no major change in the business' prospects in recent times, with the analysts holding their earnings forecasts steady, in line with previous estimates. Happily, there were no major changes to revenue forecasts, with the business still expected to grow faster than the wider industry. There was no real change to the consensus price target, suggesting that the intrinsic value of the business has not undergone any major changes with the latest estimates.\nWith that said, the long-term trajectory of the company's earnings is a lot more important than next year. We have forecasts for Tosei going out to 2027, and you can see them free on our platform here.\nAnd what about risks? Every company has them, and we've spotted 2 warning signs for Tosei (of which 1 is significant!) you should know about.\nIf you're looking to trade Tosei, open an account with the lowest-cost platform trusted by professionals, Interactive Brokers.\nWith clients in over 200 countries and territories, and access to 160 markets, IBKR lets you trade stocks, options, futures, forex, bonds and funds from a single integrated account.\nEnjoy no hidden fees, no account minimums, and FX conversion rates as low as 0.03%, far better than what most brokers offer.\nSponsored ContentValuation is complex, but we're here to simplify it.\nDiscover if Tosei might be undervalued or overvalued with our detailed analysis, featuring fair value estimates, potential risks, dividends, insider trades, and its financial condition.\nAccess Free Analysis\nHave feedback on this article? Concerned about the content? Get in touch with us directly. Alternatively, email editorial-team (at) simplywallst.com.\nThis article by Simply Wall St is general in nature. We provide commentary based on historical data and analyst forecasts only using an unbiased methodology and our articles are not intended to be financial advice. It does not constitute a recommendation to buy or sell any stock, and does not take account of your objectives, or your financial situation. We aim to bring you long-term focused analysis driven by fundamental data. Note that our analysis may not factor in the latest price-sensitive company announcements or qualitative material. Simply Wall St has no position in any stocks mentioned.\nAbout TSE:8923\nTosei\nOperates in the revitalization, development, rental, fund and consulting, property management, and hotel businesses in Japan.\nFair value with mediocre balance sheet.",
    "highlightText": "",
    "highlightTitle": "",
    "highlightThreadTitle": "",
    "language": "english",
    "sentiment": "positive",
    "categories": [
        "Economy, Business and Finance",
        "Science and Technology",
        "Lifestyle and Leisure"
    ],
    "topics": [
        "Economy, Business and Finance->financial and economic news",
        "Economy, Business and Finance->construction and property",
        "Economy, Business and Finance->business reporting and performance",
        "Science and Technology->economics",
        "Science and Technology->scientific research",
        "Lifestyle and Leisure->lifestyle"
    ],
    "ai_allow": true,
    "has_canonical": false,
    "breaking": true,
    "webz_reporter": false,
    "external_links": [
        "https://investor-research.typeform.com/to/wvg6MFri#feedback_token=Mzc0MTU4NDpmZjhlNTU4NDllNzliZTYz&company=Tosei&blueprintid=3741584",
        "https://www.interactivebrokers.com/mkt/?src=swsN25&url=%2Fen%2Fwhyib%2Foverview.php",
        "https://www.investor-research.typeform.com/to/wvg6MFri#feedback_token=Mzc0MTU4NDpmZjhlNTU4NDllNzliZTYz&company=Tosei&blueprintid=3741584",
        "https://interactivebrokers.com/mkt/?src=swsN25&url=%2Fen%2Fwhyib%2Foverview.php",
        "https://www.interactivebrokers.com/mkt/"
    ],
    "entities": {
        "persons": [],
        "locations": [],
        "organizations": [
            {
                "name": "Tosei Corporation",
                "sentiment": "none",
                "tickers": []
            }
        ]
    },
    "syndication": {
        "syndicated": false,
        "syndicate_id": null,
        "first_syndicated": false
    },
    "trust": {
        "categories": [],
        "bias": null,
        "source": {
            "type": null,
            "city": null,
            "state": null,
            "country": null,
            "domain_type": null,
            "agency": null,
            "organization_name": null
        }
    },
    "rating": null,
    "crawled": "2025-04-10T01:02:23.565+03:00",
    "updated": "2025-04-10T01:02:23.565+03:00"
}