{
    "thread": {
        "uuid": "71d4e7502b92dc2a7126c9d583451522323797f8",
        "url": "https://flipboard.com/topic/chatgpt/surprising-china-news-sends-nvidia-stock-surging/a-2GM0KeqUTQSB6qX5O1Boiw%3Aa%3A221841707-383f749d94%2Fthestreet.com",
        "site_full": "flipboard.com",
        "site": "flipboard.com",
        "site_section": "https://flipboard.com/topic/chatgpt",
        "site_categories": [
            "family_and_parenting",
            "eldercare"
        ],
        "section_title": "Discover More in ChatGPT on Flipboard",
        "site_title": "Flipboard: Your Social Magazine",
        "title": "Surprising China news sends Nvidia stock surging | Flipboard",
        "title_full": "Surprising China news sends Nvidia stock surging | Flipboard",
        "published": "2025-04-10T02:17:00.000+03:00",
        "replies_count": 0,
        "participants_count": 1,
        "site_type": "news",
        "country": "US",
        "main_image": "https://ic-cdn.flipboard.com/thestreet.com/9a66bb0536b16e3702e95c36a971108efff088d6/_medium.jpeg",
        "performance_score": 0,
        "domain_rank": 1229,
        "domain_rank_updated": "2025-04-08T00:00:00.000+03:00",
        "licensing_agency": [],
        "social": {
            "facebook": {
                "likes": 0,
                "comments": 0,
                "shares": 0
            },
            "vk": {
                "shares": 0
            }
        }
    },
    "uuid": "71d4e7502b92dc2a7126c9d583451522323797f8",
    "url": "https://flipboard.com/topic/chatgpt/surprising-china-news-sends-nvidia-stock-surging/a-2GM0KeqUTQSB6qX5O1Boiw%3Aa%3A221841707-383f749d94%2Fthestreet.com",
    "ord_in_thread": 0,
    "author": "TheStreet - Todd Campbell",
    "published": "2025-04-10T02:17:00.000+03:00",
    "title": "Surprising China news sends Nvidia stock surging | Flipboard",
    "text": "Surprising China news sends Nvidia stock surging Nvidia's stock price surged nearly 19% on April 9. The stock market got a much-needed spark today when President Trump announced he would pause …\nTheStreet - Todd Campbell • 30m",
    "highlightText": "",
    "highlightTitle": "",
    "highlightThreadTitle": "",
    "language": "english",
    "sentiment": "positive",
    "categories": [
        "Economy, Business and Finance",
        "Science and Technology",
        "Social Issue"
    ],
    "topics": [
        "Economy, Business and Finance->market and exchange",
        "Economy, Business and Finance->financial and economic news",
        "Science and Technology->biotechnology",
        "Science and Technology->technology and engineering",
        "Social Issue->social networking",
        "Social Issue->social condition"
    ],
    "ai_allow": true,
    "has_canonical": false,
    "breaking": false,
    "webz_reporter": false,
    "external_links": [],
    "entities": {
        "persons": [
            {
                "name": "Todd Campbell",
                "sentiment": "none"
            },
            {
                "name": "Trump",
                "sentiment": "none"
            }
        ],
        "locations": [],
        "organizations": [
            {
                "name": "Nvidia",
                "sentiment": "negative",
                "tickers": []
            }
        ]
    },
    "syndication": {
        "syndicated": false,
        "syndicate_id": null,
        "first_syndicated": false
    },
    "trust": {
        "categories": [],
        "bias": null,
        "source": {
            "type": null,
            "city": null,
            "state": null,
            "country": null,
            "domain_type": null,
            "agency": null,
            "organization_name": null
        }
    },
    "rating": null,
    "crawled": "2025-04-10T02:49:17.799+03:00",
    "updated": "2025-04-10T02:49:17.799+03:00"
}