{
    "thread": {
        "uuid": "89838295e6f753b6eea961697092c4d343f23723",
        "url": "https://lethbridgenewsnow.com/2025/04/09/alberta-continues-to-celebrate-unprecedented-tourism-growth",
        "site_full": "lethbridgenewsnow.com",
        "site": "lethbridgenewsnow.com",
        "site_section": "https://news.google.com/search?q=now%20when%3A1h&hl=en-US&gl=US&ceid=US%3Aen",
        "site_categories": [
            "media"
        ],
        "section_title": "Google News - Search",
        "site_title": "Lethbridge News Now",
        "title": "Alberta continues to celebrate \"unprecedented\" tourism growth | Lethbridge News Now",
        "title_full": "Alberta continues to celebrate \"unprecedented\" tourism growth | Lethbridge News Now",
        "published": "2025-04-10T02:05:00.000+03:00",
        "replies_count": 0,
        "participants_count": 0,
        "site_type": "news",
        "country": "CA",
        "main_image": "https://d2ksr9467jthww.cloudfront.net/2025040923040/9acabac5-5a25-4c3c-84fe-1066d25e6394.jpg",
        "performance_score": 0,
        "domain_rank": 109912,
        "domain_rank_updated": "2025-04-08T00:00:00.000+03:00",
        "licensing_agency": [],
        "social": {
            "facebook": {
                "likes": 0,
                "comments": 0,
                "shares": 0
            },
            "vk": {
                "shares": 0
            }
        }
    },
    "uuid": "89838295e6f753b6eea961697092c4d343f23723",
    "url": "https://lethbridgenewsnow.com/2025/04/09/alberta-continues-to-celebrate-unprecedented-tourism-growth",
    "ord_in_thread": 0,
    "author": null,
    "published": "2025-04-10T02:05:00.000+03:00",
    "title": "Alberta continues to celebrate \"unprecedented\" tourism growth | Lethbridge News Now",
    "text": "Alberta continues to celebrate “unprecedented” tourism growth\nAccording to the provincial government, data from the first three quarters of 2024 shows Alberta’s tourism industry revenues have grown 10 per cent year-over-year, putting it on the path to a second record-breaking year for annual visitor spending.\nIn 2023, Alberta’s annual visitor expenditures reached $12.7 billion, surpassing the previous record by 20 per cent, provincial officials say.\nThe available data for 2024 (January to September) shows Alberta advancing this metric at a rate more than three times the national average. From January to September last year, tourism revenues reached $11.5 billion, compared with $10.5 million for the same period in 2023.\n“Alberta’s tourism economy is booming! It’s growing at an unprecedented rate, and we’re not slowing down anytime soon,” commented Joseph Schow, Minister of Tourism and Sport. “Alberta’s government will continue working to unleash the potential of the province’s tourism industry, and the incredible tourism operators across the province will continue to show the world what we Albertans already know: Alberta is the best place in the world to live, play and visit.”",
    "highlightText": "",
    "highlightTitle": "",
    "highlightThreadTitle": "",
    "language": "english",
    "sentiment": "positive",
    "categories": [
        "Economy, Business and Finance",
        "Lifestyle and Leisure"
    ],
    "topics": [
        "Economy, Business and Finance->business reporting and performance",
        "Economy, Business and Finance->financial and economic news",
        "Economy, Business and Finance->tourism and leisure industry",
        "Lifestyle and Leisure->travel and tourism"
    ],
    "ai_allow": true,
    "has_canonical": false,
    "breaking": true,
    "webz_reporter": false,
    "external_links": [],
    "entities": {
        "persons": [
            {
                "name": "Joseph Schow",
                "sentiment": "none"
            }
        ],
        "locations": [],
        "organizations": []
    },
    "syndication": {
        "syndicated": false,
        "syndicate_id": "89838295e6f753b6eea961697092c4d343f23723",
        "first_syndicated": true
    },
    "trust": {
        "categories": [],
        "bias": null,
        "source": {
            "type": null,
            "city": null,
            "state": null,
            "country": null,
            "domain_type": null,
            "agency": null,
            "organization_name": null
        }
    },
    "rating": null,
    "crawled": "2025-04-10T02:15:18.817+03:00",
    "updated": "2025-04-10T02:15:18.817+03:00"
}