{
    "thread": {
        "uuid": "5971977ce90505cd16a6f20fe5b26c5a02a1fefc",
        "url": "https://news.bloomberglaw.com/capital-markets/stocks-soar-treasuries-jolt-after-tariff-reprieve-markets-wrap",
        "site_full": "news.bloomberglaw.com",
        "site": "bloomberglaw.com",
        "site_section": "https://news.bloomberglaw.com/capital-markets",
        "site_categories": [
            "media"
        ],
        "section_title": "Capital Markets",
        "site_title": null,
        "title": "Stocks Soar, Treasuries Jolt After Tariff Reprieve: Markets Wrap",
        "title_full": "Stocks Soar, Treasuries Jolt After Tariff Reprieve: Markets Wrap",
        "published": "2025-04-10T01:44:00.000+03:00",
        "replies_count": 0,
        "participants_count": 1,
        "site_type": "news",
        "country": "US",
        "main_image": "https://news-cdn.bindg.com/indg/assets/news/images/Fallback-image.webp",
        "performance_score": 0,
        "domain_rank": 2205,
        "domain_rank_updated": "2025-04-08T00:00:00.000+03:00",
        "licensing_agency": [],
        "social": {
            "facebook": {
                "likes": 0,
                "comments": 0,
                "shares": 0
            },
            "vk": {
                "shares": 0
            }
        }
    },
    "uuid": "5971977ce90505cd16a6f20fe5b26c5a02a1fefc",
    "url": "https://news.bloomberglaw.com/capital-markets/stocks-soar-treasuries-jolt-after-tariff-reprieve-markets-wrap",
    "ord_in_thread": 0,
    "author": "Richard Henderson",
    "published": "2025-04-10T01:44:00.000+03:00",
    "title": "Stocks Soar, Treasuries Jolt After Tariff Reprieve: Markets Wrap",
    "text": "US\nThe\nTrump called the world’s biggest debt market a\nLearn more about Bloomberg Law or Log In to keep reading:\nLearn About Bloomberg Law\nAI-powered legal analytics, workflow tools and premium legal & business news.\nAlready a subscriber?\nLog in to keep reading or access research tools.",
    "highlightText": "",
    "highlightTitle": "",
    "highlightThreadTitle": "",
    "language": "english",
    "sentiment": "positive",
    "categories": [
        "Economy, Business and Finance"
    ],
    "topics": [
        "Economy, Business and Finance->business and market analysis",
        "Economy, Business and Finance->debt market",
        "Economy, Business and Finance->financial and economic news"
    ],
    "ai_allow": true,
    "has_canonical": true,
    "breaking": false,
    "webz_reporter": false,
    "external_links": [],
    "entities": {
        "persons": [],
        "locations": [],
        "organizations": [
            {
                "name": "AI",
                "sentiment": "none",
                "tickers": [
                    {
                        "ticker": "AI",
                        "exchange": "NYSE"
                    }
                ]
            }
        ]
    },
    "syndication": {
        "syndicated": false,
        "syndicate_id": null,
        "first_syndicated": false
    },
    "trust": {
        "categories": [],
        "bias": null,
        "source": {
            "type": null,
            "city": null,
            "state": null,
            "country": null,
            "domain_type": null,
            "agency": null,
            "organization_name": null
        }
    },
    "rating": null,
    "crawled": "2025-04-10T02:02:34.519+03:00",
    "updated": "2025-04-10T02:02:34.519+03:00"
}