{
    "thread": {
        "uuid": "42f8739cfb17a813fac079b095e5bedfcfcc1a4c",
        "url": "https://flipboard.com/@FoxNews/trump-tariff-pause-allows-us-to-take-on-china-give-other-countries-chance-to/a-dIcmUBGUQcKHMDBfDMP8Kw%3Aa%3A47769551-2dbd605ae8%2Ffoxnews.com",
        "site_full": "flipboard.com",
        "site": "flipboard.com",
        "site_section": "https://flipboard.com/@foxnews",
        "site_categories": [
            "family_and_parenting",
            "eldercare"
        ],
        "section_title": "Fox News (@FoxNews) on Flipboard",
        "site_title": "Flipboard: Your Social Magazine",
        "title": "Trump tariff pause allows US to 'take on China,' give other countries 'chance to negotiate,' says commerce secretary | Flipboard",
        "title_full": "Trump tariff pause allows US to 'take on China,' give other countries 'chance to negotiate,' says commerce secretary | Flipboard",
        "published": "2025-04-10T01:34:00.000+03:00",
        "replies_count": 0,
        "participants_count": 1,
        "site_type": "news",
        "country": "US",
        "main_image": "https://ic-cdn.flipboard.com/foxnews.com/d9de9e2d06ea73ace170b5f6ad33e5fe7ed11c01/_medium.jpeg",
        "performance_score": 0,
        "domain_rank": 1229,
        "domain_rank_updated": "2025-04-08T00:00:00.000+03:00",
        "licensing_agency": [],
        "social": {
            "facebook": {
                "likes": 0,
                "comments": 0,
                "shares": 0
            },
            "vk": {
                "shares": 0
            }
        }
    },
    "uuid": "42f8739cfb17a813fac079b095e5bedfcfcc1a4c",
    "url": "https://flipboard.com/@FoxNews/trump-tariff-pause-allows-us-to-take-on-china-give-other-countries-chance-to/a-dIcmUBGUQcKHMDBfDMP8Kw%3Aa%3A47769551-2dbd605ae8%2Ffoxnews.com",
    "ord_in_thread": 0,
    "author": "Fox News",
    "published": "2025-04-10T01:34:00.000+03:00",
    "title": "Trump tariff pause allows US to 'take on China,' give other countries 'chance to negotiate,' says commerce secretary | Flipboard",
    "text": "Trump tariff pause allows US to ‘take on China,’ give other countries ‘chance to negotiate,’ says commerce secretary Commerce Secretary Howard Lutnick explains President Donald Trump’s tariff pause and evaluates the market reaction on ‘Special Report.’\nFox News • 22m",
    "highlightText": "",
    "highlightTitle": "",
    "highlightThreadTitle": "",
    "language": "english",
    "sentiment": "positive",
    "categories": [
        "Economy, Business and Finance",
        "Politics",
        "Social Issue"
    ],
    "topics": [
        "Economy, Business and Finance->financial and economic news",
        "Economy, Business and Finance->business governance",
        "Economy, Business and Finance->business strategy and marketing",
        "Politics->economic policy",
        "Politics->international relations",
        "Politics->political candidates",
        "Social Issue->social condition"
    ],
    "ai_allow": true,
    "has_canonical": false,
    "breaking": false,
    "webz_reporter": false,
    "external_links": [],
    "entities": {
        "persons": [
            {
                "name": "Howard Lutnick",
                "sentiment": "none"
            },
            {
                "name": "Donald Trump",
                "sentiment": "none"
            }
        ],
        "locations": [],
        "organizations": []
    },
    "syndication": {
        "syndicated": false,
        "syndicate_id": null,
        "first_syndicated": false
    },
    "trust": {
        "categories": [],
        "bias": null,
        "source": {
            "type": null,
            "city": null,
            "state": null,
            "country": null,
            "domain_type": null,
            "agency": null,
            "organization_name": null
        }
    },
    "rating": null,
    "crawled": "2025-04-10T01:47:31.362+03:00",
    "updated": "2025-04-10T01:58:47.586+03:00"
}