{
    "thread": {
        "uuid": "647c47cfbb56c74ecb0ad5ef7870e70d6276c58a",
        "url": "https://www.benzinga.com/trading-ideas/movers/25/04/44724812/bank-shares-are-up-today-what-you-need-to-know?comments_open=true",
        "site_full": "www.benzinga.com",
        "site": "benzinga.com",
        "site_section": "https://world.einnews.com/ajax/headlines",
        "site_categories": [
            "stocks",
            "finance"
        ],
        "section_title": "",
        "site_title": "Actionable Trading Ideas, Real-Time News, Financial Insight - Benzinga",
        "title": "Bank Shares Are Up Today: What You Need To Know - BancFirst (NASDAQ:BANF) - Benzinga",
        "title_full": "Bank Shares Are Up Today: What You Need To Know - BancFirst (NASDAQ:BANF) - Benzinga",
        "published": "2025-04-10T00:24:00.000+03:00",
        "replies_count": 0,
        "participants_count": 1,
        "site_type": "news",
        "country": "US",
        "main_image": "https://cdn.benzinga.com/files/images/story/2025/04/09/Bank-Raises-Rates--Interest-Rate-And-Div.jpeg?width=1200&amp;height=800&amp;fit=crop",
        "performance_score": 0,
        "domain_rank": 1915,
        "domain_rank_updated": "2025-04-08T00:00:00.000+03:00",
        "licensing_agency": [],
        "social": {
            "facebook": {
                "likes": 0,
                "comments": 0,
                "shares": 0
            },
            "vk": {
                "shares": 0
            }
        }
    },
    "uuid": "647c47cfbb56c74ecb0ad5ef7870e70d6276c58a",
    "url": "https://www.benzinga.com/trading-ideas/movers/25/04/44724812/bank-shares-are-up-today-what-you-need-to-know?comments_open=true",
    "ord_in_thread": 0,
    "author": "Vaishali Prayag",
    "published": "2025-04-10T00:24:00.000+03:00",
    "title": "Bank Shares Are Up Today: What You Need To Know - BancFirst (NASDAQ:BANF) - Benzinga",
    "text": "Zinger Key Points Bank stocks surge after Trump paused tariffs for non-retaliating countries, easing market uncertainty. China faces a 125% tariff as U.S. shifts trade strategy, boosting investor confidence in economic stability.\nFeel unsure about the market’s next move? Copy trade alerts from Matt Maley—a Wall Street veteran who consistently finds profits in volatile markets. Claim your 7-day free trial now. Bank shares such as Ameris Bancorp inc. ABCB and BancFirst Corp BANF are trading higher on Wednesday in response to a surprise announcement from President Donald Trump to temporarily pause certain tariffs.\nWhat To Know: The broad-based rally followed Trump's declaration of a 90-day suspension on reciprocal tariffs for countries that have not retaliated against U.S. trade measures. While the pause excludes China — which will now face a 125% tariff on its goods — the shift in policy has eased immediate trade tensions and helped stabilize market sentiment.\nA pause in trade escalation reduces uncertainty, which can support business lending, consumer confidence and overall economic activity — all key drivers for banks.\nTrump's move was said to be a reward for countries that refrained from retaliating, offering them a temporary 10% tariff and delaying further duties. In contrast, China was singled out as a bad actor, with the president criticizing its trade practices and warning that the U.S. will no longer tolerate the current imbalance.\nTreasury Secretary Scott Bessent described the tariff shift as a correction to decades of trade inequities and suggested that the market had previously misunderstood the scope of Trump’s policy. He called the 10% reciprocal tariff a \"temporary floor\" that adds clarity and leverage to U.S. trade strategy.\nPrice Action : Ameris shares closed Wednesday up 8.31% to $54.90 and Bancfirst shares were up 6.08% to $108.29, according to Benzinga Pro.\nPhoto: Shutterstock.\nBANF BancFirst Corp $108.29 6.08%\nStock Score Locked: Want to See it? Benzinga Rankings give you vital metrics on any stock – anytime.\nReveal Full Score Edge Rankings\nMomentum\n88.05 Growth\n55.25 Quality\n63.99 Value\n- Price Trend Short\nMedium\nLong\nOverview ABCB Ameris Bancorp $54.90 8.31%\nGot Questions? Ask\nWhich banks could benefit from trade stability? How will consumer confidence impact bank lending? Which financial institutions might expand due to tariff pause? Are regional banks set for growth post-announcement? Could Ameris Bancorp see further gains? What effects will this have on financial markets ? Which investors will flock to bank stocks now? How might tariff adjustments affect bank profitability? Which industries will feel the impact of reduced tariffs? What are the long-term effects on trade relations ? Powered By\nMarket News and Data brought to you by Benzinga APIs © 2025 Benzinga.com. Benzinga does not provide investment advice. All rights reserved.",
    "highlightText": "",
    "highlightTitle": "",
    "highlightThreadTitle": "",
    "language": "english",
    "sentiment": "positive",
    "categories": [
        "Economy, Business and Finance",
        "Politics",
        "Social Issue"
    ],
    "topics": [
        "Economy, Business and Finance->business reporting and performance",
        "Economy, Business and Finance->financial and economic news",
        "Politics->government policy",
        "Politics->economic policy",
        "Social Issue->social condition"
    ],
    "ai_allow": true,
    "has_canonical": false,
    "breaking": true,
    "webz_reporter": false,
    "external_links": [
        "https://wnstn.ai/",
        "https://www.wnstn.ai/",
        "https://wnstn.ai"
    ],
    "entities": {
        "persons": [
            {
                "name": "Donald Trump",
                "sentiment": "none"
            },
            {
                "name": "Matt Maley",
                "sentiment": "none"
            }
        ],
        "locations": [],
        "organizations": [
            {
                "name": "BancFirst Corp",
                "sentiment": "none",
                "tickers": []
            }
        ]
    },
    "syndication": {
        "syndicated": false,
        "syndicate_id": null,
        "first_syndicated": false
    },
    "trust": {
        "categories": [],
        "bias": null,
        "source": {
            "type": null,
            "city": null,
            "state": null,
            "country": null,
            "domain_type": null,
            "agency": null,
            "organization_name": null
        }
    },
    "rating": null,
    "crawled": "2025-04-10T01:25:44.214+03:00",
    "updated": "2025-04-10T01:25:44.214+03:00"
}