{
    "thread": {
        "uuid": "93b43987f0790ef96fa5452b820c22bfe253db29",
        "url": "https://chrt.fm/track/1F1B1F/traffic.megaphone.fm/WSJ3823463747.mp3?updated=1744233677",
        "site_full": "chrt.fm",
        "site": "chrt.fm",
        "site_section": "https://www.octobersurprise2016.org",
        "site_categories": [],
        "section_title": "October Surprise 2016 - octobersurprise2016.org",
        "site_title": "chrt.fm&nbsp;-&nbsp;chrt Resources and Information.",
        "title": "U.S. Stocks Rocket After Trump Pauses Some Tariffs",
        "title_full": "U.S. Stocks Rocket After Trump Pauses Some Tariffs",
        "published": "2025-04-10T00:13:00.000+03:00",
        "replies_count": 0,
        "participants_count": 1,
        "site_type": "news",
        "country": "CO",
        "main_image": "",
        "performance_score": 0,
        "domain_rank": 75809,
        "domain_rank_updated": "2025-04-08T00:00:00.000+03:00",
        "licensing_agency": [],
        "social": {
            "facebook": {
                "likes": 0,
                "comments": 0,
                "shares": 0
            },
            "vk": {
                "shares": 0
            }
        }
    },
    "uuid": "93b43987f0790ef96fa5452b820c22bfe253db29",
    "url": "https://chrt.fm/track/1F1B1F/traffic.megaphone.fm/WSJ3823463747.mp3?updated=1744233677",
    "ord_in_thread": 0,
    "author": "Mike Nova",
    "published": "2025-04-10T00:13:00.000+03:00",
    "title": "U.S. Stocks Rocket After Trump Pauses Some Tariffs",
    "text": "Plus: Apple reclaims its title as the “world’s most valuable company.” And Delta Airlines said it was working to avoid paying tariffs on planes it’s set to receive from Airbus this year. Anthony Bansie Hosts. Sign up for the WSJ’s free What’s News newsletter. Learn more about your ad choices. Visit megaphone.fm/adchoices",
    "highlightText": "",
    "highlightTitle": "",
    "highlightThreadTitle": "",
    "language": "english",
    "sentiment": "positive",
    "categories": [
        "Economy, Business and Finance",
        "Politics",
        "Social Issue"
    ],
    "topics": [
        "Economy, Business and Finance->business governance",
        "Economy, Business and Finance->financial and economic news",
        "Politics->political process",
        "Politics->government policy",
        "Politics->economic policy",
        "Social Issue->social condition",
        "Social Issue->discrimination",
        "Social Issue->social problem"
    ],
    "ai_allow": true,
    "has_canonical": false,
    "breaking": false,
    "webz_reporter": false,
    "external_links": [],
    "entities": {
        "persons": [
            {
                "name": "Anthony Bansie",
                "sentiment": "none"
            }
        ],
        "locations": [],
        "organizations": [
            {
                "name": "Delta Airlines",
                "sentiment": "positive",
                "tickers": []
            }
        ]
    },
    "syndication": {
        "syndicated": false,
        "syndicate_id": null,
        "first_syndicated": false
    },
    "trust": {
        "categories": [],
        "bias": null,
        "source": {
            "type": null,
            "city": null,
            "state": null,
            "country": null,
            "domain_type": null,
            "agency": null,
            "organization_name": null
        }
    },
    "rating": null,
    "crawled": "2025-04-10T02:50:23.962+03:00",
    "updated": "2025-04-10T02:50:23.962+03:00"
}