{
    "thread": {
        "uuid": "3677c50c869e4858d730ae0f1e29f2da504c19cb",
        "url": "https://www.wral.com/news/local/caesars-opening-danville-virginia-dec-2024",
        "site_full": "www.wral.com",
        "site": "wral.com",
        "site_section": "https://wral.com",
        "site_categories": [
            "media",
            "top_news_us",
            "top_news"
        ],
        "section_title": "WRAL | News and Weather in Raleigh NC",
        "title": "Caesars Virginia opens Tuesday in Danville",
        "title_full": "Caesars Virginia opens Tuesday in Danville",
        "published": "2024-12-17T02:00:00.000+02:00",
        "replies_count": 0,
        "participants_count": 1,
        "site_type": "news",
        "country": "US",
        "main_image": "https://images.wral.com/312283d6-c44f-4871-b2b3-31714114826b?w=1200&#x26;h=630",
        "performance_score": 0,
        "domain_rank": 2666,
        "domain_rank_updated": "2024-12-09T23:00:00.000+02:00",
        "social": {
            "facebook": {
                "likes": 0,
                "comments": 0,
                "shares": 0
            },
            "vk": {
                "shares": 0
            }
        }
    },
    "uuid": "3677c50c869e4858d730ae0f1e29f2da504c19cb",
    "url": "https://www.wral.com/news/local/caesars-opening-danville-virginia-dec-2024",
    "ord_in_thread": 0,
    "parent_url": null,
    "author": "WRAL.com",
    "published": "2024-12-17T02:00:00.000+02:00",
    "title": "Caesars Virginia opens Tuesday in Danville",
    "text": "Your trip to the casino is getting shorter.\nTuesday is opening day for[ Caesars Virginia in Danville](https://www.wral.com/business/first-look-at-caesars-virginia-casino-december-2024/).\nThere are festivities planned for the opening with a parade on Tuesday morning. Doors open at 12 p.m. and a fireworks and drone show are planned for 8 p.m.\nIf you feel like taking a road trip, Caesar’s Virginia is just an hour-and-a-half away from Raleigh.\nA look inside the casino contains nearly 1,500 slot machines, 79 live dealer table games, a sportsbook and a world series of a poker room. The $750 million dollar resort is full of amenities - including a pool, spa and restaurant.\n\"We typically don't build casinos of this size and scale with these amenities outside of our larger destination markets like a Las Vegas or Atlantic City,\" said Chris Albrecht.\nVirginia’s success with casinos comes after failed efforts to open more in North Carolina.\nA study from last year shows our state is missing out on $259 million in gaming revenue to Virginia each year.",
    "highlightText": "",
    "highlightTitle": "",
    "highlightThreadTitle": "",
    "language": "english",
    "sentiment": "positive",
    "categories": [
        "Economy, Business and Finance"
    ],
    "topics": [
        "Economy, Business and Finance->tourism and leisure industry",
        "Economy, Business and Finance->financial and economic news",
        "Economy, Business and Finance->business service"
    ],
    "ai_allow": true,
    "has_canonical": false,
    "webz_reporter": false,
    "external_links": [],
    "external_images": [],
    "entities": {
        "persons": [],
        "organizations": [],
        "locations": []
    },
    "syndication": {
        "syndicated": false,
        "syndicate_id": null,
        "first_syndicated": false
    },
    "rating": null,
    "crawled": "2024-12-17T13:26:20.496+02:00",
    "updated": "2024-12-17T13:26:20.496+02:00"
}