{
    "thread": {
        "uuid": "5f88921687069ca7b6f5a065808eb23fe00d796c",
        "url": "https://www.customerservicemanager.com/benefits-of-mobile-applications-in-aussie-online-casino-gaming-options-of-safety-and-convenience",
        "site_full": "www.customerservicemanager.com",
        "site": "customerservicemanager.com",
        "site_section": "https://www.customerservicemanager.com",
        "site_categories": [
            "uncategorized"
        ],
        "section_title": "CSM &#8211; Customer Service Manager Magazine",
        "title": "Benefits of Mobile Applications in Aussie Online Casino Gaming: Options of Safety and Convenience",
        "title_full": "Benefits of Mobile Applications in Aussie Online Casino Gaming: Options of Safety and Convenience",
        "published": "2024-12-17T12:03:00.000+02:00",
        "replies_count": 0,
        "participants_count": 1,
        "site_type": "news",
        "country": "US",
        "main_image": "",
        "performance_score": 0,
        "domain_rank": 183624,
        "domain_rank_updated": "2024-12-09T23:00:00.000+02:00",
        "social": {
            "facebook": {
                "likes": 0,
                "comments": 0,
                "shares": 0
            },
            "vk": {
                "shares": 0
            }
        }
    },
    "uuid": "5f88921687069ca7b6f5a065808eb23fe00d796c",
    "url": "https://www.customerservicemanager.com/benefits-of-mobile-applications-in-aussie-online-casino-gaming-options-of-safety-and-convenience",
    "ord_in_thread": 0,
    "parent_url": null,
    "author": "Mark Jefferies",
    "published": "2024-12-17T12:03:00.000+02:00",
    "title": "Benefits of Mobile Applications in Aussie Online Casino Gaming: Options of Safety and Convenience",
    "text": "Mobile casinos have revolutionized the way players approach online gambling, and that with better convenience and enhanced security. With improved smartphone and tablet computing, players need not use desktops to access games. In this respect, the mobile application like Rocketplay mobile casino ensures a value addition in gameplaying by allowing consumers to access casino games on the go. Beyond accessibility, these apps first take care of security by offering state-of-the-art encryption technologies, including biometric authentication. Coupled with easy handling and state-of-the-art security, mobile casino applications have come out to be indispensable in today’s gambler.\nConvenience of Mobile Casino Apps Gaming on the Go\nMobile apps enable players to enjoy casino games anywhere and at any time. With a smartphone or tablet, players can access their favorite games without being confined to a desktop.\nInstant Access\nMost casino apps provide instant access to games and account information. Users can log in quickly and start playing within seconds.\nTailored User Experience\nMobile apps are designed with intuitive interfaces, ensuring smooth navigation and user-friendly experiences. From game selection to payments, everything is streamlined.\nSecurity Features of Mobile Casino Apps Advanced Encryption Technology\nMobile apps use advanced encryption technologies like SSL to protect player data. This ensures secure transactions and privacy.\nBiometric Authentication\nMany apps incorporate biometric security features, such as fingerprint or facial recognition, adding an extra layer of protection.\nRegular Updates\nReputable apps frequently update their software to address potential vulnerabilities and enhance security.\nGaming Features in Mobile Casino Apps Extensive Game Libraries\nMobile apps offer a wide selection of games, from pokies to live dealer options. These games are optimized for smaller screens without compromising quality.\nLive Dealer Games\nApps bring the excitement of live dealer games right to your fingertips. Players can interact in real-time with real dealers.\nCustom Notifications\nUsers receive notifications about promotions, bonuses, and new game releases directly through an app to ensure they will never miss an opportunity.\nBenefits of Mobile Casino Apps to Australian Players Mobile applications have grown in popularity with Australian players, since they are stable and full of features. Most online casinos that welcome Australians offer specific services, including the acceptance of AUD and promotions specific to that region. The players get to enjoy:\nLocalised Options: Apps most of the time target the Australian audience by offering them local payments and bonuses.\nCross-Platform Support: Mobile applications work perfectly well on both Android and iOS devices.\nMulti-Language Support: Most of the apps provide multi-language options, which can be accessed by players from different backgrounds.\nMobile applications are necessary for those who want to have safe and comfortable online casino gaming. For players looking at legitimate online casinos in Australia, mobile casino show the ideal combination of convenience, security, and variety of games. With mobile technology still improving, players should expect an even better experience and more features.",
    "highlightText": "",
    "highlightTitle": "",
    "highlightThreadTitle": "",
    "language": "english",
    "sentiment": "positive",
    "categories": [
        "Economy, Business and Finance",
        "Lifestyle and Leisure"
    ],
    "topics": [
        "Economy, Business and Finance->products and services",
        "Economy, Business and Finance->financial and economic news",
        "Economy, Business and Finance->consumer goods",
        "Lifestyle and Leisure->gaming and lottery",
        "Lifestyle and Leisure->lifestyle"
    ],
    "ai_allow": true,
    "has_canonical": false,
    "webz_reporter": false,
    "external_links": [
        "https://rocketplay-au.com/app",
        "https://www.rocketplay-au.com/app"
    ],
    "external_images": [],
    "entities": {
        "persons": [],
        "organizations": [],
        "locations": []
    },
    "syndication": {
        "syndicated": false,
        "syndicate_id": null,
        "first_syndicated": false
    },
    "rating": null,
    "crawled": "2024-12-17T13:02:10.341+02:00",
    "updated": "2024-12-17T13:02:10.341+02:00"
}