{
    "thread": {
        "uuid": "480cceff4fd514847cd173f5754f260fab8cc340",
        "url": "https://simplywall.st/stocks/jp/food-beverage-tobacco/tse-2531/takara-holdings-shares/news/despite-lower-earnings-than-three-years-ago-takara-holdings",
        "site_full": "simplywall.st",
        "site": "simplywall.st",
        "site_section": "https://news.google.com/search?q=that%20when%3A1h&hl=en-US&gl=US&ceid=US%3Aen",
        "site_categories": [
            "investing",
            "financial_news",
            "finance"
        ],
        "section_title": "Google News - Search",
        "site_title": "Free Portfolio Tracker, Stock Insights and Community - Simply Wall St",
        "title": "Despite lower earnings than three years ago, Takara Holdings (TSE:2531) investors are up 75% since then",
        "title_full": "Despite lower earnings than three years ago, Takara Holdings (TSE:2531) investors are up 75% since then",
        "published": "2025-10-02T06:58:00.000+03:00",
        "replies_count": 0,
        "participants_count": 1,
        "site_type": "news",
        "country": "US",
        "main_image": "https://images.simplywall.st/asset/industry/5112000-choice2-main-header/1585186740038",
        "performance_score": 0,
        "domain_rank": 17564,
        "domain_rank_updated": "2025-09-29T00:00:00.000+03:00",
        "licensing_agency": [],
        "social": {
            "facebook": {
                "likes": 0,
                "comments": 0,
                "shares": 0
            },
            "vk": {
                "shares": 0
            }
        }
    },
    "uuid": "480cceff4fd514847cd173f5754f260fab8cc340",
    "url": "https://simplywall.st/stocks/jp/food-beverage-tobacco/tse-2531/takara-holdings-shares/news/despite-lower-earnings-than-three-years-ago-takara-holdings",
    "ord_in_thread": 0,
    "author": "Simply Wall St",
    "published": "2025-10-02T06:58:00.000+03:00",
    "title": "Despite lower earnings than three years ago, Takara Holdings (TSE:2531) investors are up 75% since then",
    "text": "Despite lower earnings than three years ago, Takara Holdings (TSE:2531) investors are up 75% since then\nYou can receive the average market return by buying a low-cost index fund. But you can make better returns by buying undervalued shares. Notably, the Takara Holdings Inc. (TSE:2531) share price has gained 60% in three years, which is better than the average market return. It's also good to see a healthy gain of 43% in the last year.\nSince the long term performance has been good but there's been a recent pullback of 3.0%, let's check if the fundamentals match the share price.\nTrump has pledged to \"unleash\" American oil and gas and these 15 US stocks have developments that are poised to benefit.\nThere is no denying that markets are sometimes efficient, but prices do not always reflect underlying business performance. One way to examine how market sentiment has changed over time is to look at the interaction between a company's share price and its earnings per share (EPS).\nDuring the three years of share price growth, Takara Holdings actually saw its earnings per share (EPS) drop 9.0% per year.\nThus, it seems unlikely that the market is focussed on EPS growth at the moment. Given this situation, it makes sense to look at other metrics too.\nLanguishing at just 1.7%, we doubt the dividend is doing much to prop up the share price. It could be that the revenue growth of 3.6% per year is viewed as evidence that Takara Holdings is growing. If the company is being managed for the long term good, today's shareholders might be right to hold on.\nThe company's revenue and earnings (over time) are depicted in the image below (click to see the exact numbers).\nThis free interactive report on Takara Holdings' balance sheet strength is a great place to start, if you want to investigate the stock further.\nWhat About Dividends?\nIt is important to consider the total shareholder return, as well as the share price return, for any given stock. Whereas the share price return only reflects the change in the share price, the TSR includes the value of dividends (assuming they were reinvested) and the benefit of any discounted capital raising or spin-off. So for companies that pay a generous dividend, the TSR is often a lot higher than the share price return. We note that for Takara Holdings the TSR over the last 3 years was 75%, which is better than the share price return mentioned above. And there's no prize for guessing that the dividend payments largely explain the divergence!\nA Different Perspective\nIt's good to see that Takara Holdings has rewarded shareholders with a total shareholder return of 46% in the last twelve months. And that does include the dividend. Since the one-year TSR is better than the five-year TSR (the latter coming in at 12% per year), it would seem that the stock's performance has improved in recent times. Given the share price momentum remains strong, it might be worth taking a closer look at the stock, lest you miss an opportunity. While it is well worth considering the different impacts that market conditions can have on the share price, there are other factors that are even more important. Take risks, for example - Takara Holdings has 1 warning sign we think you should be aware of.\nIf you would prefer to check out another company -- one with potentially superior financials -- then do not miss this free list of companies that have proven they can grow earnings.\nPlease note, the market returns quoted in this article reflect the market weighted average returns of stocks that currently trade on Japanese exchanges.\nValuation is complex, but we're here to simplify it.\nDiscover if Takara Holdings might be undervalued or overvalued with our detailed analysis, featuring fair value estimates, potential risks, dividends, insider trades, and its financial condition.\nAccess Free Analysis\nHave feedback on this article? Concerned about the content? Get in touch with us directly. Alternatively, email editorial-team (at) simplywallst.com.\nThis article by Simply Wall St is general in nature. We provide commentary based on historical data and analyst forecasts only using an unbiased methodology and our articles are not intended to be financial advice. It does not constitute a recommendation to buy or sell any stock, and does not take account of your objectives, or your financial situation. We aim to bring you long-term focused analysis driven by fundamental data. Note that our analysis may not factor in the latest price-sensitive company announcements or qualitative material. Simply Wall St has no position in any stocks mentioned.\nAbout TSE:2531\nTakara Holdings\nPrimarily manufactures and sells alcoholic beverages, seasonings, and raw alcohol worldwide.\nFlawless balance sheet with questionable track record.\nCommunity Narratives\nThe Next Phase of Energy Storage: How NeoVolta Is Tackling America’s Power Crunch\nMACommunity Contributor\nWhy EnSilica is Worth Possibly 13x its Current Price\nDOCommunity Contributor\nA case for Cassiar Gold Corp (TSXV: GLDC) to reach CAD$8-10 before 2030 (X30-37)\nAGCommunity Contributor",
    "highlightText": "",
    "highlightTitle": "",
    "highlightThreadTitle": "",
    "language": "english",
    "sentiment": "positive",
    "categories": [
        "Economy, Business and Finance"
    ],
    "topics": [
        "Economy, Business and Finance->financial and economic news",
        "Economy, Business and Finance->business reporting and performance"
    ],
    "ai_allow": true,
    "has_canonical": false,
    "breaking": null,
    "webz_reporter": false,
    "external_links": [
        "https://investor-research.typeform.com/to/wvg6MFri#feedback_token=NDA5NzEwMTpmYzhiNDFmYmIxZjAwM2Zh&company=Takara Holdings&blueprintid=4097101",
        "https://www.investor-research.typeform.com/to/wvg6MFri#feedback_token=NDA5NzEwMTpmYzhiNDFmYmIxZjAwM2Zh&company=Takara Holdings&blueprintid=4097101"
    ],
    "external_images": [],
    "internal_images": [],
    "entities": {
        "persons": [],
        "locations": [],
        "organizations": [
            {
                "name": "Takara Holdings Inc.",
                "sentiment": "neutral",
                "tickers": []
            }
        ]
    },
    "syndication": {
        "syndicated": false,
        "syndicate_id": null,
        "first_syndicated": false
    },
    "trust": {
        "categories": [],
        "top_news": [],
        "bias": null,
        "source": {
            "type": null,
            "city": null,
            "state": null,
            "country": null,
            "domain_type": null,
            "agency": null,
            "organization_name": null
        }
    },
    "rating": null,
    "crawled": "2025-10-02T08:19:36.291+03:00",
    "updated": "2025-10-02T08:21:39.000+03:00"
}