{
    "thread": {
        "uuid": "1864be5579d7e513799430acac6edb3b46d13dfb",
        "url": "https://www.news18.com/india/750-tola-gold-rs-1-60-crore-cash-18-hour-counting-indias-biggest-raid-that-inspired-a-movie-ws-dkl-9609522.html",
        "site_full": "www.news18.com",
        "site": "news18.com",
        "site_section": "https://news18.com/short-news",
        "site_categories": [
            "media",
            "top_news_in",
            "top_news_ph",
            "top_news_pk",
            "top_news_ae",
            "top_news_qa",
            "top_news_sg",
            "top_news_sa",
            "top_news_kw",
            "top_news"
        ],
        "section_title": "Latest Shorts News: Short Videos, International Updates &amp; Quick Updates",
        "site_title": "News: Get Latest News Today, Breaking News, Top News Headlines, India and World News | News18",
        "title": "750 Tola Gold, Rs 1.60 Crore Cash, 18-Hour Counting: India's Biggest Raid That Inspired A Movie | India News - News18",
        "title_full": "750 Tola Gold, Rs 1.60 Crore Cash, 18-Hour Counting: India's Biggest Raid That Inspired A Movie | India News - News18",
        "published": "2025-10-02T07:14:00.000+03:00",
        "replies_count": 0,
        "participants_count": 1,
        "site_type": "news",
        "country": "IN",
        "main_image": "https://images.news18.com/ibnlive/uploads/2025/10/IT-raid-2025-10-1f53b1234804bcc4bf58249bbd14ad96-16x9.png",
        "performance_score": 4,
        "domain_rank": 2030,
        "domain_rank_updated": "2025-09-29T00:00:00.000+03:00",
        "licensing_agency": [],
        "social": {
            "facebook": {
                "likes": 43,
                "comments": 8,
                "shares": 1
            },
            "vk": {
                "shares": 0
            }
        }
    },
    "uuid": "1864be5579d7e513799430acac6edb3b46d13dfb",
    "url": "https://www.news18.com/india/750-tola-gold-rs-1-60-crore-cash-18-hour-counting-indias-biggest-raid-that-inspired-a-movie-ws-dkl-9609522.html",
    "ord_in_thread": 0,
    "author": "@cnnnews18",
    "published": "2025-10-02T07:14:00.000+03:00",
    "title": "750 Tola Gold, Rs 1.60 Crore Cash, 18-Hour Counting: India's Biggest Raid That Inspired A Movie | India News - News18",
    "text": "India’s biggest-ever Income Tax raid took place at the Kanpur residence of industrialist and former Rajya Sabha MP Inder Singh, a pioneering businessman who established the country’s first steel re-rolling mill and North India’s largest railway wagon factory. The high-profile operation, carried out in 1981, later inspired the Bollywood film Raid . The raid was extensive and involved over 90 Income Tax officers and 200 policemen. It spanned nearly a month and resulted in the recovery of significant assets. A team of 45 individuals, including employees from the Reserve Bank of India, spent 18 hours counting the seized cash. The raid recovered Rs 1.60 crore in cash, along with 750 tola of gold. This included two gold bricks, jewelry worth around Rs 8 lakh, and 144 guineas valued at Rs 1.85 lakh. From the residence of Sardar Inder Singh’s wife, Mohinder Kaur, authorities seized two 500-tola gold bricks and 144 gold coins, totaling 6,977 grams, in violation of the Gold (Control) Act, 1968. After the raid, the Income Tax Department issued notices to Sardar Inder Singh, his wife Mohinder Kaur, their four sons, two sons-in-law, and other family members. The operation dealt a major blow to Sardar Inder Singh’s reputation, though he and his family continued to contest the case legally. Meanwhile, the Central Excise Department took action against Mohinder Kaur for violating the Gold (Control) Act, 1968. The raid’s scale and impact were so significant that it later inspired a Bollywood film. In 1928, Inder Singh set up Singh Engineering Works in Kanpur, marking India’s first steel re-rolling mill. He later established North India’s largest railway wagon factory, the Singh Wagon Factory, and went on to become the biggest supplier of tie bars to the Indian Railways.",
    "highlightText": "",
    "highlightTitle": "",
    "highlightThreadTitle": "",
    "language": "english",
    "sentiment": "positive",
    "categories": [
        "Economy, Business and Finance",
        "Social Issue",
        "Human Interest"
    ],
    "topics": [
        "Economy, Business and Finance->financial and economic news",
        "Economy, Business and Finance->business and market analysis",
        "Economy, Business and Finance->business governance",
        "Social Issue->social condition",
        "Social Issue->social problem",
        "Social Issue->values",
        "Human Interest->human mishap"
    ],
    "ai_allow": true,
    "has_canonical": false,
    "breaking": null,
    "webz_reporter": false,
    "external_links": [],
    "external_images": [],
    "internal_images": [],
    "entities": {
        "persons": [
            {
                "name": "Sardar Inder Singh",
                "sentiment": "none"
            },
            {
                "name": "Mohinder Kaur",
                "sentiment": "none"
            }
        ],
        "locations": [],
        "organizations": [
            {
                "name": "Reserve Bank of India",
                "sentiment": "none",
                "tickers": [
                    {
                        "ticker": null,
                        "exchange": null
                    }
                ]
            }
        ]
    },
    "syndication": {
        "syndicated": false,
        "syndicate_id": null,
        "first_syndicated": false
    },
    "trust": {
        "categories": [
            "fake_news"
        ],
        "top_news": [
            "top_news_in",
            "top_news_ph",
            "top_news_pk",
            "top_news_ae",
            "top_news_qa",
            "top_news_sg",
            "top_news_sa",
            "top_news_kw",
            "top_news"
        ],
        "bias": "center",
        "source": {
            "type": null,
            "city": null,
            "state": null,
            "country": null,
            "domain_type": null,
            "agency": null,
            "organization_name": null
        }
    },
    "rating": null,
    "crawled": "2025-10-02T08:25:37.241+03:00",
    "updated": "2025-10-03T09:05:36.000+03:00"
}