{
    "thread": {
        "uuid": "f932a87eb5cfefe80985efc379a688f550d3df33",
        "url": "https://www.openpr.com/news/4206220/off-highway-ev-component-market-to-explode-to-usd-130-9-billion",
        "site_full": "www.openpr.com",
        "site": "openpr.com",
        "site_section": "https://openpr.com/news/categories2-11-advertising-media-consulting-marketing-research.html",
        "site_categories": [
            "marketing",
            "financial_news",
            "finance",
            "business"
        ],
        "section_title": "openPR.com - press releases of the category Advertising, Media Consulting, Marketing Research",
        "site_title": "openPR.com - Worldwide Open Public Relations - Publish Press Releases Free of Charge",
        "title": "Off-Highway EV Component Market to Explode to USD 130.9 Billion",
        "title_full": "Off-Highway EV Component Market to Explode to USD 130.9 Billion",
        "published": "2025-10-02T07:41:00.000+03:00",
        "replies_count": 0,
        "participants_count": 1,
        "site_type": "news",
        "country": "US",
        "main_image": "https://cdn.open-pr.com/L/a/La02772267_g.jpg",
        "performance_score": 0,
        "domain_rank": 7756,
        "domain_rank_updated": "2025-09-29T00:00:00.000+03:00",
        "licensing_agency": [],
        "social": {
            "facebook": {
                "likes": 0,
                "comments": 0,
                "shares": 0
            },
            "vk": {
                "shares": 0
            }
        }
    },
    "uuid": "f932a87eb5cfefe80985efc379a688f550d3df33",
    "url": "https://www.openpr.com/news/4206220/off-highway-ev-component-market-to-explode-to-usd-130-9-billion",
    "ord_in_thread": 0,
    "author": "Future Market Insights Inc",
    "published": "2025-10-02T07:41:00.000+03:00",
    "title": "Off-Highway EV Component Market to Explode to USD 130.9 Billion",
    "text": "Off-highway EV Component Market\nThe global Off-highway EV Component Market is poised for explosive growth, with a new market report forecasting its value to skyrocket from an estimated USD 37.9 billion in 2025 to a staggering USD 130.9 billion by 2035. This remarkable expansion represents a robust Compound Annual Growth Rate (CAGR) of 13.2% over the forecast period, fueled by stringent emission regulations, advancements in battery technology, and a global industry-wide shift toward sustainability in heavy machinery.\nThe comprehensive analysis highlights the critical role of electrification across the construction, mining, and agriculture sectors, making the components that power these next-generation machines-from electric drive systems to advanced battery packs-a high-growth investment segment.\nDive Deeper into the Data-View the Full Report Here: https://www.futuremarketinsights.com/reports/off-highway-ev-component-market\nKey Market Dynamics and Growth Drivers\nThe rationale for this rapid expansion is anchored in several converging trends: a rising focus on sustainability and reducing the carbon footprint of heavy equipment; favorable government incentives and tax credits (as seen in the U.S. and China); and the compelling economic benefits of a lower Total Cost of Ownership (TCO) for electric and hybrid off-highway vehicles due to reduced fuel and maintenance costs.\nSegmental Leadership and Investment Hotspots\nThe market is currently segmented into several high-potential categories:\n• Component Type Dominance: In 2025, Battery Packs are the leading component segment, holding 27.4% of the market share, driven by crucial improvements in energy density and thermal management. However, the Electric Drive System Component segment is projected to show the highest growth rate, boasting an impressive CAGR of 15.8% from 2025 to 2035, underscoring the demand for robust power electronics and motors.\n• Propulsion Type Preference: The Hybrid segment leads the propulsion category with 55.6% of the market, offering a balanced approach that combines efficiency with operational reliability, a key requirement for demanding off-highway tasks.\n• Application-Specific Demand: The Earthmoving application segment is the largest, capturing 42.1% of the market and anticipated to expand at a CAGR of 14.8% by 2035. This growth is directly linked to the electrification of heavy-duty vehicles like excavators, bulldozers, and loaders used in global infrastructure and construction projects.\nCompetitive Landscape and Strategic Positioning\nThe off-highway EV component industry is highly competitive, featuring a mix of established heavy equipment manufacturers and specialized component suppliers. Key players are intensifying their focus on strategic partnerships and internal R&D to enhance the performance, efficiency, and durability of EV components.\nTop Key Players shaping the competitive landscape include industry giants such as: Caterpillar Inc., Komatsu Ltd., Volvo Construction Equipment, John Deere, Hitachi Construction Machinery Co., Ltd., Liebherr Group, and SANY Group, among others. Recent developments, such as Bosch Rexroth's introduction of high-voltage parts specifically for off-road mobile equipment in July 2025, illustrate the increasing specialization in the market.\nRegional Growth Engines\nGeographically, the market expansion is being driven by strong growth across key regions:\n• Asia-Pacific (APAC): With East Asia, led by China, projected to register a significant CAGR of 15.5%, the region is benefiting from proactive government support and massive expansion in its logistics and warehousing sectors, driving demand for electric material handling equipment.\n• North America: The United States is expected to grow at a CAGR of 14.6%, with growth anchored by stricter emissions regulations and the increasing adoption of electric machinery within the agriculture sector and for major infrastructure projects.\n• Europe: Led by Germany, which is supported by investments in robust charging infrastructure and advancements in battery technology for the mining industry, the European market is anticipated to maintain steady growth.\nDespite the positive outlook, challenges remain, notably the need for expanded charging and maintenance infrastructure in remote construction sites and continuous improvement in battery energy density for extended range and operational uptime. However, the overall trend confirms a decisive pivot toward electric powertrains, solidifying the off-highway EV component market as a prime area for investment and innovation over the next decade.\nFull Market Report available for delivery. For purchase or customization, please request here - https://www.futuremarketinsights.com/reports/sample/rep-gb-18030\nExplore FMI's related ongoing Coverage in Automotive Domain:\nIn-Vehicle Ethernet System Market https://www.futuremarketinsights.com/reports/in-vehicle-ethernet-system-market\nGasoline Turbochargers Market https://www.futuremarketinsights.com/reports/gasoline-turbochargers-market\nAutomotive Clean Cold Technology Market https://www.futuremarketinsights.com/reports/automotive-clean-cold-technology-market\nContact Us:\nFuture Market Insights Inc.\nChristiana Corporate, 200 Continental Drive,\nSuite 401, Newark, Delaware - 19713, USA\nT: +1-347-918-3531\nWebsite: https://www.futuremarketinsights.com\nAbout Future Market Insights (FMI)\nFuture Market Insights, Inc. (ESOMAR certified, recipient of the Stevie Award, and a member of the Greater New York Chamber of Commerce) offers profound insights into the driving factors that are boosting demand in the market. FMI stands as the leading global provider of market intelligence, advisory services, consulting, and events for the Packaging, Food and Beverage, Consumer Technology, Healthcare, Industrial, and Chemicals markets. With a vast team of over 400 analysts worldwide, FMI provides global, regional, and local expertise on diverse domains and industry trends across more than 110 countries\nThis release was published on openPR.",
    "highlightText": "",
    "highlightTitle": "",
    "highlightThreadTitle": "",
    "language": "english",
    "sentiment": "positive",
    "categories": [
        "Economy, Business and Finance",
        "Science and Technology",
        "Social Issue"
    ],
    "topics": [
        "Economy, Business and Finance->financial and economic news",
        "Economy, Business and Finance->business strategy and marketing",
        "Economy, Business and Finance->products and services",
        "Science and Technology->technology and engineering",
        "Science and Technology->scientific research"
    ],
    "ai_allow": true,
    "has_canonical": false,
    "breaking": null,
    "webz_reporter": false,
    "external_links": [
        "https://opr.li/com/893f5d54ad0cb21f477695f00b66d614/",
        "https://opr.li/com/2dbee5147ac981eea75c5730edde698b/",
        "https://opr.li/com/5886f81452beb68aac019dd01592fb93/",
        "https://www.futuremarketinsights.com/reports/automotive-clean-cold-technology-market",
        "https://opr.li/com/f92140f923804bf55acad22e7862a188/",
        "https://www.futuremarketinsights.com",
        "https://www.futuremarketinsights.com/reports/off-highway-ev-component-market",
        "https://www.futuremarketinsights.com/reports/in-vehicle-ethernet-system-market",
        "https://opr.li/com/ee002abc6730f6a34b1a2f2dc5d8ae6c/",
        "https://www.futuremarketinsights.com/reports/gasoline-turbochargers-market",
        "https://www.futuremarketinsights.com/reports/sample/rep-gb-18030",
        "https://opr.li/com/74f38ec86bc4fce4651b80f28e146dce/",
        "https://opr.li/com/2dbee5147ac981eea75c5730edde698b",
        "https://futuremarketinsights.com/reports/off-highway-ev-component-market",
        "https://futuremarketinsights.com/reports/in-vehicle-ethernet-system-market",
        "https://opr.li/com/74f38ec86bc4fce4651b80f28e146dce",
        "https://futuremarketinsights.com/reports/gasoline-turbochargers-market",
        "https://www.opr.li/com/893f5d54ad0cb21f477695f00b66d614/",
        "https://www.opr.li/com/2dbee5147ac981eea75c5730edde698b/",
        "https://futuremarketinsights.com/reports/sample/rep-gb-18030",
        "https://opr.li/com/893f5d54ad0cb21f477695f00b66d614",
        "https://opr.li/com/f92140f923804bf55acad22e7862a188",
        "https://www.opr.li/com/74f38ec86bc4fce4651b80f28e146dce/",
        "https://www.opr.li/com/5886f81452beb68aac019dd01592fb93/",
        "https://futuremarketinsights.com",
        "https://opr.li/com/ee002abc6730f6a34b1a2f2dc5d8ae6c",
        "https://futuremarketinsights.com/reports/automotive-clean-cold-technology-market",
        "https://opr.li/com/5886f81452beb68aac019dd01592fb93",
        "https://www.opr.li/com/f92140f923804bf55acad22e7862a188/",
        "https://www.opr.li/com/ee002abc6730f6a34b1a2f2dc5d8ae6c/"
    ],
    "external_images": [],
    "internal_images": [],
    "entities": {
        "persons": [],
        "locations": [],
        "organizations": []
    },
    "syndication": {
        "syndicated": false,
        "syndicate_id": null,
        "first_syndicated": false
    },
    "trust": {
        "categories": [],
        "top_news": [],
        "bias": null,
        "source": {
            "type": null,
            "city": null,
            "state": null,
            "country": null,
            "domain_type": null,
            "agency": null,
            "organization_name": null
        }
    },
    "rating": null,
    "crawled": "2025-10-02T09:00:28.339+03:00",
    "updated": "2025-10-02T09:14:37.000+03:00"
}