{
    "thread": {
        "uuid": "50182f33cd33d3a7d60788677816a01577e20b58",
        "url": "https://www.businesstimes.com.sg/international/asean/thailand-crypto-etf-push-expands-beyond-bitcoin-regulator-says",
        "site_full": "www.businesstimes.com.sg",
        "site": "businesstimes.com.sg",
        "site_section": "https://world.einnews.com/ajax/headlines",
        "site_categories": [
            "media",
            "financial_news",
            "finance"
        ],
        "section_title": "",
        "site_title": "The Business Times - Get the Latest Business &amp; Financial News",
        "title": "Thailand crypto ETF push expands beyond Bitcoin, regulator says",
        "title_full": "Thailand crypto ETF push expands beyond Bitcoin, regulator says",
        "published": "2025-10-02T08:14:00.000+03:00",
        "replies_count": 0,
        "participants_count": 0,
        "site_type": "news",
        "country": "SG",
        "main_image": "https://cassette.sphdigital.com.sg/image/businesstimes/616a6cc21fcd92389b40ecf2122a5ae50b97d946c33cc3c164aef3bc9e65a2f8?w=1200&amp;f=webp",
        "performance_score": 0,
        "domain_rank": 5489,
        "domain_rank_updated": "2025-09-29T00:00:00.000+03:00",
        "licensing_agency": [],
        "social": {
            "facebook": {
                "likes": 0,
                "comments": 0,
                "shares": 0
            },
            "vk": {
                "shares": 0
            }
        }
    },
    "uuid": "50182f33cd33d3a7d60788677816a01577e20b58",
    "url": "https://www.businesstimes.com.sg/international/asean/thailand-crypto-etf-push-expands-beyond-bitcoin-regulator-says",
    "ord_in_thread": 0,
    "author": null,
    "published": "2025-10-02T08:14:00.000+03:00",
    "title": "Thailand crypto ETF push expands beyond Bitcoin, regulator says",
    "text": "Thailand crypto ETF push expands beyond Bitcoin, regulator says\nLike other regional markets exploring this space, the move could attract younger participants, especially as the stock market remains down 7.6% this year\n[BANGKOK] Thailand is working to expand its domestic cryptocurrency exchange-traded fund (ETF) plans beyond Bitcoin to include other digital tokens, with the rollout expected early next year, according to the market regulator.\nThe Securities and Exchange Commission (SEC) and other agencies are drafting rules for new ETFs that would be offered by local mutual funds and institutions, Pornanong Budsaratragoon, the SEC’s secretary-general, said, elaborating on the plans announced earlier this year.\n“Our possibility now is to broaden the criteria for the crypto, such as a basket of cryptocurrencies,” she said on Wednesday (Oct 1). “We want to have a broader supply of those crypto assets in the ETFs.”\nThailand has been accelerating its push to become a regional crypto hub, rolling out policies to make tokenised products part of mainstream investment choices.\nLike other regional markets exploring this space, the move could attract younger participants, especially as the stock market remains down 7.6 per cent this year. These efforts would come with new risks, while the regulator seeks to upgrade its oversight powers.\nCurrently, Thai investors can gain crypto exposure by buying tokens directly or pouring money into funds managed by licensed asset management companies that invest only in overseas cryptocurrency ETFs. The new initiative would go beyond those limitations.\nA NEWSLETTER FOR YOU\nFriday, 8.30 am\nAsean Business\nBusiness insights centering on South-east Asia's fast-growing economies.\n“Some investors, especially young people, prefer to have exposure in cryptocurrencies in their portfolios as a way to diversify,” Pornanong said. “One of our main tasks is to facilitate” that demand.\nCrypto momentum has picked up across Thailand’s financial markets. Major players such as Binance Holdings and Kasikornbank are targeting growth in the sector. Former Prime Minister Thaksin Shinawatra, the de facto leader of the Pheu Thai Party that led the previous government, remains one of the country’s vocal crypto advocates.\nThe expansion of Thailand’s digital asset space coincides with the SEC’s push for a bill to broaden oversight powers. The proposal would allow the SEC to order companies to suspend major transactions if financial irregularities are found. It would also empower the agency to investigate market-impacting cases such as insider trading, rather than relying solely on limited police resources.\nThe bill has cleared the screening of the prime minister’s law-drafting body, and the SEC is in talks with the new government to accelerate parliamentary approval, she said.\n“Speedy enforcement against wrongdoers will definitely revive confidence in our oversight of the capital markets,” she added. BLOOMBERG\nShare with us your feedback on BT's products and services",
    "highlightText": "",
    "highlightTitle": "",
    "highlightThreadTitle": "",
    "language": "english",
    "sentiment": "positive",
    "categories": [
        "Economy, Business and Finance",
        "Science and Technology",
        "Social Issue"
    ],
    "topics": [
        "Economy, Business and Finance->investment and opinion pieces",
        "Economy, Business and Finance->financial and economic news",
        "Economy, Business and Finance->market and exchange",
        "Science and Technology->technology and engineering",
        "Science and Technology->social sciences",
        "Science and Technology->economics"
    ],
    "ai_allow": true,
    "has_canonical": false,
    "breaking": null,
    "webz_reporter": false,
    "external_links": [],
    "external_images": [],
    "internal_images": [],
    "entities": {
        "persons": [
            {
                "name": "Pornanong Budsaratragoon",
                "sentiment": "none"
            }
        ],
        "locations": [
            {
                "name": "Bitcoin",
                "sentiment": "none"
            }
        ],
        "organizations": [
            {
                "name": "Securities and Exchange Commission",
                "sentiment": "none",
                "tickers": [
                    {
                        "ticker": null,
                        "exchange": null
                    }
                ]
            }
        ]
    },
    "syndication": {
        "syndicated": false,
        "syndicate_id": null,
        "first_syndicated": false
    },
    "trust": {
        "categories": [],
        "top_news": [],
        "bias": null,
        "source": {
            "type": null,
            "city": null,
            "state": null,
            "country": null,
            "domain_type": null,
            "agency": null,
            "organization_name": null
        }
    },
    "rating": null,
    "crawled": "2025-10-02T09:48:57.777+03:00",
    "updated": "2025-10-02T09:55:06.000+03:00"
}