{
    "thread": {
        "uuid": "2beffd4dab6871efc5070f1be66d242e1e6208b3",
        "url": "https://www.ainvest.com/news/bitcoin-news-today-dual-fiscal-crises-drive-capital-crypto-shelters-2510/",
        "site_full": "www.ainvest.com",
        "site": "ainvest.com",
        "site_section": "http://www.ainvest.com",
        "site_categories": [],
        "section_title": "AInvest: AI Stock Analysis, Quotes &amp; News - Get Free Tools Now!",
        "site_title": "AInvest: AI Stock Analysis, Quotes &amp; News - Get Free Tools Now!",
        "title": "Bitcoin News Today: Dual Fiscal Crises Drive Capital to Crypto Shelters",
        "title_full": "Bitcoin News Today: Dual Fiscal Crises Drive Capital to Crypto Shelters",
        "published": "2025-10-02T09:05:00.000+03:00",
        "replies_count": 0,
        "participants_count": 1,
        "site_type": "news",
        "country": "US",
        "main_image": "https://cdn.ainvest.com/news/med-image/compress-1b63be3b7f8bc001.png",
        "performance_score": 0,
        "domain_rank": 15848,
        "domain_rank_updated": "2025-09-29T00:00:00.000+03:00",
        "licensing_agency": [],
        "social": {
            "facebook": {
                "likes": 0,
                "comments": 0,
                "shares": 0
            },
            "vk": {
                "shares": 0
            }
        }
    },
    "uuid": "2beffd4dab6871efc5070f1be66d242e1e6208b3",
    "url": "https://www.ainvest.com/news/bitcoin-news-today-dual-fiscal-crises-drive-capital-crypto-shelters-2510/",
    "ord_in_thread": 0,
    "author": "Coin World",
    "published": "2025-10-02T09:05:00.000+03:00",
    "title": "Bitcoin News Today: Dual Fiscal Crises Drive Capital to Crypto Shelters",
    "text": "Bitcoin News Today: Dual Fiscal Crises Drive Capital to Crypto Shelters\nCoin World\n- U.S. government shutdown and Japan's bond crisis drove capital to crypto markets as Bitcoin surged past $116,000 and Ethereum reclaimed $4,280.\n- Smaller-cap tokens like Solana and XRP saw intraday gains, reflecting risk-on sentiment amid traditional asset uncertainty.\n- Japan's 30-year bond yield hit 3.20% as insurers reported $60B in bond losses, yet crypto markets remained insulated from macroeconomic volatility.\n- Analysts anticipate accommodative central bank policies to counter fiscal tightening, with delayed U.S. data and Japan's policy shifts potentially boosting crypto adoption.\nCrypto markets demonstrated resilience in the face of the U.S. government shutdown and heightened stress in Japan's bond market, with digital assets attracting capital amid shifting macroeconomic dynamics. The shutdown, which delayed key economic data releases and fiscal policy clarity, prompted investors to seek alternative safe-haven assets.\nsurged past $116,000, rising nearly 3% in a 24-hour period, while reclaimed $4,280, reflecting broader gains across major cryptocurrencies. Smaller-cap tokens like and also saw significant intraday increases, underscoring a market-wide appetite for risk amid traditional asset class uncertainty .The U.S. government shutdown, while historically having limited direct economic impact, created a psychological shift in risk perception. Analysts noted that the event reinforced cryptocurrencies' role as a hedge against institutional uncertainty, with Bitcoin's price action aligning with its narrative as a decentralized alternative to traditional financial systems. The shutdown also disrupted economic reporting, creating an information vacuum that crypto markets appeared to fill, as trading volumes for Bitcoin and Ethereum rose, signaling a flight to liquidity .\nMeanwhile, Japan's bond market crisis deepened, with its 30-year government bond yield hitting a 3.20% record high. The surge in yields, driven by a reversal of decades-long ultra-easy monetary policy, led to a 45% decline in long-term bond values since 2019. Japanese life insurers reported unrealized losses on domestic bonds quadrupling to $60 billion in Q1 2025, highlighting systemic risks in the country's financial sector. These developments added to global macroeconomic volatility, yet crypto markets remained insulated, with Bitcoin trading near $118,700 and\nsurging 9% amid broader market optimism .The interplay between U.S. and Japanese macroeconomic conditions created a favorable backdrop for crypto adoption. Traders anticipated looser global liquidity conditions, with expectations growing for central banks to ease financial restrictions to counteract fiscal and monetary tightening. The U.S. Federal Reserve's potential rate cuts, though delayed by stubborn inflation and strong employment data, were viewed as a catalyst for risk-on sentiment. Analysts at BTSE noted that the combination of delayed U.S. payrolls data and Japan's policy shifts could force central banks to adopt more accommodative stances, further supporting crypto markets .\nDespite these tailwinds, volatility metrics indicated a mixed picture. While implied volatilities across equities, currencies, and crypto remained subdued, on-chain data showed increased activity. Bitcoin's wallet addresses holding over 1 BTC grew by 9.4%, suggesting growing institutional confidence. Ethereum's gas fees spiked to 25 Gwei, reflecting heightened network usage. However, dormant Bitcoin holders and long-term investors began offloading positions after Bitcoin's record high of $123,000, leading to $600 million in liquidations .\nLooking ahead, the coming weeks will test crypto markets' ability to sustain momentum. The U.S. government shutdown's resolution and Japan's bond market stability could either reinforce or undermine the current bullish narrative. Analysts at SignalPlus highlighted that lower realized volatilities, a flattening of geopolitical risks, and accommodative Fed policies were key drivers of the current market environment. If these factors persist, crypto markets may continue to decouple from traditional macroeconomic caution, but renewed pressures from Washington and Tokyo could introduce renewed volatility .\nComments\nNo comments yet",
    "highlightText": "",
    "highlightTitle": "",
    "highlightThreadTitle": "",
    "language": "english",
    "sentiment": "positive",
    "categories": [
        "Economy, Business and Finance",
        "Social Issue"
    ],
    "topics": [
        "Economy, Business and Finance->foreign exchange market",
        "Economy, Business and Finance->financial and economic news",
        "Social Issue->diversity, equity and inclusion",
        "Social Issue->social condition",
        "Social Issue->social problem"
    ],
    "ai_allow": true,
    "has_canonical": false,
    "breaking": null,
    "webz_reporter": false,
    "external_links": [],
    "external_images": [],
    "internal_images": [],
    "entities": {
        "persons": [
            {
                "name": "Solana",
                "sentiment": "none"
            }
        ],
        "locations": [],
        "organizations": []
    },
    "syndication": {
        "syndicated": false,
        "syndicate_id": null,
        "first_syndicated": false
    },
    "trust": {
        "categories": [],
        "top_news": [],
        "bias": null,
        "source": {
            "type": null,
            "city": null,
            "state": null,
            "country": null,
            "domain_type": null,
            "agency": null,
            "organization_name": null
        }
    },
    "rating": null,
    "crawled": "2025-10-02T10:14:43.634+03:00",
    "updated": "2025-10-02T10:18:30.000+03:00"
}