{
    "thread": {
        "uuid": "0e1a4b4970285930c17e845510c47b2a9fb1f4e2",
        "url": "https://www.tekedia.com/zoox-expands-to-washington-d-c-as-robotaxi-competition-heats-up/",
        "site_full": "www.tekedia.com",
        "site": "tekedia.com",
        "site_section": "https://tekedia.com",
        "site_categories": [
            "media"
        ],
        "section_title": "Home - Tekedia",
        "site_title": "Home - Tekedia",
        "title": "Zoox Expands to Washington D.C. as Robotaxi Competition Heats Up",
        "title_full": "Zoox Expands to Washington D.C. as Robotaxi Competition Heats Up",
        "published": "2025-10-02T05:46:00.000+03:00",
        "replies_count": 0,
        "participants_count": 1,
        "site_type": "news",
        "country": "NG",
        "main_image": "",
        "performance_score": 0,
        "domain_rank": 55950,
        "domain_rank_updated": "2025-09-29T00:00:00.000+03:00",
        "licensing_agency": [],
        "social": {
            "facebook": {
                "likes": 0,
                "comments": 0,
                "shares": 0
            },
            "vk": {
                "shares": 0
            }
        }
    },
    "uuid": "0e1a4b4970285930c17e845510c47b2a9fb1f4e2",
    "url": "https://www.tekedia.com/zoox-expands-to-washington-d-c-as-robotaxi-competition-heats-up/",
    "ord_in_thread": 0,
    "author": "Samuel Nwite",
    "published": "2025-10-02T05:46:00.000+03:00",
    "title": "Zoox Expands to Washington D.C. as Robotaxi Competition Heats Up",
    "text": "Amazon-owned Zoox is steering its autonomous vehicle ambitions to the nation’s capital, announcing Tuesday that it has begun mapping Washington D.C.’s streets in preparation for testing later this year.\nThe company said it will start with manually driven Toyota Highlanders equipped with sensors and proprietary software to build detailed maps of the city. Once the groundwork is complete, Zoox plans to transition to testing its autonomous vehicles with human safety operators behind the wheel.\n“With its growing population and high demand for flexible transport options, the District is an ideal next location and optimal place to begin testing and mapping our technology on the East Coast,” Zoox said in a blog post.\nRegister for Tekedia Mini-MBA edition 18 (Sep 15 – Dec 6, 2025): registration continues .\nJoin Tekedia Capital Syndicate and co-invest in great global startups.\nRegister for Tekedia AI Lab : From Technical Design to Deployment.\nThe push into Washington D.C. marks Zoox’s eighth U.S. test site, joining Austin, Atlanta, Los Angeles, Las Vegas, Miami, San Francisco, and Seattle. A spokesperson told TechCrunch the company will begin with a small fleet in the District, which will expand gradually over time.\nZoox has come a long way since its 2014 founding in Foster City, California. Backed by Amazon since 2020, it has scaled operations from Silicon Valley test tracks to hundreds of vehicles across multiple U.S. cities. At the heart of its ambitions is a custom-built robotaxi, designed without a steering wheel or pedals, that aims to redefine urban mobility. Earlier this year, the company launched a free robotaxi service in Las Vegas, its anchor market since 2019, and started testing the shuttles in San Francisco last November.\nStill, Zoox must clear regulatory hurdles before it can run a full-fledged commercial service. The National Highway Traffic Safety Administration granted the company an exemption in August to demonstrate its custom vehicles on public roads, though that approval only covers research and demonstrations. Zoox has since filed for a broader exemption that would pave the way for commercial rollout.\nThe Washington move comes at a time when the robotaxi market is heating up, with self-driving companies jockeying for leadership as the technology inches closer to mainstream adoption. Alphabet’s Waymo and General Motors’ Cruise have been at the forefront, running robotaxi services in parts of California. Waymo recently expanded its service zones in Los Angeles and Phoenix, while Cruise is navigating a turbulent stretch after regulatory scrutiny forced it to scale back in San Francisco. Tesla, meanwhile, has promised to unveil its long-delayed robotaxi in the coming year, positioning its approach as one built on mass deployment of existing vehicles rather than bespoke designs like Zoox’s.\nThe different strategies underscore the race to establish dominance. Waymo has leaned heavily on regulatory goodwill and incremental expansion, Cruise has pursued aggressive rollouts that at times backfired under safety concerns, and Tesla has staked its future on AI-driven autonomy built into its passenger cars. Zoox, by contrast, is betting that its purpose-built robotaxi will give it a unique edge once regulators greenlight full commercial operations.\nBy choosing Washington D.C., Zoox is not only entering a dense and highly visible urban environment but also signaling its readiness to compete coast-to-coast with rivals. But the bottom line is, cities are becoming equally important as the fight for control of the emerging robotaxi market is shaping up to be one of the defining contests in the transportation industry.",
    "highlightText": "",
    "highlightTitle": "",
    "highlightThreadTitle": "",
    "language": "english",
    "sentiment": "positive",
    "categories": [
        "Science and Technology",
        "Economy, Business and Finance",
        "Social Issue"
    ],
    "topics": [
        "Science and Technology->scientific innovation",
        "Science and Technology->technology and engineering",
        "Science and Technology->scientific research",
        "Economy, Business and Finance->transport",
        "Economy, Business and Finance->business strategy and marketing",
        "Economy, Business and Finance->financial and economic news",
        "Social Issue->social condition",
        "Social Issue->social networking"
    ],
    "ai_allow": true,
    "has_canonical": false,
    "breaking": null,
    "webz_reporter": false,
    "external_links": [],
    "external_images": [],
    "internal_images": [],
    "entities": {
        "persons": [],
        "locations": [
            {
                "name": "D.C.",
                "sentiment": "none"
            },
            {
                "name": "East Coast",
                "sentiment": "none"
            }
        ],
        "organizations": [
            {
                "name": "Tekedia Capital Syndicate",
                "sentiment": "none",
                "tickers": [
                    {
                        "ticker": null,
                        "exchange": null
                    }
                ]
            }
        ]
    },
    "syndication": {
        "syndicated": false,
        "syndicate_id": null,
        "first_syndicated": false
    },
    "trust": {
        "categories": [],
        "top_news": [],
        "bias": null,
        "source": {
            "type": null,
            "city": null,
            "state": null,
            "country": null,
            "domain_type": null,
            "agency": null,
            "organization_name": null
        }
    },
    "rating": null,
    "crawled": "2025-10-02T07:29:11.869+03:00",
    "updated": "2025-10-02T07:35:22.000+03:00"
}