{
    "thread": {
        "uuid": "fe8095814dd7abe5af4e72a0150f1be1bf0d49b4",
        "url": "https://economictimes.indiatimes.com/markets/digital-real-estate/realty-news/no-rate-change-no-emi-shock-rbis-move-to-keep-housing-demand-on-track/articleshow/124268989.cms",
        "site_full": "economictimes.indiatimes.com",
        "site": "indiatimes.com",
        "site_section": "https://economictimes.indiatimes.com/news/science",
        "site_categories": [
            "media",
            "top_news_nz",
            "top_news_au",
            "top_news_ae",
            "top_news_us",
            "top_news_gb",
            "top_news_th",
            "top_news_sa",
            "top_news_sg",
            "top_news_ph",
            "top_news_hk",
            "top_news_nl",
            "top_news_qa",
            "top_news_ie",
            "top_news_pk",
            "top_news_id",
            "top_news_dk",
            "top_news_eg",
            "top_news_za",
            "top_news_my",
            "top_news_kw",
            "top_news_be",
            "top_news_in",
            "top_news_ca",
            "top_news_iq",
            "top_news"
        ],
        "section_title": "Science News: Science News For Student, Space Exploration &amp; Latest Science Research | The Economic Times",
        "site_title": "Business News Live, Share Market News - Read Latest Finance News, IPO, Mutual Funds News",
        "title": "No rate change, no EMI shock: RBI's move to keep housing demand on track - The Economic Times",
        "title_full": "No rate change, no EMI shock: RBI's move to keep housing demand on track - The Economic Times",
        "published": "2025-10-02T07:01:00.000+03:00",
        "replies_count": 0,
        "participants_count": 1,
        "site_type": "news",
        "country": "IN",
        "main_image": "https://img.etimg.com/thumb/msid-124268986,width-1200,height-630,imgsize-16412,overlay-etmarkets/articleshow.jpg",
        "performance_score": 0,
        "domain_rank": 284,
        "domain_rank_updated": "2025-09-29T00:00:00.000+03:00",
        "licensing_agency": [],
        "social": {
            "facebook": {
                "likes": 0,
                "comments": 0,
                "shares": 0
            },
            "vk": {
                "shares": 0
            }
        }
    },
    "uuid": "fe8095814dd7abe5af4e72a0150f1be1bf0d49b4",
    "url": "https://economictimes.indiatimes.com/markets/digital-real-estate/realty-news/no-rate-change-no-emi-shock-rbis-move-to-keep-housing-demand-on-track/articleshow/124268989.cms",
    "ord_in_thread": 0,
    "author": "-",
    "published": "2025-10-02T07:01:00.000+03:00",
    "title": "No rate change, no EMI shock: RBI's move to keep housing demand on track - The Economic Times",
    "text": "The Reserve Bank of India’s decision to hold the repo rate unchanged at 5.5% in its October 2025 policy review has been welcomed by real estate leaders, who believe the move will support demand momentum during the festive season while ensuring stability for both homebuyers and developers.Industry experts noted that while the unchanged rates may not directly improve affordability, they provide much-needed stability in borrowing costs and confidence in home loan EMIs.Anuj Puri, Chairman of ANAROCK Group, said the move will help sustain buyer sentiment even if it does not immediately improve affordability.“The RBI’s decision to keep the repo rate unchanged at 5.5% maintains home loan EMIs at current levels, which helps sustain buyer sentiment but does not improve housing affordability. Existing home loan borrowers won’t see any immediate EMI changes, while new borrowers will find loan interest rates holding steady,” he explained.Backing his view with market data, Puri highlighted that residential sales in Q3 2025 across the top seven Indian cities fell 9% year-on-year to 97,080 units, but the overall sales value jumped 14% to ₹1.52 lakh crore, indicating demand is shifting towards premium and mid-segment homes.“The combination of stable interest rates and lower construction costs creates a favourable environment for housing demand, especially during the ongoing festive season,” he added.Manju Yagnik, Vice Chairperson of Nahar Group and Senior Vice President of NAREDCO Maharashtra, said the RBI’s stance sends the right signal of balancing growth with stability.“The RBI’s decision to hold the repo rate steady at 5.5%, after a cumulative 100 basis point cut earlier this year, signals a thoughtful balance between growth and stability. Predictable EMIs give buyers the confidence to act on long-awaited decisions, especially with the recent GST rationalisation improving affordability,” she said.Yagnik also highlighted the benefits for developers.“Developers benefit from clarity in financing, enabling timely project planning and execution. Despite global headwinds like US tariffs on Indian exports and rising visa costs, domestic housing demand remains resilient across affordable and premium segments,” she added, projecting a firm growth trajectory for the real estate sector in 2026.In Delhi-NCR, the RBI’s pause is being seen as a key enabler of sustained momentum. Sudeep Bhatt, Director of Strategy at Whiteland Corporation, noted that stability in rates boosts confidence for both buyers and developers.“The RBI’s decision to maintain the repo rate at 5.5% is a strong positive for the Delhi NCR housing market. Stable interest rates give buyers confidence and allow developers to plan and execute projects without concerns over rising borrowing costs, supporting a robust pipeline for new launches,” he said.Raghav Malhotra, Founder and Director of PRIME Developments, agreed that the unchanged rates will sustain festive season demand, particularly among first-time buyers.“The RBI’s decision will provide confidence in home loan EMIs, enhancing affordability for first-time buyers and fueling festive season demand. This is likely to drive project launches and completions, aligning with heightened Diwali demand. With stable inflation, GDP, and repo rate, consumer confidence remains positive,” he observed.Adding a broader industry perspective, Rohit Kishore, CEO of Hero Realty, said the policy move brings reassurance for the entire sector.“Keeping the repo rate unchanged at 5.5% is steady and reassuring for the real estate sector. Stable borrowing costs benefit both homebuyers and developers. Buyers enjoy continued lower EMIs and easier access to loans, while developers can manage costs and complete projects on time,” he said.Kishore further noted that the luxury housing segment in metros is expected to remain strong.“Stable rates and recent liquidity support from the central bank help developers manage project costs, push new launches, and maintain robust housing supply. The continuation of favourable credit conditions and the steady pace of earlier rate cuts also support affordability, particularly in the mid- and affordable housing segments,” he added.Outlook With festive sentiment, stable borrowing costs, GST rationalisation, and easing input prices, the industry expects housing demand, particularly in premium and mid-segment homes, to remain resilient through the remainder of 2025, setting a strong base for 2026.(Disclaimer: Recommendations, suggestions, views, and opinions given by experts are their own. These do not represent the views of The Economic Times)",
    "highlightText": "",
    "highlightTitle": "",
    "highlightThreadTitle": "",
    "language": "english",
    "sentiment": "positive",
    "categories": [
        "Economy, Business and Finance",
        "Politics",
        "Social Issue"
    ],
    "topics": [
        "Economy, Business and Finance->financial and economic news",
        "Economy, Business and Finance->economy",
        "Politics->economic policy",
        "Social Issue->public housing",
        "Social Issue->social services",
        "Social Issue->social condition"
    ],
    "ai_allow": true,
    "has_canonical": true,
    "breaking": null,
    "webz_reporter": false,
    "external_links": [],
    "external_images": [],
    "internal_images": [],
    "entities": {
        "persons": [
            {
                "name": "Puri",
                "sentiment": "none"
            }
        ],
        "locations": [],
        "organizations": [
            {
                "name": "Reserve Bank of India",
                "sentiment": "neutral",
                "tickers": [
                    {
                        "ticker": null,
                        "exchange": null
                    }
                ]
            },
            {
                "name": "ANAROCK Group",
                "sentiment": "none",
                "tickers": [
                    {
                        "ticker": null,
                        "exchange": null
                    }
                ]
            }
        ]
    },
    "syndication": {
        "syndicated": false,
        "syndicate_id": null,
        "first_syndicated": false
    },
    "trust": {
        "categories": null,
        "top_news": [
            "top_news_nz",
            "top_news_au",
            "top_news_ae",
            "top_news_us",
            "top_news_gb",
            "top_news_th",
            "top_news_sa",
            "top_news_sg",
            "top_news_ph",
            "top_news_hk",
            "top_news_nl",
            "top_news_qa",
            "top_news_ie",
            "top_news_pk",
            "top_news_id",
            "top_news_dk",
            "top_news_eg",
            "top_news_za",
            "top_news_my",
            "top_news_kw",
            "top_news_be",
            "top_news_in",
            "top_news_ca",
            "top_news_iq",
            "top_news"
        ],
        "bias": "center",
        "source": {
            "type": null,
            "city": null,
            "state": null,
            "country": null,
            "domain_type": null,
            "agency": null,
            "organization_name": null
        }
    },
    "rating": null,
    "crawled": "2025-10-02T08:23:54.502+03:00",
    "updated": "2025-10-02T08:35:21.000+03:00"
}