{
    "thread": {
        "uuid": "a8aab612bd65d19e5d3b41736fddad8b033bfbe8",
        "url": "https://www.kyivpost.com/post/61280",
        "site_full": "www.kyivpost.com",
        "site": "kyivpost.com",
        "site_section": "https://news.google.com/search?q=by%20when%3A1h&hl=en-US&gl=US&ceid=US%3Aen",
        "site_categories": [
            "media"
        ],
        "section_title": "Google News - Search",
        "site_title": "Get the Latest Ukraine News Today - KyivPost",
        "title": "Ukraine Receives Seventh Tranche of EU Loan Backed by Russian Assets",
        "title_full": "Ukraine Receives Seventh Tranche of EU Loan Backed by Russian Assets",
        "published": "2025-10-02T08:04:00.000+03:00",
        "replies_count": 0,
        "participants_count": 1,
        "site_type": "news",
        "country": "US",
        "main_image": "https://static.kyivpost.com/storage/2025/10/02/a36638340849eae6f4904117720892ad.jpg?w=1200&amp;q=90&amp;f=jpg",
        "performance_score": 0,
        "domain_rank": 5989,
        "domain_rank_updated": "2025-09-29T00:00:00.000+03:00",
        "licensing_agency": [],
        "social": {
            "facebook": {
                "likes": 0,
                "comments": 0,
                "shares": 0
            },
            "vk": {
                "shares": 0
            }
        }
    },
    "uuid": "a8aab612bd65d19e5d3b41736fddad8b033bfbe8",
    "url": "https://www.kyivpost.com/post/61280",
    "ord_in_thread": 0,
    "author": "Olena Hrazhdan",
    "published": "2025-10-02T08:04:00.000+03:00",
    "title": "Ukraine Receives Seventh Tranche of EU Loan Backed by Russian Assets",
    "text": "Ukraine has received another €4bn ($4.7bn) as a seventh tranche from the EU under the G7-backed Extraordinary Revenue Acceleration (ERA) initiative, Ukraine’s Prime Minister Yulia Svyrydenko reported on Oct. 1.\nIt is another payment to Ukraine through the ERA, financed by interest income from Russian assets frozen following the country’s full-scale invasion of Ukraine. Ukraine still aims to obtain the principal €210bn ($227bn ) in immobilized Russian central bank assets.\nJOIN US ON TELEGRAM\nFollow our coverage of the war on the @Kyivpost_official.\nThe timing is symbolic: the transfer arrived on Ukraine’s Defenders Day.\n“The tranche is secured by the proceeds from the frozen assets of the Central Bank of Russia in the European Union and is for us an important signal about the determination of Europe to strengthen the defense capability of Ukraine and to provide long-term support”, Svyrydenko wrote on Telegram.\nThe EU’s total contribution under ERA is €18.1bn ($20bn). Under the program, G7 countries agreed to deliver up to $50bn in support to Ukraine through 2025.\nThe Ministry of Finance of Ukraine reported that the EU has already disbursed €14bn ($16.38bn) within the ERA loan.\n“The remaining funds are expected to be received by Ukraine from the EU by the end of 2025”, the Ministry of Finance wrote in a separate press release.\n“Since February 2022, the EU has been the largest provider of direct budgetary support to Ukraine – €62.5bn ($73.1bn). The ERA funds have become an important tool to meet budgetary needs in 2025. I am grateful to the European Commission for understanding Ukraine’s needs and for its proactive stance on this matter. The issue of further use of frozen Russian assets for Ukraine’s needs remains on the agenda in meetings with European colleagues,” the press release said, quoting Minister of Finance Serhiy Marchenko.\nShutdown Standoff: Ukraine Support Intact For Now, as White House Embraces Political Fight\nThe ERA initiative is designed to repurpose profits generated from approximately €210 billion ($237 billion) in immobilized Russian central bank assets, most of which are held within the EU.\nIts key aim is to make Russia pay for its full-scale invasion of Ukraine.\n“In 2024–2025, G7 countries and the EU have already provided nearly $28bn in financing to Ukraine under the ERA”, the Finance Ministry wrote.\nMeanwhile, the EU is considering a new plan to provide loans to Ukraine using Russia’s frozen central bank assets, referred to as “reparation loans.”\nUnder the proposal, Russia would keep its legal claim on the funds, which would be converted into bonds. Ukraine would receive loans that might not need repayment if Russia fails to cover war damage, according to sources cited by Bloomberg.\nThe EU’s proposed “reparation” loan to help Ukraine fund its war effort by drawing on the value of frozen Russian assets could reportedly be as much as €130 billion euros ($153 billion).\nYou can also highlight the text and press Ctrl + Enter",
    "highlightText": "",
    "highlightTitle": "",
    "highlightThreadTitle": "",
    "language": "english",
    "sentiment": "positive",
    "categories": [
        "Economy, Business and Finance"
    ],
    "topics": [
        "Economy, Business and Finance->foreign exchange market",
        "Economy, Business and Finance->financial and economic news",
        "Economy, Business and Finance->business financing"
    ],
    "ai_allow": true,
    "has_canonical": false,
    "breaking": null,
    "webz_reporter": false,
    "external_links": [
        "https://t.me/svyrydenkoy/601",
        "https://mof.gov.ua/en/news/4_billion_has_been_directed_to_the_state_budget_from_the_eu_backed_by_frozen_russian_assets-5345",
        "https://t.me/Kyivpost_official",
        "https://www.t.me/svyrydenkoy/601",
        "https://www.mof.gov.ua/en/news/4_billion_has_been_directed_to_the_state_budget_from_the_eu_backed_by_frozen_russian_assets-5345",
        "https://www.t.me/Kyivpost_official"
    ],
    "external_images": [],
    "internal_images": [],
    "entities": {
        "persons": [
            {
                "name": "Yulia Svyrydenko",
                "sentiment": "none"
            }
        ],
        "locations": [
            {
                "name": "Europe",
                "sentiment": "none"
            }
        ],
        "organizations": []
    },
    "syndication": {
        "syndicated": false,
        "syndicate_id": null,
        "first_syndicated": false
    },
    "trust": {
        "categories": null,
        "top_news": [],
        "bias": "center",
        "source": {
            "type": null,
            "city": null,
            "state": null,
            "country": null,
            "domain_type": null,
            "agency": null,
            "organization_name": null
        }
    },
    "rating": null,
    "crawled": "2025-10-02T09:22:42.063+03:00",
    "updated": "2025-10-02T09:30:12.000+03:00"
}