{
    "thread": {
        "uuid": "38bbbf220e9846512c5cda0d48cd4af88a94ccb2",
        "url": "https://www.theborneopost.com/2025/10/02/world-bank-sarawak-shows-bold-leadership-in-financial-state-owned-enterprise-reforms/",
        "site_full": "www.theborneopost.com",
        "site": "theborneopost.com",
        "site_section": "https://www.theborneopost.com",
        "site_categories": [
            "media",
            "top_news_my",
            "top_news"
        ],
        "section_title": "Borneo Post Online | Largest English Daily In Borneo",
        "site_title": "Borneo Post Online | Largest English Daily In Borneo",
        "title": "World Bank: Sarawak shows bold leadership in financial, state-owned enterprise reforms",
        "title_full": "World Bank: Sarawak shows bold leadership in financial, state-owned enterprise reforms",
        "published": "2025-10-02T09:32:00.000+03:00",
        "replies_count": 0,
        "participants_count": 1,
        "site_type": "news",
        "country": "MY",
        "main_image": "https://www.theborneopost.com/newsimages/2024/08/IMG_9506.jpg",
        "performance_score": 0,
        "domain_rank": 27115,
        "domain_rank_updated": "2025-09-29T00:00:00.000+03:00",
        "licensing_agency": [],
        "social": {
            "facebook": {
                "likes": 0,
                "comments": 0,
                "shares": 0
            },
            "vk": {
                "shares": 0
            }
        }
    },
    "uuid": "38bbbf220e9846512c5cda0d48cd4af88a94ccb2",
    "url": "https://www.theborneopost.com/2025/10/02/world-bank-sarawak-shows-bold-leadership-in-financial-state-owned-enterprise-reforms/",
    "ord_in_thread": 0,
    "author": "BP 3",
    "published": "2025-10-02T09:32:00.000+03:00",
    "title": "World Bank: Sarawak shows bold leadership in financial, state-owned enterprise reforms",
    "text": "KUCHING (Oct 2): Sarawak is demonstrating bold leadership in reforming State-Owned Enterprises (SOEs) as well as strengthening public financial management and economic governance by signing an agreement with the World Bank, said Zafer Mustafaoğlu.\nThe World Bank Division Director for the Philippines, Malaysia and Brunei said they take pride in supporting Sarawak with global expertise and proven best practices.\n“As having achieved high-income status at state level, these additional reforms are critical to sustaining inclusive growth, enhancing accountability and ensuring that prosperity is broadly shared among Sarawakians,” he said in a statement.\nThe statement was issued in conjunction with the signing of Reimbursable Advisory Services (RAS) Agreement between the Ministry of Finance Malaysia, the Sarawak Government and the World Bank, witnessed by Premier Datuk Patinggi Tan Sri Abang Johari Tun Openg today.\nAccording to the World Bank, this three-year partnership aims to strengthen public resource management by improving SOE governance and aligning budget resources with key policy priorities.\nIt said key initiatives include the development of a new State Ownership Policy and the Sarawak Corporate Governance Code for SOEs, as well as the rollout of results-based budgeting across the Sarawak government.\nThese efforts will ensure more effective, transparent and accountable management of public resources, the World Bank noted.\n“These reforms will deliver tangible benefits for Sarawakians. By transforming financial management and safeguarding revenues, Sarawak is ensuring today’s prosperity will translate into sustainable growth and opportunities for future generations, including higher quality jobs.\n“At the same time, stronger SOEs and better economic governance will enable Sarawak to channel resources into inclusive development, from rural connectivity to education and skill, so that all Sarawakians can share in the state’s growth,” it said.\nAccording to the World Bank, this agreement builds on the close collaboration between Sarawak and the World Bank since 2022, with a series of analytical studies on SOEs.\n“The World Bank continues to provide Sarawak with targeted technical implementation of results-based budgeting (RBB) and has grown into a strategic expertise, institutional capacity-building and advisory support to drive SOE reforms, strengthen public financial management and embed RBB as a cornerstone of the state’s governance framework,” it added.",
    "highlightText": "",
    "highlightTitle": "",
    "highlightThreadTitle": "",
    "language": "english",
    "sentiment": "positive",
    "categories": [
        "Economy, Business and Finance"
    ],
    "topics": [
        "Economy, Business and Finance->financial and economic news",
        "Economy, Business and Finance->business governance"
    ],
    "ai_allow": true,
    "has_canonical": false,
    "breaking": null,
    "webz_reporter": false,
    "external_links": [],
    "external_images": [],
    "internal_images": [],
    "entities": {
        "persons": [
            {
                "name": "Datuk Patinggi Tan Sri Abang Johari Tun Openg",
                "sentiment": "none"
            },
            {
                "name": "Zafer Mustafaoğlu",
                "sentiment": "none"
            }
        ],
        "locations": [
            {
                "name": "Sarawak",
                "sentiment": "none"
            }
        ],
        "organizations": [
            {
                "name": "Reimbursable Advisory Services",
                "sentiment": "none",
                "tickers": []
            },
            {
                "name": "World Bank",
                "sentiment": "none",
                "tickers": [
                    {
                        "ticker": null,
                        "exchange": null
                    }
                ]
            }
        ]
    },
    "syndication": {
        "syndicated": false,
        "syndicate_id": null,
        "first_syndicated": false
    },
    "trust": {
        "categories": [],
        "top_news": [
            "top_news_my",
            "top_news"
        ],
        "bias": null,
        "source": {
            "type": null,
            "city": null,
            "state": null,
            "country": null,
            "domain_type": null,
            "agency": null,
            "organization_name": null
        }
    },
    "rating": null,
    "crawled": "2025-10-02T10:47:58.953+03:00",
    "updated": "2025-10-02T10:55:17.000+03:00"
}