{
    "thread": {
        "uuid": "a0e6a4c01fc7a425aaccf01e7fcc8cacf5c9ca14",
        "url": "https://www.morningstar.com/news/dow-jones/2025100110044/dow-jones-top-markets-headlines-at-11-pm-et-drug-stock-rally-helps-push-dow-and-sp-500-to-records-government",
        "site_full": "www.morningstar.com",
        "site": "morningstar.com",
        "site_section": "https://www.morningstar.com/news/dow-jones",
        "site_categories": [
            "investing",
            "financial_news",
            "finance"
        ],
        "section_title": "Market News – Dow Jones | Morningstar",
        "site_title": "Morningstar | Empowering Investor Success",
        "title": "Dow Jones Top Markets Headlines at 11 PM ET: Drug Stock Rally Helps Push Dow and S&P 500 to Records | Government ... | Morningstar",
        "title_full": "Dow Jones Top Markets Headlines at 11 PM ET: Drug Stock Rally Helps Push Dow and S&P 500 to Records | Government ... | Morningstar",
        "published": "2025-10-02T06:15:00.000+03:00",
        "replies_count": 0,
        "participants_count": 0,
        "site_type": "news",
        "country": "US",
        "main_image": "https://images.contentstack.io/v3/assets/blt4eb669caa7dc65b2/blta7dd42ebdd7b93b8/61899b34a3c7df383578294c/morningstar-og.png",
        "performance_score": 0,
        "domain_rank": 1332,
        "domain_rank_updated": "2025-09-29T00:00:00.000+03:00",
        "licensing_agency": [],
        "social": {
            "facebook": {
                "likes": 0,
                "comments": 0,
                "shares": 0
            },
            "vk": {
                "shares": 0
            }
        }
    },
    "uuid": "a0e6a4c01fc7a425aaccf01e7fcc8cacf5c9ca14",
    "url": "https://www.morningstar.com/news/dow-jones/2025100110044/dow-jones-top-markets-headlines-at-11-pm-et-drug-stock-rally-helps-push-dow-and-sp-500-to-records-government",
    "ord_in_thread": 0,
    "author": null,
    "published": "2025-10-02T06:15:00.000+03:00",
    "title": "Dow Jones Top Markets Headlines at 11 PM ET: Drug Stock Rally Helps Push Dow and S&P 500 to Records | Government ... | Morningstar",
    "text": "Dow Jones Top Markets Headlines at 11 PM ET: Drug Stock Rally Helps Push Dow and S&P 500 to Records | Government ...\nDrug Stock Rally Helps Push Dow and S&P 500 to Records\nInvestors look past the shutdown, but might shift focus soon to missing data.\n----\nGovernment Shutdown Begins as Funding Lapses\nSome federal services will be halted during a funding lapse that could have far-reaching ramifications.\n----\nThe Supreme Court Just Became the Last Line of Defense for Fed Independence\nThe court kept Lisa Cook in her job until it could hear her case. Other institutions had provided little pushback to the unprecedented removal attempt.\n----\nCrypto Stockpiling Craze Cools After Red-Hot Summer\nCompanies that pivoted to a crypto-buying strategy have slowed their purchases in recent months. Many have seen their shares drop, too.\n----\nThe Shutdown Has Created a Data Desert. Wall Street Waits for Bank Earnings to Fill in the Gaps.\nWall Street may have to wait for bank earnings to get the latest read on the economy.\n----\nWhat Does the Shutdown Mean for Venture Capital and Startups?\nStalled IPO plans, delayed payments and other potential effects of the federal spending standoff\n----\nStocks and bitcoin are running on fumes and FOMO - but here's how the market can steer clear of a selloff\nTrader Jeffrey Bierman says the market can stabilize if fund managers diversify into unloved, cheap sectors\n----\nSouth Korea's Inflation Rebounds in September\nThe reading is is unlikely to prompt any material change in the central bank's easing policy stance.\n----\nLender Clash Over First Brands Collateral Spotlights Off-Balance Sheet Risks\nLenders begin trying to untangle competing claims on inventory, equipment and other assets.\n----\nThe Incredibly Shrinking Pool of Publicly Traded Companies\nIPOs are back in style this year. But despite some high-profile debuts, more companies are holding off on going public or are getting taken private.\n----\nTrump to Ask China to Buy Soybeans. Why It's a Hard Sell.\nFarmers are taking a variety of hits from the administration's policies.\n----\nU.S. Lost 32,000 Jobs in September, Says Payroll Processor\nThe ADP private-sector jobs report showed a labor force that continues to deteriorate.\n----\nTrump Keeps Blurring the Line Between Capitalism and Socialism\nThe president's plans on drug pricing echo themes of Zohran Mamdani, democratic socialist running for mayor of New York.\n----\nU.S. Crude Oil Inventories Climb While Production Slips\nU.S. inventories of crude oil grew by 1.8 million barrels from last week, well more than expected by analysts surveyed by The Wall Street Journal.\n(END) Dow Jones Newswires\nOctober 01, 2025 23:15 ET (03:15 GMT)\nCopyright (c) 2025 Dow Jones & Company, Inc.The articles, information, and content displayed on this webpage may include materials prepared and provided by third parties. Such third-party content is offered for informational purposes only and is not endorsed, reviewed, or verified by Morningstar.\nMorningstar makes no representations or warranties regarding the accuracy, completeness, timeliness, or reliability of any third-party content displayed on this site. The views and opinions expressed in third-party content are those of the respective authors and do not necessarily reflect the views of Morningstar, its affiliates, or employees.\nMorningstar is not responsible for any errors, omissions, or delays in this content, nor for any actions taken in reliance thereon. Users are advised to exercise their own judgment and seek independent financial advice before making any decisions based on such content. The third-party providers of this content are not affiliated with Morningstar, and their inclusion on this site does not imply any form of partnership, agency, or endorsement.",
    "highlightText": "",
    "highlightTitle": "",
    "highlightThreadTitle": "",
    "language": "english",
    "sentiment": "positive",
    "categories": [
        "Economy, Business and Finance"
    ],
    "topics": [
        "Economy, Business and Finance->financial and economic news",
        "Economy, Business and Finance->business reporting and performance",
        "Economy, Business and Finance->market and exchange"
    ],
    "ai_allow": true,
    "has_canonical": false,
    "breaking": null,
    "webz_reporter": false,
    "external_links": [],
    "external_images": [],
    "internal_images": [],
    "entities": {
        "persons": [
            {
                "name": "Lisa Cook",
                "sentiment": "none"
            }
        ],
        "locations": [],
        "organizations": [
            {
                "name": "S&P",
                "sentiment": "negative",
                "tickers": [
                    {
                        "ticker": null,
                        "exchange": null
                    }
                ]
            }
        ]
    },
    "syndication": {
        "syndicated": false,
        "syndicate_id": null,
        "first_syndicated": false
    },
    "trust": {
        "categories": [],
        "top_news": [],
        "bias": null,
        "source": {
            "type": null,
            "city": null,
            "state": null,
            "country": null,
            "domain_type": null,
            "agency": null,
            "organization_name": null
        }
    },
    "rating": null,
    "crawled": "2025-10-02T07:48:48.058+03:00",
    "updated": "2025-10-02T07:51:47.000+03:00"
}