{
    "thread": {
        "uuid": "2c03463884f203ead736de8fc56be4415c4db0f8",
        "url": "https://www.fbcnews.com.fj/news/standing-committee-chair-lauds-fbcs-self-sustainability-focus/",
        "site_full": "www.fbcnews.com.fj",
        "site": "fbcnews.com.fj",
        "site_section": "https://www.fbcnews.com.fj/sports/rugby/neihamu-stars-as-fijiana-make-historic-win",
        "site_categories": [
            "sports"
        ],
        "section_title": "Neihamu stars as Fijiana make historic win &#8211; FBC News",
        "site_title": "FBC News &#8211; Latest Fiji News, Sports, and Weather.  Keeping Fijians Connected.",
        "title": "Standing Committee chair lauds FBC's self-sustainability focus - FBC News",
        "title_full": "Standing Committee chair lauds FBC's self-sustainability focus - FBC News",
        "published": "2025-10-02T03:00:00.000+03:00",
        "replies_count": 0,
        "participants_count": 1,
        "site_type": "news",
        "country": "FJ",
        "main_image": "https://www.fbcnews.com.fj/wp-content/uploads/2025/10/sakiasi-tubuna.png",
        "performance_score": 0,
        "domain_rank": 78886,
        "domain_rank_updated": "2025-09-29T00:00:00.000+03:00",
        "licensing_agency": [],
        "social": {
            "facebook": {
                "likes": 0,
                "comments": 0,
                "shares": 0
            },
            "vk": {
                "shares": 0
            }
        }
    },
    "uuid": "2c03463884f203ead736de8fc56be4415c4db0f8",
    "url": "https://www.fbcnews.com.fj/news/standing-committee-chair-lauds-fbcs-self-sustainability-focus/",
    "ord_in_thread": 0,
    "author": "Felix Chaudhary Acting General Manager News",
    "published": "2025-10-02T03:00:00.000+03:00",
    "title": "Standing Committee chair lauds FBC's self-sustainability focus - FBC News",
    "text": "Standing Committee on Economic Affairs chair Sakiusa Tubuna [Source: Parliament of the Republic of Fiji / Facebook]\nStanding Committee on Economic Affairs chair Sakiusa Tubuna said despite being Government-owned, the Fijian Broadcasting Corporation Pte Limited used a commercial approach to self-sustain its operational costs.\nHe said this while presenting the Consolidated Review Report on the 2018, 2019, 2020, 2021and 2022 Fijian Broadcasting Corporation Limited Annual Reports in Parliament yesterday.\nTubuna said the primary objective of FBC TV’s public service broadcasting was to promote local talent and produce diverse local content, offering a wide range of programming options to the public.\n“While FBC faces competition from other commercial entities, it has successfully maintained a strong market position through its hybrid programmes with an emphasis on local content. This approach has enabled FBC to retain loyal listeners and viewers across urban, rural and maritime areas. Notably, FBC operates the only AM radio service in Fiji, which has the technological reach to cover the entire country.”\nHowever, Tubuna said FBC faced challenges such as loss of potential market share due to strong competition from other commercial operators, which could impact advertising revenue.\n“To remain competitive, FBC must continually seek innovative ways to create programmes that not only captivate and expand its viewership and listenership but also generate new revenue streams.”\nTubuna also highlighted that FBC operated six radio stations catering to Fiji’s three major languages – iTaukei, Hindustani and English.\nHe said the stations included Radio Fiji One and Bula FM (iTaukei), Radio Fiji Two and Mirchi FM (Hindustani) and Gold FM & 2Day FM (English).\nTubuna also said FBC operated a television station, FBCTV and had an in-house production unit called Studio 69.\nStream the best of Fiji on VITI+. Anytime. Anywhere.",
    "highlightText": "",
    "highlightTitle": "",
    "highlightThreadTitle": "",
    "language": "english",
    "sentiment": "positive",
    "categories": [
        "Economy, Business and Finance",
        "Politics",
        "Social Issue"
    ],
    "topics": [
        "Economy, Business and Finance->financial and economic news",
        "Economy, Business and Finance->economy",
        "Economy, Business and Finance->business governance",
        "Politics->political process",
        "Politics->economic policy",
        "Politics->government",
        "Social Issue->communities",
        "Social Issue->social services"
    ],
    "ai_allow": true,
    "has_canonical": false,
    "breaking": null,
    "webz_reporter": false,
    "external_links": [
        "https://www.viti.plus/",
        "https://www.viti.plus",
        "https://viti.plus/"
    ],
    "external_images": [],
    "internal_images": [],
    "entities": {
        "persons": [
            {
                "name": "Sakiusa Tubuna",
                "sentiment": "none"
            }
        ],
        "locations": [],
        "organizations": [
            {
                "name": "Standing Committee on Economic Affairs",
                "sentiment": "negative",
                "tickers": []
            },
            {
                "name": "FBC",
                "sentiment": "neutral",
                "tickers": []
            },
            {
                "name": "Fijian Broadcasting Corporation Pte Limited",
                "sentiment": "none",
                "tickers": []
            }
        ]
    },
    "syndication": {
        "syndicated": false,
        "syndicate_id": null,
        "first_syndicated": false
    },
    "trust": {
        "categories": [],
        "top_news": [],
        "bias": null,
        "source": {
            "type": null,
            "city": null,
            "state": null,
            "country": null,
            "domain_type": null,
            "agency": null,
            "organization_name": null
        }
    },
    "rating": null,
    "crawled": "2025-10-02T07:58:06.970+03:00",
    "updated": "2025-10-02T08:07:01.000+03:00"
}