{
    "thread": {
        "uuid": "950376b26e6860275cd6b7f4b7b9f7c7b0325315",
        "url": "https://www.defenseworld.net/2025/09/04/group-eleven-resources-cvezng-shares-down-4-5-should-you-sell.html",
        "site_full": "www.defenseworld.net",
        "site": "defenseworld.net",
        "site_section": "https://news.google.com/search?q=should%20when%3A1h&hl=en-US&gl=US&ceid=US%3Aen",
        "site_categories": [
            "media"
        ],
        "section_title": "Google News - Search",
        "site_title": "Defense World",
        "title": "Group Eleven Resources (CVE:ZNG) Shares Down 4.5% - Should You Sell? - Defense World",
        "title_full": "Group Eleven Resources (CVE:ZNG) Shares Down 4.5% - Should You Sell? - Defense World",
        "published": "2025-09-04T09:01:00.000+03:00",
        "replies_count": 0,
        "participants_count": 1,
        "site_type": "news",
        "country": "US",
        "main_image": "https://www.americanbankingnews.com/wp-content/timthumb/timthumb.php?src=https://www.marketbeat.com/logos/group-eleven-resources-corp-logo-1200x675.jpg?v=20211222091828&amp;w=240&amp;h=240&amp;zc=2",
        "performance_score": 0,
        "domain_rank": 38342,
        "domain_rank_updated": "2025-06-03T00:00:00.000+03:00",
        "licensing_agency": [],
        "social": {
            "facebook": {
                "likes": 0,
                "comments": 0,
                "shares": 0
            },
            "vk": {
                "shares": 0
            }
        }
    },
    "uuid": "950376b26e6860275cd6b7f4b7b9f7c7b0325315",
    "url": "https://www.defenseworld.net/2025/09/04/group-eleven-resources-cvezng-shares-down-4-5-should-you-sell.html",
    "ord_in_thread": 0,
    "author": "Defense World Staff",
    "published": "2025-09-04T09:01:00.000+03:00",
    "title": "Group Eleven Resources (CVE:ZNG) Shares Down 4.5% - Should You Sell? - Defense World",
    "text": "Shares of Group Eleven Resources Corp. ( CVE:ZNG – Get Free Report ) fell 4.5% during mid-day trading on Wednesday . The stock traded as low as C$0.31 and last traded at C$0.32. 276,499 shares were traded during trading, an increase of 73% from the average session volume of 159,584 shares. The stock had previously closed at C$0.34. The stock has a 50-day simple moving average of C$0.34 and a 200 day simple moving average of C$0.27. The company has a market cap of C$82.46 million, a PE ratio of -10.67 and a beta of 2.25. The company has a quick ratio of 2.73, a current ratio of 6.66 and a debt-to-equity ratio of 0.43. ( Get Free Report ) Group Eleven Resources Corp. engages in the acquisition, exploration, and evaluation of mineral properties in Ireland. The company primarily explores for zinc, lead, and silver deposits. It owns 100% interest in the Silvermines project comprising two prospecting licenses (PLs) covering an area of 43.0 square kilometers located in the northern County Tipperary; the PG West project that consists of 22 PLs covering an area of 650 square kilometers located in the Limerick region.",
    "highlightText": "",
    "highlightTitle": "",
    "highlightThreadTitle": "",
    "language": "english",
    "sentiment": "negative",
    "categories": [
        "Economy, Business and Finance"
    ],
    "topics": [
        "Economy, Business and Finance->financial and economic news",
        "Economy, Business and Finance->market and exchange"
    ],
    "ai_allow": true,
    "has_canonical": false,
    "breaking": true,
    "webz_reporter": false,
    "external_links": [
        "https://www.marketbeat.com/arnreports/ReportTickerOptin.aspx?RegistrationCode=TickerHyperlink&Prefix=CVE&Symbol=ZNG",
        "https://www.marketbeat.com/stocks/CVE/ZNG/",
        "https://www.marketbeat.com/arnreports/ReportTickerOptin.aspx",
        "https://marketbeat.com/arnreports/ReportTickerOptin.aspx?RegistrationCode=TickerHyperlink&Prefix=CVE&Symbol=ZNG",
        "https://marketbeat.com/stocks/CVE/ZNG/",
        "https://www.marketbeat.com/stocks/CVE/ZNG"
    ],
    "external_images": [],
    "internal_images": [],
    "entities": {
        "persons": [],
        "locations": [],
        "organizations": [
            {
                "name": "Group Eleven Resources Corp.",
                "sentiment": "negative",
                "tickers": []
            }
        ]
    },
    "syndication": {
        "syndicated": false,
        "syndicate_id": null,
        "first_syndicated": false
    },
    "trust": {
        "categories": [],
        "top_news": [],
        "bias": null,
        "source": {
            "type": null,
            "city": null,
            "state": null,
            "country": null,
            "domain_type": null,
            "agency": null,
            "organization_name": null
        }
    },
    "rating": null,
    "crawled": "2025-09-04T09:11:51.379+03:00",
    "updated": "2025-09-04T09:13:13.000+03:00"
}