{
    "thread": {
        "uuid": "938680113f0d4fc3c7da90c9d6ea7d262ca6fd9b",
        "url": "https://www.chosun.com/english/national-en/2025/09/04/B5YVI7GHKVBLVAPFSDJML4BXSA/",
        "site_full": "www.chosun.com",
        "site": "chosun.com",
        "site_section": "https://news.google.com/search?q=from%20when%3A1h&hl=en-US&gl=US&ceid=US%3Aen",
        "site_categories": [
            "media",
            "top_news_pe",
            "top_news_kr",
            "top_news"
        ],
        "section_title": "Google News - Search",
        "site_title": "조선일보 - 1등 디지털뉴스",
        "title": "Samseong Sajae Foundation faces dissolution threat from rising tax burden",
        "title_full": "Samseong Sajae Foundation faces dissolution threat from rising tax burden",
        "published": "2025-09-04T08:01:00.000+03:00",
        "replies_count": 0,
        "participants_count": 1,
        "site_type": "news",
        "country": "KR",
        "main_image": "https://www.chosun.com/resizer/v2/KINPBJMWOJEC5ENBPRCQOGXPXM.jpg?auth=86d904b06eb51abf393bfccac6221ccf5ce38860683c150718235df838e273f7&amp;width=900&amp;height=472&amp;smart=true",
        "performance_score": 0,
        "domain_rank": 2424,
        "domain_rank_updated": "2025-06-03T00:00:00.000+03:00",
        "licensing_agency": [],
        "social": {
            "facebook": {
                "likes": 0,
                "comments": 0,
                "shares": 0
            },
            "vk": {
                "shares": 0
            }
        }
    },
    "uuid": "938680113f0d4fc3c7da90c9d6ea7d262ca6fd9b",
    "url": "https://www.chosun.com/english/national-en/2025/09/04/B5YVI7GHKVBLVAPFSDJML4BXSA/",
    "ord_in_thread": 0,
    "author": "Oh Jae-yong",
    "published": "2025-09-04T08:01:00.000+03:00",
    "title": "Samseong Sajae Foundation faces dissolution threat from rising tax burden",
    "text": "The Samseong Sajae Foundation, symbolizing the origins of the ancient Tamna Kingdom rooted in Jeju, now faces the threat of dissolution after 104 years since its establishment.According to the foundation on the 4th, taxes imposed last year, including property and comprehensive real estate taxes, amounted to 4.186 billion Korean won. Additionally, the estimated tax payments for this year and next year alone reach 11.6 billion Korean won.The land burdened by the \"tax bomb\" is the wito (ancestral land) granted by the Joseon Dynasty king to honor the Samseong (Three Surnames) founders of Tamna. Wito refers to land designated to cover expenses for ancestral rites. The Samseong Sajae Foundation was established in 1921 as a non-profit organization during the Japanese colonial period to prevent land confiscation under the Land Survey Ordinance and to secure legal entity status.Prior to the 2022 revision of the Local Tax Act, the foundation paid approximately 500 million Korean won in taxes annually. However, the government began applying comprehensive real estate taxes in phases to educational and religious entities starting in 2022 to curb real estate speculation, including the Samseong Sajae Foundation. Consequently, taxes surged from 1.7 billion Korean won in 2022, 2.8 billion in 2023, and 4.1 billion in 2024.A foundation official stated, “We have been paying taxes by disposing of foundation-owned land,” adding, “If the government continues to impose comprehensive real estate taxes, our assets will be depleted within a decade, making it impossible to perform ancestral rites, scholarship programs, Tamna Cultural Awards ceremonies, and other public welfare and social contribution activities.”The foundation submitted a petition to the National Assembly last September seeking tax relief. It emphasized, “The Samseong Sajae Foundation is the only case where clan and family associations established a corporate foundation,” and stressed the need for legal revision, stating, “We are on the verge of ‘bankruptcy’ due to land granted by the state.”Clan associations (jongjung), composed of descendants sharing the same surname and lineage, are naturally formed kinship and social groups with relatively low tax burdens. Until 2013, the Samseong Sajae Foundation paid around 50 million Korean won annually. However, in 2013, the government reinterpreted the foundation as a corporate entity—not a natural kinship group—since it was established through the registration of assets donated by three clans for public purposes. This ruling disqualified it from the special low-tax rate for separate taxation.Last year, the foundation paid 4.1 billion Korean won in taxes by selling compensation funds from the incorporation of land into Namjo Road and disposing of apartments.The foundation currently owns approximately 1,500 parcels of land. However, under current laws, it is projected to struggle to survive within a decade if taxes continue at the present rate.Meanwhile, Samsungyeol (Site No. 134), a nationally designated cultural heritage site, refers to three holes where the three founding ancestors of Tamna are said to have emerged. In 1526 (21st year of King Jungjong’s reign), Governor Lee Su-dong of Jeju built stone walls, a red gate (Hongmun), and a stele (Hyulbi), sanctifying the site and holding Confucian ancestral rites. In 1698 (24th year of King Sukjong’s reign), Governor Yoo Han-myeong constructed Samsungjeon, a shrine enshrining the ancestral tablets of Tamna’s founders. In 1785, King Jeongjo bestowed the plaque ‘Samsangsa.’ Annual grand rites are held on April 10 and October 10, with the Geonse Grand Rite honoring Tamna’s founders observed on December 10. ※ This article has been translated by Upstage Solar AI.",
    "highlightText": "",
    "highlightTitle": "",
    "highlightThreadTitle": "",
    "language": "english",
    "sentiment": "negative",
    "categories": [
        "Economy, Business and Finance",
        "Social Issue",
        "Politics"
    ],
    "topics": [
        "Economy, Business and Finance->financial and economic news",
        "Economy, Business and Finance->corporate governance and csr",
        "Economy, Business and Finance->business governance",
        "Politics->government",
        "Politics->political crisis"
    ],
    "ai_allow": true,
    "has_canonical": false,
    "breaking": null,
    "webz_reporter": false,
    "external_links": [],
    "external_images": [],
    "internal_images": [],
    "entities": {
        "persons": [],
        "locations": [
            {
                "name": "Kingdom",
                "sentiment": "none"
            },
            {
                "name": "Jeju",
                "sentiment": "none"
            }
        ],
        "organizations": [
            {
                "name": "Samseong Sajae Foundation",
                "sentiment": "negative",
                "tickers": []
            }
        ]
    },
    "syndication": {
        "syndicated": false,
        "syndicate_id": null,
        "first_syndicated": false
    },
    "trust": {
        "categories": null,
        "top_news": [
            "top_news_pe",
            "top_news_kr",
            "top_news"
        ],
        "bias": "center",
        "source": {
            "type": null,
            "city": null,
            "state": null,
            "country": null,
            "domain_type": null,
            "agency": null,
            "organization_name": null
        }
    },
    "rating": null,
    "crawled": "2025-09-04T09:34:11.187+03:00",
    "updated": "2025-09-05T10:05:26.000+03:00"
}