{
    "thread": {
        "uuid": "ace0610bb7ebfa3fb3d8bc9ddba50b6e695c3577",
        "url": "https://www.indiatoday.in/trending-news/story/delhi-man-warns-of-tinder-date-scam-at-karkardooma-cafe-shares-rs-50000-bill-as-proof-reddit-post-2781787-2025-09-04",
        "site_full": "www.indiatoday.in",
        "site": "indiatoday.in",
        "site_section": "https://news.google.com/search?q=he%20when%3A1h&hl=en-US&gl=US&ceid=US%3Aen",
        "site_categories": [
            "religion",
            "media",
            "catholicism",
            "top_news_in",
            "top_news_ph",
            "top_news_kw",
            "top_news_iq",
            "top_news_nz",
            "top_news_pk",
            "top_news_ae",
            "top_news_za",
            "top_news_qa",
            "top_news_sg",
            "top_news_sa",
            "top_news_my",
            "top_news"
        ],
        "section_title": "Google News - Search",
        "site_title": "Latest News, Breaking News Today - Entertainment, Cricket, Business, Politics - India Today",
        "title": "Delhi man warns of Tinder date scam at Karkardooma cafe shares Rs 50000 bill as proof Reddit post - India Today",
        "title_full": "Delhi man warns of Tinder date scam at Karkardooma cafe shares Rs 50000 bill as proof Reddit post - India Today",
        "published": "2025-09-04T09:38:00.000+03:00",
        "replies_count": 0,
        "participants_count": 1,
        "site_type": "news",
        "country": "IN",
        "main_image": "https://akm-img-a-in.tosshub.com/indiatoday/images/story/202509/delhi-man-warns-of-tinder-scam-at-karkardooma-cafe--shares-rs-50-000-bill-as-proof-representative-p-043123713-16x9_0.jpg?VersionId=wSGIq0x5DXCEpzRHmHIwzcT25z4asr1w",
        "performance_score": 0,
        "domain_rank": 1806,
        "domain_rank_updated": "2025-06-03T00:00:00.000+03:00",
        "licensing_agency": [],
        "social": {
            "facebook": {
                "likes": 0,
                "comments": 0,
                "shares": 0
            },
            "vk": {
                "shares": 0
            }
        }
    },
    "uuid": "ace0610bb7ebfa3fb3d8bc9ddba50b6e695c3577",
    "url": "https://www.indiatoday.in/trending-news/story/delhi-man-warns-of-tinder-date-scam-at-karkardooma-cafe-shares-rs-50000-bill-as-proof-reddit-post-2781787-2025-09-04",
    "ord_in_thread": 0,
    "author": "@indiatoday",
    "published": "2025-09-04T09:38:00.000+03:00",
    "title": "Delhi man warns of Tinder date scam at Karkardooma cafe shares Rs 50000 bill as proof Reddit post - India Today",
    "text": "Delhi man warns of Tinder scam at Karkardooma cafe, shares Rs 50,000 bill as proof\nThe Delhi-based Reddit user said he matched with someone on Tinder and agreed to meet at a cafe located in Karkardooma. The post, shared on the r/delhi subreddit, has triggered several reactions and warnings from others.\nA Reddit user has claimed he was scammed at a cafe in Delhi’s Karkardooma area after being handed a bill of more than Rs 50,000 during a Tinder date. The post, shared on the r/delhi subreddit, has triggered several reactions and warnings from others.\nIn his post titled “TINDER SCAM, [PSA] Got scammed on a Tinder date – beware of cafes running scams in Karkardooma (Delhi),” the user said he matched with someone on Tinder and agreed to meet at a cafe located on the second floor of Chawla’s building, next to a petrol pump near the metro station.\n“Everything seemed normal at first,” the Reddit user said, “but once we ordered, the staff kept pushing expensive items and didn’t show the menu properly. At the end, they handed me a bill of Rs 50,000+ for just food and drinks.” He also attached a photograph of the bill as proof.\nCalling the incident a “scam setup,” he alleged that cafes in the area lure people, often through dating apps and then present them with “absurdly high bills.” He urged others to be cautious about meeting at unknown cafes, especially those near metro stations, and recommended checking reviews online beforehand.\nSee the post here:\nIn the comments section, one of the users shared a similar experience from Kolkata: “Something similar happened with my relative's son. He filed a consumer fraud case against the restaurant claiming the restaurant added extra items without his knowledge and forced him to pay.”\nAnother suggested a way to gather proof: “Go again and order or ask the price of one of the same expensive things. I'm sure they won't be charging those exuberant charges to all customers.”\nOthers offered practical advice, with one user saying: “Pro-tip - Always go to a well-known place like Third Wave or Blue Tokai on your first date.”\nA Reddit user has claimed he was scammed at a cafe in Delhi’s Karkardooma area after being handed a bill of more than Rs 50,000 during a Tinder date. The post, shared on the r/delhi subreddit, has triggered several reactions and warnings from others.\nIn his post titled “TINDER SCAM, [PSA] Got scammed on a Tinder date – beware of cafes running scams in Karkardooma (Delhi),” the user said he matched with someone on Tinder and agreed to meet at a cafe located on the second floor of Chawla’s building, next to a petrol pump near the metro station.\n“Everything seemed normal at first,” the Reddit user said, “but once we ordered, the staff kept pushing expensive items and didn’t show the menu properly. At the end, they handed me a bill of Rs 50,000+ for just food and drinks.” He also attached a photograph of the bill as proof.\nCalling the incident a “scam setup,” he alleged that cafes in the area lure people, often through dating apps and then present them with “absurdly high bills.” He urged others to be cautious about meeting at unknown cafes, especially those near metro stations, and recommended checking reviews online beforehand.\nSee the post here:\nIn the comments section, one of the users shared a similar experience from Kolkata: “Something similar happened with my relative's son. He filed a consumer fraud case against the restaurant claiming the restaurant added extra items without his knowledge and forced him to pay.”\nAnother suggested a way to gather proof: “Go again and order or ask the price of one of the same expensive things. I'm sure they won't be charging those exuberant charges to all customers.”\nOthers offered practical advice, with one user saying: “Pro-tip - Always go to a well-known place like Third Wave or Blue Tokai on your first date.”",
    "highlightText": "",
    "highlightTitle": "",
    "highlightThreadTitle": "",
    "language": "english",
    "sentiment": "negative",
    "categories": [
        "Crime, Law and Justice",
        "Social Issue",
        "Economy, Business and Finance"
    ],
    "topics": [
        "Crime, Law and Justice->law enforcement",
        "Crime, Law and Justice->investigation (criminal)",
        "Crime, Law and Justice->fraud",
        "Social Issue->social problem",
        "Social Issue->dating and relationships",
        "Economy, Business and Finance->financial and economic news",
        "Economy, Business and Finance->business governance",
        "Economy, Business and Finance->consumer goods"
    ],
    "ai_allow": true,
    "has_canonical": false,
    "breaking": true,
    "webz_reporter": false,
    "external_links": [],
    "external_images": [],
    "internal_images": [],
    "entities": {
        "persons": [],
        "locations": [
            {
                "name": "Karkardooma",
                "sentiment": "none"
            },
            {
                "name": "Reddit",
                "sentiment": "none"
            }
        ],
        "organizations": []
    },
    "syndication": {
        "syndicated": false,
        "syndicate_id": null,
        "first_syndicated": false
    },
    "trust": {
        "categories": null,
        "top_news": [
            "top_news_in",
            "top_news_ph",
            "top_news_kw",
            "top_news_iq",
            "top_news_nz",
            "top_news_pk",
            "top_news_ae",
            "top_news_za",
            "top_news_qa",
            "top_news_sg",
            "top_news_sa",
            "top_news_my",
            "top_news"
        ],
        "bias": "center",
        "source": {
            "type": null,
            "city": null,
            "state": null,
            "country": null,
            "domain_type": null,
            "agency": null,
            "organization_name": null
        }
    },
    "rating": null,
    "crawled": "2025-09-04T09:42:56.684+03:00",
    "updated": "2025-09-05T10:08:11.000+03:00"
}