{
    "thread": {
        "uuid": "d181b8767affce515df571235b8c7ce90b78d994",
        "url": "https://fortune.com/asia/2025/03/12/goto-earnings-forecast-tops-estimates-as-cost-cuts-kick-in",
        "site_full": "fortune.com",
        "site": "fortune.com",
        "site_section": "https://www.biztoc.com",
        "site_categories": [
            "media",
            "financial_news",
            "finance"
        ],
        "section_title": "BizToc",
        "site_title": null,
        "title": "GoTo earnings forecast tops estimates as cost cuts kick in",
        "title_full": "GoTo earnings forecast tops estimates as cost cuts kick in",
        "published": "2025-03-13T04:55:00.000+02:00",
        "replies_count": 0,
        "participants_count": 1,
        "site_type": "news",
        "country": "US",
        "main_image": "https://fortune.com/img-assets/wp-content/uploads/2025/03/GettyImages-2204024214-e1741834226385.jpg?resize=1200,600",
        "performance_score": 0,
        "domain_rank": 343,
        "domain_rank_updated": "2025-03-10T23:00:00.000+02:00",
        "social": {
            "facebook": {
                "likes": 0,
                "comments": 0,
                "shares": 0
            },
            "vk": {
                "shares": 0
            }
        }
    },
    "uuid": "d181b8767affce515df571235b8c7ce90b78d994",
    "url": "https://fortune.com/asia/2025/03/12/goto-earnings-forecast-tops-estimates-as-cost-cuts-kick-in",
    "ord_in_thread": 0,
    "parent_url": null,
    "author": "Olivia Poh,Bloomberg",
    "published": "2025-03-13T04:55:00.000+02:00",
    "title": "GoTo earnings forecast tops estimates as cost cuts kick in",
    "text": "Home Page\nAlready have an account?\nSIGN IN\nSEARCH\nSubscribe Now\nSections\nFORTUNE 500\nNews\nEurope\nAsia\nTech\nAI\nFinance\nLeadership\nSuccess\nWell\nEducation\nVideo\nRankings\nAnalytics\nNewsletters\nMagazine\nLive Media\nCEO Initiative\nGoTo earnings forecast tops estimates as cost cuts kick in\nFollowing years of rapid growth, GoTo has turned its focus on the bottom line after its shares lost 75% since its initial public offering in Jakarta in 2022.\nRosa Panggabean—Bloomberg via Getty Images",
    "highlightText": "",
    "highlightTitle": "",
    "highlightThreadTitle": "",
    "language": "english",
    "sentiment": "positive",
    "categories": [
        "Economy, Business and Finance",
        "Social Issue",
        "Politics"
    ],
    "topics": [
        "Economy, Business and Finance->financial and economic news",
        "Economy, Business and Finance->business reporting and performance",
        "Social Issue->social condition",
        "Social Issue->welfare",
        "Social Issue->social networking",
        "Politics->economic policy"
    ],
    "ai_allow": false,
    "has_canonical": false,
    "breaking": false,
    "webz_reporter": false,
    "external_links": [],
    "external_images": [],
    "entities": {
        "persons": [],
        "locations": [],
        "organizations": []
    },
    "syndication": {
        "syndicated": false,
        "syndicate_id": null,
        "first_syndicated": false
    },
    "trust": null,
    "rating": null,
    "crawled": "2025-03-13T04:58:19.648+02:00",
    "updated": "2025-03-13T04:58:19.648+02:00"
}