{
    "thread": {
        "uuid": "f801fbb5f40583947444def27180ee696d6bedc6",
        "url": "https://www.miragenews.com/rail-corridor-buy-to-boost-western-sydney-1424801",
        "site_full": "www.miragenews.com",
        "site": "miragenews.com",
        "site_section": "https://miragenews.com/tag/crime",
        "site_categories": [
            "media"
        ],
        "section_title": "Live Crime updates | Mirage News",
        "site_title": null,
        "title": "Rail Corridor Buy to Boost Western Sydney Confidence | Mirage News",
        "title_full": "Rail Corridor Buy to Boost Western Sydney Confidence | Mirage News",
        "published": "2025-03-13T00:06:00.000+02:00",
        "replies_count": 0,
        "participants_count": 1,
        "site_type": "news",
        "country": "AU",
        "main_image": "https://cdn1.miragenews.com/tmp_cache?cdn=cdn.pixabay.com%2Fphoto%2F2018%2F02%2F13%2F11%2F09%2Fhome-3150500_640.jpg",
        "performance_score": 0,
        "domain_rank": 10833,
        "domain_rank_updated": "2025-03-10T23:00:00.000+02:00",
        "social": {
            "facebook": {
                "likes": 0,
                "comments": 0,
                "shares": 0
            },
            "vk": {
                "shares": 0
            }
        }
    },
    "uuid": "f801fbb5f40583947444def27180ee696d6bedc6",
    "url": "https://www.miragenews.com/rail-corridor-buy-to-boost-western-sydney-1424801",
    "ord_in_thread": 0,
    "parent_url": null,
    "author": "Mirage News",
    "published": "2025-03-13T00:06:00.000+02:00",
    "title": "Rail Corridor Buy to Boost Western Sydney Confidence | Mirage News",
    "text": "Property Council Western Sydney Regional Director Ross Grove said the commitment to fund rail corridors connecting Leppington and Macarthur to the Bradfield City Centre would bolster investment confidence, and called on the federal opposition to make a similar commitment.\n\"The South West Rail Link Extension is one of those 'missing links' holding back the region's growth capacity and this commitment to fund corridor acquisition is the strongest signal yet that better rail connections are on the way for Western Sydney,\" Mr Grove said.\n\"Without this vital link, a rail commuter seeking to travel the 18 kilometres home to Liverpool from the new airport would have to traverse more than 55 kilometres of rail, interchanging at least twice to board services across three separate lines.\n\"Creating an efficient traveller-friendly rail network will involve further investment in construction of the line and additional upgrades to existing infrastructure, so it's important the NSW Government be ready with additional funding as required.\n\"If the final construction package doesn't include the full conversion of the South West Rail Line from Leppington to Glenfield to metro rail, it risks creating an additional and unnecessary interchange point at Leppington, slowing down the network and limiting the accessibility of the new airport and global investments that surround it.\n\"In practical terms, residents in the growing Campbelltown local government area would have to interchange at both Glenfield and Leppington before arriving at Western Sydney International Airport - the rail link to the airport needs to provide a quicker and more seamless connection to compete with the existing direct connection to Mascot.\n\"Today's announcement is a welcome step in the evolution of Western Sydney's economic potential - it's the fruit of years of work and funding from state and federal governments to create a region that is well connected and capable of driving growth into the future.\n\"We look forward to further announcements on the final business case and project delivery milestones to help industry make investment decisions that back-in the government's work,\" Mr Grove said.\nhere.",
    "highlightText": "",
    "highlightTitle": "",
    "highlightThreadTitle": "",
    "language": "english",
    "sentiment": "positive",
    "categories": [
        "Economy, Business and Finance"
    ],
    "topics": [
        "Economy, Business and Finance->debt market",
        "Economy, Business and Finance->financial and economic news"
    ],
    "ai_allow": true,
    "has_canonical": false,
    "breaking": false,
    "webz_reporter": false,
    "external_links": [],
    "external_images": [],
    "entities": {
        "persons": [],
        "locations": [],
        "organizations": []
    },
    "syndication": {
        "syndicated": false,
        "syndicate_id": null,
        "first_syndicated": false
    },
    "trust": null,
    "rating": null,
    "crawled": "2025-03-13T00:09:22.907+02:00",
    "updated": "2025-03-13T00:09:22.907+02:00"
}