{
    "thread": {
        "uuid": "95a1a849afed972aa7fd74ffd08947d325ef6d01",
        "url": "https://www.bangkokpost.com/business/investment/2978853/thai-esgx-fund-could-limit-stock-losses",
        "site_full": "www.bangkokpost.com",
        "site": "bangkokpost.com",
        "site_section": "https://www.bangkokpost.com/",
        "site_categories": [
            "media",
            "top_news_th",
            "top_news_sg",
            "top_news"
        ],
        "section_title": "Bangkok Post - The world’s window on Thailand | Breaking news, Thailand news, Latest news, World news",
        "site_title": null,
        "title": "Thai ESGX fund could limit stock losses",
        "title_full": "Thai ESGX fund could limit stock losses",
        "published": "2025-03-13T02:11:00.000+02:00",
        "replies_count": 0,
        "participants_count": 1,
        "site_type": "news",
        "country": "TH",
        "main_image": "https://static.bangkokpost.com/media/content/20250313/c1_2978853_250313071228_700.jpg",
        "performance_score": 0,
        "domain_rank": 2197,
        "domain_rank_updated": "2025-03-10T23:00:00.000+02:00",
        "social": {
            "facebook": {
                "likes": 0,
                "comments": 0,
                "shares": 0
            },
            "vk": {
                "shares": 0
            }
        }
    },
    "uuid": "95a1a849afed972aa7fd74ffd08947d325ef6d01",
    "url": "https://www.bangkokpost.com/business/investment/2978853/thai-esgx-fund-could-limit-stock-losses",
    "ord_in_thread": 0,
    "parent_url": null,
    "author": "Bangkok Post Public Company Limited",
    "published": "2025-03-13T02:11:00.000+02:00",
    "title": "Thai ESGX fund could limit stock losses",
    "text": "The Thai ESG Extra (ESGX) fund endorsed by the cabinet this week could help limit the downside risks for the Stock Exchange of Thailand (SET) index, supporting a rebound to 1,250-1,300 points despite ongoing concerns about economic growth, says an analyst.\nOn Tuesday, the cabinet approved the Thai ESGX fund, which allows the transfer of investments from long-term equity funds (LTFs) and provides additional tax-deductible investment opportunities of up to 300,000 baht for purchasing Thai ESG units.\nThose who switch are eligible for a personal income tax deduction of up to 500,000 baht, of which 300,000 baht is deductible in the current year, with the remaining 200,000 baht deductible in 50,000-baht annual increments from the second to the fifth year.\nInvestors who switch must transfer their entire LTF investment to Thai ESGX fund. Transfers must be completed between May and June this year.\nA tax deduction is also available for Thai ESG purchases made in May and June for a maximum deduction of 300,000 baht.\nThe total outstanding LTF investment is estimated at 180 billion baht.\nKavee Chukitkasem, chief of portfolio advisory at Pi Securities, welcomed the launch of the Thai ESGX fund, saying the new fund can temporarily slow LTF redemptions and bring in new capital to the stock market over the next two months.\nHowever, the tax benefits for the new ESG fund are less attractive than those for LTFs in the past. Investors could deduct up to 500,000 baht from LTF investments, and another 500,000 baht from retirement mutual funds (RMFs) and provident funds, for a total of 1 million baht.\nThe Thai ESGX fund is particularly attractive for high-income earners (those with monthly salaries of 200,000-300,000 baht), as they can maximise their tax deductions efficiently, said Mr Kavee.\nFor working class investors, the Super Savings Fund (SSF) remains an option as it allows international diversification. The downside is SSF investment requires a 10-year holding period, making it less popular.\nInvestors who have matured RMF investments (meaning the unitholders are age 55 or older) can reallocate funds into the Thai ESGX fund.\nTogether with the state-controlled Vayupak 1 Fund, which invests in Thai stocks, the Thai ESGX fund is expected to help stabilise the stock market, with Mr Kavee predicting the index will have support at 1,100 points and resistance at 1,300 points. Previous resistance at 1,280 points is unlikely to see a strong rally, as the market remains concerned about economic conditions, he said.\n\"If the economy remains weak, the support funds will not aggressively buy stocks. However, with the new tax incentives supporting the market, it is unlikely the SET index will fall below 1,000 points,\" said Mr Kavee.\nThe upside potential of the SET index depends on both global and Thai economic conditions, he said.\n\"Foreign investors remain concerned about uncertainty in Thai policies, the instability of the coalition government, and slowing global and Thai economic growth, leading to a downward trend in Thai equities,\" said Mr Kavee.",
    "highlightText": "",
    "highlightTitle": "",
    "highlightThreadTitle": "",
    "language": "english",
    "sentiment": "positive",
    "categories": [
        "Economy, Business and Finance"
    ],
    "topics": [
        "Economy, Business and Finance->economy",
        "Economy, Business and Finance->financial and economic news"
    ],
    "ai_allow": true,
    "has_canonical": false,
    "breaking": true,
    "webz_reporter": false,
    "external_links": [],
    "external_images": [],
    "entities": {
        "persons": [
            {
                "name": "Kavee Ch",
                "sentiment": "none"
            }
        ],
        "locations": [],
        "organizations": []
    },
    "syndication": {
        "syndicated": false,
        "syndicate_id": null,
        "first_syndicated": false
    },
    "trust": null,
    "rating": null,
    "crawled": "2025-03-13T02:38:32.863+02:00",
    "updated": "2025-03-13T02:38:32.863+02:00"
}