{
    "thread": {
        "uuid": "baeb248775826105b1c02f93f59a3cbdbbd381d7",
        "url": "https://www.business-standard.com/markets/commodities/gold-price-climbs-rs-10-to-rs-87-990-silver-rises-rs-100-to-rs-1-00-100-125031300087_1.html",
        "site_full": "www.business-standard.com",
        "site": "business-standard.com",
        "site_section": "https://www.business-standard.com/latest-news/page-1",
        "site_categories": [
            "media",
            "financial_news",
            "finance"
        ],
        "section_title": "Latest News: Top News, Breaking News, LIVE News Headlines from India &amp; World | Business Standard",
        "site_title": null,
        "title": "Gold price climbs Rs 10 to Rs 87,990, silver rises Rs 100 to Rs 1,00,100",
        "title_full": "Gold price climbs Rs 10 to Rs 87,990, silver rises Rs 100 to Rs 1,00,100",
        "published": "2025-03-13T04:35:00.000+02:00",
        "replies_count": 0,
        "participants_count": 1,
        "site_type": "news",
        "country": "IN",
        "main_image": "https://bsmedia.business-standard.com/_media/bs/img/article/2024-01/15/thumb/featurecrop/1200X630/1705286901-6955.jpg",
        "performance_score": 0,
        "domain_rank": 1240,
        "domain_rank_updated": "2025-03-10T23:00:00.000+02:00",
        "social": {
            "facebook": {
                "likes": 0,
                "comments": 0,
                "shares": 0
            },
            "vk": {
                "shares": 0
            }
        }
    },
    "uuid": "baeb248775826105b1c02f93f59a3cbdbbd381d7",
    "url": "https://www.business-standard.com/markets/commodities/gold-price-climbs-rs-10-to-rs-87-990-silver-rises-rs-100-to-rs-1-00-100-125031300087_1.html",
    "ord_in_thread": 0,
    "parent_url": null,
    "author": "Business Standard",
    "published": "2025-03-13T04:35:00.000+02:00",
    "title": "Gold price climbs Rs 10 to Rs 87,990, silver rises Rs 100 to Rs 1,00,100",
    "text": "Gold Price Today: The price of 24-carat gold climbed Rs 10 in early trade on Thursday, with ten grams of the precious metal trading at Rs 87,990 according to the GoodReturns website. The price of silver rose Rs 100, with one kilogram of the precious metal selling at Rs 1,00,100. The price of 22-carat gold rose Rs 10, with ten grams of the yellow metal selling at Rs 80,660. The price of ten grams of 24-carat gold in Mumbai, Kolkata, and Chennai stood at Rs 87,990. In Delhi, the price of ten grams of 24-carat gold stood at Rs 88,140. In Mumbai, the price of ten grams of 22-carat gold is at par with Kolkata, Bengaluru, Chennai, and Hyderabad, at Rs 80,660. In Delhi, the price of ten grams of 22-carat gold stood at Rs 80,810. The price of one kilogram of silver in Delhi, Kolkata, and Mumbai stood at Rs 1,00,100. The price of one kilogram of silver in Chennai stood at Rs 1,09,100. Don't miss the most important news and views of the day. Get them on our\nTelegram channel First Published: Mar 13 2025 | 8:05 AM IST",
    "highlightText": "",
    "highlightTitle": "",
    "highlightThreadTitle": "",
    "language": "english",
    "sentiment": "positive",
    "categories": [
        "Economy, Business and Finance"
    ],
    "topics": [
        "Economy, Business and Finance->commodity market",
        "Economy, Business and Finance->products and services",
        "Economy, Business and Finance->financial and economic news"
    ],
    "ai_allow": true,
    "has_canonical": false,
    "breaking": false,
    "webz_reporter": false,
    "external_links": [
        "https://t.me/bsindiaofficial",
        "https://www.t.me/bsindiaofficial"
    ],
    "external_images": [],
    "entities": {
        "persons": [],
        "locations": [
            {
                "name": "Kolkata",
                "sentiment": "none"
            }
        ],
        "organizations": []
    },
    "syndication": {
        "syndicated": false,
        "syndicate_id": null,
        "first_syndicated": false
    },
    "trust": null,
    "rating": null,
    "crawled": "2025-03-13T04:40:12.601+02:00",
    "updated": "2025-03-13T04:40:12.601+02:00"
}