{
    "thread": {
        "uuid": "f3aae104a2cef64f0aa572cc6ecc54609549b9fb",
        "url": "https://flipboard.com/@forbes/how-business-owners-can-benefit-from-the-mileage-tax-deduction/a--QrwY3KzS3-7FQ_rw2ryKw%3Aa%3A3199486-cece6870ce%2Fforbes.com",
        "site_full": "flipboard.com",
        "site": "flipboard.com",
        "site_section": "https://flipboard.com/@forbes",
        "site_categories": [
            "family_and_parenting",
            "eldercare"
        ],
        "section_title": "Forbes (@forbes) on Flipboard",
        "site_title": null,
        "title": "How Business Owners Can Benefit From The Mileage Tax Deduction | Flipboard",
        "title_full": "How Business Owners Can Benefit From The Mileage Tax Deduction | Flipboard",
        "published": "2025-03-13T00:43:00.000+02:00",
        "replies_count": 0,
        "participants_count": 1,
        "site_type": "news",
        "country": "",
        "main_image": "https://ic-cdn.flipboard.com/forbes.com/d306be19cf964413631652a0426fd500e0007dd4/_medium.jpeg",
        "performance_score": 0,
        "domain_rank": 1228,
        "domain_rank_updated": "2025-03-10T23:00:00.000+02:00",
        "social": {
            "facebook": {
                "likes": 0,
                "comments": 0,
                "shares": 0
            },
            "vk": {
                "shares": 0
            }
        }
    },
    "uuid": "f3aae104a2cef64f0aa572cc6ecc54609549b9fb",
    "url": "https://flipboard.com/@forbes/how-business-owners-can-benefit-from-the-mileage-tax-deduction/a--QrwY3KzS3-7FQ_rw2ryKw%3Aa%3A3199486-cece6870ce%2Fforbes.com",
    "ord_in_thread": 0,
    "parent_url": null,
    "author": "Forbes - David Rae",
    "published": "2025-03-13T00:43:00.000+02:00",
    "title": "How Business Owners Can Benefit From The Mileage Tax Deduction | Flipboard",
    "text": "How Business Owners Can Benefit From The Mileage Tax Deduction As your business grows each year, it may also feel like your tax bills keep growing more painfully. Generally speaking, America has a progressive tax system, which means most people pay less taxes on their first dollar of income than their last. Proactive tax planning is a great way to ensure you …\nForbes - David Rae • 14m",
    "highlightText": "",
    "highlightTitle": "",
    "highlightThreadTitle": "",
    "language": "english",
    "sentiment": "positive",
    "categories": [
        "Economy, Business and Finance",
        "Social Issue",
        "Lifestyle and Leisure"
    ],
    "topics": [
        "Economy, Business and Finance->financial and economic news",
        "Economy, Business and Finance->business financing",
        "Social Issue->social condition",
        "Social Issue->social services",
        "Social Issue->demographics",
        "Lifestyle and Leisure->lifestyle"
    ],
    "ai_allow": true,
    "has_canonical": false,
    "breaking": false,
    "webz_reporter": false,
    "external_links": [],
    "external_images": [],
    "entities": {
        "persons": [
            {
                "name": "David Rae",
                "sentiment": "none"
            }
        ],
        "locations": [],
        "organizations": []
    },
    "syndication": {
        "syndicated": false,
        "syndicate_id": null,
        "first_syndicated": false
    },
    "trust": null,
    "rating": null,
    "crawled": "2025-03-13T00:59:05.755+02:00",
    "updated": "2025-03-13T00:59:05.755+02:00"
}