{
    "thread": {
        "uuid": "650a4ecf2e2aa6771dbaf02c19e85a99e95be3bc",
        "url": "https://www.rttnews.com/3625261/argenx-se-bottom-line-falls-in-q4.aspx",
        "site_full": "www.rttnews.com",
        "site": "rttnews.com",
        "site_section": "https://www.rttnews.com/calendar/positiveearningsannouncement.aspx",
        "site_categories": [
            "financial_news",
            "media",
            "education",
            "economy, business and finance",
            "finance",
            "arts, culture and entertainment"
        ],
        "section_title": "\r\n\tPositive earnings Pre-Announcements - RTTNews.com\r\n",
        "site_title": "Realtime Business News, Economic News, Breaking News and Forex News – RTTNews",
        "title": "Argenx SE Bottom Line Falls In Q4",
        "title_full": "Argenx SE Bottom Line Falls In Q4",
        "published": "2026-02-26T08:51:00.000+02:00",
        "replies_count": 0,
        "participants_count": 1,
        "site_type": "news",
        "country": "US",
        "main_image": "https://cdn.rttnews.com/images/v4/RTTNews-logo-512x512.png",
        "performance_score": 0,
        "domain_rank": 56639,
        "domain_rank_updated": "2026-02-22T23:00:00.000+02:00",
        "licensing_agency": [],
        "social": {
            "facebook": {
                "likes": 0,
                "comments": 0,
                "shares": 0
            },
            "vk": {
                "shares": 0
            }
        }
    },
    "uuid": "650a4ecf2e2aa6771dbaf02c19e85a99e95be3bc",
    "url": "https://www.rttnews.com/3625261/argenx-se-bottom-line-falls-in-q4.aspx",
    "ord_in_thread": 0,
    "author": "RTTNews Staff Writer",
    "published": "2026-02-26T08:51:00.000+02:00",
    "title": "Argenx SE Bottom Line Falls In Q4",
    "text": "argenx SE (ARGX) announced a profit for fourth quarter that Dropped, from last year\nThe company's earnings came in at $532.950 million, or $8.02 per share. This compares with $774.161 million, or $11.79 per share, last year.\nargenx SE earnings at a glance (GAAP) :\n-Earnings: $532.950 Mln. vs. $774.161 Mln. last year.-EPS: $8.02 vs. $11.79 last year.\nFor the fourth quarter, the company recorded profit before income taxes of $403.294 million, higher than $86.509 million in the same period last year.\nIncome tax benefit was $129.656 million, less than $687.652 million a year ago.\nProduct net sales stood at $1.285 billion, higher than $736.968 million in the previous year. Total operating income also moved up to $1.322 billion from last year’s $761.220 million.\nFor comments and feedback contact: editorial@rttnews.com\nFebruary 07, 2026 02:38 ET The week saw central bank action from major economies as policymakers decided on interest rate settings. Private sector survey data for the manufacturing and services sectors were in focus in the U.S. along with some data on the labor market. In Europe, central bank decisions from the euro area and the U.K. gained attention. In the Asia-Pacific, the main news came from the Reserve Bank of Australia that announced its latest interest rate decision.",
    "summary": "argenx SE (ARGX) announced a profit for fourth quarter that Dropped, from last year The company's earnings came in at $532.950 million, or $8.02 per share. Product net sales stood at $1.285 billion, higher than $736.968 million in the previous year. For comments and feedback contact: editorial@rttnews.com February 07, 2026 02:38 ET The week saw central bank action from major economies as policymakers decided on interest rate settings. In Europe, central bank decisions from the euro area and the U.K. gained attention.",
    "highlightText": "",
    "highlightTitle": "",
    "highlightThreadTitle": "",
    "language": "english",
    "sentiment": "negative",
    "categories": [
        "Economy, Business and Finance"
    ],
    "topics": [
        "Economy, Business and Finance->financial and economic news",
        "Economy, Business and Finance->business reporting and performance"
    ],
    "ai_allow": true,
    "has_canonical": false,
    "breaking": false,
    "webz_reporter": false,
    "external_links": [],
    "external_images": [],
    "internal_images": [],
    "entities": {
        "persons": [],
        "locations": [],
        "organizations": [
            {
                "name": "Argenx SE",
                "sentiment": "negative",
                "tickers": []
            },
            {
                "name": "ARGX",
                "sentiment": "negative",
                "tickers": []
            }
        ]
    },
    "syndication": {
        "syndicated": false,
        "syndicate_id": "650a4ecf2e2aa6771dbaf02c19e85a99e95be3bc",
        "first_syndicated": true
    },
    "trust": {
        "categories": [],
        "top_news": [],
        "bias": null,
        "source": {
            "type": null,
            "city": null,
            "state": null,
            "country": null,
            "domain_type": null,
            "agency": null,
            "organization_name": null
        }
    },
    "rating": null,
    "crawled": "2026-02-26T09:07:42.708+02:00",
    "updated": "2026-02-26T09:09:01.000+02:00"
}