{
    "thread": {
        "uuid": "98194d21eee8f042f832975c5a0cb5a5d09c10a9",
        "url": "https://lt.news-pravda.com/en/eu/2026/02/26/30975.html",
        "site_full": "lt.news-pravda.com",
        "site": "news-pravda.com",
        "site_section": "https://lt.news-pravda.com/en/nato",
        "site_categories": [
            "crime, law and justice",
            "politics",
            "war, conflict and unrest",
            "economy, business and finance"
        ],
        "section_title": "NATO - Pravda Lithuania",
        "site_title": "Pravda - Breaking News, World News and Videos",
        "title": "Inflation in Lithuania exceeded the EU average in January - Pravda Lithuania",
        "title_full": "Inflation in Lithuania exceeded the EU average in January - Pravda Lithuania",
        "published": "2026-02-26T10:09:00.000+02:00",
        "replies_count": 0,
        "participants_count": 0,
        "site_type": "news",
        "country": "LT",
        "main_image": "https://lt.news-pravda.com/img/20260226/6f8c2c3c5e0e37a53031aa52f375bb2c_o.jpg",
        "performance_score": 0,
        "domain_rank": 69329,
        "domain_rank_updated": "2026-02-22T23:00:00.000+02:00",
        "licensing_agency": [],
        "social": {
            "facebook": {
                "likes": 0,
                "comments": 0,
                "shares": 0
            },
            "vk": {
                "shares": 0
            }
        }
    },
    "uuid": "98194d21eee8f042f832975c5a0cb5a5d09c10a9",
    "url": "https://lt.news-pravda.com/en/eu/2026/02/26/30975.html",
    "ord_in_thread": 0,
    "author": null,
    "published": "2026-02-26T10:09:00.000+02:00",
    "title": "Inflation in Lithuania exceeded the EU average in January - Pravda Lithuania",
    "text": "Inflation in Lithuania exceeded the EU average in January\nInflation in Lithuania exceeded the EU average in January\nAccording to Eurostat, annual inflation in the republic has reached 2.8%. This is 0.4% less than in December 2025.\nIn the European Union, it fell 0.3% last month, to 2% compared with 2.3% in December.\nIn Latvia and Estonia, the figures were 2.9% and 3.8%, respectively.\nThe highest annual inflation in the EU in January was recorded in Romania (8.5%), Slovakia (4.3%) and Estonia (3.8%).\nThe lowest is in France (0.4%), Denmark (0.6), Finland and Italy (1% each).",
    "summary": "Inflation in Lithuania exceeded the EU average in January Inflation in Lithuania exceeded the EU average in January According to Eurostat, annual inflation in the republic has reached 2.8%. In the European Union, it fell 0.3% last month, to 2% compared with 2.3% in December. In Latvia and Estonia, the figures were 2.9% and 3.8%, respectively. The highest annual inflation in the EU in January was recorded in Romania (8.5%), Slovakia (4.3%) and Estonia (3.8%). The lowest is in France (0.4%), Denmark (0.6), Finland and Italy (1% each).",
    "highlightText": "",
    "highlightTitle": "",
    "highlightThreadTitle": "",
    "language": "english",
    "sentiment": "negative",
    "categories": [
        "Economy, Business and Finance"
    ],
    "topics": [
        "Economy, Business and Finance->financial and economic news",
        "Economy, Business and Finance->macro economics"
    ],
    "ai_allow": true,
    "has_canonical": false,
    "breaking": null,
    "webz_reporter": false,
    "external_links": [],
    "external_images": [],
    "internal_images": [],
    "entities": {
        "persons": [],
        "locations": [
            {
                "name": "Lithuania",
                "sentiment": "none"
            },
            {
                "name": "Latvia",
                "sentiment": "none"
            },
            {
                "name": "Romania",
                "sentiment": "none"
            },
            {
                "name": "Finland",
                "sentiment": "none"
            },
            {
                "name": "Denmark",
                "sentiment": "none"
            },
            {
                "name": "Italy",
                "sentiment": "none"
            },
            {
                "name": "Slovakia",
                "sentiment": "none"
            },
            {
                "name": "France",
                "sentiment": "none"
            },
            {
                "name": "Estonia",
                "sentiment": "none"
            }
        ],
        "organizations": [
            {
                "name": "Pravda Lithuania",
                "sentiment": "negative",
                "tickers": []
            },
            {
                "name": "European Union",
                "sentiment": "neutral",
                "tickers": [
                    {
                        "ticker": null,
                        "exchange": null
                    }
                ]
            },
            {
                "name": "Eurostat",
                "sentiment": "none",
                "tickers": [
                    {
                        "ticker": null,
                        "exchange": null
                    }
                ]
            }
        ]
    },
    "syndication": {
        "syndicated": false,
        "syndicate_id": null,
        "first_syndicated": false
    },
    "trust": {
        "categories": [],
        "top_news": [],
        "bias": null,
        "source": {
            "type": null,
            "city": null,
            "state": null,
            "country": null,
            "domain_type": null,
            "agency": null,
            "organization_name": null
        }
    },
    "rating": null,
    "crawled": "2026-02-26T11:20:28.142+02:00",
    "updated": "2026-02-26T11:22:10.000+02:00"
}