{
    "thread": {
        "uuid": "0fcfa3411d09c62a96d01ab51c0cb02b10639837",
        "url": "https://upstox.com/news/market-news/stocks/sensex-down-176-pts-nifty-50-below-25-450-in-noon-deals-tejas-networks-welspun-among-buzzing-stocks/article-189989/",
        "site_full": "upstox.com",
        "site": "upstox.com",
        "site_section": "https://news.google.com/search?q=down%20when%3A1h&hl=en-US&gl=US&ceid=US%3Aen",
        "site_categories": [
            "stocks",
            "finance",
            "economy, business and finance"
        ],
        "section_title": "Google News - Search",
        "site_title": "Trading - Online Share Market Trading App in India - Best Stock Trading Platform",
        "title": "SENSEX down 176 pts, NIFTY50 below 25,450 in noon deals; Tejas Networks, Welspun among buzzing stocks",
        "title_full": "SENSEX down 176 pts, NIFTY50 below 25,450 in noon deals; Tejas Networks, Welspun among buzzing stocks",
        "published": "2026-02-26T09:13:00.000+02:00",
        "replies_count": 0,
        "participants_count": 1,
        "site_type": "news",
        "country": "IN",
        "main_image": "https://assets.upstox.com/content/assets/images/news/market-opening-feb-17.webp",
        "performance_score": 0,
        "domain_rank": 36931,
        "domain_rank_updated": "2026-02-22T23:00:00.000+02:00",
        "licensing_agency": [],
        "social": {
            "facebook": {
                "likes": 0,
                "comments": 0,
                "shares": 0
            },
            "vk": {
                "shares": 0
            }
        }
    },
    "uuid": "0fcfa3411d09c62a96d01ab51c0cb02b10639837",
    "url": "https://upstox.com/news/market-news/stocks/sensex-down-176-pts-nifty-50-below-25-450-in-noon-deals-tejas-networks-welspun-among-buzzing-stocks/article-189989/",
    "ord_in_thread": 0,
    "author": "Upstox",
    "published": "2026-02-26T09:13:00.000+02:00",
    "title": "SENSEX down 176 pts, NIFTY50 below 25,450 in noon deals; Tejas Networks, Welspun among buzzing stocks",
    "text": "Market News\n5 min read | Updated on February 26, 2026, 12:43 IST\nSUMMARY\nShares of Balu Forge Industries gained as much as 10% to hit the session’s peak of ₹489.40 apiece, as it entered into a Memorandum of Understanding (MoU) for the supply of empty shells from its greenfield manufacturing campus in Belgaum, Karnataka.\nOn Wednesday, the foreign institutional investors (FIIs) bought shares worth ₹2,991.64 crore. | Image: Shutterstock\nThe Indian benchmark indices, SENSEX and NIFTY50, erased early gains to trade in the negative territory during the afternoon session on Thursday, February 26, as investors booked profits amid weak global cues.\nThe SENSEX declined by as much as 292.11 points to an intraday low of 81,983.96. Meanwhile, the NIFTY50 touched the session’s low of 25,400.95.\nAt 12:35 PM, the S&P BSE SENSEX fell by 175.91 points, or 0.21%, to 82,100.16. NSE’s NIFTY50 was trading flat at 25,434.60, reflecting a 47.90 points, or 0.19% decline.\nOn Wednesday, the foreign institutional investors (FIIs) bought shares worth ₹2,991.64 crore, while the domestic institutional investors (DIIs) purchased equities worth ₹5,118.57 crore on a net basis, according to exchange data.\nNIFTY50 index was weighed down by Coal India (-1.87%), Power Grid Corporation of India (-1.50%), Trent (-1.40%), NTPC (-1.31%) and Tata Consumer Products (-1.25%), which were among the top losers.\nOn the other hand, the top gainers included Tata Motors PV (2.19%), Max Healthcare Institute (1.53%), Bharat Electronics (1.30%), Adani Ports (1.14%) and Tata Consultancy Services (0.92%).\nShares of Welspun Corp advanced 4.23% to hit an intraday high of ₹831 apiece on the National Stock Exchange (NSE) on Thursday, February 26, as its wholly owned subsidiary in the Free Trade Zone, United Arab Emirates, was incorporated in the name of “Welspun International FZCO” (WIFZCO) in Dubai Multi Commodities Centre (DMCC).\nIt added that it received the certificate of incorporation or licence on February 25 from the relevant DMCC authority.\n“WIFZCO will handle global marketing for all our products and also carry out the business of trading of any of the products and raw materials in which the parent company and its subsidiaries transact,” a regulatory filing stated.\nThe stock of Tejas Networks rallied as much as 12.9% to hit the session’s peak of ₹358.80 per equity share on the NSE, after it signed an agreement with NEC Corporation to manufacture and supply 5G massive MIMO radios.\nMasayuki Kayahara, Corporate Senior Vice President of Global Network Division at NEC Corporation, noted that the deal furthers NEC’s collaboration with Tejas Networks for 5G massive MIMO radio and achieves supply-chain diversification, which helps to mitigate risks to its customers by building a “resilient, flexible globalized ecosystem.”\nShares of Sanofi Consumer Healthcare India rallied as much as 15.98% to hit the day’s high of ₹4,649.90 per unit, as it reported a 50.11% YoY increase in its net profit to ₹66.5 crore for the fourth quarter of CY25, demonstrating sustained growth momentum across key business segments.\nIn the same period last year, it had logged a profit of ₹44.3 crore, as stated in a regulatory filing dated February 25.\nThe Mumbai-based firm’s revenue from operations jumped 47.04% YoY to ₹251 crore during the reporting quarter, compared to ₹170.7 crore in the fourth quarter of CY24.\nThe board of directors of Sanofi Consumer Healthcare India also recommended a final dividend of ₹75 per equity share with a face value of ₹10 each for FY25, subject to shareholder approval at the ensuing annual general meeting (AGM).\nWaaree Energies' stock jumped as much as 2.07% to touch an intraday high of ₹2,764.50 per equity share on Thursday, after sliding over 10.5% in the previous session over the fears of a 126% import duty by the US.\nAbhishek Pareek, Group Head, Finance, Waaree Energies, said, \"At this stage, the company does not anticipate any material adverse impact on its ability to service its US order book.\"\nAnalysts at Nomura note the United States has imposed a 126% countervailing duty (CVD) on solar imports from India to offset alleged benefits arising from government subsidies.\nThe leading financial services firm noted that Indian solar companies with manufacturing presence in the US and those sourcing solar cells from non-Chinese suppliers are likely to face a relatively lower impact from the move.\nAmong key players, Waaree Energies (WEL) is seen as better positioned due to its diversified supply chain. The company’s management expects a limited impact from the CVD, Nomura highlighted.\nShares of Balu Forge Industries gained as much as 10% to hit the session’s peak of ₹489.40 apiece, as it entered into a Memorandum of Understanding (MoU) for the supply of empty shells from its greenfield manufacturing campus in Belgaum, Karnataka.\nThe said agreement covers the complete large caliber ammunition category starting with 155 mm M107, 152 mm & 155 mm ERFB/BT variants & will be extended to 105 mm, 120 mm, 81 mm, amongst others, it said in a regulatory filing.\n“This is in line with the company’s strategy to build a strong foundation in the defence consumables space, starting with large calibre ammunition & will further expand towards medium & small calibre in the near future,” it added.\nThe stock of Xtglobal Infotech zoomed as much as 19.98% hit the day’s high of ₹33.63 per equity share, as its step-down subsidiary XTGlobal Inc bagged an order from the Texas Department of Transportation (TxDOT) for AI-enabled engineering services.\nThe work order, for a six-month program increment commencing March 16 and concluding on September 30, 2026, is valued at $796,900 (or ₹7.2 crore), payable against defined milestone-based deliverables.\nManappuram Finance shares declined as much as 4.1% to an intraday low of ₹284.45 apiece, as it announced that its CEO and key managerial personnel, Deepak Reddy, requires medical leave of absence from February 25, 2026, to travel overseas for medical treatment, for a period of 90 to 120 days, depending on the progression of the treatment.\nAbout The Author\nNext Story",
    "summary": "5 min read | Updated on February 26, 2026, 12:43 IST Shares of Balu Forge Industries gained as much as 10% to hit the session’s peak of ₹489.40 apiece, as it entered into a Memorandum of Understanding (MoU) for the supply of empty shells from its greenfield manufacturing campus in Belgaum, Karnataka. | Image: Shutterstock The Indian benchmark indices, SENSEX and NIFTY50, erased early gains to trade in the negative territory during the afternoon session on Thursday, February 26, as investors booked profits amid weak global cues.",
    "highlightText": "",
    "highlightTitle": "",
    "highlightThreadTitle": "",
    "language": "english",
    "sentiment": "negative",
    "categories": [
        "Economy, Business and Finance"
    ],
    "topics": [
        "Economy, Business and Finance->financial and economic news",
        "Economy, Business and Finance->market and exchange"
    ],
    "ai_allow": true,
    "has_canonical": false,
    "breaking": true,
    "webz_reporter": false,
    "external_links": [],
    "external_images": [],
    "internal_images": [],
    "entities": {
        "persons": [],
        "locations": [],
        "organizations": []
    },
    "syndication": {
        "syndicated": false,
        "syndicate_id": null,
        "first_syndicated": false
    },
    "trust": {
        "categories": [],
        "top_news": [],
        "bias": null,
        "source": {
            "type": null,
            "city": null,
            "state": null,
            "country": null,
            "domain_type": null,
            "agency": null,
            "organization_name": null
        }
    },
    "rating": null,
    "crawled": "2026-02-26T09:44:39.957+02:00",
    "updated": "2026-02-26T09:46:39.000+02:00"
}