{
    "thread": {
        "uuid": "388cd6a69b915a635fd7f82aeae90d424eacaba7",
        "url": "https://article.wn.com/view/2026/02/26/Telegram_messaging_app_was_fastest_growing_source_of_fraud_i/",
        "site_full": "article.wn.com",
        "site": "wn.com",
        "site_section": "https://wn.com/europe",
        "site_categories": [
            "arts, culture and entertainment",
            "media",
            "lifestyle and leisure",
            "science and technology",
            "economy, business and finance",
            "crime, law and justice",
            "politics",
            "sport"
        ],
        "section_title": "World News - Europe",
        "site_title": "World News",
        "title": "Telegram messaging app was fastest growing source of fraud in 2025, Revolut says - Worldnews.com",
        "title_full": "Telegram messaging app was fastest growing source of fraud in 2025, Revolut says - Worldnews.com",
        "published": "2026-02-26T02:00:00.000+02:00",
        "replies_count": 0,
        "participants_count": 1,
        "site_type": "news",
        "country": "US",
        "main_image": "",
        "performance_score": 0,
        "domain_rank": 8219,
        "domain_rank_updated": "2026-02-22T23:00:00.000+02:00",
        "licensing_agency": [],
        "social": {
            "facebook": {
                "likes": 0,
                "comments": 0,
                "shares": 0
            },
            "vk": {
                "shares": 0
            }
        }
    },
    "uuid": "388cd6a69b915a635fd7f82aeae90d424eacaba7",
    "url": "https://article.wn.com/view/2026/02/26/Telegram_messaging_app_was_fastest_growing_source_of_fraud_i/",
    "ord_in_thread": 0,
    "author": "System",
    "published": "2026-02-26T02:00:00.000+02:00",
    "title": "Telegram messaging app was fastest growing source of fraud in 2025, Revolut says - Worldnews.com",
    "text": "The Telegram messaging app was the fastest growing source of fraud last year, digital bank Revolut has said....\nread full story\nThe Telegram messaging app was the fastest growing source of fraud last year, digital bank Revolut has said....\nread full story",
    "summary": null,
    "highlightText": "",
    "highlightTitle": "",
    "highlightThreadTitle": "",
    "language": "english",
    "sentiment": "negative",
    "categories": [
        "Crime, Law and Justice",
        "Economy, Business and Finance"
    ],
    "topics": [
        "Crime, Law and Justice->fraud",
        "Crime, Law and Justice->cyber crime",
        "Economy, Business and Finance->financial and economic news",
        "Economy, Business and Finance->computing and information technology"
    ],
    "ai_allow": true,
    "has_canonical": false,
    "breaking": null,
    "webz_reporter": false,
    "external_links": [
        "https://www.independent.ie/irish-news/telegram-messaging-app-was-fastest-growing-source-of-fraud-in-2025-revolut-says/a1826796025.html",
        "https://independent.ie/irish-news/telegram-messaging-app-was-fastest-growing-source-of-fraud-in-2025-revolut-says/a1826796025.html"
    ],
    "external_images": [],
    "internal_images": [],
    "entities": {
        "persons": [],
        "locations": [],
        "organizations": []
    },
    "syndication": {
        "syndicated": false,
        "syndicate_id": null,
        "first_syndicated": false
    },
    "trust": {
        "categories": [
            "trusted_news"
        ],
        "top_news": [],
        "bias": "center",
        "source": {
            "type": null,
            "city": null,
            "state": null,
            "country": null,
            "domain_type": null,
            "agency": null,
            "organization_name": null
        }
    },
    "rating": null,
    "crawled": "2026-02-26T09:48:10.722+02:00",
    "updated": "2026-02-26T09:52:09.000+02:00"
}