{
    "thread": {
        "uuid": "319cbe121857047d8184d61b3d94acbdc8b395eb",
        "url": "https://en.bloomingbit.io/feed/news/106799",
        "site_full": "en.bloomingbit.io",
        "site": "bloomingbit.io",
        "site_section": "https://en.bloomingbit.io/rss.xml",
        "site_categories": [
            "science and technology",
            "economy, business and finance",
            "politics"
        ],
        "section_title": "",
        "site_title": "bloomingbit | 24 hours of breaking Crypto news, PiCK by experts",
        "title": "Fear deepens amid the bull run…margin debt hits a record high",
        "title_full": "Fear deepens amid the bull run…margin debt hits a record high",
        "published": "2026-02-26T10:07:00.000+02:00",
        "replies_count": 0,
        "participants_count": 0,
        "site_type": "news",
        "country": "KR",
        "main_image": "https://media.bloomingbit.io/PROD/news/c0b51b97-43e1-42e7-b60e-d3fdb2159d67.webp",
        "performance_score": 0,
        "domain_rank": 157362,
        "domain_rank_updated": "2026-02-22T23:00:00.000+02:00",
        "licensing_agency": [],
        "social": {
            "facebook": {
                "likes": 0,
                "comments": 0,
                "shares": 0
            },
            "vk": {
                "shares": 0
            }
        }
    },
    "uuid": "319cbe121857047d8184d61b3d94acbdc8b395eb",
    "url": "https://en.bloomingbit.io/feed/news/106799",
    "ord_in_thread": 0,
    "author": null,
    "published": "2026-02-26T10:07:00.000+02:00",
    "title": "Fear deepens amid the bull run…margin debt hits a record high",
    "text": "Summary\n- The KOSPI extended its record-high rally as the VKOSPI (KOSPI 200 Volatility Index) surged to 54.67, entering the extreme fear zone.\n- Analysts said tariff uncertainty under the Trump administration and the question of product-specific semiconductor tariffs could increase share-price volatility in related stocks.\n- Retail investors‚Äô debt-fueled buying pushed outstanding margin loans to a record KRW 32.134 trillion, which could become a selling wave and deepen market declines if a correction sets in.\nForecast Trend Report by Period\nFear gauge tops 50\nEnters the ‚Äòextreme fear‚Äô zone\nMargin debt at KRW 32tn‚Ä¶risk of a selling wave if a correction hits\nAs the KOSPI extends its record-high rally day after day, the so-called ‚Äúfear gauge,‚Äù which reflects investor anxiety, is surging. With margin trading‚Äîoften dubbed ‚Äúdebt-fueled investing‚Äù‚Äîalso swelling to an all-time high, concerns are growing that it could become a trigger that amplifies stock-market volatility.\nAccording to the Korea Exchange on the 26th, the VKOSPI (KOSPI 200 Volatility Index), a barometer of volatility in the domestic market, jumped 10.29% to 54.67. It has risen for eight straight sessions. Based on KOSPI 200 option prices, the index estimates how much the benchmark may fluctuate a month ahead. Readings above 50 are typically interpreted as the ‚Äúextreme fear‚Äù zone.\nBrokerage analysts point to the burden of the KOSPI‚Äôs sharp short-term rise and tariff uncertainty under the Trump administration in the United States as factors stoking market jitters. In particular, after the U.S. Supreme Court ruled the reciprocal tariffs illegal, there is speculation that President Donald Trump could target semiconductors‚Äîwhere product-specific tariff rates have yet to be set‚Äîas he overhauls the tariff framework. Kim Ji-hyun, an analyst at Daol Investment & Securities, said, ‚ÄúDepending on whether semiconductor product tariffs are imposed, volatility in related stocks could increase.‚Äù\nAnother factor fanning volatility is retail investors‚Äô heavy enthusiasm for leveraging up to ride the blockbuster rally. The Financial Investment Association reported that as of the 25th, outstanding margin loans stood at KRW 32.134 trillion, the highest on record. The total has risen in a steep uptrend alongside the index surge, with the scale of debt-fueled investing up nearly 18% from the start of the year. Outstanding margin loans refer to funds retail investors have borrowed from brokerages to buy shares and have yet to repay.\nFor some small- and mid-cap stocks, margin loans account for as much as 7‚Äì9% of total listed shares. In the KOSPI market, Samyoung had the highest margin-loan ratio at 8.74%, followed by Hannong Chemical (8.02%), YG PLUS (7.48%) and Hanshin Machinery (7.43%). In the KOSDAQ market, the figures were led by Biosmart (9.34%), J2 Power (9.21%) and SY Steeltech (8.74%).\nExperts warn that when the price of shares bought on margin falls below a certain level, it can quickly lead to forced liquidation, underscoring the need for caution. An industry official said, ‚ÄúIf the market enters a correction, outstanding margin loans could turn into a wave of selling,‚Äù adding that ‚Äúit could amplify declines across the broader market.‚Äù\nReporter Ryu Eun-hyuk ehryu@hankyung.com\nKorea Economic Daily\nhankyung@bloomingbit.ioThe Korea Economic Daily Global is a digital media where latest news on Korean companies, industries, and financial markets.",
    "summary": "- Retail investors‚Äô debt-fueled buying pushed outstanding margin loans to a record KRW 32.134 trillion, which could become a selling wave and deepen market declines if a correction sets in. Brokerage analysts point to the burden of the KOSPI‚Äôs sharp short-term rise and tariff uncertainty under the Trump administration in the United States as factors stoking market jitters. The total has risen in a steep uptrend alongside the index surge, with the scale of debt-fueled investing up nearly 18% from the start of the year.",
    "highlightText": "",
    "highlightTitle": "",
    "highlightThreadTitle": "",
    "language": "english",
    "sentiment": "negative",
    "categories": [
        "Economy, Business and Finance"
    ],
    "topics": [
        "Economy, Business and Finance->financial and economic news",
        "Economy, Business and Finance->market and exchange"
    ],
    "ai_allow": true,
    "has_canonical": false,
    "breaking": false,
    "webz_reporter": false,
    "external_links": [],
    "external_images": [],
    "internal_images": [],
    "entities": {
        "persons": [
            {
                "name": "Trump",
                "sentiment": "none"
            }
        ],
        "locations": [],
        "organizations": [
            {
                "name": "KOSPI",
                "sentiment": "none",
                "tickers": [
                    {
                        "ticker": null,
                        "exchange": null
                    }
                ]
            }
        ]
    },
    "syndication": {
        "syndicated": false,
        "syndicate_id": null,
        "first_syndicated": false
    },
    "trust": {
        "categories": [],
        "top_news": [],
        "bias": null,
        "source": {
            "type": null,
            "city": null,
            "state": null,
            "country": null,
            "domain_type": null,
            "agency": null,
            "organization_name": null
        }
    },
    "rating": null,
    "crawled": "2026-02-26T10:25:29.888+02:00",
    "updated": "2026-02-26T10:26:22.000+02:00"
}