{
    "thread": {
        "uuid": "77a895c8fc8352e0fe4069229312702df123bce7",
        "url": "https://www.peoplematters.in/news/technology/more-than-40-of-agentic-ai-initiatives-to-fail-within-three-years-gartner-46115",
        "site_full": "www.peoplematters.in",
        "site": "peoplematters.in",
        "site_section": "https://peoplematters.in/categories",
        "site_categories": [
            "uncategorized"
        ],
        "section_title": "People Matters - Category &mdash; People Matters",
        "site_title": "People Matters - Interstitial Site &mdash; People Matters",
        "title": "News: More than 40% of agentic AI initiatives to fail within three years: Gartner - People Matters",
        "title_full": "News: More than 40% of agentic AI initiatives to fail within three years: Gartner - People Matters",
        "published": "2025-06-26T08:15:52.500+03:00",
        "replies_count": 0,
        "participants_count": 1,
        "site_type": "news",
        "country": "IN",
        "main_image": "https://res.cloudinary.com/people-matters/image/upload/q_auto,f_auto/v1750904269/1750904266.jpg",
        "performance_score": 0,
        "domain_rank": 45129,
        "domain_rank_updated": "2025-06-03T00:00:00.000+03:00",
        "licensing_agency": [],
        "social": {
            "facebook": {
                "likes": 0,
                "comments": 0,
                "shares": 0
            },
            "vk": {
                "shares": 0
            }
        }
    },
    "uuid": "77a895c8fc8352e0fe4069229312702df123bce7",
    "url": "https://www.peoplematters.in/news/technology/more-than-40-of-agentic-ai-initiatives-to-fail-within-three-years-gartner-46115",
    "ord_in_thread": 0,
    "author": "People Matters Media Pvt. Ltd.",
    "published": "2025-06-26T08:15:52.500+03:00",
    "title": "News: More than 40% of agentic AI initiatives to fail within three years: Gartner - People Matters",
    "text": "Despite the surge in interest and investment, more than 40% of agentic artificial intelligence (AI) projects will be scrapped by the end of 2027, according to a new study released by global research and advisory firm Gartner. The findings signal a stark reality check for businesses caught up in the AI race, highlighting rising costs, a lack of measurable value, and unresolved security concerns as the primary reasons for early-stage failures.\nThe report, based on a January 2025 survey of 3,412 webinar attendees, reflects growing scepticism and caution among organisations pursuing this emerging AI technology , which refers to intelligent software systems capable of making decisions and executing actions autonomously with minimal human input.\n“Most agentic AI projects right now are early-stage experiments or proofs of concept that are mostly driven by hype and are often misapplied,” said Anushree Verma, Senior Director Analyst at Gartner. “This can blind organisations to the real cost and complexity of deploying AI agents at scale, stalling projects from moving into production. They need to cut through the hype to make careful, strategic decisions about where and how they apply this emerging technology.”\nGartner’s survey revealed varied levels of commitment to agentic AI across the enterprise spectrum. While 19% of organisations had already made significant investments, 42% reported conservative engagement, and 31% remained undecided or cautious, opting for a wait-and-watch strategy. A further 8% indicated no current investment plans at all.\nThis diversity in approach reflects both the potential and the pitfalls of agentic AI. While it holds the promise of transforming decision-making processes and automating complex business operations, the road to adoption is fraught with technical, ethical, and organisational challenges.\nA major concern raised in the report was the phenomenon of \"agent washing\"—a marketing tactic where vendors rebrand existing technologies like chatbots, robotic process automation (RPA) tools, or simple AI assistants as “agentic AI” to capitalise on the trend.\nGartner estimates that only around 130 of the thousands of self-proclaimed agentic AI vendors are delivering truly advanced capabilities. This over-saturation of the market with underdeveloped or mislabelled products is making it difficult for enterprise buyers to discern substance from spin.\n“There's a real danger of enterprises being misled by inflated claims,” Verma warned. “Not every tool labelled as an ‘AI agent’ offers genuine autonomy or decision-making capabilities.”\nDespite the anticipated cancellations, the long-term outlook for agentic AI remains promising. Gartner projects that by 2028, at least 15% of day-to-day business decisions will be made autonomously through agentic AI —up from 0% in 2024. Moreover, the share of enterprise software applications integrating agentic AI is expected to reach 33% by 2028, up from less than 1% currently.\nThese figures suggest that while the present moment may be marked by overreach and misapplication, the technology is still maturing and could have a substantial impact on how businesses operate within the next five years.\nFor enterprises looking to future-proof their operations, Gartner advises a measured, strategic approach: begin with small, high-impact use cases, build internal expertise, and remain wary of vendor promises that outpace current capabilities. The goal is not just automation, but trusted autonomy—AI systems that are not only intelligent but reliable, secure, and transparent.",
    "highlightText": "",
    "highlightTitle": "",
    "highlightThreadTitle": "",
    "language": "english",
    "sentiment": "negative",
    "categories": [
        "Science and Technology",
        "Economy, Business and Finance",
        "Social Issue"
    ],
    "topics": [
        "Science and Technology->technology and engineering",
        "Science and Technology->scientific research",
        "Science and Technology->information technology and computer science",
        "Economy, Business and Finance->financial and economic news",
        "Economy, Business and Finance->business strategy and marketing",
        "Economy, Business and Finance->computing and information technology",
        "Social Issue->social problem",
        "Social Issue->social networking"
    ],
    "ai_allow": true,
    "has_canonical": false,
    "breaking": false,
    "webz_reporter": false,
    "external_links": [],
    "entities": {
        "persons": [
            {
                "name": "Anushree Verma",
                "sentiment": "none"
            }
        ],
        "locations": [],
        "organizations": [
            {
                "name": "Gartner",
                "sentiment": "negative",
                "tickers": []
            }
        ]
    },
    "syndication": {
        "syndicated": false,
        "syndicate_id": null,
        "first_syndicated": false
    },
    "trust": {
        "categories": [],
        "top_news": [],
        "bias": null
    },
    "rating": null,
    "crawled": "2025-06-26T08:15:52.500+03:00",
    "updated": "2025-06-26T05:19:34.000+00:00"
}