{
    "thread": {
        "uuid": "e41960c0faf864fba487fd617bba417600eab88f",
        "url": "https://www.dawn.com/news/1920151/budget-2025-26-fbr-under-fire-over-smuggling-graft-allegations",
        "site_full": "www.dawn.com",
        "site": "dawn.com",
        "site_section": "https://www.golf.einnews.com/live_feed",
        "site_categories": [
            "media",
            "top_news_in",
            "top_news_pk",
            "top_news_ae",
            "top_news_qa",
            "top_news_sa",
            "top_news"
        ],
        "section_title": "Live Feed Wire - Golf News Today - EIN Presswire",
        "site_title": "Home - DAWN.COM",
        "title": "Budget 2025-26: FBR under fire over smuggling, graft allegations",
        "title_full": "Budget 2025-26: FBR under fire over smuggling, graft allegations",
        "published": "2025-06-26T06:25:00.000+03:00",
        "replies_count": 0,
        "participants_count": 1,
        "site_type": "news",
        "country": "PK",
        "main_image": "https://i.dawn.com/large/2025/06/26095641330188f.jpg?r=095646",
        "performance_score": 0,
        "domain_rank": 3050,
        "domain_rank_updated": "2025-06-03T00:00:00.000+03:00",
        "licensing_agency": [],
        "social": {
            "facebook": {
                "likes": 0,
                "comments": 0,
                "shares": 0
            },
            "vk": {
                "shares": 0
            }
        }
    },
    "uuid": "e41960c0faf864fba487fd617bba417600eab88f",
    "url": "https://www.dawn.com/news/1920151/budget-2025-26-fbr-under-fire-over-smuggling-graft-allegations",
    "ord_in_thread": 0,
    "author": "Iftikhar A. Khan",
    "published": "2025-06-26T06:25:00.000+03:00",
    "title": "Budget 2025-26: FBR under fire over smuggling, graft allegations",
    "text": "• NA set to pass federal budget today with amendments\n• Omar Ayub labels budget ‘dead on arrival’, slams inflation claims\n• Rs4.8tr in grants approved for four ministries\n• Finance minister claims macroeconomic stability restored\nISLAMABAD: The Federal Board of Revenue (FBR) came under fire in the National Assembly on Wednesday over allegations of collusion with smugglers and tax evaders, as the House paved the way for the federal budget’s passage today (Thursday).\nThe budget, presented on June 10, is now set to pass with previously agreed-upon amendments.\nOn Wednesday, the National Assembly completed the process of approving demands for grants to cover the expenses of various ministries and divisions.\nIt approved 31 demands for grants totalling Rs4.814 trillion for four ministries and divisions —Finance and Revenue, Human Rights, Interior, and National Food Security — while rejecting all 430 cut motions submitted by the opposition.\nLeader of the Opposition Omar Ayub Khan, speaking during the debate on budgetary allocations for the Finance Division, alleged that oil worth Rs550 billion is smuggled from Iran every year.\nHe wondered how around 200 heavy vehicles manage to cross more than two dozen bridges daily without being intercepted, implying official complicity. Describing the FBR as “one of the most corrupt institutions”, he opposed proposals to grant it arrest powers.\nHe rejected the budget as “dead on arrival” and dismissed government claims of reducing inflation. He said the purchasing power of the masses continues to shrink and lamented that 44 per cent of citizens had slipped below the poverty line.\nHe accused the government of signing flawed power purchase agreements with independent power producers (IPPs) between 2013 and 2018, saying capacity payments had soared from Rs450bn in 2018 to Rs 2.2tr.\n“This regime is responsible,” he said, adding that 97pc of the fiscal deficit would be financed through bank borrowing, benefiting the owners of four private banks.\nJUI-F’s Aliya Kamran voiced alarm over the ballooning national debt, noting it had swelled to Rs76tr by March — more than four times the entire budget. On tax evasion, she said the FBR’s system was weak and lacked accountability. “Tax frauds are made with the help of FBR officials,” she alleged.\nPTI’s Usama Ahmad Mela criticised the government’s reliance on indirect taxes, including the imposition of a carbon tax amid rising oil prices, instead of reducing the petroleum levy. He questioned the rationale behind taxing hybrid vehicles if the state was serious about promoting eco-friendly alternatives and demanded the reversal of the decision.\nHe also condemned the government’s policy of exporting and then re-importing 750,000 tonnes of sugar, saying it had led to a Rs50 per kilogram price hike. “If we continue surrendering to pressure groups and lobbies, we should forget about public relief,” he said.\nHe warned that allowing the FBR to make unlimited contract-based recruitments and leaving small business owners at its mercy would open floodgates of corruption.\nJUI-P’s Shahida Begum criticised the FBR’s inaction in the face of disclosures about public officials owning large, undeclared properties, and opposed proposed powers allowing it to arrest businessmen.\nPTI’s Shandana Gulzar challenged government claims of growth in the livestock sector, pointing out that the last livestock census was held in 2006. She accused the government of peddling falsehoods and pursuing anti-people policies, adding: “We are sowing the seeds of revolution in Pakistan.”\n‘Macroeconomic stability’\nWinding up the discussion on cut motions on demands for grants relating to the Finance and Revenue Division, Finance Minister Muhammad Aurangzeb claimed that macroeconomic stability had been restored.\nHe cited improvements in economic indicators, including a stable currency, increased foreign reserves sufficient to cover two and a half months of imports, and reduced inflation and policy rates. “These are hard facts, independently validated by rating agencies,” he said. He said investor, business and consumer confidence had improved over the past four to five months, citing a Dun & Bradstreet survey indicating the highest consumer confidence since 2022.\nOn FBR corruption, he said digitisation was meant to ensure transparency and minimise human involvement, which he called the most effective way to reduce graft.\nConcluding debate on cut motions related to the Human Rights Division, Minister Azam Nazeer Tarar highlighted that the National Commission for Human Rights Pakistan had, for the first time, received “A” status from a cluster of global human rights organisations. He said effective legislation had been enacted to protect the rights of women, children, and minorities.\nMeanwhile, Minister of State for Interior Talal Chaudhry stated that Pakistan’s passports have been upgraded with international security features to prevent forgery. He added that airports and seaports are now integrated with AI systems to ensure that no person can leave the country without a valid visa and the necessary legal documents.\nPublished in Dawn, June 26th, 2025",
    "highlightText": "",
    "highlightTitle": "",
    "highlightThreadTitle": "",
    "language": "english",
    "sentiment": "negative",
    "categories": [
        "Economy, Business and Finance",
        "Politics",
        "Social Issue"
    ],
    "topics": [
        "Economy, Business and Finance->financial and economic news",
        "Politics->economic policy",
        "Politics->political process",
        "Politics->government budget",
        "Social Issue->demographics",
        "Social Issue->social condition",
        "Social Issue->social problem"
    ],
    "ai_allow": true,
    "has_canonical": false,
    "breaking": null,
    "webz_reporter": false,
    "external_links": [],
    "entities": {
        "persons": [
            {
                "name": "Omar Ayub Khan",
                "sentiment": "none"
            }
        ],
        "locations": [],
        "organizations": [
            {
                "name": "National Assembly",
                "sentiment": "none",
                "tickers": []
            },
            {
                "name": "House",
                "sentiment": "none",
                "tickers": []
            }
        ]
    },
    "syndication": {
        "syndicated": false,
        "syndicate_id": null,
        "first_syndicated": false
    },
    "trust": {
        "categories": [],
        "top_news": [
            "top_news_in",
            "top_news_pk",
            "top_news_ae",
            "top_news_qa",
            "top_news_sa",
            "top_news"
        ],
        "bias": "right"
    },
    "rating": null,
    "crawled": "2025-06-26T09:54:48.805+03:00",
    "updated": "2025-06-27T07:09:33.000+00:00"
}