{
    "thread": {
        "uuid": "e57cbc5c04fad84cfd30b0ecad1ee37ba5030af9",
        "url": "https://www.newindianexpress.com/business/2024/Dec/27/rupee-continues-to-decline-for-third-consecutive-session-hits-low-of-8526",
        "site_full": "www.newindianexpress.com",
        "site": "newindianexpress.com",
        "site_section": "https://newindianexpress.com/feed",
        "site_categories": [
            "media",
            "top_news_in",
            "top_news_qa",
            "top_news"
        ],
        "section_title": "newindianexpress",
        "title": "Rupee continues to decline for third consecutive session, hits low of 85.26",
        "title_full": "Rupee continues to decline for third consecutive session, hits low of 85.26",
        "published": "2024-12-26T23:56:00.000+02:00",
        "replies_count": 0,
        "participants_count": 1,
        "site_type": "news",
        "country": "IN",
        "main_image": "https://media.assettype.com/newindianexpress%2F2024-12-19%2Fkxprr9oy%2FANI_20241219060256.jpg?rect=0%2C82%2C600%2C315&amp;w=1200&amp;ar=40%3A21&amp;auto=format%2Ccompress&amp;ogImage=true&amp;mode=crop&amp;enlarge=true&amp;overlay=false&amp;overlay_position=bottom&amp;overlay_width=100",
        "performance_score": 0,
        "domain_rank": 3244,
        "domain_rank_updated": "2024-12-23T23:00:00.000+02:00",
        "social": {
            "facebook": {
                "likes": 0,
                "comments": 0,
                "shares": 0
            },
            "vk": {
                "shares": 0
            }
        }
    },
    "uuid": "e57cbc5c04fad84cfd30b0ecad1ee37ba5030af9",
    "url": "https://www.newindianexpress.com/business/2024/Dec/27/rupee-continues-to-decline-for-third-consecutive-session-hits-low-of-8526",
    "ord_in_thread": 0,
    "parent_url": null,
    "author": "Benn Kochuveedan",
    "published": "2024-12-26T23:56:00.000+02:00",
    "title": "Rupee continues to decline for third consecutive session, hits low of 85.26",
    "text": "MUMBAI: The rupee continued to bleed for the third consecutive day on Thursday, pressured by a firm dollar and importers’ month-end dollar demand. At the end of the market hours, the currency lost 6 paise against the dollar at 85.2625 from 85.20 in the previous session and had an all-time low of 85.2825 intra-day.\nA trader said importers were very active in the market, though trading volume was relatively low as the year-end is nearing. It can be noted that the rupee’s drop to 85 from 84 happened over two months, while the decline to 84 from 83 took nearly 14 months.\nYet in terms of the real effective exchange rate (REER) at over 108.14 in November, or its value relative to multiple foreign currencies after adjusting for inflation, it is still at record high as its pair currencies have lost much more than the rupee.\nSince slipping below 84 in mid-October, the rupee has been falling gradually amid growth slowdown, massive foreign outflows (over $12 billion in a month), worries over US president-elect Donald Trump’s trade policies and a hawkish Federal Reserve.\nHowever, persistent interventions from the Reserve Bank have kept the rupee’s decline in check. According to RBI, it has sold more than $47 billion in October alone to defend the rupee.\nAccording to the RBI bulletin for December, the Reserve Bank net sold $9.28 billion in the spot forex market in October while the net outstanding forward sale stood at $49.18 billion compared to the net sale of $14.58 billion in September.\nThe central bank said it purchased $27.5 billion and sold $36.78 billion during October. As against this the central bank has bought a net of $9.64 billion in the spot market in September. It can be noted that October was the most volatile month for the rupee which began with foreign funds starting a selling spree of domestic equities and then Donald Trump winning the US presidential polls only added to the pain for the currency.",
    "highlightText": "",
    "highlightTitle": "",
    "highlightThreadTitle": "",
    "language": "english",
    "sentiment": "negative",
    "categories": [
        "Economy, Business and Finance"
    ],
    "topics": [
        "Economy, Business and Finance->financial and economic news",
        "Economy, Business and Finance->macro economics",
        "Economy, Business and Finance->foreign exchange market"
    ],
    "ai_allow": true,
    "has_canonical": false,
    "webz_reporter": false,
    "external_links": [],
    "external_images": [],
    "entities": {
        "persons": [
            {
                "name": "Donald Trump",
                "sentiment": "none"
            }
        ],
        "organizations": [
            {
                "name": "Federal Reserve",
                "sentiment": "none"
            }
        ],
        "locations": []
    },
    "syndication": {
        "syndicated": false,
        "syndicate_id": null,
        "first_syndicated": false
    },
    "rating": null,
    "crawled": "2024-12-27T05:01:11.378+02:00",
    "updated": "2024-12-27T05:01:11.378+02:00"
}