{
    "thread": {
        "uuid": "3bbfa54bebfd87bb5515d86a2ce9a8d7457870a1",
        "url": "https://sjvsun.com/u-s/cfpb-sues-walmart-for-illegally-opening-bank-accounts",
        "site_full": "sjvsun.com",
        "site": "sjvsun.com",
        "site_section": "https://www.sjvsun.com",
        "site_categories": [
            "media"
        ],
        "section_title": "The San Joaquin Valley Sun - Central Valley breaking news, sports, lifestyle, and agriculture",
        "title": "CFPB sues Walmart for illegally opening bank accounts",
        "title_full": "CFPB sues Walmart for illegally opening bank accounts",
        "published": "2024-12-26T20:30:00.000+02:00",
        "replies_count": 0,
        "participants_count": 1,
        "site_type": "news",
        "country": "US",
        "main_image": "",
        "performance_score": 0,
        "domain_rank": 118476,
        "domain_rank_updated": "2024-12-23T23:00:00.000+02:00",
        "social": {
            "facebook": {
                "likes": 0,
                "comments": 0,
                "shares": 0
            },
            "vk": {
                "shares": 0
            }
        }
    },
    "uuid": "3bbfa54bebfd87bb5515d86a2ce9a8d7457870a1",
    "url": "https://sjvsun.com/u-s/cfpb-sues-walmart-for-illegally-opening-bank-accounts",
    "ord_in_thread": 0,
    "parent_url": null,
    "author": "Reid Stone",
    "published": "2024-12-26T20:30:00.000+02:00",
    "title": "CFPB sues Walmart for illegally opening bank accounts",
    "text": "The Consumer Financial Protection Bureau (CFPB) filed a lawsuit against Walmart and fintech company Branch Messenger for allegedly compelling over a million delivery workers to utilize costly deposit accounts to access their paychecks.\nThe big picture: The lawsuit alleges that Walmart and Branch Messenger opened unauthorized deposit accounts for Walmart’s drivers, utilizing their personal information such as Social Security numbers.\nThese accounts were the only option for depositing the pay of Walmart’s Spark Drivers, who are classified as independent contractors responsible for delivering packages. Zoom in: According to the complaint, Walmart informed workers that not using the Branch accounts could result in job loss and accessing their earnings involved a complex process, causing significant delays despite promises of instant access to pay.\nThe lawsuit claims that the drivers collectively paid $10 million in “junk fees” to transfer their wages into other bank accounts. CFPB Director Rohit Chopra emphasized that companies cannot force workers to use accounts that deplete their earnings with excessive fees. The other side: In response to the CFPB’s claims, Walmart denied the allegations and vowed to vigorously defend itself in court, accusing the CFPB of factual errors and misstatements of settled legal principles.\nWalmart expressed dissatisfaction with the rushed investigation by CFPB and looked forward to presenting its case in court. Additionally, CFPB accused Branch Messenger of misleading advertising and failure to address errors. Branch denied these allegations and highlighted its provision of quick and easy fund access. The company criticized the lawsuit as more about seeking media attention than protecting workers, arguing that it had cooperated extensively with the investigation.",
    "highlightText": "",
    "highlightTitle": "",
    "highlightThreadTitle": "",
    "language": "english",
    "sentiment": "negative",
    "categories": [
        "Economy, Business and Finance"
    ],
    "topics": [
        "Economy, Business and Finance->business governance",
        "Economy, Business and Finance->financial and economic news"
    ],
    "ai_allow": true,
    "has_canonical": false,
    "webz_reporter": false,
    "external_links": [],
    "external_images": [],
    "entities": {
        "persons": [
            {
                "name": "Rohit Chopra",
                "sentiment": "none"
            }
        ],
        "organizations": [
            {
                "name": "Consumer Financial Protection Bureau",
                "sentiment": "none"
            },
            {
                "name": "Walmart",
                "sentiment": "none"
            }
        ],
        "locations": []
    },
    "syndication": {
        "syndicated": false,
        "syndicate_id": null,
        "first_syndicated": false
    },
    "rating": null,
    "crawled": "2024-12-27T05:59:37.581+02:00",
    "updated": "2024-12-27T05:59:37.581+02:00"
}