{
    "thread": {
        "uuid": "7c9106b3bc94bfd87a965547370200ef6967c901",
        "url": "https://totalnews.com/hochul-signs-ny-law-that-charges-75b-to-oil-gas-and-coal-companies-for-climate-change",
        "site_full": "totalnews.com",
        "site": "totalnews.com",
        "site_section": "https://www.totalnews.com",
        "site_categories": [],
        "section_title": "Home | Total News",
        "title": "Hochul signs NY law that charges $75B to oil, gas and coal companies for climate change",
        "title_full": "Hochul signs NY law that charges $75B to oil, gas and coal companies for climate change",
        "published": "2024-12-26T23:20:00.000+02:00",
        "replies_count": 0,
        "participants_count": 1,
        "site_type": "news",
        "country": "",
        "main_image": "",
        "performance_score": 0,
        "domain_rank": 156140,
        "domain_rank_updated": "2024-12-23T23:00:00.000+02:00",
        "social": {
            "facebook": {
                "likes": 0,
                "comments": 0,
                "shares": 0
            },
            "vk": {
                "shares": 0
            }
        }
    },
    "uuid": "7c9106b3bc94bfd87a965547370200ef6967c901",
    "url": "https://totalnews.com/hochul-signs-ny-law-that-charges-75b-to-oil-gas-and-coal-companies-for-climate-change",
    "ord_in_thread": 0,
    "parent_url": null,
    "author": "pizanowebdesign@gmail.com",
    "published": "2024-12-26T23:20:00.000+02:00",
    "title": "Hochul signs NY law that charges $75B to oil, gas and coal companies for climate change",
    "text": "Gov. Kathy Hochul approved a controversial law that would cost the state a staggering $75 billion for oil, natural gas and coal companies that contribute to carbon emissions and climate change.\nBut critics say the law is unenforceable, likely to be challenged in court, and ultimately only increases the burden on customers.\n“What do you want them to do? Don't sell fuel in New York state,” said Ken Pokalski, vice president of the New York State Business Council, who opposed the measure.\nThe $75 billion bill is for carbon dioxide emissions, which are blamed for contributing to climate change. Pacific Press/LightRocket (via Getty Images) The New York Climate Superfund is modeled after a federal law that holds polluters accountable for abandoned toxic waste sites, supporters said.\nThe money collected from oil companies over 24 years will go toward resilience projects such as coastal protection and flood mitigation.\n“This bill would allow states to recover $75 billion from major polluters,” Hochul said Thursday in a message approving the bill.\nHe said energy companies are responsible for emitting 1 billion tons of greenhouse gases into New York's atmosphere.\n“For too long, New Yorkers have been paying the price of the climate crisis, which is impacting every region of our state,” Hochul said, citing extreme storms as an example.\nThe governor said oil companies should pay for it.\nAn analysis conducted by the bill's sponsors, state Sen. Liz Krueger (D-Manhattan) and Rep. Jeffrey Dinowitz (D-Bronx), and obtained by the Post in August, found that foreign and U.S. companies It was shown that the total amount would be approximately $3 billion per year. 25 years.\nHochul said energy companies are responsible for 1 billion tons of greenhouse gas emissions. Getty Images Saudi Arabian oil giant Saudi Aramco could face the highest annual assessment of any company ($640 million annually) for emitting 31.269 billion tons of greenhouse gases from 2000 to 2020. There is sex.\nAramco (officially known as Saudi Arabian Oil Company) is owned by the Saudi royal family.\nMexico's national oil company Petroleos Mexicanos (Pemex) could be assessed $193 million for emitting 9,512 tons of CO2 and producing 9.512 billion tons of greenhouse gases.\nRussia's Lukoil could be assessed a $100 million annual fee for emitting 4.912 billion CO2 emissions.\nThe 38 companies identified as carbon polluters include U.S. oil giants such as Exxon and Chevron, as well as Britain's Shell and BP, France's Total Energies IES, Brazil's Petrobras, Australia's BHP, Switzerland's Glencore and Norway. These include Equinor of India and ENI of India. Italy.\nOil industry representatives said the new law is a declaration of war against the companies that provide energy and power to New York.\nOn Dec. 5, more than 30 energy companies and business advocates sent a letter to Hochul urging him to veto the bill.\nMr. Hochul believes that companies will bear the cost. Light Rocket (via Getty Images) “This law is bad public policy that raises serious implementation questions and constitutional concerns. Moreover, its $75 billion price tag will have unintended consequences and increased costs for households and businesses. '' said the letter, co-signed by the Business Council, American Petroleum Institute Northeast Region, National Fuel and Gas Company, and others.\nIt's a double whammy for businesses and drivers who will now have to pay a new minimum $9 congestion fee to enter midtown Manhattan, advocates wrote.\n“We also note that this action follows the reinstatement of congestion pricing in New York City and precedes the Department of the Environment’s pending ‘cap-and-investment’ rule, which collectively It would impose $1 billion in new fossil valuations that would increase fuel use and impact a wide range of consumers,'' opponents of the bill said.\nA former state energy utility regulator questioned whether the law would survive legal challenges.\n“I think both companies will get a favorable hearing in federal court,” said John Howard, former chairman of the state Civil Service Commission.\nHe also wondered how New York State would raise money from foreign companies such as Saudi Aramco and Russia's Lukoil.\nThe new law was supported by climate change activists such as the Sierra Club and New York State Environmental Advocates.",
    "highlightText": "",
    "highlightTitle": "",
    "highlightThreadTitle": "",
    "language": "english",
    "sentiment": "negative",
    "categories": [
        "Politics",
        "Economy, Business and Finance"
    ],
    "topics": [
        "Politics->government policy",
        "Politics->economic policy",
        "Politics->environmental policy",
        "Economy, Business and Finance->business governance",
        "Economy, Business and Finance->financial and economic news",
        "Economy, Business and Finance->economy"
    ],
    "ai_allow": true,
    "has_canonical": false,
    "webz_reporter": false,
    "external_links": [],
    "external_images": [],
    "entities": {
        "persons": [
            {
                "name": "Kathy Hochul",
                "sentiment": "none"
            },
            {
                "name": "Ken Pokalski",
                "sentiment": "none"
            }
        ],
        "organizations": [
            {
                "name": "New York State Business Council",
                "sentiment": "none"
            }
        ],
        "locations": []
    },
    "syndication": {
        "syndicated": false,
        "syndicate_id": null,
        "first_syndicated": false
    },
    "rating": null,
    "crawled": "2024-12-27T04:32:58.171+02:00",
    "updated": "2024-12-27T04:32:58.171+02:00"
}