{
    "thread": {
        "uuid": "a0dd97059b0baa41c0dfdfd5312ad4d71fc03f72",
        "url": "https://www.businesstimes.com.sg/international/inflation-japans-capital-accelerates-keeps-rate-hike-prospects-intact",
        "site_full": "www.businesstimes.com.sg",
        "site": "businesstimes.com.sg",
        "site_section": "https://www.moneyfm893.sg",
        "site_categories": [
            "media",
            "financial_news",
            "finance"
        ],
        "section_title": "MONEY FM 89.3 - Singapore's First Business and Personal Finance Radio Station",
        "title": "Inflation in Japan's capital accelerates, keeps rate hike prospects intact",
        "title_full": "Inflation in Japan's capital accelerates, keeps rate hike prospects intact",
        "published": "2024-12-26T20:53:00.000+02:00",
        "replies_count": 0,
        "participants_count": 0,
        "site_type": "news",
        "country": "SG",
        "main_image": "https://cassette.sphdigital.com.sg/image/businesstimes/1546afb0270e2d0620c2d004cc390b50ec5d644232a0a7e102debdbd873d2cbb",
        "performance_score": 0,
        "domain_rank": 5018,
        "domain_rank_updated": "2024-12-23T23:00:00.000+02:00",
        "social": {
            "facebook": {
                "likes": 0,
                "comments": 0,
                "shares": 0
            },
            "vk": {
                "shares": 0
            }
        }
    },
    "uuid": "a0dd97059b0baa41c0dfdfd5312ad4d71fc03f72",
    "url": "https://www.businesstimes.com.sg/international/inflation-japans-capital-accelerates-keeps-rate-hike-prospects-intact",
    "ord_in_thread": 0,
    "parent_url": null,
    "author": null,
    "published": "2024-12-26T20:53:00.000+02:00",
    "title": "Inflation in Japan's capital accelerates, keeps rate hike prospects intact",
    "text": "Inflation in Japan’s capital accelerates, keeps rate hike prospects intact\nCORE inflation in Japan’s capital accelerated in December while services inflation held steady, data showed on Friday (Dec 27), keeping alive market expectations for a near-term interest rate hike.\nBut factory output fell in November for the first time in three months, suggesting that softening overseas demand was taking a toll on the export-reliant economy.\nThe data will be among factors the Bank of Japan (BOJ) will scrutinise at its next policy meeting on Jan 23 to 24, when some analysts expect it to hike short-term interest rates.\nThe Tokyo core consumer price index (CPI), which excludes volatile fresh food costs, rose 2.4 per cent in December from a year earlier, compared with a median market forecast for a 2.5 per cent gain. It followed a 2.2 per cent year-on-year rise in November.\nAnother index that strips away both fresh food and fuel costs, which is closely watched by the BOJ as a better gauge of demand-driven inflation, rose 1.8 per cent in December from a year earlier after increasing 1.9 per cent in November, the data showed.\nService-sector prices rose 1.0 per cent in December after a 0.9 per cent gain in November, underscoring the BOJ’s view that sustained wage gains are prodding firms to charge more for services.\nBT in your inbox\nStart and end each day with the latest news stories and analyses delivered straight to your inbox.\n“There’s a chance higher wages will be passed onto services prices, which is positive for the BOJ in normalising policy,” said Masato Koike, senior economist at Sompo Institute Plus.\nThe Tokyo inflation data, considered a leading indicator of nationwide trends, is closely watched by policymakers for clues on how much progress Japan is making towards durably meeting the BOJ’s 2 per cent inflation target – a prerequisite for more rate hikes.\nBut some analysts saw signs of weakness in Japan’s economy and price momentum that could delay the BOJ’s rate-hike timing.\nThe increase in Tokyo inflation was driven largely by higher utility bills and the price of food such as rice, which could weigh on consumption and discourage firms from hiking prices further.\nSeparate data released on Friday showed factory output fell 2.3 per cent in November from the previous month due to shrinking production of chip equipment and automobile, casting doubt on the strength of Japan’s fragile economic recovery.\n“When stripping away the effect of rising utility bills, there’s no sign of strength in inflation,” said Toru Suehiro, chief economist at Daiwa Securities, who expects the BOJ to hold off on raising rates in January.\nThe BOJ ended negative interest rates in March and raised its short-term policy rate to 0.25 per cent in July on the view Japan was making steady progress on meeting its inflation goal.\nThe BOJ has held rates steady since then, including at last week’s meeting. Governor Kazuo Ueda said he preferred to wait for more data to gauge next year’s wage momentum and for clarity on the incoming US administration’s policy before hiking again.\nAll respondents in a Reuters poll published earlier this month expected the BOJ to hike interest rates to 0.5 per cent by March next year. Its decision to keep rates steady this month has heightened market attention on whether a hike would come at its next meeting on Jan 23 to 24, or a subsequent rate review on Mar 18 to 19. REUTERS\nShare with us your feedback on BT's products and services",
    "highlightText": "",
    "highlightTitle": "",
    "highlightThreadTitle": "",
    "language": "english",
    "sentiment": "negative",
    "categories": [
        "Economy, Business and Finance"
    ],
    "topics": [
        "Economy, Business and Finance->financial and economic news",
        "Economy, Business and Finance->economy"
    ],
    "ai_allow": true,
    "has_canonical": false,
    "webz_reporter": false,
    "external_links": [],
    "external_images": [],
    "entities": {
        "persons": [],
        "organizations": [
            {
                "name": "Bank of Japan",
                "sentiment": "none"
            },
            {
                "name": "BOJ",
                "sentiment": "none"
            }
        ],
        "locations": []
    },
    "syndication": {
        "syndicated": false,
        "syndicate_id": null,
        "first_syndicated": false
    },
    "rating": null,
    "crawled": "2024-12-27T04:05:49.039+02:00",
    "updated": "2024-12-27T04:05:49.039+02:00"
}