{
    "thread": {
        "uuid": "b0db7fefc16fea9048409802fa2c741734ea5817",
        "url": "https://www.businesstoday.in/markets/stocks/story/nsdl-shares-slips-over-20-from-peak-analysts-flag-bearish-bias-503950-2025-11-27",
        "site_full": "www.businesstoday.in",
        "site": "businesstoday.in",
        "site_section": "https://www.businesstoday.in/amp/trending/box-office",
        "site_categories": [
            "media",
            "financial_news",
            "finance"
        ],
        "section_title": "Business News India: Latest Business News Today, Share Market, Economy",
        "site_title": "Business News India: Latest Business News Today, Share Market, Economy",
        "title": "NSDL shares slips over 20% from peak; analysts flag bearish bias",
        "title_full": "NSDL shares slips over 20% from peak; analysts flag bearish bias",
        "published": "2025-11-27T09:46:00.000+02:00",
        "replies_count": 0,
        "participants_count": 1,
        "site_type": "news",
        "country": "IN",
        "main_image": "https://akm-img-a-in.tosshub.com/businesstoday/images/story/202511/692801d4d5e9d-analysts-broadly-highlighted-a-bearish-to-sideways-structure-for-nsdl-274623260-16x9.jpg",
        "performance_score": 0,
        "domain_rank": 10408,
        "domain_rank_updated": "2025-11-23T23:00:00.000+02:00",
        "licensing_agency": [],
        "social": {
            "facebook": {
                "likes": 0,
                "comments": 0,
                "shares": 0
            },
            "vk": {
                "shares": 0
            }
        }
    },
    "uuid": "b0db7fefc16fea9048409802fa2c741734ea5817",
    "url": "https://www.businesstoday.in/markets/stocks/story/nsdl-shares-slips-over-20-from-peak-analysts-flag-bearish-bias-503950-2025-11-27",
    "ord_in_thread": 0,
    "author": "@business_today",
    "published": "2025-11-27T09:46:00.000+02:00",
    "title": "NSDL shares slips over 20% from peak; analysts flag bearish bias",
    "text": "Shares of National Securities Depository Ltd (NSDL) were trading almost unchanged in Thursday's session, slipping 0.01 per cent to Rs 1,132. At this level, the stock has corrected 20.56 per cent from its record high of Rs 1,425, hit on August 11 shortly after its market debut on August 6.\nAnalysts broadly highlighted a bearish to sideways structure for NSDL, with a cluster of support levels between Rs 1,040 and Rs 1,060, and a resistance zone stretching from Rs 1,150 to Rs 1,200. Market experts cautioned that a sustained break below Rs 1,100 could accelerate downside momentum, whereas a firm move above Rs 1,150–1,180 may lead to an attempted recovery towards Rs 1,175–1,200.\nDrumil Vithlani, Technical Analyst at Bonanza, said the stock continues to trade in a negative-to-sideways phase, reflecting the absence of conviction among buyers. He noted that NSDL remains below its 20- and 50-day exponential moving averages, underscoring a short-term bearish undertone. According to him, Rs 1,040 acts as a key support, while Rs 1,180 serves as a critical resistance. Vithlani added that momentum indicators point to neutral-to-weak sentiment, suggesting that the stock may remain range-bound unless it decisively reclaims the upper band of resistance.\nEchoing similar views, Osho Krishan, Senior Analyst – Technical & Derivative Research at Angel One, cited support around Rs 1,060 and resistance between Rs 1,185 and Rs 1,200.\nAR Ramachandran, Sebi-registered Independent Research Analyst, said NSDL appears bearish on daily charts, with notable resistance at Rs 1,152. He warned that a daily close below Rs 1,100 could drag the stock towards Rs 1,037 in the near term.\nJigar S Patel, Senior Manager – Technical Research at Anand Rathi, pegged support at Rs 1,060 and resistance at Rs 1,150. According to him, a breakout above Rs 1,150 could unlock upside potential towards Rs 1,175, while the broader short-term range may remain confined between Rs 1,060 and Rs 1,175.\nOn the fundamentals front, NSDL reported a 15 per cent year-on-year (YoY) rise in consolidated net profit for the September-ended quarter (Q2 FY26), posting Rs 110 crore against Rs 96 crore a year earlier. Revenue from operations grew 12 per cent to Rs 400 crore, compared with Rs 357 crore in the corresponding quarter last year.\nEBITDA for the quarter stood at Rs 15 crore, up 12 per cent YoY and 22 per cent sequentially, with an EBITDA margin of 36.7 per cent. The company's consolidated net worth as of September 30, 2025, was Rs 2,166.6 crore.",
    "highlightText": "",
    "highlightTitle": "",
    "highlightThreadTitle": "",
    "language": "english",
    "sentiment": "negative",
    "categories": [
        "Economy, Business and Finance"
    ],
    "topics": [
        "Economy, Business and Finance->financial and economic news",
        "Economy, Business and Finance->investment and opinion pieces",
        "Economy, Business and Finance->market and exchange"
    ],
    "ai_allow": true,
    "has_canonical": false,
    "breaking": false,
    "webz_reporter": false,
    "external_links": [],
    "external_images": [],
    "internal_images": [],
    "entities": {
        "persons": [
            {
                "name": "Drumil Vithlani",
                "sentiment": "none"
            }
        ],
        "locations": [],
        "organizations": [
            {
                "name": "NSDL",
                "sentiment": "negative",
                "tickers": [
                    {
                        "ticker": null,
                        "exchange": null
                    }
                ]
            },
            {
                "name": "National Securities Depository Ltd",
                "sentiment": "negative",
                "tickers": []
            }
        ]
    },
    "syndication": {
        "syndicated": false,
        "syndicate_id": null,
        "first_syndicated": false
    },
    "trust": {
        "categories": [],
        "top_news": [],
        "bias": null,
        "source": {
            "type": null,
            "city": null,
            "state": null,
            "country": null,
            "domain_type": null,
            "agency": null,
            "organization_name": null
        }
    },
    "rating": null,
    "crawled": "2025-11-27T10:02:09.176+02:00",
    "updated": "2025-11-27T10:04:04.000+02:00"
}