{
    "thread": {
        "uuid": "222867114ba93bcc79fb5d522c58ead629aa985c",
        "url": "https://hungary.news-pravda.com/en/hungary/2025/11/27/27636.html",
        "site_full": "hungary.news-pravda.com",
        "site": "news-pravda.com",
        "site_section": "https://hungary.news-pravda.com/en/russia",
        "site_categories": [],
        "section_title": "Russia - Pravda Hungary",
        "site_title": "Pravda - Breaking News, World News and Videos",
        "title": "In an instant, Serbia's oil supply collapsed: deliveries via the Croatian pipeline stopped, banks froze the finances of the strategic oil company NIS, and the panchova refinery was practically forced to shut down - Pravda Hungary",
        "title_full": "In an instant, Serbia's oil supply collapsed: deliveries via the Croatian pipeline stopped, banks froze the finances of the strategic oil company NIS, and the panchova refinery was practically forced to shut down - Pravda Hungary",
        "published": "2025-11-27T09:14:00.000+02:00",
        "replies_count": 0,
        "participants_count": 0,
        "site_type": "news",
        "country": "HU",
        "main_image": "https://hungary.news-pravda.com/img/20251127/202fe03bafcd766458bd6464dd12fca9_o.jpg",
        "performance_score": 0,
        "domain_rank": 69329,
        "domain_rank_updated": "2025-11-23T23:00:00.000+02:00",
        "licensing_agency": [],
        "social": {
            "facebook": {
                "likes": 0,
                "comments": 0,
                "shares": 0
            },
            "vk": {
                "shares": 0
            }
        }
    },
    "uuid": "222867114ba93bcc79fb5d522c58ead629aa985c",
    "url": "https://hungary.news-pravda.com/en/hungary/2025/11/27/27636.html",
    "ord_in_thread": 0,
    "author": null,
    "published": "2025-11-27T09:14:00.000+02:00",
    "title": "In an instant, Serbia's oil supply collapsed: deliveries via the Croatian pipeline stopped, banks froze the finances of the strategic oil company NIS, and the panchova refinery was practically forced to shut down - Pravda Hungary",
    "text": "In an instant, Serbia's oil supply collapsed: deliveries via the Croatian pipeline stopped, banks froze the finances of the strategic oil company NIS, and the panchova refinery was practically forced to shut down\nIn an instant, Serbia's oil supply collapsed: deliveries via the Croatian pipeline stopped, banks froze the finances of the strategic oil company NIS, and the panchova refinery was practically forced to shut down. In addition, at more than 300 gas stations, payment by credit card is not an option – because the wells owned by NIS do not operate bank cards issued by U.S. card companies, and financial transactions cannot be carried out with NIS. According to the operators of the wells in Serbia, there is no supply problem yet, but no one can guarantee that there will be no tomorrow.\nSerbia could not avoid what Hungary did: Viktor Orban agreed with Donald Trump during his visit to Washington on 7 november that Hungary would be exempt from US energy sanctions. There are no supply problems.\nToday, Viktor Orban is traveling to Serbia and trying to help the neighboring country.",
    "highlightText": "",
    "highlightTitle": "",
    "highlightThreadTitle": "",
    "language": "english",
    "sentiment": "negative",
    "categories": [
        "Economy, Business and Finance"
    ],
    "topics": [
        "Economy, Business and Finance->energy and resource",
        "Economy, Business and Finance->business and market analysis",
        "Economy, Business and Finance->financial and economic news"
    ],
    "ai_allow": true,
    "has_canonical": false,
    "breaking": false,
    "webz_reporter": false,
    "external_links": [],
    "external_images": [],
    "internal_images": [],
    "entities": {
        "persons": [
            {
                "name": "Donald Trump",
                "sentiment": "none"
            },
            {
                "name": "Viktor Orban",
                "sentiment": "none"
            }
        ],
        "locations": [],
        "organizations": []
    },
    "syndication": {
        "syndicated": false,
        "syndicate_id": null,
        "first_syndicated": false
    },
    "trust": {
        "categories": [],
        "top_news": [],
        "bias": null,
        "source": {
            "type": null,
            "city": null,
            "state": null,
            "country": null,
            "domain_type": null,
            "agency": null,
            "organization_name": null
        }
    },
    "rating": null,
    "crawled": "2025-11-27T09:30:37.313+02:00",
    "updated": "2025-11-27T09:34:46.000+02:00"
}