{
    "thread": {
        "uuid": "5acc6c3913c655af31e52b7327896b1b7b92b94c",
        "url": "https://en.ara.cat/international/maduro-revokes-the-license-of-iberia-and-other-companies-and-trump-escalates-his-rhetoric_1_5574948.html",
        "site_full": "en.ara.cat",
        "site": "ara.cat",
        "site_section": "https://en.ara.cat",
        "site_categories": [
            "top_news_es",
            "top_news"
        ],
        "section_title": "Diari ARA | News from the leading Catalan newspaper",
        "site_title": "Diari ARA | Notícies i actualitat al diari líder en català",
        "title": "Maduro revokes the license of Iberia and other companies, while Trump escalates his rhetoric",
        "title_full": "Maduro revokes the license of Iberia and other companies, while Trump escalates his rhetoric",
        "published": "2025-11-27T09:14:00.000+02:00",
        "replies_count": 0,
        "participants_count": 1,
        "site_type": "news",
        "country": "ES",
        "main_image": "https://static1.ara.cat/clip/73455c1c-75ea-4f1a-b90a-bcd5a4d102dc_facebook-aspect-ratio_default_0.jpg",
        "performance_score": 0,
        "domain_rank": 29824,
        "domain_rank_updated": "2025-11-23T23:00:00.000+02:00",
        "licensing_agency": [],
        "social": {
            "facebook": {
                "likes": 0,
                "comments": 0,
                "shares": 0
            },
            "vk": {
                "shares": 0
            }
        }
    },
    "uuid": "5acc6c3913c655af31e52b7327896b1b7b92b94c",
    "url": "https://en.ara.cat/international/maduro-revokes-the-license-of-iberia-and-other-companies-and-trump-escalates-his-rhetoric_1_5574948.html",
    "ord_in_thread": 0,
    "author": "ARA",
    "published": "2025-11-27T09:14:00.000+02:00",
    "title": "Maduro revokes the license of Iberia and other companies, while Trump escalates his rhetoric",
    "text": "Maduro revokes the license of Iberia and other companies, while Trump escalates his rhetoric\nVenezuela sanctions companies that suspended their flights to Caracas due to US threats\nBarcelonaThe Venezuelan government has followed through on its threat and revoked the flight permits of Iberia and other international airlines, which it accuses of \"joining the acts of terrorism\" that, according to Caracas, are being promoted by the United States, with its unprecedented military deployment in the Caribbean. The decision, announced by the Ministry of Transportation and the National Institute of Civil Aeronautics (INAC) just hours after the deadline expired, also affects TAP Air Portugal, Avianca, Latam Colombia, Turkish Airlines, and Gol. All of these companies had suspended flights to Caracas following a warning issued Friday by the U.S. Federal Aviation Administration, which recommended that airlines \"exercise extreme caution\" when flying over Venezuela and the southern Caribbean due to a \"potentially dangerous situation.\" The true extent of this revocation—which could further isolate the country and limit its air connectivity during the peak holiday season—remains uncertain.\nBefore the official announcement, Interior Minister Diosdado Cabello insisted that it is the Venezuelan executive branch \"that decides who flies and who doesn't\" and that it reserves \"the right of admission.\" \"The national government, in a sovereign decision, told the airlines: if you don't resume flights in 48 hours, then don't resume them at all. Keep your planes and we'll keep our dignity. No problem,\" stated the number two of Chavismo. For now, Copa, Wingo, Boliviana de Aviación, and Satena, as well as the Venezuelan airlines Avior and Conviasa (the state-owned airline), are maintaining their operations in the country.\nIn this climate of tension, a US plane carrying 175 deported migrants landed around midday at Simón Bolívar International Airport, the country's main airport. According to a source at the Ministry of Transportation, this flight demonstrates that \"there is no danger in Venezuelan airspace\" and exposes Washington's \"double standard.\" Subsequently, the Maduro government asserted that the US had requested \"special permits\" to operate \"repatriation routes with US aircraft.\"\nMovements in the Caribbean\nMeanwhile, the US Air Force revealed that B-52H bombers have conducted attack drills in the Caribbean this week, as part of Operation Southern Spear, announced on November 14 to combat drug trafficking from Latin America. Their exact location has not been specified. Also on Wednesday, Dominican President Luis Abinader and US Secretary of Defense Pete Hegseth announced that Washington will \"temporarily\" use two airports in the Dominican Republic—Las Américas International Airport and the San Isidro Air Force Base—for the transport of equipment and technical personnel. In Trinidad and Tobago, Prime Minister Kamla Persad-Bissesar asserted that the White House has not requested that the country be used as a \"base for any war against Venezuela,\" following the visit of US Chairman of the Joint Chiefs of Staff Dan Caine, and rejected any suggestion that the US military movement was related to the US military movement.\nMore pressure\nDonald Trump warned Nicolás Maduro on Wednesday that he could \"do things the easy way... or the hard way,\" and the Venezuelan president responded to the escalating U.S. pressure by urging his supporters to prepare to defend \"every inch\" of the country. Dressed in forest camouflage, Maduro told a rally in the capital, Caracas, that it was his historic duty to fight foreign aggressors, just as Venezuelan independence hero Simón Bolívar did two centuries ago. \"We must be able to defend every inch of this blessed land from any imperialist threat or aggression, no matter where it comes from,\" Maduro declared in his speech Tuesday to \"the revolutionary people of Caracas.\" \"I swear before our Lord Jesus Christ that I will give everything for the victory of Venezuela,\" Maduro said, vowing to protect the country's skies, mountains, and plains.\nExecutive Vice President Delcy Rodríguez has warned that \"the way forward is not to send ships\" or to threaten Venezuela \"militarily.\" Hours later, Cabello announced the start, beginning Thursday, of a community organizing phase \"for any circumstance,\" without clarifying its content, and appealed for the defense of the country amidst the tension caused by the US military movement.\nThe Chavista leader also described as \"imperial and absurd\" the Dominican decision to allow the United States to use its airports in its fight against drug trafficking.\nLikewise, Attorney General Tarek William Saab welcomed the possibility of direct talks between Nicolás Maduro and Donald Trump, who stated that his contacts with the Venezuelan president seek to \"save many lives.\"",
    "highlightText": "",
    "highlightTitle": "",
    "highlightThreadTitle": "",
    "language": "english",
    "sentiment": "negative",
    "categories": [
        "Politics",
        "Economy, Business and Finance"
    ],
    "topics": [
        "Politics->international relations",
        "Economy, Business and Finance->financial and economic news",
        "Economy, Business and Finance->corporate news and profiles"
    ],
    "ai_allow": true,
    "has_canonical": false,
    "breaking": true,
    "webz_reporter": false,
    "external_links": [],
    "external_images": [],
    "internal_images": [],
    "entities": {
        "persons": [
            {
                "name": "Maduro",
                "sentiment": "neutral"
            }
        ],
        "locations": [
            {
                "name": "Caribbean",
                "sentiment": "none"
            }
        ],
        "organizations": [
            {
                "name": "Iberia",
                "sentiment": "neutral",
                "tickers": [
                    {
                        "ticker": "IBX",
                        "exchange": "OTC"
                    }
                ]
            },
            {
                "name": "National Institute of Civil Aeronautics",
                "sentiment": "none",
                "tickers": []
            },
            {
                "name": "U.S. Federal Aviation Administration",
                "sentiment": "none",
                "tickers": [
                    {
                        "ticker": null,
                        "exchange": null
                    }
                ]
            },
            {
                "name": "Ministry of Transportation",
                "sentiment": "none",
                "tickers": [
                    {
                        "ticker": null,
                        "exchange": null
                    }
                ]
            },
            {
                "name": "Turkish Airlines",
                "sentiment": "none",
                "tickers": [
                    {
                        "ticker": "THYAO",
                        "exchange": "BIST"
                    }
                ]
            },
            {
                "name": "INAC",
                "sentiment": "none",
                "tickers": [
                    {
                        "ticker": null,
                        "exchange": null
                    }
                ]
            }
        ]
    },
    "syndication": {
        "syndicated": false,
        "syndicate_id": null,
        "first_syndicated": false
    },
    "trust": {
        "categories": [],
        "top_news": [
            "top_news_es",
            "top_news"
        ],
        "bias": null,
        "source": {
            "type": null,
            "city": null,
            "state": null,
            "country": null,
            "domain_type": null,
            "agency": null,
            "organization_name": null
        }
    },
    "rating": null,
    "crawled": "2025-11-27T09:27:04.225+02:00",
    "updated": "2025-11-28T10:12:33.000+02:00"
}