{
    "thread": {
        "uuid": "38488db09dfb97d807ea16ab7316fe82d10ef7e7",
        "url": "https://www.firstpost.com/vantage/chinas-property-crisis-deepens-as-vanke-risks-default-vantage-with-palki-sharma-vd1689984/",
        "site_full": "www.firstpost.com",
        "site": "firstpost.com",
        "site_section": "http://thechinabizz.com/feed/",
        "site_categories": [
            "media",
            "cricket",
            "sports",
            "top_news_in",
            "top_news_pk",
            "top_news"
        ],
        "section_title": "TheChinaBiZZ",
        "site_title": "FIRSTPOST: LIVE updates, Latest News, Breaking News, World News, Sports News, Bollywood News, Business, Entertainment, Tech, Political News and more Firstpost",
        "title": "China's Property Crisis Deepens as Vanke Risks Default | Vantage with Palki Sharma",
        "title_full": "China's Property Crisis Deepens as Vanke Risks Default | Vantage with Palki Sharma",
        "published": "2025-11-27T09:34:00.000+02:00",
        "replies_count": 0,
        "participants_count": 1,
        "site_type": "news",
        "country": "IN",
        "main_image": "https://media.nw18.com/media-assets/wbx6pq/11-2025/27-2025/9KJXXV234Q-thumbnail1764228722472jpg-ATBG6dKYEh.jpg?im=FitAndFill,width=1200,height=675",
        "performance_score": 0,
        "domain_rank": 7002,
        "domain_rank_updated": "2025-11-23T23:00:00.000+02:00",
        "licensing_agency": [],
        "social": {
            "facebook": {
                "likes": 0,
                "comments": 0,
                "shares": 0
            },
            "vk": {
                "shares": 0
            }
        }
    },
    "uuid": "38488db09dfb97d807ea16ab7316fe82d10ef7e7",
    "url": "https://www.firstpost.com/vantage/chinas-property-crisis-deepens-as-vanke-risks-default-vantage-with-palki-sharma-vd1689984/",
    "ord_in_thread": 0,
    "author": "@firstpost",
    "published": "2025-11-27T09:34:00.000+02:00",
    "title": "China's Property Crisis Deepens as Vanke Risks Default | Vantage with Palki Sharma",
    "text": "Home\nExplainers\nIndia vs South Africa\nSections\nHome\nLive TV\nVideos\nShows\nWorld\nIndia\nExplainers\nOpinion\nSports\nCricket\nHealth\nTech/Auto\nEntertainment\nWeb Stories\nBusiness\nImpact Shorts\nChina’s Property Crisis Deepens as Vanke Risks Default | Vantage with Palki Sharma\nNovember 27, 2025, 1:04 PM IST\nby\nChina’s real estate sector faces new turmoil as Vanke, once the country’s largest developer, teeters on the edge of default. Investor confidence has plummeted, with Vanke’s bonds losing over 30% in value, prompting trading suspensions. The company must repay nearly $2 billion by June 2026, raising fears of a broader crisis. Beijing has so far avoided direct bailouts, opting for limited policy support. Meanwhile, wider economic indicators show a faltering recovery—industrial output, investment, exports, and consumer spending are all slipping. As China grapples with this downturn, its ability to stabilise the property sector without sparking broader panic remains uncertain.\nSee More",
    "highlightText": "",
    "highlightTitle": "",
    "highlightThreadTitle": "",
    "language": "english",
    "sentiment": "negative",
    "categories": [
        "Economy, Business and Finance"
    ],
    "topics": [
        "Economy, Business and Finance->business and market analysis",
        "Economy, Business and Finance->construction and property",
        "Economy, Business and Finance->financial and economic news"
    ],
    "ai_allow": true,
    "has_canonical": false,
    "breaking": true,
    "webz_reporter": false,
    "external_links": [],
    "external_images": [],
    "internal_images": [],
    "entities": {
        "persons": [
            {
                "name": "Palki Sharma",
                "sentiment": "negative"
            }
        ],
        "locations": [],
        "organizations": []
    },
    "syndication": {
        "syndicated": false,
        "syndicate_id": null,
        "first_syndicated": false
    },
    "trust": {
        "categories": [
            "trusted_news"
        ],
        "top_news": [
            "top_news_in",
            "top_news_pk",
            "top_news"
        ],
        "bias": "center",
        "source": {
            "type": null,
            "city": null,
            "state": null,
            "country": null,
            "domain_type": null,
            "agency": null,
            "organization_name": null
        }
    },
    "rating": null,
    "crawled": "2025-11-27T10:15:06.721+02:00",
    "updated": "2025-11-28T11:06:09.000+02:00"
}