{
    "thread": {
        "uuid": "94959409bc1fea6adc0387f25c920bffe7e0a8c8",
        "url": "https://economictimes.indiatimes.com/markets/stocks/news/fiis-mutual-funds-slash-stake-in-suzlon-energy-stock-down-12-in-2025-so-far/articleshow/125610341.cms",
        "site_full": "economictimes.indiatimes.com",
        "site": "indiatimes.com",
        "site_section": "https://economictimes.indiatimes.com/news/latest-news/",
        "site_categories": [
            "media",
            "top_news_nz",
            "top_news_au",
            "top_news_ae",
            "top_news_us",
            "top_news_gb",
            "top_news_th",
            "top_news_sa",
            "top_news_sg",
            "top_news_ph",
            "top_news_hk",
            "top_news_nl",
            "top_news_qa",
            "top_news_ie",
            "top_news_pk",
            "top_news_id",
            "top_news_dk",
            "top_news_eg",
            "top_news_za",
            "top_news_my",
            "top_news_kw",
            "top_news_be",
            "top_news_in",
            "top_news_ca",
            "top_news_iq",
            "top_news"
        ],
        "section_title": "Latest News: Latest News Today, Read Latest news updates | The Economic Times",
        "site_title": "Business News Live, Share Market News - Read Latest Finance News, IPO, Mutual Funds News",
        "title": "FIIs, mutual funds slash stake in Suzlon Energy; stock down 12% in 2025 so far - The Economic Times",
        "title_full": "FIIs, mutual funds slash stake in Suzlon Energy; stock down 12% in 2025 so far - The Economic Times",
        "published": "2025-11-27T11:35:00.000+02:00",
        "replies_count": 0,
        "participants_count": 1,
        "site_type": "news",
        "country": "IN",
        "main_image": "https://img.etimg.com/thumb/msid-125610341,width-1200,height-630,imgsize-4576,overlay-etmarkets/articleshow.jpg",
        "performance_score": 0,
        "domain_rank": 498,
        "domain_rank_updated": "2025-11-23T23:00:00.000+02:00",
        "licensing_agency": [],
        "social": {
            "facebook": {
                "likes": 1,
                "comments": 2,
                "shares": 1
            },
            "vk": {
                "shares": 0
            }
        }
    },
    "uuid": "94959409bc1fea6adc0387f25c920bffe7e0a8c8",
    "url": "https://economictimes.indiatimes.com/markets/stocks/news/fiis-mutual-funds-slash-stake-in-suzlon-energy-stock-down-12-in-2025-so-far/articleshow/125610341.cms",
    "ord_in_thread": 0,
    "author": "-",
    "published": "2025-11-27T11:35:00.000+02:00",
    "title": "FIIs, mutual funds slash stake in Suzlon Energy; stock down 12% in 2025 so far - The Economic Times",
    "text": "Suzlon Energy had a rather intriguing September quarter, delivering impressive financial results even as major institutional investors, including FIIs and mutual funds, trimmed their stakes.The company continued its turnaround momentum, maintaining operating margins above 10% for four consecutive quarters, a clear sign of improved efficiency and disciplined operations. This consistent margin performance highlights Suzlon’s ability to execute effectively and control costs, reinforcing confidence in its operational strength.On the financial front, Suzlon posted remarkable year-on-year growth. Revenue for the quarter surged to Rs 3,870 crore, up 84% from the same period last year. Net profit grew even more spectacularly, climbing to Rs 1,280 crore, a staggering 538% increase. These results reflect not only stronger execution but also the success of the company’s ongoing restructuring and cost-control efforts.Despite these stellar numbers, institutional investors reduced their exposure. Foreign institutional investors (FIIs) trimmed holdings from 23.02% to 22.70%, while mutual funds cut theirs from 5.24% to 4.91% compared to the June quarter. Interestingly, FIIs continue to hold a much larger stake than the promoters: 22.70% versus 11.74% held by promoters. This underscores the stock’s appeal to global investors even amid recent reductions.The combination of robust financial growth and shifting institutional sentiment sets up a compelling scenario for Suzlon in the coming months. While the strong earnings demonstrate the company’s improving fundamentals, the recent trimming by investors makes its near-term stock performance an interesting story to watch, both in the market and in India’s broader clean-energy sector.On the technical side, Suzlon’s stock shows some signs of weakness. The 14-day RSI stands at 45.1, placing it in a neutral zone that is neither overbought nor oversold.Moreover, the stock is trading below all eight key simple moving averages, typically a bearish signal. This indicates that despite the strong quarterly results, the stock’s price has yet to fully reflect the company’s improving fundamentals.According to Trendlyne Forecaster, Suzlon Energy Ltd.’s stock has a potential upside of 34.8% from its current market price. Among 10 analysts covering the stock, the consensus rating is a ‘Strong Buy,’ indicating broad confidence in the stock’s near-term growth prospects.In the calendar year 2025, Suzlon Energy’s share price declined by 12%, dropping from Rs 62 at the start of the year to Rs 55.(Disclaimer: The recommendations, suggestions, views, and opinions given by the experts are their own. These do not represent the views of The Economic Times.)",
    "highlightText": "",
    "highlightTitle": "",
    "highlightThreadTitle": "",
    "language": "english",
    "sentiment": "negative",
    "categories": [
        "Economy, Business and Finance"
    ],
    "topics": [
        "Economy, Business and Finance->market and exchange",
        "Economy, Business and Finance->financial and economic news",
        "Economy, Business and Finance->investment and opinion pieces"
    ],
    "ai_allow": true,
    "has_canonical": true,
    "breaking": true,
    "webz_reporter": false,
    "external_links": [],
    "external_images": [],
    "internal_images": [],
    "entities": {
        "persons": [],
        "locations": [],
        "organizations": [
            {
                "name": "Suzlon Energy",
                "sentiment": "neutral",
                "tickers": [
                    {
                        "ticker": "SUZLON",
                        "exchange": "BSE"
                    }
                ]
            },
            {
                "name": "Economic Times",
                "sentiment": "neutral",
                "tickers": [
                    {
                        "ticker": null,
                        "exchange": null
                    }
                ]
            }
        ]
    },
    "syndication": {
        "syndicated": false,
        "syndicate_id": "94959409bc1fea6adc0387f25c920bffe7e0a8c8",
        "first_syndicated": true
    },
    "trust": {
        "categories": null,
        "top_news": [
            "top_news_nz",
            "top_news_au",
            "top_news_ae",
            "top_news_us",
            "top_news_gb",
            "top_news_th",
            "top_news_sa",
            "top_news_sg",
            "top_news_ph",
            "top_news_hk",
            "top_news_nl",
            "top_news_qa",
            "top_news_ie",
            "top_news_pk",
            "top_news_id",
            "top_news_dk",
            "top_news_eg",
            "top_news_za",
            "top_news_my",
            "top_news_kw",
            "top_news_be",
            "top_news_in",
            "top_news_ca",
            "top_news_iq",
            "top_news"
        ],
        "bias": "center",
        "source": {
            "type": null,
            "city": null,
            "state": null,
            "country": null,
            "domain_type": null,
            "agency": null,
            "organization_name": null
        }
    },
    "rating": null,
    "crawled": "2025-11-27T11:40:32.696+02:00",
    "updated": "2025-11-28T12:10:46.000+02:00"
}