{
    "thread": {
        "uuid": "98081a6530017b2cf88aa429cdc228f08a623415",
        "url": "https://www.asiae.co.kr/en/article/2025112713313099081",
        "site_full": "www.asiae.co.kr",
        "site": "asiae.co.kr",
        "site_section": "https://www.asiae.co.kr/en/list/stock",
        "site_categories": [
            "uncategorized",
            "top_news_kr",
            "top_news"
        ],
        "section_title": "Stock News - The Asia Business Daily",
        "site_title": "아시아경제 : 투자가를 위한 경제콘텐츠 플랫폼",
        "title": "[Bitcoin Now] Upbit Suffers 54 Billion KRW Virtual Asset Hack: \"Full Compensation Promised\" - The Asia Business Daily",
        "title_full": "[Bitcoin Now] Upbit Suffers 54 Billion KRW Virtual Asset Hack: \"Full Compensation Promised\" - The Asia Business Daily",
        "published": "2025-11-27T06:31:00.000+02:00",
        "replies_count": 0,
        "participants_count": 1,
        "site_type": "news",
        "country": "KR",
        "main_image": "https://cphoto.asiae.co.kr/listimglink/1/2025112715481634823_1764226096.png",
        "performance_score": 0,
        "domain_rank": 30690,
        "domain_rank_updated": "2025-11-23T23:00:00.000+02:00",
        "licensing_agency": [],
        "social": {
            "facebook": {
                "likes": 0,
                "comments": 0,
                "shares": 0
            },
            "vk": {
                "shares": 0
            }
        }
    },
    "uuid": "98081a6530017b2cf88aa429cdc228f08a623415",
    "url": "https://www.asiae.co.kr/en/article/2025112713313099081",
    "ord_in_thread": 0,
    "author": "유현석",
    "published": "2025-11-27T06:31:00.000+02:00",
    "title": "[Bitcoin Now] Upbit Suffers 54 Billion KRW Virtual Asset Hack: \"Full Compensation Promised\" - The Asia Business Daily",
    "text": "Virtual assets worth 54 billion KRW (approximately 40 million USD) were stolen in a hacking incident at the virtual asset exchange Upbit.\nOn November 27, Dunamu, the operator of Upbit, announced that at around 4:42 a.m. that day, it detected that virtual assets worth about 54 billion KRW had been transferred from Upbit to an unknown external wallet.\nThe leaked virtual assets include 24 types based on the Solana network, such as Solana (SOL), DoubleZero (2Z), Access Protocol (ACS), Bonk (BONK), Orca (ORCA), Raydium (RAY), Render (RENDER), and Jupiter (JUP).\nSubsequently, starting from 8:55 a.m., Dunamu suspended all virtual asset deposit and withdrawal services on Upbit and initiated emergency measures for related network and wallet systems. To prevent any further abnormal transfers, all assets were moved to cold wallets.\nOn-chain measures were also taken simultaneously. Dunamu tracked the movement of assets transferred to external wallets and, in cooperation with project teams, requested asset freezes wherever possible. Through this process, approximately 12 billion KRW worth of Solayer assets were successfully frozen. The company continues to track the remaining assets and is working with related projects and institutions to implement additional asset freezing measures.\nIn addition, security checks are being conducted not only on the Solana-based assets but also across the entire digital asset deposit and withdrawal system. Deposit and withdrawal services will be gradually resumed as soon as the checks are completed and safety is ensured.\nDunamu stated, \"We immediately identified the scale of losses caused by the abnormal withdrawal,\" adding, \"We will fully compensate for the losses using Upbit's own assets so that there is no damage to members' assets.\"\n© The Asia Business Daily(www.asiae.co.kr). All rights reserved.",
    "highlightText": "",
    "highlightTitle": "",
    "highlightThreadTitle": "",
    "language": "english",
    "sentiment": "negative",
    "categories": [
        "Economy, Business and Finance",
        "Crime, Law and Justice"
    ],
    "topics": [
        "Economy, Business and Finance->cryptocurrency",
        "Economy, Business and Finance->financial and economic news",
        "Crime, Law and Justice->fraud",
        "Crime, Law and Justice->cyber crime"
    ],
    "ai_allow": true,
    "has_canonical": false,
    "breaking": null,
    "webz_reporter": false,
    "external_links": [],
    "external_images": [],
    "internal_images": [],
    "entities": {
        "persons": [
            {
                "name": "Dunamu",
                "sentiment": "none"
            },
            {
                "name": "Solana",
                "sentiment": "none"
            },
            {
                "name": "Bonk",
                "sentiment": "none"
            }
        ],
        "locations": [],
        "organizations": [
            {
                "name": "KRW",
                "sentiment": "none",
                "tickers": [
                    {
                        "ticker": null,
                        "exchange": null
                    }
                ]
            }
        ]
    },
    "syndication": {
        "syndicated": false,
        "syndicate_id": null,
        "first_syndicated": false
    },
    "trust": {
        "categories": [],
        "top_news": [
            "top_news_kr",
            "top_news"
        ],
        "bias": null,
        "source": {
            "type": null,
            "city": null,
            "state": null,
            "country": null,
            "domain_type": null,
            "agency": null,
            "organization_name": null
        }
    },
    "rating": null,
    "crawled": "2025-11-27T09:23:33.497+02:00",
    "updated": "2025-11-28T10:11:02.000+02:00"
}