{
    "thread": {
        "uuid": "cc1015e48225839b130a04078d511ef4e0926be4",
        "url": "https://www.businessworld.in/article/natco-pharma-slips-over-5-as-traders-book-profits-581423",
        "site_full": "www.businessworld.in",
        "site": "businessworld.in",
        "site_section": "https://news.google.com/search?q=over%20when%3A1h&hl=en-US&gl=US&ceid=US%3Aen",
        "site_categories": [
            "media",
            "financial_news",
            "finance"
        ],
        "section_title": "Google News - Search",
        "site_title": "Business News: Latest Business Economy Breaking News Updates Today in India - BW BusinessWorld",
        "title": "Natco Pharma Slips Over 5% As Traders Book Profits - BW Businessworld",
        "title_full": "Natco Pharma Slips Over 5% As Traders Book Profits - BW Businessworld",
        "published": "2025-11-27T09:42:37.435+02:00",
        "replies_count": 0,
        "participants_count": 1,
        "site_type": "news",
        "country": "IN",
        "main_image": "https://static.businessworld.in/t_500x300_20251127130626_ogImage_4.jpg",
        "performance_score": 0,
        "domain_rank": 30797,
        "domain_rank_updated": "2025-11-23T23:00:00.000+02:00",
        "licensing_agency": [],
        "social": {
            "facebook": {
                "likes": 0,
                "comments": 0,
                "shares": 0
            },
            "vk": {
                "shares": 0
            }
        }
    },
    "uuid": "cc1015e48225839b130a04078d511ef4e0926be4",
    "url": "https://www.businessworld.in/article/natco-pharma-slips-over-5-as-traders-book-profits-581423",
    "ord_in_thread": 0,
    "author": "Home Markets Natco Pharma Slips Over",
    "published": "2025-11-27T09:42:37.435+02:00",
    "title": "Natco Pharma Slips Over 5% As Traders Book Profits - BW Businessworld",
    "text": "Natco Pharma Slips Over 5% As Traders Book Profits\nDespite the drop, some market participants remain confident about the long-term prospects of the company, citing its drug development pipeline and pipeline assets under regulatory review.\nNATCO",
    "highlightText": "",
    "highlightTitle": "",
    "highlightThreadTitle": "",
    "language": "english",
    "sentiment": "negative",
    "categories": [
        "Economy, Business and Finance"
    ],
    "topics": [
        "Economy, Business and Finance->market and exchange",
        "Economy, Business and Finance->investment and opinion pieces",
        "Economy, Business and Finance->financial and economic news"
    ],
    "ai_allow": true,
    "has_canonical": false,
    "breaking": true,
    "webz_reporter": false,
    "external_links": [],
    "external_images": [],
    "internal_images": [],
    "entities": {
        "persons": [],
        "locations": [],
        "organizations": [
            {
                "name": "Natco Pharma",
                "sentiment": "negative",
                "tickers": [
                    {
                        "ticker": "NATCOPHARM",
                        "exchange": "NSE"
                    }
                ]
            }
        ]
    },
    "syndication": {
        "syndicated": false,
        "syndicate_id": null,
        "first_syndicated": false
    },
    "trust": {
        "categories": [],
        "top_news": [],
        "bias": null,
        "source": {
            "type": null,
            "city": null,
            "state": null,
            "country": null,
            "domain_type": null,
            "agency": null,
            "organization_name": null
        }
    },
    "rating": null,
    "crawled": "2025-11-27T09:42:37.435+02:00",
    "updated": "2025-11-27T09:44:51.000+02:00"
}