{
    "thread": {
        "uuid": "6fb4b05c59a20395474e18d27aaefee44dce9dd8",
        "url": "https://m.netdania.com/news/Risk-On+Returns+With+Fed+Optimism+While+Hong+Kong+Disaster+Dominates+Asia+%257c+Investing.com/Buzz FX/{na:[{t:[&quot;BUZZ_FX_GF&quot;]}],hf:0}/tcnews/08d1365b36c4123bc6e04c8fb78b077ff165f854@{&quot;Syms&quot;:[],&quot;Inf&quot;:{&quot;PBL&quot;:&quot;Investing.com&quot;}}/1764229276",
        "site_full": "m.netdania.com",
        "site": "netdania.com",
        "site_section": "https://jp.m.netdania.com/news",
        "site_categories": [],
        "section_title": "NetDania.com - Live Stock and Forex Market Quotes &amp; Trading Solutions | News",
        "site_title": null,
        "title": "Risk-On Returns With Fed Optimism While Hong Kong Disaster Dominates Asia | Investing.com - NetDania News",
        "title_full": "Risk-On Returns With Fed Optimism While Hong Kong Disaster Dominates Asia | Investing.com - NetDania News",
        "published": "2025-11-27T09:49:40.898+02:00",
        "replies_count": 0,
        "participants_count": 1,
        "site_type": "news",
        "country": "US",
        "main_image": "https://jp.m.netdania.com/Content/images/logo-netdania.png",
        "performance_score": 0,
        "domain_rank": 47784,
        "domain_rank_updated": "2025-11-23T23:00:00.000+02:00",
        "licensing_agency": [],
        "social": {
            "facebook": {
                "likes": 0,
                "comments": 0,
                "shares": 0
            },
            "vk": {
                "shares": 0
            }
        }
    },
    "uuid": "6fb4b05c59a20395474e18d27aaefee44dce9dd8",
    "url": "https://m.netdania.com/news/Risk-On+Returns+With+Fed+Optimism+While+Hong+Kong+Disaster+Dominates+Asia+%257c+Investing.com/Buzz FX/{na:[{t:[&quot;BUZZ_FX_GF&quot;]}],hf:0}/tcnews/08d1365b36c4123bc6e04c8fb78b077ff165f854@{&quot;Syms&quot;:[],&quot;Inf&quot;:{&quot;PBL&quot;:&quot;Investing.com&quot;}}/1764229276",
    "ord_in_thread": 0,
    "author": "NetDania",
    "published": "2025-11-27T09:49:40.898+02:00",
    "title": "Risk-On Returns With Fed Optimism While Hong Kong Disaster Dominates Asia | Investing.com - NetDania News",
    "text": "-\nRisk-On Returns With Fed Optimism While Hong Kong Disaster Dominates Asia | Investing.com\nソース: Buzz FX / 27 11 2025 09:41:16 Asia/Jerusalem\nUS markets pushed higher in the session ahead of Thanksgiving, fueled by growing confidence in a December Fed rate cut . Tech once again anchored the move, with the best-known mega-caps pushing the S&P 500 higher for a fourth session.Read more...",
    "highlightText": "",
    "highlightTitle": "",
    "highlightThreadTitle": "",
    "language": "english",
    "sentiment": "negative",
    "categories": [
        "Disaster and Accident",
        "Economy, Business and Finance"
    ],
    "topics": [
        "Disaster and Accident->disaster",
        "Economy, Business and Finance->financial and economic news",
        "Economy, Business and Finance->market and exchange"
    ],
    "ai_allow": true,
    "has_canonical": false,
    "breaking": false,
    "webz_reporter": false,
    "external_links": [],
    "external_images": [],
    "internal_images": [],
    "entities": {
        "persons": [
            {
                "name": "Buz",
                "sentiment": "negative"
            }
        ],
        "locations": [],
        "organizations": []
    },
    "syndication": {
        "syndicated": false,
        "syndicate_id": null,
        "first_syndicated": false
    },
    "trust": {
        "categories": [],
        "top_news": [],
        "bias": null,
        "source": {
            "type": null,
            "city": null,
            "state": null,
            "country": null,
            "domain_type": null,
            "agency": null,
            "organization_name": null
        }
    },
    "rating": null,
    "crawled": "2025-11-27T09:49:40.898+02:00",
    "updated": "2025-11-27T09:51:42.000+02:00"
}