{
    "thread": {
        "uuid": "16882f1daffc67ee23780d7e7893ca8eacbefd6a",
        "url": "https://www.business-standard.com/markets/ipo/ipo-market-in-samvat-2081-record-fund-raise-but-mixed-gains-for-investors-125101600108_1.html",
        "site_full": "www.business-standard.com",
        "site": "business-standard.com",
        "site_section": "https://www.business-standard.com/amp",
        "site_categories": [
            "media",
            "financial_news",
            "finance"
        ],
        "section_title": "Business News, Finance News, India News, Stock Markets BSE/NSE News, SENSEX, NIFTY, Personal Finance News",
        "site_title": "Business News, Finance News, India News, Stock Markets BSE/NSE News, SENSEX, NIFTY, Personal Finance News",
        "title": "IPO Market in Samvat 2081: Record fund raise, but mixed gains for investors",
        "title_full": "IPO Market in Samvat 2081: Record fund raise, but mixed gains for investors",
        "published": "2025-10-16T06:03:00.000+03:00",
        "replies_count": 0,
        "participants_count": 1,
        "site_type": "news",
        "country": "IN",
        "main_image": "https://bsmedia.business-standard.com/_media/bs/img/article/2021-08/10/full/1628619560-9012.jpg",
        "performance_score": 0,
        "domain_rank": 3836,
        "domain_rank_updated": "2025-10-13T00:00:00.000+03:00",
        "licensing_agency": [],
        "social": {
            "facebook": {
                "likes": 0,
                "comments": 0,
                "shares": 0
            },
            "vk": {
                "shares": 0
            }
        }
    },
    "uuid": "16882f1daffc67ee23780d7e7893ca8eacbefd6a",
    "url": "https://www.business-standard.com/markets/ipo/ipo-market-in-samvat-2081-record-fund-raise-but-mixed-gains-for-investors-125101600108_1.html",
    "ord_in_thread": 0,
    "author": "Business Standard",
    "published": "2025-10-16T06:03:00.000+03:00",
    "title": "IPO Market in Samvat 2081: Record fund raise, but mixed gains for investors",
    "text": "initial public offer (IPO)market in Samvat 2081 saw a remarkable surge in fund raising activity, with 332 companies going public across the mainboard and SME (small and medium enterprises) segments, raising a cumulative ₹1.55 trillion.\n₹1.75 trillion raised in Samvat 2081: Meet the top wealth-multiplier IPOs\nMixed performance despite strong fundraising\nSamvat 2082 IPO outlook\nIPOs in Samvat 2082include Wakefit Innovations, Lenskart Solutions, and Cleanmax Enviro Energy Solutions.\nYou’ve reached your limit of {{free_limit}} free articles this month.\nSubscribe now for unlimited access.\nAlready subscribed? Log in\nSubscribe to read the full story →\nSmart Quarterly\n₹900\n3 Months\n₹300/Month\nSmart Essential\n₹2,700\n1 Year\n₹225/Month\nSuper Saver\n₹3,900\n2 Years\n₹162/Month\nSubscribe\nRenews automatically, cancel anytime\nHere’s what’s included in our digital subscription plans\nExclusive premium stories online\nOver 30 premium stories daily, handpicked by our editors\nComplimentary Access to The New York Times\nNews, Games, Cooking, Audio, Wirecutter & The Athletic\nBusiness Standard Epaper\nDigital replica of our daily newspaper — with options to read, save, and share\nCurated Newsletters\nInsights on markets, finance, politics, tech, and more delivered to your inbox\nMarket Analysis & Investment Insights\nIn-depth market analysis & insights with access to The Smart Investor\nArchives\nRepository of articles and publications dating back to 1997\nAd-free Reading\nUninterrupted reading experience with no advertisements\nSeamless Access Across All Devices\nAccess Business Standard across devices — mobile, tablet, or PC, via web or app",
    "highlightText": "",
    "highlightTitle": "",
    "highlightThreadTitle": "",
    "language": "english",
    "sentiment": "positive",
    "categories": [
        "Economy, Business and Finance"
    ],
    "topics": [
        "Economy, Business and Finance->market and exchange",
        "Economy, Business and Finance->financial and economic news",
        "Economy, Business and Finance->business financing"
    ],
    "ai_allow": true,
    "has_canonical": false,
    "breaking": null,
    "webz_reporter": false,
    "external_links": [],
    "external_images": [],
    "internal_images": [],
    "entities": {
        "persons": [],
        "locations": [],
        "organizations": []
    },
    "syndication": {
        "syndicated": false,
        "syndicate_id": null,
        "first_syndicated": false
    },
    "trust": {
        "categories": [
            "trusted_news"
        ],
        "top_news": [],
        "bias": "center",
        "source": {
            "type": null,
            "city": null,
            "state": null,
            "country": null,
            "domain_type": null,
            "agency": null,
            "organization_name": null
        }
    },
    "rating": null,
    "crawled": "2025-10-16T13:40:57.900+03:00",
    "updated": "2025-10-16T14:01:18.000+03:00"
}