{
    "thread": {
        "uuid": "b8ddc1ca01aca69f696a030d31c316aa6d5c2b6c",
        "url": "https://coingape.com/markets/dogecoin-eyes-0-40-rally-as-thumzup-integration-boosts-utility/",
        "site_full": "coingape.com",
        "site": "coingape.com",
        "site_section": "https://coingape.com/feed/",
        "site_categories": [
            "finance"
        ],
        "section_title": "CoinGape",
        "site_title": "Coingape: Bitcoin, Ethereum, Crypto News and Price Analysis",
        "title": "Dogecoin Eyes $0.40 Rally as Thumzup Integration Boosts Utility",
        "title_full": "Dogecoin Eyes $0.40 Rally as Thumzup Integration Boosts Utility",
        "published": "2025-10-16T14:55:00.000+03:00",
        "replies_count": 0,
        "participants_count": 1,
        "site_type": "news",
        "country": "US",
        "main_image": "https://coingape.com/wp-content/uploads/2025/10/Dogecoin-Eyes-0.40-Rally.webp",
        "performance_score": 0,
        "domain_rank": 39840,
        "domain_rank_updated": "2025-10-13T00:00:00.000+03:00",
        "licensing_agency": [],
        "social": {
            "facebook": {
                "likes": 0,
                "comments": 0,
                "shares": 0
            },
            "vk": {
                "shares": 0
            }
        }
    },
    "uuid": "b8ddc1ca01aca69f696a030d31c316aa6d5c2b6c",
    "url": "https://coingape.com/markets/dogecoin-eyes-0-40-rally-as-thumzup-integration-boosts-utility/",
    "ord_in_thread": 0,
    "author": "Coingapestaff",
    "published": "2025-10-16T14:55:00.000+03:00",
    "title": "Dogecoin Eyes $0.40 Rally as Thumzup Integration Boosts Utility",
    "text": "Dogecoin Eyes $0.40 Rally as Thumzup Integration Boosts Utility\nHighlights\n- Dogecoin forms a double-bottom near $0.18, signaling potential bullish reversal.\n- DOGE could retest the $0.40 zone if it sustains strength above key support levels.\n- Thumzup adds DOGE payments to its influencer reward system, expanding global utility.\nThe Dogecoin price is showing signs of renewed strength after bouncing from a critical support region. A visible double-bottom structure suggests potential reversal momentum building across the daily chart. Meanwhile, Dogecoin’s increasing real-world adoption continues to shape market sentiment. The recent announcement from Thumzup Media regarding DOGE integration further reinforces optimism surrounding the meme coin’s payment utility and mainstream recognition.\nDogecoin Price Action: Double Bottom Signals Bullish Shift Ahead\nThe Dogecoin price has established a strong double-bottom formation around the $0.18 support zone, marking a potential bullish reversal after recent declines. The current Dogecoin market price trades at $0.197, holding above short-term support as buying interest gradually builds.\nA clear breakout above $0.24 could trigger a steady advance toward the next resistance at $0.27, followed by $0.30. If momentum continues, DOGE could retest the upper resistance at $0.40, which represents the next major supply zone.\nMeanwhile, consistent higher lows since early October suggest renewed market confidence. This structure reflects a shift in sentiment as traders position for a possible upside continuation.\nHowever, sustaining price action above $0.19 remains essential to confirm the bullish setup. Therefore, the long-term Dogecoin price forecast stays optimistic, backed by improving technical structure, active accumulation, and rising investor conviction in the meme coin’s extended recovery path.\nThumzup Integration Strengthening Dogecoin’s Real-World Adoption Case\nThumzup Media, a Trump-linked company, recently confirmed plans to integrate DOGE payments into its influencer reward platform. This development allows global creators to receive payouts in Dogecoin, reducing friction and improving cross-border settlements.\nCEO Robert Steele highlighted that the integration supports fast, low-cost transactions suited for microrewards. The company expects improved scalability and efficiency once the update rolls out. Moreover, internal research from Thumzup shows Dogecoin’s network design fits perfectly for real-time creator payouts.\nThe rollout will occur in phases as the company finalizes technical and compliance processes. Notably, developers believe this expansion enhances user satisfaction and broadens Dogecoin’s practical reach. Consequently, Thumzup’s initiative marks another milestone in Dogecoin’s shift from meme status to functional payment asset.\nTo sum up, Dogecoin’s double-bottom recovery and Thumzup’s integration create a strong dual foundation for upside potential. Both technical and utility-driven factors align to strengthen investor confidence in the meme coin. As long as DOGE sustains above key demand levels, its path toward $0.30 and later $0.40 remains realistic. Together, these developments reinforce a constructive long-term recovery outlook for Dogecoin.",
    "highlightText": "",
    "highlightTitle": "",
    "highlightThreadTitle": "",
    "language": "english",
    "sentiment": "positive",
    "categories": [
        "Economy, Business and Finance",
        "Science and Technology"
    ],
    "topics": [
        "Economy, Business and Finance->financial and economic news",
        "Economy, Business and Finance->cryptocurrency",
        "Science and Technology->economics"
    ],
    "ai_allow": true,
    "has_canonical": false,
    "breaking": false,
    "webz_reporter": false,
    "external_links": [],
    "external_images": [],
    "internal_images": [],
    "entities": {
        "persons": [],
        "locations": [],
        "organizations": []
    },
    "syndication": {
        "syndicated": false,
        "syndicate_id": null,
        "first_syndicated": false
    },
    "trust": {
        "categories": [],
        "top_news": [],
        "bias": null,
        "source": {
            "type": null,
            "city": null,
            "state": null,
            "country": null,
            "domain_type": null,
            "agency": null,
            "organization_name": null
        }
    },
    "rating": null,
    "crawled": "2025-10-16T15:20:12.787+03:00",
    "updated": "2025-10-16T15:41:32.000+03:00"
}