{
    "thread": {
        "uuid": "5dd911f347dad99a0cdb87603383a8898644303e",
        "url": "https://article.wn.com/view/2025/10/16/LTIMindtree_Q2_Results_Cons_PAT_jumps_12_YoY_to_Rs_1401_cror_z/",
        "site_full": "article.wn.com",
        "site": "wn.com",
        "site_section": "https://wn.com/stocks",
        "site_categories": [
            "media"
        ],
        "section_title": "World News - Stocks",
        "site_title": "World News",
        "title": "LTIMindtree Q2 Results: Cons PAT jumps 12% YoY to Rs 1,401 crore, revenue up 10% - Worldnews.com",
        "title_full": "LTIMindtree Q2 Results: Cons PAT jumps 12% YoY to Rs 1,401 crore, revenue up 10% - Worldnews.com",
        "published": "2025-10-16T03:00:00.000+03:00",
        "replies_count": 0,
        "participants_count": 1,
        "site_type": "news",
        "country": "US",
        "main_image": "",
        "performance_score": 0,
        "domain_rank": 8219,
        "domain_rank_updated": "2025-10-13T00:00:00.000+03:00",
        "licensing_agency": [],
        "social": {
            "facebook": {
                "likes": 0,
                "comments": 0,
                "shares": 0
            },
            "vk": {
                "shares": 0
            }
        }
    },
    "uuid": "5dd911f347dad99a0cdb87603383a8898644303e",
    "url": "https://article.wn.com/view/2025/10/16/LTIMindtree_Q2_Results_Cons_PAT_jumps_12_YoY_to_Rs_1401_cror_z/",
    "ord_in_thread": 0,
    "author": "System",
    "published": "2025-10-16T03:00:00.000+03:00",
    "title": "LTIMindtree Q2 Results: Cons PAT jumps 12% YoY to Rs 1,401 crore, revenue up 10% - Worldnews.com",
    "text": "LTIMindtree reported a 12% year-on-year jump in consolidated Q2 net profit to Rs 1,401 crore, with revenue rising 10% to Rs 10,394 crore. The IT firm also declared a Rs 22 per share dividend. ......\nread full story\nLTIMindtree reported a 12% year-on-year jump in consolidated Q2 net profit to Rs 1,401 crore, with revenue rising 10% to Rs 10,394 crore. The IT firm also declared a Rs 22 per share dividend. ......\nread full story",
    "highlightText": "",
    "highlightTitle": "",
    "highlightThreadTitle": "",
    "language": "english",
    "sentiment": "positive",
    "categories": [
        "Economy, Business and Finance"
    ],
    "topics": [
        "Economy, Business and Finance->financial and economic news",
        "Economy, Business and Finance->business reporting and performance"
    ],
    "ai_allow": true,
    "has_canonical": false,
    "breaking": null,
    "webz_reporter": false,
    "external_links": [
        "https://economictimes.indiatimes.com/markets/stocks/earnings/ltimindtree-q2-results-cons-pat-jumps-12-yoy-to-rs-1401-crore-revenue-up-10/articleshow/124605133.cms",
        "https://www.economictimes.indiatimes.com/markets/stocks/earnings/ltimindtree-q2-results-cons-pat-jumps-12-yoy-to-rs-1401-crore-revenue-up-10/articleshow/124605133.cms"
    ],
    "external_images": [],
    "internal_images": [],
    "entities": {
        "persons": [],
        "locations": [],
        "organizations": []
    },
    "syndication": {
        "syndicated": false,
        "syndicate_id": null,
        "first_syndicated": false
    },
    "trust": {
        "categories": [
            "trusted_news"
        ],
        "top_news": [],
        "bias": "center",
        "source": {
            "type": null,
            "city": null,
            "state": null,
            "country": null,
            "domain_type": null,
            "agency": null,
            "organization_name": null
        }
    },
    "rating": null,
    "crawled": "2025-10-16T16:16:10.028+03:00",
    "updated": "2025-10-16T16:29:27.000+03:00"
}