{
    "thread": {
        "uuid": "142f98639792b6e3df8d72e37d800b7bc04791c7",
        "url": "https://www.thehansindia.com/news/national/infosys-q2-net-profit-jumps-13-pc-to-rs-7364-crore-announces-rs-23-dividend-1015355",
        "site_full": "www.thehansindia.com",
        "site": "thehansindia.com",
        "site_section": "https://www.thehansindia.com/technology/tech-news",
        "site_categories": [
            "media"
        ],
        "section_title": "Technology News |  latest tech updates and news | the Hans India",
        "site_title": "Andhra Pradesh Breaking News, Telangana News, Hyderabad News Updates, National News, Breaking News",
        "title": "Infosys Q2 net profit jumps 13 pc to Rs 7,364 crore, announces Rs 23 dividend",
        "title_full": "Infosys Q2 net profit jumps 13 pc to Rs 7,364 crore, announces Rs 23 dividend",
        "published": "2025-10-16T15:03:00.000+03:00",
        "replies_count": 0,
        "participants_count": 1,
        "site_type": "news",
        "country": "IN",
        "main_image": "https://assets.thehansindia.com/h-upload/2025/10/14/1592934-infosys.jpg",
        "performance_score": 0,
        "domain_rank": 25250,
        "domain_rank_updated": "2025-10-13T00:00:00.000+03:00",
        "licensing_agency": [],
        "social": {
            "facebook": {
                "likes": 0,
                "comments": 0,
                "shares": 0
            },
            "vk": {
                "shares": 0
            }
        }
    },
    "uuid": "142f98639792b6e3df8d72e37d800b7bc04791c7",
    "url": "https://www.thehansindia.com/news/national/infosys-q2-net-profit-jumps-13-pc-to-rs-7364-crore-announces-rs-23-dividend-1015355",
    "ord_in_thread": 0,
    "author": "The Hans India",
    "published": "2025-10-16T15:03:00.000+03:00",
    "title": "Infosys Q2 net profit jumps 13 pc to Rs 7,364 crore, announces Rs 23 dividend",
    "text": "Infosys Q2 net profit jumps 13 pc to Rs 7,364 crore, announces Rs 23 dividend\nMumbai: India IT bellwether Infosys' consolidated net profit for the second quarter of the current fiscal (Q2 FY26) stood at Rs 7,364 crore, up 13 per...\nMumbai: India IT bellwether Infosys' consolidated net profit for the second quarter of the current fiscal (Q2 FY26) stood at Rs 7,364 crore, up 13 per cent year-on-year (YoY), as per its exchange filing on Thursday.\nThe IT giant had posted a net profit of Rs 6,516 crore in the corresponding quarter a year ago (Q2 FY25). The company's net profit rose around 5 per cent on a quarter-on-quarter (QoQ) basis, as well as from Rs 6,506 crore in the April-June quarter.\nMeanwhile, the N.R. Narayan Murthy-founded IT company reported a Rs 3,504 crore YoY rise in its operation from revenue for the July-September quarter at Rs 44,490 crore from Rs 40,986 crore.\nThe Bengaluru-based company had declared an interim dividend of Rs 23 per share for its investors, and the record date for the same will be October 27.\n\"The Board, at their meeting held on October 15-16, approved an interim dividend of Rs 23 per equity share, fixed October 27, 2025, as a record date and November 7, 2025, as a payout date,\" the exchange filing said.\nThe company informed that during the quarter, Infosys Singapore Pte. Ltd., a wholly owned subsidiary of Infosys Limited, entered into a definitive agreement to acquire 75 per cent of the equity share capital in Telstra Purple Pty Ltd, including some of its subsidiaries. The firm is Australia's leading digital transformation solutions provider.\n\"We have now delivered two consecutive quarters of strong growth, demonstrating our unique market positioning and client relevance. Strong deal wins, with 67% net new in Q2, reflect our deep understanding of clients’ priorities to deliver value from AI in this environment,\" MD and CEO Salil Parekh said.\n\"Our proactive investments, over the last three years, in embracing an AI-first culture within Infosys have ensured that our people are reskilled to thrive in a human+AI workplace. Infosys Topaz’s differentiated value proposition is unlocking value at scale in every transformation programme,\" he added.",
    "highlightText": "",
    "highlightTitle": "",
    "highlightThreadTitle": "",
    "language": "english",
    "sentiment": "positive",
    "categories": [
        "Economy, Business and Finance"
    ],
    "topics": [
        "Economy, Business and Finance->financial and economic news",
        "Economy, Business and Finance->business reporting and performance",
        "Economy, Business and Finance->corporate news and profiles"
    ],
    "ai_allow": true,
    "has_canonical": false,
    "breaking": false,
    "webz_reporter": false,
    "external_links": [],
    "external_images": [],
    "internal_images": [],
    "entities": {
        "persons": [],
        "locations": [],
        "organizations": [
            {
                "name": "Infosys",
                "sentiment": "negative",
                "tickers": [
                    {
                        "ticker": "INFY",
                        "exchange": "NYSE"
                    }
                ]
            }
        ]
    },
    "syndication": {
        "syndicated": false,
        "syndicate_id": "142f98639792b6e3df8d72e37d800b7bc04791c7",
        "first_syndicated": true
    },
    "trust": {
        "categories": [],
        "top_news": [],
        "bias": null,
        "source": {
            "type": null,
            "city": null,
            "state": null,
            "country": null,
            "domain_type": null,
            "agency": null,
            "organization_name": null
        }
    },
    "rating": null,
    "crawled": "2025-10-16T15:08:41.738+03:00",
    "updated": "2025-10-16T15:16:33.000+03:00"
}