{
    "thread": {
        "uuid": "764c869a100dc7830c5ed20f1f6012dcd590e506",
        "url": "https://www.stheadline.com/stock-market/3411436/%E6%B8%AF%E8%82%A1%E5%A0%B119700%E9%BB%9E%E8%B7%8C05-%E9%80%A3%E8%B7%8C%E5%85%A9%E6%97%A5-%E4%B8%AD%E8%B3%87%E9%9B%BB%E8%A8%8A%E5%8F%8A%E6%B2%B9%E8%82%A1%E8%B7%91%E5%87%BA-%E5%88%86%E6%9E%90%E6%96%99%E8%BF%91%E6%9C%9F%E6%81%90%E8%A6%8B%E8%90%AC%E4%B9%9D%E9%BB%9E%E6%B8%AF%E8%82%A1%E6%94%B6%E5%B8%82",
        "site_full": "www.stheadline.com",
        "site": "stheadline.com",
        "site_section": "https://www.stheadline.com/rss",
        "site_categories": [
            "media",
            "top_news_hk",
            "top_news_tw",
            "top_news"
        ],
        "section_title": "星島頭條網",
        "title": "港股報19700點跌0.5% 連跌兩日 中資電訊及油股跑出 分析料近期恐見萬九點｜港股收市",
        "title_full": "港股報19700點跌0.5% 連跌兩日 中資電訊及油股跑出 分析料近期恐見萬九點｜港股收市",
        "published": "2024-12-17T11:12:00.000+02:00",
        "replies_count": 0,
        "participants_count": 1,
        "site_type": "news",
        "country": "HK",
        "main_image": "https://image.hkhl.hk/f/1200p0/0x0/100/none/cacc80e391362d29f6398fa8465cb700/2024-12/230927_stock_1.png",
        "performance_score": 0,
        "domain_rank": 25128,
        "domain_rank_updated": "2024-12-09T23:00:00.000+02:00",
        "social": {
            "facebook": {
                "likes": 0,
                "comments": 0,
                "shares": 0
            },
            "vk": {
                "shares": 0
            }
        }
    },
    "uuid": "764c869a100dc7830c5ed20f1f6012dcd590e506",
    "url": "https://www.stheadline.com/stock-market/3411436/%E6%B8%AF%E8%82%A1%E5%A0%B119700%E9%BB%9E%E8%B7%8C05-%E9%80%A3%E8%B7%8C%E5%85%A9%E6%97%A5-%E4%B8%AD%E8%B3%87%E9%9B%BB%E8%A8%8A%E5%8F%8A%E6%B2%B9%E8%82%A1%E8%B7%91%E5%87%BA-%E5%88%86%E6%9E%90%E6%96%99%E8%BF%91%E6%9C%9F%E6%81%90%E8%A6%8B%E8%90%AC%E4%B9%9D%E9%BB%9E%E6%B8%AF%E8%82%A1%E6%94%B6%E5%B8%82",
    "ord_in_thread": 0,
    "parent_url": null,
    "author": "港股報19700點跌0.5% 連跌兩日 中資電訊及油股跑出 分析料近期恐見萬九點｜港股收市",
    "published": "2024-12-17T11:12:00.000+02:00",
    "title": "港股報19700點跌0.5% 連跌兩日 中資電訊及油股跑出 分析料近期恐見萬九點｜港股收市",
    "text": "0) { var resizeTimer; $(window).resize(function() { clearTimeout(resizeTimer); resizeTimer = setTimeout(resizeFunction, 1000); }); } function resizeFunction() { const isMobileAds = isMobile() && (typeof adUnits_m === 'object' && adUnits_m.length ===undefined); const isWebAds = !isMobile() && (typeof adUnits === 'object' && adUnits.length ===undefined); const debugLog = message => debug_mode && console.log(\"resizeFunction: \",message); const resizeAds = (selector, adType, isMobile) => { $(selector).each(function () { if ($(this).children().length === 0) { var divid = $(this).attr('id'); const i = $(this).data(`${adType}-index`); if (i in (isMobile ? adUnits_m[adType] : adUnits[adType])) { const a = (isMobile ? adUnits_m[adType] : adUnits[adType])[i]; debugLog(`Resize ${isMobile ? 'MWEB' : 'WEB'} ${adType}: Code:${a.code} DIV: ${a.divid} or ${divid}`); const slot = googletag.defineSlot(a.code, JSON.parse(a.sizes), divid); Object.entries(page_level_kv).forEach(( [key, value]) => { slot.setTargeting(key, value); }); slot.addService(googletag.pubads()); googletag.display(divid); } } }); }; debugLog(`isMobileAds ${isMobileAds} || isWebAds ${isWebAds}`); if (isMobileAds || isWebAds) { debugLog(`Resized? IsMobile=${isMobileAds}`); const adTypes = ['billborad', 'lrec', 'footer', 'popup', '1x1', 'gallery_leaderboard', 'gallery_flipad', 'inarticlebanner']; adTypes.forEach(adType => { debugLog(`For ${adType}: div[id^=\"${adType}\"]${isMobileAds ? '[id$=\"_m\"]' : ':not([id$=\"_m\"])'}`); resizeAds(`div[id^=\"${adType}\"]${isMobileAds ? '[id$=\"_m\"]' : ':not([id$=\"_m\"])'}`, adType, isMobileAds); }); } else { debugLog(\"Do Nothing during resize\"); } const keyimgSelector = isMobile() ? \"#keyimg_m\" : \"#keyimg\"; // if (!isMobile() || ($(keyimgSelector).length && !$(keyimgSelector).attr(\"data-fancybox\"))) { // $(keyimgSelector).attr(\"data-fancybox\", isMobile() ? \"gallery\" : \"\"); // } if(isMobile() && $(keyimgSelector).length ){ $('#keyimg').attr(\"data-fancybox\", \"exclude\"); $('#keyimg_m').attr(\"data-fancybox\", \"gallery\"); }else{ $('#keyimg').attr(\"data-fancybox\", \"gallery\"); $('#keyimg_m').attr(\"data-fancybox\", \"exclude\"); } [\"1\", \"2\", \"3\"].forEach(number => { const id = `#img_gallery_flipad${number}${isMobile() ? '-m' : ''}`; const $element = $(id); if ($element.length && isMobile() !== $element.attr(\"id\").endsWith(\"-m\")) { $element.attr(\"id\", isMobile() ? `${id}-m` : id); } }); if (!isMobile() && $(\".share-box\").is(\":hidden\")) { $(\".share-box\").show(); } } function PreviousPos(sitename,index) { if(checkCookie()){ setCookie(\"PreviousPos\", sitename+\".\"+index, 10); } } function RelatedPos(sitename,index) { if(checkCookie()){ setCookie(\"RelatedPos\", sitename+\".\"+index, 10); } } function cckevent(hamhame,btn,lnk) { window.digitalData = {...ClickAA}; window.digitalData.click.outbound = lnk; //evar 16 window.digitalData.click.clickbutton = btn; //evar 6 window.digitalData.page.hamham = hamhame; //evar 44 if( typeof _satellite !== \"undefined\"){ _satellite.track(\"click\", window.digitalData); } ga_cd_dataE = {...ClickGA}; ga_cd_dataE[\"outbound_links\"] = lnk; //evar 16 ga_cd_dataE[\"clickbutton\"] = btn; //evar 6 ga_cd_dataE[\"hamham\"] = hamhame; //evar 44 dataLayer.push(ga_cd_dataE); } 港聞 娛樂 最Hit 即時 中國 國際 星島申訴王 財經 地產 生活 健康 教育 體育 大灣區 專欄 馬經 TV PLUS 更多 港聞 社會 政情 突發 時事熱話 娛樂 即時娛樂 影視圈 星級品味 中國 即時中國 大國外交 兩岸熱話 奇聞趣事 國際 即時國際 環球拆局 趣聞熱話 星島申訴王 放蛇直擊 我要讚佢 區區申訴 提防騙子 申訴熱話 人人申訴 財經 投資理財 宏觀經濟 商業創科 股市 ESG 區塊鏈 地產 樓市動向 新盤速遞 筍盤推介 海外置業 家居裝修 生活 飲食 好去處 旅遊 時尚購物 生活百科 Art Can 汽車 健康 食用安全 保健養生 減肥運動 醫生教室 教育 教育新聞 升學攻略 高等教育 學習教室 知識轉移 親子 體育 即時體育 足球世界 波盤王 專家點睇 大灣區 跨境理財 置業灣區 灣區教育 吃喝玩樂 馬經 馬圈快訊 名家專欄 晨操動態 TV 時事台 娛樂台 產經台 生活台 直播Live PLUS 專欄 企業 ST+ 港聞 娛樂 最Hit 即時 中國 國際 星島申訴王 財經 地產 生活 健康 教育 體育 大灣區 專欄 馬經 TV PLUS 旗下品牌\n星島網 星島電子報 頭條日報 The Standard 東周刊 親子王 caz buyer 東Touch PCM 電腦廣場 Oh!爸媽 JobMarket 頭條揾工 EDUPLUS 星島環球 頭條金融報 頭條馬網 星島頭條 資訊生活服務平台\n一APP生活「Sync」到 《星島頭條》流動應用程式(APP)是一個結合生活、新聞資訊、視頻、個人化功能及生活實用小工具的綜合平台。 了解更多 關於我們 聯絡我們 隱私政策聲明 使用條款 版權及免責聲明 幫助及反饋 我要爆料 Copyright © 2024 SingTao Ltd.All rights reserved. 主頁 財經 股市 港股報19700點跌0.5% 連跌兩日 中資電訊及油股跑出 分析料近期恐見萬九點｜港股收市 股市 更新時間：17:12 2024-12-17\n發佈時間：17:12 2024-12-17 字體大小 市場持續觀望美國聯儲局議息，而美股隔晚個別發展，其中反映中概股表現的納指金龍指數跌逾2%，拖累隔晚夜期及ADR走軟，加上內地政策面較靜，港股向上動力不足，連跌兩個交易日，周二再低開逾百點，全日僅窄幅上落並於20日線水平爭持，全日收跌95點或0.5%，報19,700點，仍坐望兩萬點大關。成交1319.9億元，連跌兩日。\n恒指低開117點，早段曾最多跌174點見19,620全日低位，午後曾受內地股市反彈提振，突抽升至19,930點，兵臨兩萬點大關城下，並為全日高位；但隨即回落兼反覆偏軟，收跌0.5%，報19,700點。國指跌27點或0.4%，收報7105點；科指跌25點或0.6%，收報4389點。\n中資電訊、油股跑出 市況不確定下中特估走強，尤以部分中資電訊股、油股表現較優異。中海油（883）收升1.7%，報18.12元。中國聯通（762）收升1.3%，報7.02元。中國移動（941）收升0.3%、報75.1元。不過中國電信（728）收跌0.6%，報4.8元。\n比特幣概念股向下 比特幣屢創新高，惟港股相關概念股普遍向下，雄岸科技（1647）重挫11.1%，收報0.088元。藍港互動（8267）跌3.2%，收報0.61元。新火科技（1611）績後跌2.7%，收報2.16元。博雅互動（434）跌1%，收報5.67元。\n科技股走軟 科技股走軟，小米（1810）今日繼續調整，跌1.3%，收報29.95元。京東（9618）跌1.3%，收報142.2元。虧74億元人民幣售出銀泰持股的阿里巴巴（9988）挫1.1%，收報83.4元。騰訊（700）跌0.7%，收報402.6元。美團（3690）跌0.6%，收報158.6元。\n中興升5% 新世界跌1% 值得一提的是，內媒流傳抖音母企字節跳動AI大模型豆包擬與中興通訊（763）合作，雖然字節否認，但中興仍逆市升4.6%，收報20.3元。本港方面，老牌地產股新世界（017）傳違反財務指標，向銀行尋豁免，收跌1.2%，報5.65元，股價連跌6日兼累挫近15%。\n金融股榮辱互見，港交所（388）逆市升1%，收報300.6元。滙控（005）升0.3%，收報75.2元。友邦保險（1299）跌0.7%，收報54.7元。藍籌方面，海底撈（6862）收升3.1%，報17.36元，領漲藍籌及國指成份股；中升控股（881）跌3.4%，收報15.32元，為藍籌中跌幅最多。\n富途陸秉鈞：港股近期有機會跌見19,000點 富途證券香港首席策略師陸秉鈞表示，近期市場已消化早前中央貨幣政策變化等消息，相信投資者靜待本月美國議息，惟他認為美國減息四分一厘已無懸念，不會對市場再有較大衝擊或影響。\n此外陸秉鈞認為，港股近期處於弱勢，向下空間仍較大，有機會再跌至19,000點大關，而未來短期內料未必再有重要政策或經濟消息帶動之下，港股將維持較沉悶狀態，向上突破機會不大，在20,100點或已有較大阻力。\n---\n恒指今早低開117點後，跌幅最多擴大至175點，低見19620，其後一度輕微「倒升」12點至19807點，但升勢未能維持，截至中午報19718點，跌76點或0.39%，半日成交668億元。至於科指中午報4392點，跌21點或0.49%。\n重磅藍籌中，「ATMX」繼續低迷，其後阿里（9988）及小米（1810）跌逾1%，美團（3690）及騰訊（700）亦分別跌0.9%及0.35%，為跌市主要推手；相反，比亞迪（1211）及中海油（883）逆市升2.1%及1.8%，支撐大市。\n中信證券看好明年汽車業 單計股價變幅，海底撈（6862）半日升2.5%，為表現最佳藍籌，其次則是比亞迪。不過，「蔚小理」則個別發展，其中小鵬（9868）升0.9%、理想（2015）跌0.5%，蔚來（9866）亦跌0.7%。\n中信證券預計，明年汽車行業刺激政策延續的概率較大，有望走出「內卷」曙光，而出海景氣延續、自動駕駛加速滲透及人形機器人料將是行業明年最明確趨勢，也為汽車行業提供業績和估值的雙重驅動，建議關注整車和經銷商板塊、零部件板塊、周期向上同時長期盈利空間打開的商用車龍頭公司，以及產品升級、出海加速的兩輪車龍頭。\n傳字節豆包與中興合作 另一方面，中興通訊（763）半日升7.5%至20.85元。消息面上，有傳言指字節豆包模型要內嵌手機，並找了中興通訊，之後更不排除成立一個新的品牌。\n市場憧憬美國聯儲局本港時間周四凌晨3時公布減息，利好科技股表現，但美股三大指數個別發展，其中道指周一跌110點或0.25%，報43717點；標指升22點或0.38%，報6074點；納指更升247點或1.24%，報20173點。至於反映中概股表現的金龍指數跌2.19%至6829點。\nTesla再升逾6%創新高 市場焦點落在Tesla（TSLA）身上，該股周一再升逾6%至463.02美元，再創歷史新高。值得留意的是，路透報道指特朗普過渡團隊計劃取消7,500美元的購買電動車稅收減免、建議取消對電動車及充電基礎設施支持，以及對全球所有電池材料徵收關稅。不過，Tesla行政總裁馬斯克指取消補貼對競爭對手的影響較大，因為Tesla已經佔據市場主導地位。\n比特幣曾突破10.7萬美元 此外，比特幣價格一度突破10.7萬美元新高，高見107,846美元，刺激加密貨幣概念股造好，其中MARA Holdings（MARA）及Riot Platforms（RIOT）升逾8%、Coinbase（COIN）升1.5%，而獲納入納斯達克100指數的MicroStrategy（MSTR）卻跌0.04%至408.5美元。\n港股方面，人行再提適時降準降息，但恒指今早仍低開117點，報19678點。科網股普遍向下，其中阿里巴巴（9988）市傳計劃將持有的銀泰百貨股份出售予紡織服裝行業龍頭雅戈爾，今早股價跌0.53%；騰訊（700）跌0.89%；美團（3690）跌1.69%，京東（9618）跌1.39%，但小米（1810）升0.66%。\n比特幣價格再破頂，相關概念股如博雅互動（434）繼昨日大升後，今早再升1.22%；藍港互動（8267）及新火科技（1611）亦升逾3%。\n瑞聲擬斥1億美元回購 個股之中，瑞聲（2018）擬回購最多7.78億港元（即1億美元）公司股份，期限由今日起至明年5月16日；該股今早開市無升跌，報36.75元。此外，中煙香港（6055）發盈喜，料年度淨利潤按年增幅不低於30%；該股開市仍跌1.4%。\n北水動向方面，昨日淨賣出3.87億元，中移動（941）、中海油（883）及建行（939）分別獲淨買入8.46億元、4.38億元及3.69億元；而盈富基金（2800）、恒生中國企業（2828）及美團（3690）則分別遭淨賣出25.73億元、16.35億元及6.33億元。\n↓立即下載星島頭條App↓\n↓立即下載星島頭條App↓",
    "highlightText": "",
    "highlightTitle": "",
    "highlightThreadTitle": "",
    "language": "english",
    "sentiment": "negative",
    "categories": [
        "Economy, Business and Finance"
    ],
    "topics": [
        "Economy, Business and Finance->financial and economic news"
    ],
    "ai_allow": true,
    "canonical": false,
    "webz_reporter": false,
    "external_links": [
        "https://www.eduplus.hk/",
        "https://cazbuyer.my-magazine.me/",
        "https://www.sthlstatic.com/sthl/assets/images/logo-dark.svg",
        "https://www.facebook.com/stheadlinehk/",
        "https://www.sthlstatic.com/sthl/assets/icons/ico-social-youtube.svg",
        "https://www.pcmarket.com.hk/",
        "https://www.sthlstatic.com/sthl/assets/images/logo.svg",
        "https://play.google.com/store/apps/details?id=singtao.android.hkheadline&hl=zh_HK&gl=US&utm_source=google+play+store",
        "https://www.jobmarket.com.hk/",
        "https://www.youtube.com/c/SingTaoHeadline/",
        "https://easttouch.my-magazine.me/main/",
        "https://www.stnn.cc/",
        "https://www.headlinejobs.hk/",
        "https://www.sthlstatic.com/sthl/assets/images/logo-stepaper.jpeg",
        "https://apps.apple.com/hk/app/%E9%A0%AD%E6%A2%9D%E6%97%A5%E5%A0%B1/id348023216?utm_source=ios",
        "https://www.sthlstatic.com/sthl/assets/images/logo-singtao.svg",
        "https://www.sthlstatic.com/sthl/assets/icons/share-copy-link.svg",
        "https://www.sthlstatic.com/sthl/assets/icons/share_fb.svg",
        "https://www.linkedin.com/company/sing-tao-news-corporation-limited-%E6%98%9F%E5%B3%B6%E6%96%B0%E8%81%9E%E9%9B%86%E5%9C%98/",
        "https://www.googletagmanager.com/ns.html?id=GTM-PHTVG2B",
        "https://bit.ly/3Ol1S5H",
        "https://paper.headlinefinance.hk/",
        "https://www.ohpama.com/",
        "https://www.sthlstatic.com/sthl/assets/icons/ico-social-instagram.svg",
        "https://www.thestandard.com.hk/",
        "https://www.sthlstatic.com/sthl/assets/icons/share-e-mail.svg",
        "https://www.sthlstatic.com/sthl/assets/icons/share-whatsapp.svg",
        "https://www.sthlstatic.com/sthl/assets/icons/ico-social-linkedin.svg",
        "https://sb.scorecardresearch.com/p?c1=2&c2=9053246&cv=3.6&cj=1",
        "https://www.sthlstatic.com/sthl/assets/icons/ico-social-facebook.svg",
        "https://www.sthlstatic.com/sthl/assets/icons/plus-icon.svg",
        "https://e.infogram.com/f3414dde-f901-49fe-bf90-c60280eef982?src=embed",
        "https://www.instagram.com/singtaoheadline/",
        "https://linkedin.com/company/sing-tao-news-corporation-limited-%E6%98%9F%E5%B3%B6%E6%96%B0%E8%81%9E%E9%9B%86%E5%9C%98/",
        "https://sthlstatic.com/sthl/assets/images/logo-dark.svg",
        "https://sthlstatic.com/sthl/assets/images/logo-stepaper.jpeg",
        "https://instagram.com/singtaoheadline/",
        "https://sthlstatic.com/sthl/assets/icons/ico-social-linkedin.svg",
        "https://jobmarket.com.hk/",
        "https://sthlstatic.com/sthl/assets/images/logo.svg",
        "https://easttouch.my-magazine.me/main",
        "https://youtube.com/c/SingTaoHeadline/",
        "https://www.apps.apple.com/hk/app/%E9%A0%AD%E6%A2%9D%E6%97%A5%E5%A0%B1/id348023216?utm_source=ios",
        "https://sthlstatic.com/sthl/assets/icons/share_fb.svg",
        "https://sb.scorecardresearch.com/p",
        "https://www.ohpama.com",
        "https://www.youtube.com/c/SingTaoHeadline",
        "https://www.sb.scorecardresearch.com/p?c1=2&c2=9053246&cv=3.6&cj=1",
        "https://play.google.com/store/apps/details",
        "https://facebook.com/stheadlinehk/",
        "https://paper.headlinefinance.hk",
        "https://www.cazbuyer.my-magazine.me/",
        "https://www.headlinejobs.hk",
        "https://www.eduplus.hk",
        "https://thestandard.com.hk/",
        "https://apps.apple.com/hk/app/%E9%A0%AD%E6%A2%9D%E6%97%A5%E5%A0%B1/id348023216",
        "https://ohpama.com/",
        "https://www.e.infogram.com/f3414dde-f901-49fe-bf90-c60280eef982?src=embed",
        "https://sthlstatic.com/sthl/assets/icons/share-whatsapp.svg",
        "https://www.jobmarket.com.hk",
        "https://www.thestandard.com.hk",
        "https://stnn.cc/",
        "https://www.paper.headlinefinance.hk/",
        "https://www.stnn.cc",
        "https://headlinejobs.hk/",
        "https://sthlstatic.com/sthl/assets/icons/ico-social-instagram.svg",
        "https://cazbuyer.my-magazine.me",
        "https://www.googletagmanager.com/ns.html",
        "https://googletagmanager.com/ns.html?id=GTM-PHTVG2B",
        "https://sthlstatic.com/sthl/assets/icons/ico-social-youtube.svg",
        "https://www.pcmarket.com.hk",
        "https://www.bit.ly/3Ol1S5H",
        "https://sthlstatic.com/sthl/assets/icons/share-e-mail.svg",
        "https://e.infogram.com/f3414dde-f901-49fe-bf90-c60280eef982",
        "https://www.easttouch.my-magazine.me/main/",
        "https://sthlstatic.com/sthl/assets/icons/share-copy-link.svg",
        "https://www.instagram.com/singtaoheadline",
        "https://www.facebook.com/stheadlinehk",
        "https://www.linkedin.com/company/sing-tao-news-corporation-limited-%E6%98%9F%E5%B3%B6%E6%96%B0%E8%81%9E%E9%9B%86%E5%9C%98",
        "https://sthlstatic.com/sthl/assets/images/logo-singtao.svg",
        "https://eduplus.hk/",
        "https://sthlstatic.com/sthl/assets/icons/ico-social-facebook.svg",
        "https://www.play.google.com/store/apps/details?id=singtao.android.hkheadline&hl=zh_HK&gl=US&utm_source=google+play+store",
        "https://pcmarket.com.hk/",
        "https://sthlstatic.com/sthl/assets/icons/plus-icon.svg"
    ],
    "external_images": [],
    "entities": {
        "persons": [],
        "organizations": [],
        "locations": []
    },
    "syndication": {
        "syndicated": false,
        "syndicate_id": null,
        "first_syndicated": false
    },
    "rating": null,
    "crawled": "2024-12-17T11:59:21.968+02:00",
    "updated": "2024-12-17T11:59:21.968+02:00"
}