{
    "thread": {
        "uuid": "4525c8ea44b344617d23dc90e235becce00a0897",
        "url": "https://www.morningstar.com/news/dow-jones/202412171137/us-futures-european-stocks-edge-lower-ahead-of-fed-rate-decision",
        "site_full": "www.morningstar.com",
        "site": "morningstar.com",
        "site_section": "https://www.morningstar.com/news",
        "site_categories": [
            "investing",
            "financial_news",
            "finance"
        ],
        "section_title": "Latest Market Headlines | Morningstar",
        "title": "U.S. Futures, European Stocks Edge Lower Ahead of Fed Rate Decision | Morningstar",
        "title_full": "U.S. Futures, European Stocks Edge Lower Ahead of Fed Rate Decision | Morningstar",
        "published": "2024-12-17T10:53:00.000+02:00",
        "replies_count": 0,
        "participants_count": 0,
        "site_type": "news",
        "country": "US",
        "main_image": "https://images.contentstack.io/v3/assets/blt4eb669caa7dc65b2/blta7dd42ebdd7b93b8/61899b34a3c7df383578294c/morningstar-og.png",
        "performance_score": 0,
        "domain_rank": 1869,
        "domain_rank_updated": "2024-12-09T23:00:00.000+02:00",
        "social": {
            "facebook": {
                "likes": 0,
                "comments": 0,
                "shares": 0
            },
            "vk": {
                "shares": 0
            }
        }
    },
    "uuid": "4525c8ea44b344617d23dc90e235becce00a0897",
    "url": "https://www.morningstar.com/news/dow-jones/202412171137/us-futures-european-stocks-edge-lower-ahead-of-fed-rate-decision",
    "ord_in_thread": 0,
    "parent_url": null,
    "author": null,
    "published": "2024-12-17T10:53:00.000+02:00",
    "title": "U.S. Futures, European Stocks Edge Lower Ahead of Fed Rate Decision | Morningstar",
    "text": "U.S. Futures, European Stocks Edge Lower Ahead of Fed Rate Decision U.S. futures for the S&P 500 were down 0.3% and futures for the Dow Jones Industrial Average fell 0.4%. Changes in futures do not necessarily predict movements after the opening bell. In Europe, the Stoxx Europe 600 declined 0.5% in morning trading. Worldline added 2.1% and Billerud rose 2%. On the other hand, Bunzl lost 5%, and Ubisoft Entertainment dropped 3%. The FTSE 100 lost 0.6%. Other stocks in Europe were down as France's CAC 40 decreased 0.3% and Germany's DAX fell 0.1%. The Wall Street Journal Dollar Index climbed 0.1% to 101.31. In commodities, Brent crude dropped 0.3% to $73.67 a barrel, and WTI crude dropped 0.5% to $70.38 a barrel. The European benchmark price for natural gas, the Dutch futures contract TTF, was down 0.7% to 40.02 euros a megawatt hour. The German 10-year Bund yield was flat at 2.251%, and the yield on the 10-year U.S. Treasury climbed by 2 basis points to 4.423% from 4.405%. Bond prices and yields move in opposite directions. Stocks in Asia were down as Japan's Nikkei 225 index dropped 0.2%, and Hong Kong's Hang Seng dropped 0.5%. China's benchmark Shanghai Composite declined 0.7%. -This article was automatically generated by MarketWatch. Write to Barcelona Editors at barcelonaeditors@dowjones.com (END) Dow Jones Newswires December 17, 2024 03:53 ET (08:53 GMT) Copyright (c) 2024 Dow Jones & Company, Inc. More in Markets Plus: Fed decision looms, more inflation data, and market timing. Markets Brief: Stocks Are Getting Expensive. Should You Sell? We wrap up our coverage of the markets and the week. Smart Investor: Cheap Stocks That Just Raised Dividends, Will the Fed Pause, Morningstar’s Recommended Reading A quarter-point cut is seen as likely in December. Will the Fed Signal a January Pause in Rate Cuts? More in Stocks Advanced Micro Devices and Caterpillar are among the stocks that fell into undervalued territory. 14 New 4-Star Stocks Trip.com and Rockwell Automation are among the stocks that are now expensive. 2 Newly Overvalued Stocks These companies largely earn their competitive advantage from intangible assets, and their stocks are great choices for an investor’s watchlist.",
    "highlightText": "",
    "highlightTitle": "",
    "highlightThreadTitle": "",
    "language": "english",
    "sentiment": "negative",
    "categories": [
        "Economy, Business and Finance"
    ],
    "topics": [
        "Economy, Business and Finance->financial and economic news"
    ],
    "ai_allow": true,
    "canonical": false,
    "webz_reporter": false,
    "external_links": [],
    "external_images": [],
    "entities": {
        "persons": [],
        "organizations": [
            {
                "name": "European Stocks Edge Lower Ahead of Fed",
                "sentiment": "negative"
            },
            {
                "name": "S&P",
                "sentiment": "negative"
            },
            {
                "name": "Ubisoft Entertainment",
                "sentiment": "none"
            },
            {
                "name": "U.S. Treasury",
                "sentiment": "none"
            },
            {
                "name": "Bunzl",
                "sentiment": "none"
            }
        ],
        "locations": [
            {
                "name": "Europe",
                "sentiment": "none"
            }
        ]
    },
    "syndication": {
        "syndicated": false,
        "syndicate_id": null,
        "first_syndicated": false
    },
    "rating": null,
    "crawled": "2024-12-17T11:27:30.201+02:00",
    "updated": "2024-12-17T11:27:30.201+02:00"
}