{
    "thread": {
        "uuid": "a2897d34d9c6c79768985eb8dba1532ad95a7679",
        "url": "https://odishabytes.com/one-nation-one-election-bill-fails-to-get-2-3rd-majority-in-its-favour-will-be-sent-to-joint-parliamentary-panel",
        "site_full": "odishabytes.com",
        "site": "odishabytes.com",
        "site_section": "https://odishabytes.com/category/viral-videos",
        "site_categories": [
            "media"
        ],
        "section_title": "Viral Videos - Odisha Bytes",
        "title": "One Nation, One Election Bill Fails To Get 2/3rd Majority In Its Favour, Will Be Sent To Joint Parliamentary Panel",
        "title_full": "One Nation, One Election Bill Fails To Get 2/3rd Majority In Its Favour, Will Be Sent To Joint Parliamentary Panel",
        "published": "2024-12-17T07:12:00.000+02:00",
        "replies_count": 0,
        "participants_count": 1,
        "site_type": "news",
        "country": "IN",
        "main_image": "https://odishabytes.com/wp-content/uploads/2024/12/one-nation-one-election.jpg",
        "performance_score": 0,
        "domain_rank": 199675,
        "domain_rank_updated": "2024-12-09T23:00:00.000+02:00",
        "social": {
            "facebook": {
                "likes": 0,
                "comments": 0,
                "shares": 0
            },
            "vk": {
                "shares": 0
            }
        }
    },
    "uuid": "a2897d34d9c6c79768985eb8dba1532ad95a7679",
    "url": "https://odishabytes.com/one-nation-one-election-bill-fails-to-get-2-3rd-majority-in-its-favour-will-be-sent-to-joint-parliamentary-panel",
    "ord_in_thread": 0,
    "parent_url": null,
    "author": "OB Bureau",
    "published": "2024-12-17T07:12:00.000+02:00",
    "title": "One Nation, One Election Bill Fails To Get 2/3rd Majority In Its Favour, Will Be Sent To Joint Parliamentary Panel",
    "text": "New Delhi: After Union Law Minister introduced the Constitution (One Hundred and Twenty-Ninth Amendment) Bill, 2024′ and ‘The Union Territories Laws (Amendment) Bill, 2024’ in Lok Sabha, e-voting was conducted, following which the same was sent to Joint Parliamentary Committee (JPC) for detailed discussion. The Opposition parties, including the INDIA Bloc, vehemently opposed the bill in the lower house, dubbing it as anti-Constitutional and an attack on the country’s federal structure.\n[#WATCH]| In a first, E-voting on 'One Nation One Election' Bill underway in Lok Sabha.(Source: Sansad TV)\n[pic.twitter.com/dMRk6UEjeO]— ANI (@ANI)\n[December 17, 2024]\nAccording to reports, 263 votes were in favour of the bill, while 198 against it. “Two-third majority was needed for the amendment to be passed, and that means the total members present were 461, in that, 2/3rd means 307 was needed but the government got 263 and the opposition got 198. Therefore, they did not get 2/3rd. This bill does not have the support of the opposition and many parties have spoken against it. Now it is very clear that this bill is just going to be referred to some other committees. It is not going to happen,”Congress MP Manickam Tagore told ANI.\n[#WATCH]| On One Nation One Election Bill, Congress MP Manickam Tagore, says \"2/3rd of the majority was needed for the amendment to be passed, and that means the total members present were 461, in that, 2/3rd means 307 was needed but the government got 263 and the opposition got…[pic.twitter.com/EjLG2vkKR0]— ANI (@ANI)\n[December 17, 2024]\nThe Opposition legislators also stated that the government should not persist it as they lack the two-third majority of the lower house in the matter. “…Undoubtedly the government has larger numbers on its side than us. In the JPC, however, they may even have a majority in terms of the composition of the JPC but to pass it as a constitutional amendment, you need a 2/3 majority that they very clearly don’t have. It’s obvious that they should not persist too long with this…” said Congress MP, Shashi Tharoor.\n[#WATCH]| On One Nation One Election Bill, Congress MP Shashi Tharoor says \"…Undoubtedly the government has larger numbers on its side than us. In the JPC, however, they may even have a majority in terms of the composition of the JPC but to pass it as a constitutional amendment,…[pic.twitter.com/8e56JJNNCP]— ANI (@ANI)\n[December 17, 2024]\n[#WATCH]| On One Nation One Election Bill, Congress MP Priyanka Gandhi Vadra says, \"Anti-Constitutional Bill. It's against the federalism of our nation. We are opposing the Bill.\"[pic.twitter.com/8bKlwV1JNT]— ANI (@ANI)\n[December 17, 2024]\nSome legislators even wanted the bill to be withdrawn. “DMK has been opposing this bill. We think it is unconstitutional, against federalism and against the will of the people. We want this bill to be withdrawn but for now, they have sent it to the JPC,” DMK MP Kanimozhi Karunanidhi told the ANI.\nSpeaking in the House Indian Union Muslim League (IUML) MP ET Muhammed Basheer said,”I express my very strong opposition to this Bill because this is an attack on the democracy and Constitution and federalism of India. If this Amendment is implemented, some states will have tenure for less than 3 years…”\nMeanwhile, Union Home Minister Amit Shah informed the House that Prime Minister Narendra Modi wanted to have a detailed discussion on the bill. “When One Nation, One Election bills came up in Cabinet, PM Modi said this should be referred to Joint Committee of Parliament. There should be a detailed discussion over it at every level,” Shah said. Once approved, the Constitution (One Hundred and Twenty-Ninth Amendment) Bill, 2024, popularly referred to as the Bill on “One Nation, One Election”, will ensure Lok Sabha, Assembly, and local body (urban or rural) elections are held in the same year, if not on the same dates.",
    "highlightText": "",
    "highlightTitle": "",
    "highlightThreadTitle": "",
    "language": "english",
    "sentiment": "negative",
    "categories": [
        "Politics",
        "Economy, Business and Finance",
        "Social Issue"
    ],
    "topics": [
        "Politics->political process",
        "Politics->national elections",
        "Economy, Business and Finance->business governance",
        "Economy, Business and Finance->business restructuring",
        "Economy, Business and Finance->financial and economic news",
        "Social Issue->demographics",
        "Social Issue->social condition"
    ],
    "ai_allow": true,
    "canonical": false,
    "webz_reporter": false,
    "external_links": [],
    "external_images": [],
    "entities": {
        "persons": [],
        "organizations": [],
        "locations": []
    },
    "syndication": {
        "syndicated": false,
        "syndicate_id": null,
        "first_syndicated": false
    },
    "rating": null,
    "crawled": "2024-12-17T12:25:56.922+02:00",
    "updated": "2024-12-17T12:25:56.922+02:00"
}