{
    "thread": {
        "uuid": "121445e9ffa116a30c0e27188e9e2a448f7158ab",
        "url": "https://www.businesstoday.in/personal-finance/tax/story/crypto-taxation-cryptocurrencies-to-be-treated-as-capital-gains-tax-exemption-on-earrings-before-fy23-457605-2024-12-17",
        "site_full": "www.businesstoday.in",
        "site": "businesstoday.in",
        "site_section": "https://www.businesstoday.in/",
        "site_categories": [
            "media",
            "financial_news",
            "finance"
        ],
        "section_title": "Business News India: Latest Business News Today, Share Market, Economy",
        "title": "Crypto taxation: Cryptocurrencies to be treated as capital gains, tax exemption on earrings before FY23",
        "title_full": "Crypto taxation: Cryptocurrencies to be treated as capital gains, tax exemption on earrings before FY23",
        "published": "2024-12-17T08:35:00.000+02:00",
        "replies_count": 0,
        "participants_count": 1,
        "site_type": "news",
        "country": "IN",
        "main_image": "https://akm-img-a-in.tosshub.com/businesstoday/images/story/202412/67613ea526fcf-nvestors-should-be-aware-that-profits-from-selling-cryptocurrencies-are-liable-for-capital-gains-tax-170431368-16x9.jpg",
        "performance_score": 0,
        "domain_rank": 3703,
        "domain_rank_updated": "2024-12-09T23:00:00.000+02:00",
        "social": {
            "facebook": {
                "likes": 0,
                "comments": 0,
                "shares": 0
            },
            "vk": {
                "shares": 0
            }
        }
    },
    "uuid": "121445e9ffa116a30c0e27188e9e2a448f7158ab",
    "url": "https://www.businesstoday.in/personal-finance/tax/story/crypto-taxation-cryptocurrencies-to-be-treated-as-capital-gains-tax-exemption-on-earrings-before-fy23-457605-2024-12-17",
    "ord_in_thread": 0,
    "parent_url": null,
    "author": "@business_today",
    "published": "2024-12-17T08:35:00.000+02:00",
    "title": "Crypto taxation: Cryptocurrencies to be treated as capital gains, tax exemption on earrings before FY23",
    "text": "Cryptocurrency taxation: The Income Tax Appellate Tribunal (ITAT) in Jodhpur has clarified the taxation of cryptocurrencies, ruling that profits from crypto sales should be considered as capital gains, rather than income. This decision is particularly important for transactions conducted prior to the government's definition of Virtual Digital Assets (VDAs) in 2022.\nThe ITAT's ruling establishes that cryptocurrencies should be regarded as assets, with profits from their sale categorized as capital gains, as opposed to income from alternate sources. This distinction is noteworthy as it provides guidance on the treatment of cryptocurrency profits, which was previously uncertain and had unclear direction on whether they should be classified as capital gains or categorized under the heading of \"income from other sources\".\n[How much tax do I have to pay? Calculate now](https://www.businesstoday.in/tools-and-calculators/income-tax-calculator)\nITAT ruling\nThe ITAT ruling acknowledges cryptocurrencies as capital assets. Therefore, any profits derived from their sale prior to the 2022 regulations must be taxed as capital gains rather than income from alternate sources.\nThe recent ruling by the ITAT has clarified that cryptocurrencies such as Bitcoin, Ethereum, and other virtual digital assets (VDAs) are to be classified as capital assets. This categorization is significant as it dictates the tax implications regarding any profits generated from the buying and selling of these assets.\nPrior to the implementation of the government's specific cryptocurrency tax regulations in 2022, profits derived from the sale of cryptocurrencies were treated as capital gains, similar to profits gained from selling real estate or stocks, rather than regular income.\nAs such, individuals who sold cryptocurrencies before 2022 and made a profit were required to report and pay tax on these profits as capital gains. Those who held onto their cryptocurrencies for over 3 years were eligible to declare them as long-term capital gains, potentially reducing the amount of tax owed.\nSandeep Jhunjhunwala, tax partner (M&A) at Nangia Andersen, said: “It not only recognises Bitcoin as a capital asset but also provides clarity on how such transactions should be treated for the period before the introduction of the formal VDA (virtual digital asset) regime in 2022.”\nCapital Gains Tax Rate (Effective April 1, 2022)\nAs of April 1, 2022, the government has implemented new tax regulations specifically targeting profits generated from cryptocurrency transactions. Any gains acquired from buying and selling digital assets are subject to a flat tax rate of 30%. This tax is applicable to both short-term and long-term holdings, irrespective of the duration of the investment. It is important to note that any profit derived from cryptocurrency transactions after April 2022 will be taxed at a rate of 30%, regardless of the holding period.\nWhat does this mean for investors?\nInvestors should be aware that profits from selling cryptocurrencies are liable for capital gains tax instead of higher income tax rates. This decision establishes the standard that cryptocurrency sales, particularly those occurring prior to the official regulations for virtual digital assets (VDAs) in 2022, should be viewed as transactions involving capital assets.\nGuidelines for Crypto Investors\nPre-2022 Sales: If you realised profits prior to the implementation of the 2022 tax regulations, it is important to classify these profits as capital gains rather than income for tax purposes. It is essential to adhere to the capital gains tax rates in this scenario.\nPost-2022 Sales: Any profits generated after April 1, 2022, will be subject to a fixed tax rate of 30%, with no allowances for deductions. It is crucial to be aware of this substantial tax rate.\nRecord Keeping: Crypto investors are required to maintain comprehensive records of their transactions, outlining the dates of purchase and sale, as well as the profits earned. This practice is essential for accurately calculating tax obligations.\nThe case\nThe tribunal has recommended that profits from cryptocurrency sales should be treated as long-term gains, and the assessment officer should assist individuals in claiming deduction benefits as stated in the law. A recent case heard by the ITAT involved an individual who purchased cryptocurrencies worth Rs 5.05 lakh in 2015-16 and subsequently sold them for Rs 6.69 crore in 2020-21. The individual argued that these gains should be classified as capital assets since the transaction occurred before regulations for virtual digital assets were implemented.\nCopyright©2024 Living Media India Limited. For reprint rights: Syndications Today",
    "highlightText": "",
    "highlightTitle": "",
    "highlightThreadTitle": "",
    "language": "english",
    "sentiment": "negative",
    "categories": [
        "Economy, Business and Finance",
        "Social Issue",
        "Human Interest"
    ],
    "topics": [
        "Economy, Business and Finance->business reporting and performance",
        "Economy, Business and Finance->business governance",
        "Economy, Business and Finance->financial and economic news"
    ],
    "ai_allow": true,
    "canonical": false,
    "webz_reporter": false,
    "external_links": [],
    "external_images": [],
    "entities": {
        "persons": [],
        "organizations": [],
        "locations": []
    },
    "syndication": {
        "syndicated": false,
        "syndicate_id": null,
        "first_syndicated": false
    },
    "rating": null,
    "crawled": "2024-12-17T11:18:27.907+02:00",
    "updated": "2024-12-17T11:18:27.907+02:00"
}