{
    "thread": {
        "uuid": "bca8768a5a8d4ee5dd1da307231f426162ec90ea",
        "url": "https://www.aktiencheck.de/news/Artikel-Nestle_Stock_Shares_Dip_Despite_Positive_Growth_Outlook-17973060",
        "site_full": "www.aktiencheck.de",
        "site": "aktiencheck.de",
        "site_section": "https://aktiencheck.de/rss/news_english.rss2",
        "site_categories": [
            "financial_news",
            "finance"
        ],
        "section_title": "aktiencheck.de - News - englisch",
        "title": "Nestle Stock: Shares Dip Despite Positive Growth Outlook",
        "title_full": "Nestle Stock: Shares Dip Despite Positive Growth Outlook",
        "published": "2024-12-17T10:45:00.000+02:00",
        "replies_count": 0,
        "participants_count": 1,
        "site_type": "news",
        "country": "DE",
        "main_image": "",
        "performance_score": 0,
        "domain_rank": 91814,
        "domain_rank_updated": "2024-12-09T23:00:00.000+02:00",
        "social": {
            "facebook": {
                "likes": 0,
                "comments": 0,
                "shares": 0
            },
            "vk": {
                "shares": 0
            }
        }
    },
    "uuid": "bca8768a5a8d4ee5dd1da307231f426162ec90ea",
    "url": "https://www.aktiencheck.de/news/Artikel-Nestle_Stock_Shares_Dip_Despite_Positive_Growth_Outlook-17973060",
    "ord_in_thread": 0,
    "parent_url": null,
    "author": "aktiencheck.de AG",
    "published": "2024-12-17T10:45:00.000+02:00",
    "title": "Nestle Stock: Shares Dip Despite Positive Growth Outlook",
    "text": "Nestle's stock has recently experienced a notable decline on the SIX Swiss Exchange, with shares trading at 74.34 CHF, marking a significant distance from its 52-week high of 100.70 CHF. Despite the current downward trend, market analysts maintain an optimistic outlook for the Swiss food giant's future performance. The company is positioned for a promising turnaround, with experts forecasting organic growth exceeding four percent by 2026, attributed to Nestle's dominant market position in key product categories. Recent concerns about potential production issues at its Perrier mineral water facility in Southern France have contributed to investor uncertainty, yet the company's fundamental business trajectory remains stable.\nAnalyst Projections and Dividend Prospects\nMarket experts have set an average price target of 89.50 CHF, suggesting substantial upward potential from current levels. The company is expected to increase its dividend payout to 3.04 CHF per share in the current fiscal year, demonstrating continued commitment to shareholder returns. Additionally, earnings projections for 2024 indicate positive momentum, with earnings per share forecast at 4.62 CHF, underlining the company's robust financial outlook despite current market challenges.\nAd\nNestle Stock: New Analysis - 17 December\nFresh Nestle information released. What's the impact for investors? Our latest independent report examines recent figures and market trends.\nRead our updated Nestle analysis...\n[mehr >](/nestle_ch0038863350-aktie/aktienkurse_boersenplaetze)\nKurs | Vortag | Veränderung | Datum/Zeit | |\n82,89 $ | 84,22 $ | -1,33 $ | -1,58% | 01.01./01:00 |\nISIN | WKN | Jahreshoch | Jahrestief | |\nCH0038863350 | A0Q4DC | 117,52 $ | 81,95 $ |\nHandelsplatz | Letzter | Veränderung | Zeit |\n|\n[Hannover](/nestle_ch0038863350-aktie/times_and_sales?boerse_id=3)[Nasdaq OTC Other](/nestle_ch0038863350-aktie/times_and_sales?boerse_id=83)\n|\nAntw. | Thema | Zeit |\n1132 |\n|",
    "highlightText": "",
    "highlightTitle": "",
    "highlightThreadTitle": "",
    "language": "english",
    "sentiment": "negative",
    "categories": [
        "Economy, Business and Finance"
    ],
    "topics": [
        "Economy, Business and Finance->financial and economic news",
        "Economy, Business and Finance->business reporting and performance"
    ],
    "ai_allow": true,
    "canonical": false,
    "webz_reporter": false,
    "external_links": [],
    "external_images": [],
    "entities": {
        "persons": [],
        "organizations": [],
        "locations": []
    },
    "syndication": {
        "syndicated": false,
        "syndicate_id": null,
        "first_syndicated": false
    },
    "rating": null,
    "crawled": "2024-12-17T13:18:52.271+02:00",
    "updated": "2024-12-17T13:18:52.271+02:00"
}