{
    "thread": {
        "uuid": "674a0d66c578250f6658e129289f435027335d8d",
        "url": "https://businesspost.ng/economy/weak-chinese-data-depresses-oil-market",
        "site_full": "businesspost.ng",
        "site": "businesspost.ng",
        "site_section": "https://businesspost.ng/economy",
        "site_categories": [
            "media"
        ],
        "section_title": "business news,insider business news on Businesspost Nigeria 17/12/2024",
        "title": "Weak Chinese Data Depresses Oil Market | Business Post Nigeria",
        "title_full": "Weak Chinese Data Depresses Oil Market | Business Post Nigeria",
        "published": "2024-12-17T10:40:00.000+02:00",
        "replies_count": 0,
        "participants_count": 1,
        "site_type": "news",
        "country": "",
        "main_image": "https://i0.wp.com/businesspost.ng/wp-content/uploads/2020/01/global-oil-market.jpg?fit=860%2C573&#038;ssl=1",
        "performance_score": 0,
        "domain_rank": 151065,
        "domain_rank_updated": "2024-12-09T23:00:00.000+02:00",
        "social": {
            "facebook": {
                "likes": 0,
                "comments": 0,
                "shares": 0
            },
            "vk": {
                "shares": 0
            }
        }
    },
    "uuid": "674a0d66c578250f6658e129289f435027335d8d",
    "url": "https://businesspost.ng/economy/weak-chinese-data-depresses-oil-market",
    "ord_in_thread": 0,
    "parent_url": null,
    "author": "Adedapo Adesanya",
    "published": "2024-12-17T10:40:00.000+02:00",
    "title": "Weak Chinese Data Depresses Oil Market | Business Post Nigeria",
    "text": "[Economy](https://businesspost.ng/category/economy/)\nWeak Chinese Data Depresses Oil Market\nBy Adedapo Adesanya\nThe oil market slipped on Monday, triggered by weak data from China, the world’s largest oil importer. The market was also affected by investors’ decision to pause further purchases ahead of the US Federal Reserve’s interest rate decision.\nAs a result, Brent crude futures closed lower by 58 cents or 0.8 per cent to settle at $73.91 a barrel as the US West Texas Intermediate (WTI) crude traded at $70.71 a barrel after losing 58 cents or 0.8 per cent.\nChinese retail sales were slower than expected, pushing the need for the Chinese government to ramp up stimulus ahead of possible US trade tariffs under a second Donald Trump administration.\nRetail sales, which is a gauge of consumption, grew at its weakest pace in three months at 3.0 per cent last month, much slower than a 4.8 per cent rise seen in October.\nMarket analysts noted that China’s economic policies have been amazingly consistent in promoting manufacturers over consumers despite clear signs of lasting weakness.\nChinese policymakers have started outlining their plans for 2025 in recent weeks, in that face that Mr Trump’s return to the White House will place considerable strain on the world’s second-largest economy.\nThe Chinese central bank may further cut the amount of cash that banks must hold as reserves, however, credit numbers out last week showed past easing had done little to boost borrowing.\nThe Chinese outlook contributed to the decision by the Organisation of the Petroleum Exporting Countries and its allies, OPEC+ to postpone plans for higher output until April.\nOPEC+, which pumps about half the world’s oil, planned to start unwinding cuts from October 2024 but a slowdown in global demand and rising output elsewhere forced it to postpone the plans on several occasions.\nTraders also took profits while awaiting the US Federal Reserve’s decision on interest rates this week, where it is expected to cut interest rates by a quarter of a percentage point at its December 17-18 meeting.\nThe meeting will also provide an updated look at how much further the US central bank will likely reduce rates in 2025 and perhaps into 2026.\nLower interest rates can stimulate economic growth and increase oil demand.\nOil prices were further pressured by the US Dollar, which rose to a nearly three-week high and impacted commodities like crude oil, which is priced in the American currency.\nLeave a Reply[Cancel reply](/economy/weak-chinese-data-depresses-oil-market/#respond)\n[Economy](https://businesspost.ng/category/economy/)\nTinubu Prepares for 2025 Budget Presentation Tomorrow After FEC Approval\nBy Aduragbemi Omiyale\nAll may now be set for the presentation of the 2025 Appropriation Bill to the joint session of the National Assembly by President Bola Tinubu on Wednesday, December 18, 2024.\nThe exercise was earlier scheduled for today, Tuesday, December 17, 2024, but it was shifted to tomorrow after the 2025 budget proposal of N48 trillion was approved Federal Executive Council (FEC).\nThe council met on Monday on the 2025 Appropriation Bill and made a few amendments, according to the Minister of Budget and Economic Planning, Mr Atiku Bagudu, who addressed journalists after the meeting yesterday at the Presidential Villa, Abuja.\n“Today, the Federal Executive Council approved the budget proposals for 2025 with amendments, which Mr President directed, following a presentation to the Federal Executive Council by the Director of the Budget Office, Tanimu Yakubu.\n“The 2025 budget proposal articulates the federal government’s financial plan for the 2025 fiscal year and aligns with the renewed hope agenda and the National Development Plan, 2021–2025, as earlier approved in the medium-term expenditure framework and fiscal strategy paper,” the Minister informed newsmen\nMr Bagudu disclosed that the framework is based on a benchmark oil price of $75 per barrel, an exchange rate of N1,400/$1 and crude oil production of 2.06 billion barrels per day.\nHe disclosed that based on these parameters, the total projected revenue for the year is N34.820 trillion out of which the expenditure is projected at N47,960 trillion, higher than the 2024 figures by 36.8 per cent, with the deficit projected at N13.13 trillion, to be financed by borrowing.\nAlso addressing members of the press after the meeting was the Minister of Finance and Coordinating Minister for the Economy, Mr Wale Edun, who announced that the N13 trillion deficit would be financed through borrowing.\n[Economy](https://businesspost.ng/category/economy/)\nFrieslandCampina, Afriland Properties Crash NASD Index by 0.57%\nBy Adedapo Adesanya\nThe NASD Over-the-Counter (OTC) Securities Exchange slumped by 0.57 per cent on Monday, December 16, trimming the benchmark index, the Unlisted Security Index (NSI), by 117.21 points to 3,014.95 points from the 3,092.16 points it ended last Friday.\nHowever, the market capitalisation of the alternative bourse went down by 2.74 per cent or N29.16 billion during the session to N1.033 trillion from the N1.062 trillion it closed in the previous trading day.\nBusiness Post reports that FrieslandCampina Wamco Nigeria Plc lost N2.75 yesterday to settle at N40.10 per share compared with the preceding session’s N42.85 per share and Afriland Properties Plc weakened by 10 Kobo to wrap the trading day at N16.20 per unit, in contrast to last Friday’s N16.30 per unit.\nA look at the activity chart showed that the volume of securities bought and sold by investors on the first trading session of the week went down by 92.6 per cent to 90,629 units from the 1.2 million units transacted at the last session.\nAlso, the value of shares traded by the market participants on Monday declined by 6.7 per cent to N2.3 million from the N2.4 million quoted in the previous session, as the number of deals carried out closed flat at 18 deals.\nAt the close of business, Geo-Fluids Plc retained its position as the most active stock by volume (year-to-date) with 1.7 billion units sold for N3.9 billion, followed by Okitipupa Plc with 752.2 million units valued at N7.8 billion, and Afriland Properties Plc with 297.6 million units worth N5.3 million.\nAradel Holdings Plc also remained the most active stock by value (year-to-date) with 108.7 million units worth N89.2 billion, trailed by Okitipupa Plc with 752.2 million units valued at N7.8 billion, and Afriland Properties Plc with 297.6 million units sold for N5.3 billion.\n[Economy](https://businesspost.ng/category/economy/)\nNaira Depreciates to N1,545/$1 at Official Market, N1,660/$1 at Black Market\nBy Adedapo Adesanya\nThe Naira depreciated against the US Dollar at the Nigerian Autonomous Foreign Exchange Market (NAFEM) on Monday after the National Bureau of Statistics (NBS) disclosed that the inflation rate increased in November 2024 to a multi-year high of 34.60 per cent.\nThe local currency lost N12.10 or 0.79 per cent against the greenback yesterday to trade at N1,545.10/$1 compared with last Friday’s closing rate of N1,533.00/$1, according to data from the FMDQ Securities Exchange.\nThe NBS on Monday indicated that [inflation rose by 0.72 per cent](https://businesspost.ng/economy/nigerias-inflation-jumps-to-34-60-in-november-2024/) on a month-on-month basis to a year-high of 34.60 per cent in November 2024. In the preceding month, the rate was 33.88 per cent.\nAnalysts at Coronation Plc noted, “The month-on-month core inflation measure eased to 1.38 per cent from 2.14 per cent in October, following the NNPC downwards review of petrol price in November.”\nHowever, it warned that “Persistent inflationary pressures continue to pose significant challenges to businesses and households. Elevated production costs have translated into higher operating expenses for businesses, many of which have been passed on to consumers through increased prices. This dynamic erodes household purchasing power and suppresses consumer demand.”\nBut it was observed that at the official market, the domestic currency appreciated against the Pound Sterling yesterday by N1.31 to trade at N1,940.88/£1 compared with the previous trading day’s N1,942.19/£1 and against the Euro, it improved by N3.98 to sell for N1,608.87/€1 versus N1,612.85/€1.\nAt the black market, the Naira, however, declined against the Dollar yesterday by N10 to settle at N1,660/$1, in contrast to the previous trading session’s price of N1,650/$1.\nMeanwhile, the digital currency market was largely mixed as investors awaited interest rate cuts by the US Federal Reserve this week while a stronger Dollar affected riskier assets.\nRipple (XRP) gained 4.5 per cent to sell at $2.52 as it announced the RLUSD stablecoin set to officially launch on Tuesday and the bullish sentiments surrounding the launch could further boost the price of the coin.\nFurther, Bitcoin (BTC) increased its value by 1.5 per cent to finish at $106,876.37, Ethereum (ETH) jumped by 1.2 per cent to $4,019.57, and Binance Coin (BNB) rose by 0.4 per cent to $718.02.\nOn the flip side, Solana (SOL) slumped by 3.4 per cent to $215.97, Litecoin (LTC) slid by 3.1 per cent to $117.16, Cardano (ADA) lost 2.2 per cent to quote at $1.06, and Dogecoin (DOGE) fell by 1.3 per cent to $0.4001, while the US Dollar Tether (USDT) and the US Dollar Coin (USDC) traded flat at $1.00 each.\n-\nFeature/OPED5 years ago\nDavos was Different this year\n-\nTravel/Tourism8 years ago\nLagos Seals Western Lodge Hotel In Ikorodu\n-\nShowbiz2 years ago\nEstranged Lover Releases Videos of Empress Njamah Bathing\n-\nBanking6 years ago\nSort Codes of GTBank Branches in Nigeria\n-\nEconomy2 years ago\nSubsidy Removal: CNG at N130 Per Litre Cheaper Than Petrol—IPMAN\n-\nBanking2 years ago\nFirst Bank Announces Planned Downtime\n-\nSports2 years ago\nHighest Paid Nigerian Footballer – How Much Do Nigerian Footballers Earn\n-\nTechnology4 years ago\nHow To Link Your MTN, Airtel, Glo, 9mobile Lines to NIN",
    "highlightText": "",
    "highlightTitle": "",
    "highlightThreadTitle": "",
    "language": "english",
    "sentiment": "negative",
    "categories": [
        "Economy, Business and Finance"
    ],
    "topics": [
        "Economy, Business and Finance->economy",
        "Economy, Business and Finance->financial and economic news",
        "Economy, Business and Finance->commodity market"
    ],
    "ai_allow": true,
    "canonical": false,
    "webz_reporter": false,
    "external_links": [],
    "external_images": [],
    "entities": {
        "persons": [],
        "organizations": [],
        "locations": []
    },
    "syndication": {
        "syndicated": false,
        "syndicate_id": null,
        "first_syndicated": false
    },
    "rating": null,
    "crawled": "2024-12-17T12:32:05.034+02:00",
    "updated": "2024-12-17T12:32:05.034+02:00"
}