{
    "thread": {
        "uuid": "2aac64c1afe2abf87a6a66025716e4e4e06e3dc5",
        "url": "https://www.sun-sentinel.com/2024/12/17/which-pier-sixty-six-restaurants-will-open-first-and-when",
        "site_full": "www.sun-sentinel.com",
        "site": "sun-sentinel.com",
        "site_section": "http://feeds.feedburner.com/southfloridasun-sentinelcom-southfloridanews",
        "site_categories": [
            "media"
        ],
        "section_title": "Sun Sentinel",
        "title": "The first restaurants to open at remodeled Pier Sixty-Six",
        "title_full": "The first restaurants to open at remodeled Pier Sixty-Six",
        "published": "2024-12-17T12:40:00.000+02:00",
        "replies_count": 0,
        "participants_count": 1,
        "site_type": "news",
        "country": "US",
        "main_image": "https://www.sun-sentinel.com/wp-content/uploads/2024/12/TFL-L-Pier-Sixty-Six-Pier-Top-1-01.jpg?w=1024&#038;h=576",
        "performance_score": 0,
        "domain_rank": 2116,
        "domain_rank_updated": "2024-12-09T23:00:00.000+02:00",
        "social": {
            "facebook": {
                "likes": 0,
                "comments": 0,
                "shares": 0
            },
            "vk": {
                "shares": 0
            }
        }
    },
    "uuid": "2aac64c1afe2abf87a6a66025716e4e4e06e3dc5",
    "url": "https://www.sun-sentinel.com/2024/12/17/which-pier-sixty-six-restaurants-will-open-first-and-when",
    "ord_in_thread": 0,
    "parent_url": null,
    "author": "Rod Stafford Hagwood",
    "published": "2024-12-17T12:40:00.000+02:00",
    "title": "The first restaurants to open at remodeled Pier Sixty-Six",
    "text": "What will a $1 billion makeover at the historic Pier Sixty-Six get gung-ho gastronomists?\nWell, after more than three years of renovations — from the top of the tower to the dockside features — we now are getting some interesting intel: There will be nine restaurants throughout the iconic 32-acre resort, including Calusso, Sotogrande, Pier Top, Garni, The Nectar Room, Saltbreeze, Windows on 66, Pelican Landing and Elate Market Café.\nAnd the first expected to debut on Thursday, Jan. 2, will be Calusso, with cuisine inspired by the French and Italian rivieras, according to Pier Sixty-Six. After that, the plan is to open four others on Friday, Jan. 10: Sotogrande (southern Spain and eastern Mediterranean fare), Windows on 66 (shareable bar snacks and curated vodkas and gins), Saltbreeze (poolside Latin cafe) and Elate Market Café (grab-and-go lobby venue).\n“Restaurants are the heart of great cities, and our global culinary mission is principally focused on bolstering the talent of our esteemed team who places an unwavering commitment to creativity and craftsmanship,” said Charles Lewis, senior managing director of Tavistock Group, owner of the posh property, in a company statement.\nPier Sixty-Six A rendering of Sotogrande, a new restaurant at Pier Sixty-Six with a menu inspired by southern Spain and eastern Mediterranean cuisine. (Pier Sixty-Six/Courtesy) Pier Top, the resorts signature and lavish rotating lounge rotating atop the 17th floor of the hotel tower, is scheduled to open in February, according to the resort’s website. Expect opulent craft cocktails, Champagne and wine, plus caviar, oysters and light bites/shareables, presented in a space with amazing views and a Googie design .\nIt’s all part of a gastronomic revitalization in Fort Lauderdale, says Colm O’Callaghan, vice president and managing director for Pier Sixty-Six .\n“Our approach is to create a dynamic food and beverage epicenter that offers diverse experiences — from a sophisticated restaurant inspired by the joie de vivre of the French and Italian rivieras to a casual eatery bursting with flavors embracing its local roots,” he says. “We are proud to be a part of the city’s hospitality evolution.”\nThe waterfront resort destination along the Intracoastal Waterway got its name from way back in 1956, when the location started as a Phillips 66 Petroleum yacht marina with a fueling dock and gas station. Then in 1957 came The Pier 66 Restaurant and Lounge. The hotel opened in 1959, and the tower was added in 1965.\n“This iconic venue has been at the heart of countless memories for both locals and visitors over the years,” Frank Serindat, director of food and beverage. “And we’re honored to bring it back to life.”\nPier Sixty-Six is at 2301 SE 17th St., Fort Lauderdale. Visit piersixtysix.com or call 954-525-6666.\nPier Sixty-Six A rendering of Pier Sixty-Six’s Calusso, which will serve fare inspired by the French and Italian rivieras. (Pier Sixty-Six/Courtesy)",
    "highlightText": "",
    "highlightTitle": "",
    "highlightThreadTitle": "",
    "language": "english",
    "sentiment": "positive",
    "categories": [
        "Economy, Business and Finance",
        "Lifestyle and Leisure",
        "Lifestyle and Leisure"
    ],
    "topics": [
        "Economy, Business and Finance->business strategy and marketing",
        "Economy, Business and Finance->tourism and leisure industry",
        "Economy, Business and Finance->financial and economic news",
        "Lifestyle and Leisure->lifestyle",
        "Lifestyle and Leisure->holiday",
        "Lifestyle and Leisure->holiday",
        "Lifestyle and Leisure->leisure venue",
        "Lifestyle and Leisure->lifestyle"
    ],
    "ai_allow": true,
    "has_canonical": false,
    "webz_reporter": false,
    "external_links": [
        "https://www.smithsonianmag.com/history/googie-architecture-of-the-space-age-122837470/",
        "https://www.smithsonianmag.com/history/googie-architecture-of-the-space-age-122837470",
        "https://smithsonianmag.com/history/googie-architecture-of-the-space-age-122837470/"
    ],
    "external_images": [],
    "entities": {
        "persons": [],
        "organizations": [],
        "locations": []
    },
    "syndication": {
        "syndicated": false,
        "syndicate_id": null,
        "first_syndicated": false
    },
    "rating": null,
    "crawled": "2024-12-17T13:44:09.402+02:00",
    "updated": "2024-12-17T14:45:14.089+02:00"
}