{
    "thread": {
        "uuid": "a5493153c20f70b0e477ab5fd341d55780e73aa9",
        "url": "https://www.silicon.co.uk/e-marketing/epayment/bitcoin-price-rise-2-593018",
        "site_full": "www.silicon.co.uk",
        "site": "silicon.co.uk",
        "site_section": "https://www.silicon.co.uk/rss",
        "site_categories": [
            "tech"
        ],
        "section_title": "Silicon UK",
        "title": "Bitcoin Hits New High Over $107,000 On Trump Comments",
        "title_full": "Bitcoin Hits New High Over $107,000 On Trump Comments",
        "published": "2024-12-17T10:30:00.000+02:00",
        "replies_count": 0,
        "participants_count": 1,
        "site_type": "news",
        "country": "GB",
        "main_image": "https://www.silicon.co.uk/wp-content/uploads/2023/03/bitcoin-cryptocurrency-pexels-01.jpg",
        "performance_score": 0,
        "domain_rank": 24134,
        "domain_rank_updated": "2024-12-09T23:00:00.000+02:00",
        "social": {
            "facebook": {
                "likes": 0,
                "comments": 0,
                "shares": 0
            },
            "vk": {
                "shares": 0
            }
        }
    },
    "uuid": "a5493153c20f70b0e477ab5fd341d55780e73aa9",
    "url": "https://www.silicon.co.uk/e-marketing/epayment/bitcoin-price-rise-2-593018",
    "ord_in_thread": 0,
    "parent_url": null,
    "author": "Matthew Broersma",
    "published": "2024-12-17T10:30:00.000+02:00",
    "title": "Bitcoin Hits New High Over $107,000 On Trump Comments",
    "text": "Bitcoin Hits New High Over $107,000 On Trump Comments\nBitcoin surges more than 5 percent after Trump reaffirms plans for national strategic crypto reserve, as optimism grows\nGetting your\n|\nBitcoin surged to a new record high on Monday following positive comments on the cryptocurrency by US president-elect Donald Trump.\nThe digital asset rose about 5 percent, taking it over $107,000 (£84,000), the latest surge in a trend that has seen its price rise more than 50 percent since Trump’s re-election 5 November.\nTrump previously criticised cryptocurrencies, calling them a “scam”, but praised them during his campaign to the surprise of many.\nSpeaking at a Bitcoin conference in July, he promised to make the US the “Bitcoin superpower” of the world and suggested creating a strategic reserve of the cryptocurrency.\n‘Something great’\nHe reiterated his intention in an interview with CNBC on Sunday in which he said his administration would overhaul regulation and introduce policies favourable to digital assets.\n“We’re gonna do something great with crypto because we don’t want China, or anybody else… but others are embracing it, and we want to be ahead,” Trump told CNBC.\nHe added that his plans involved a strategic reserve similar to the US’ oil reserve.\nFinancial analysts have said Trump’s comments, along with the “fear of missing out”, or FOMO, have combined to drive investors to buy into Bitcoin and other cryptocurrencies.\nSome have projected Bitcoin could reach $120,000 by the end of this year and $150,000 by mid-2025.\nThe recent price rise has driven Bitcoin’s market capitalisation to over $2tn, with the cryptocurrency market as a whole worth more than $4tn.\nAs part of his pro-crypto plan Trump has said he will appoint pro-crypto attorney Paul Atkins as the head of the Securities and Exchange Commission (SEC).\nVolatility\nUnder the Biden administration the financial regulator has cracked down on crypto firms, pushing them to adhere to securities regulations.\nThe SEC’s current chair, Gary Gensler, said last month he would resign on the day that Trump is inaugurated, 20 January.\n“I thank President Biden for entrusting me with this incredible responsibility. The SEC has met our mission and enforced the law without fear or favour,” Gensler said on social media platform X.\nBitcoin and other cryptocurrencies have been highly volatile during their existence, rising to eye-watering highs before slumping again.\nIn April 2021 Bitcoin reached a then-all time high of $63,000 before crashing amidst a string of high-profile failures in the sector.\nBy a year ago Bitcoin was trading at only $37,000, before rallying in early 2024 as a result of new SEC policies allowing Bitcoin exchange-traded funds.",
    "highlightText": "",
    "highlightTitle": "",
    "highlightThreadTitle": "",
    "language": "english",
    "sentiment": "positive",
    "categories": [
        "Economy, Business and Finance",
        "Social Issue",
        "Human Interest"
    ],
    "topics": [
        "Economy, Business and Finance->financial and economic news",
        "Social Issue->social problem"
    ],
    "ai_allow": true,
    "has_canonical": false,
    "webz_reporter": false,
    "external_links": [],
    "external_images": [],
    "entities": {
        "persons": [
            {
                "name": "Donald Trump",
                "sentiment": "neutral"
            }
        ],
        "organizations": [
            {
                "name": "CNBC",
                "sentiment": "none"
            }
        ],
        "locations": []
    },
    "syndication": {
        "syndicated": false,
        "syndicate_id": null,
        "first_syndicated": false
    },
    "rating": null,
    "crawled": "2024-12-17T11:52:50.182+02:00",
    "updated": "2024-12-17T11:52:50.182+02:00"
}