{
    "thread": {
        "uuid": "c499af9e1ff59a5f70ebc57a26ffa5aa32c8e46a",
        "url": "https://www.nvdaily.com/nvdaily/froma-harrop-trump-turns-on-trump-country/article_abcd17dd-09e4-5df9-a9be-1fcbcdbdfbef.html",
        "site_full": "www.nvdaily.com",
        "site": "nvdaily.com",
        "site_section": "https://www.golf.einnews.com/live_feed",
        "site_categories": [
            "travel",
            "hotels"
        ],
        "section_title": "Live Feed Wire - Golf News Today - EIN Presswire",
        "site_title": "nvdaily.com",
        "title": "Froma Harrop: Trump turns on Trump country | Nvdaily | nvdaily.com",
        "title_full": "Froma Harrop: Trump turns on Trump country | Nvdaily | nvdaily.com",
        "published": "2025-07-10T07:00:00.000+03:00",
        "replies_count": 0,
        "participants_count": 1,
        "site_type": "news",
        "country": "US",
        "main_image": "https://bloximages.newyork1.vip.townnews.com/nvdaily.com/content/tncms/assets/v3/media/8/03/8034f0de-5d65-11ee-9753-47ff18690ab7/65147765de708.image.jpg?crop=1530%2C803%2C0%2C108&amp;resize=1200%2C630&amp;order=crop%2Cresize",
        "performance_score": 0,
        "domain_rank": 68142,
        "domain_rank_updated": "2025-06-03T00:00:00.000+03:00",
        "licensing_agency": [],
        "social": {
            "facebook": {
                "likes": 0,
                "comments": 0,
                "shares": 0
            },
            "vk": {
                "shares": 0
            }
        }
    },
    "uuid": "c499af9e1ff59a5f70ebc57a26ffa5aa32c8e46a",
    "url": "https://www.nvdaily.com/nvdaily/froma-harrop-trump-turns-on-trump-country/article_abcd17dd-09e4-5df9-a9be-1fcbcdbdfbef.html",
    "ord_in_thread": 0,
    "author": "Froma Harrop",
    "published": "2025-07-10T07:00:00.000+03:00",
    "title": "Froma Harrop: Trump turns on Trump country | Nvdaily | nvdaily.com",
    "text": "The flooding in Texas is cataclysmic. It was a hellscape as dozens, many of them girls from a summer camp, were swept to their deaths. Such tragedies spawn questions over whether the National Weather Service could have better warned the public. But this one is different in that the Trump administration is shrinking the weather service and vows to draw down the Federal Emergency Management Agency.\nAdd to such losses the closing of rural hospitals due to Medicaid cuts and farmers suffering at the hands of Trump’s trade war. It’s a good guess that Trump doesn’t worry much about Trump country. In any case, he’s not running again for president and so doesn’t need its voters. Now that his super rich supporters on Wall Street and in Palm Beach have their tax cuts, he may see the job as largely done.\nOne may have mixed feelings about some programs Trump wants to cut. I don’t discount the three ugly siblings of fraud, waste and abuse often found in them. Taxpayers shouldn’t have to cover rebuilding in flood zones.\nI don’t live in hurricane alley, tornado alley or in flash flood alley. But FEMA should have a role in providing food, water, shelter or other emergency services at times of crisis.\nWhile I’m OK with helping fellow Americans trying to recover from natural disasters, I’m not OK with Trump’s gaslighting America about where the money goes.\nIn February, Trump accused New York City of “massive fraud” for using FEMA money to house migrants. He accused hotels that provided temporary shelter of “making a fortune.” This produced cries of outrage all over MAGA country.\nBut here are some facts about FEMA:\nThe five states receiving the most FEMA dollars per person tend to be Florida, Louisiana, Alaska, Tennessee and Oklahoma. Known as FEMA’s “frequent fliers,” they are all red states.\nLet’s look at total FEMA spending on direct financial assistance to residents. From 2015 through April 2024, Florida led the nation with payouts totaling $2.5 billion. It was closely followed by Louisiana’s $2.4 billion and Texas getting $2.3 billion, according to data from the Carnegie Disaster Dollar Database.\nBy contrast, Illinois received only about $300 million during that period. As for money FEMA spent housing migrants in New York City, that totaled a mere $81 million.\nWhat about Democrat-run California? Deep blue California was the fourth top beneficiary, at $3.7 billion. That’s understandable given the state’s exposure to wildfires, earthquakes, flooding and mudslides — also its far higher population.\nTrump says that responsibility for disaster management should be left mostly with state governments. He wants FEMA to be “phased out” after the 2025 hurricane season. Governors would then coordinate any response. If they can’t, Trump said, “they shouldn’t be governor.”\nThis vision seems plucked out of Project 2025, the blueprint for a second Trump term. It calls for “reforming FEMA emergency spending to shift the majority of preparedness and response costs to states and localities instead of the federal government.” It also wants to end most of the Department of Homeland Security’s grant programs. That would include work on disaster response and recovery.\nOne difference between California and many other states suffering a series of natural calamities is that California is rich. It can more easily pick up the costs. So could Texas.\nHundreds of FEMA employees have already been let go. Hundreds of scientists are gone from the National Weather Service. That includes several at the San Angelo office, which covers some of the hardest hit areas.\nThere’s too much pain here to sternly lecture Trump country on its false notions of where federal money goes. One can simply repeat that familiar line: “Elections have consequences.”",
    "highlightText": "",
    "highlightTitle": "",
    "highlightThreadTitle": "",
    "language": "english",
    "sentiment": "negative",
    "categories": [
        "Politics",
        "Social Issue",
        "Economy, Business and Finance"
    ],
    "topics": [
        "Politics->political candidates",
        "Politics->government",
        "Politics->political crisis",
        "Social Issue->mankind",
        "Social Issue->social problem",
        "Social Issue->social condition",
        "Economy, Business and Finance->macro economics",
        "Economy, Business and Finance->financial and economic news"
    ],
    "ai_allow": false,
    "has_canonical": true,
    "breaking": null,
    "webz_reporter": false,
    "external_links": [],
    "entities": {
        "persons": [],
        "locations": [],
        "organizations": []
    },
    "syndication": {
        "syndicated": false,
        "syndicate_id": "c499af9e1ff59a5f70ebc57a26ffa5aa32c8e46a",
        "first_syndicated": true
    },
    "trust": {
        "categories": [],
        "top_news": [],
        "bias": null,
        "source": {
            "type": null,
            "city": null,
            "state": null,
            "country": null,
            "domain_type": null,
            "agency": null,
            "organization_name": null
        }
    },
    "rating": null,
    "crawled": "2025-07-10T08:45:46.795+03:00",
    "updated": "2025-07-10T05:50:35.000+00:00"
}