{
    "thread": {
        "uuid": "fc11d5f29d09002a4afdde4656881be7df208fce",
        "url": "https://nigeria.shafaqna.com/EN/AL/7473949",
        "site_full": "nigeria.shafaqna.com",
        "site": "shafaqna.com",
        "site_section": "http://nigeria.shafaqna.com/rss.xml",
        "site_categories": [
            "media",
            "top_news_iq",
            "top_news"
        ],
        "section_title": "Nigeria News (News Reader) | ",
        "site_title": "Nigeria News (News Reader)",
        "title": "N1.3trn Fraud: Senate Probes CBEX, Others",
        "title_full": "N1.3trn Fraud: Senate Probes CBEX, Others",
        "published": "2025-07-10T02:00:00.000+03:00",
        "replies_count": 0,
        "participants_count": 0,
        "site_type": "news",
        "country": "NG",
        "main_image": "",
        "performance_score": 0,
        "domain_rank": 29623,
        "domain_rank_updated": "2025-06-03T00:00:00.000+03:00",
        "licensing_agency": [],
        "social": {
            "facebook": {
                "likes": 0,
                "comments": 0,
                "shares": 0
            },
            "vk": {
                "shares": 0
            }
        }
    },
    "uuid": "fc11d5f29d09002a4afdde4656881be7df208fce",
    "url": "https://nigeria.shafaqna.com/EN/AL/7473949",
    "ord_in_thread": 0,
    "author": null,
    "published": "2025-07-10T02:00:00.000+03:00",
    "title": "N1.3trn Fraud: Senate Probes CBEX, Others",
    "text": "leadership - 2 hours ago N1.3trn Fraud: Senate Probes CBEX, Others The Senate has ordered a far-reaching investigative hearing into the operations of Ponzi and fraudulent investment schemes in the country, following the collapse of Crypto Bullion Exchange (CBEX). This digital company allegedly defrauded Nigerians of over ₦1.3 trillion (approx. $847 million). The resolution was adopted after a motion jointly sponsored by Senators Mukhail Abiru (Lagos [ ]\nRead on the original site",
    "highlightText": "",
    "highlightTitle": "",
    "highlightThreadTitle": "",
    "language": "english",
    "sentiment": "negative",
    "categories": [
        "Crime, Law and Justice",
        "Economy, Business and Finance"
    ],
    "topics": [
        "Crime, Law and Justice->law enforcement",
        "Crime, Law and Justice->investigation (criminal)",
        "Crime, Law and Justice->fraud",
        "Economy, Business and Finance->business governance",
        "Economy, Business and Finance->business reporting and performance",
        "Economy, Business and Finance->financial and economic news"
    ],
    "ai_allow": true,
    "has_canonical": false,
    "breaking": null,
    "webz_reporter": false,
    "external_links": [
        "https://leadership.ng/n1-3trn-fraud-senate-probes-cbex-others/",
        "https://leadership.ng/n1-3trn-fraud-senate-probes-cbex-others",
        "https://www.leadership.ng/n1-3trn-fraud-senate-probes-cbex-others/"
    ],
    "entities": {
        "persons": [],
        "locations": [],
        "organizations": []
    },
    "syndication": {
        "syndicated": false,
        "syndicate_id": null,
        "first_syndicated": false
    },
    "trust": {
        "categories": [],
        "top_news": [
            "top_news_iq",
            "top_news"
        ],
        "bias": null,
        "source": {
            "type": null,
            "city": null,
            "state": null,
            "country": null,
            "domain_type": null,
            "agency": null,
            "organization_name": null
        }
    },
    "rating": null,
    "crawled": "2025-07-10T09:14:32.279+03:00",
    "updated": "2025-07-10T06:22:07.000+00:00"
}