{
    "thread": {
        "uuid": "c233336d217e8f79569ea874b5895533207ce980",
        "url": "https://dailytrust.com/africa-needs-a-better-deal-with-the-west-not-aid",
        "site_full": "dailytrust.com",
        "site": "dailytrust.com",
        "site_section": "https://dailytrust.com",
        "site_categories": [
            "media"
        ],
        "section_title": "Daily Trust",
        "site_title": null,
        "title": "Africa needs a better deal with the West, not aid - Daily Trust",
        "title_full": "Africa needs a better deal with the West, not aid - Daily Trust",
        "published": "2025-07-10T07:56:00.000+03:00",
        "replies_count": 0,
        "participants_count": 1,
        "site_type": "news",
        "country": "NG",
        "main_image": "",
        "performance_score": 0,
        "domain_rank": 23121,
        "domain_rank_updated": "2025-06-03T00:00:00.000+03:00",
        "licensing_agency": [],
        "social": {
            "facebook": {
                "likes": 0,
                "comments": 0,
                "shares": 0
            },
            "vk": {
                "shares": 0
            }
        }
    },
    "uuid": "c233336d217e8f79569ea874b5895533207ce980",
    "url": "https://dailytrust.com/africa-needs-a-better-deal-with-the-west-not-aid",
    "ord_in_thread": 0,
    "author": "@daily_trust",
    "published": "2025-07-10T07:56:00.000+03:00",
    "title": "Africa needs a better deal with the West, not aid - Daily Trust",
    "text": "There has been a shockwave across Africa since the United States President Donald Trump dramatically cut off USAID funding, especially in sectors like health, education, food security, and humanitarian relief. However, former President Olusegun Obasanjo has faulted African leaders for their thirst and hunger for development aid from the West.…",
    "highlightText": "",
    "highlightTitle": "",
    "highlightThreadTitle": "",
    "language": "english",
    "sentiment": "negative",
    "categories": [
        "Politics",
        "Economy, Business and Finance",
        "Social Issue"
    ],
    "topics": [
        "Politics->economic policy",
        "Politics->foreign aid",
        "Politics->international relations",
        "Economy, Business and Finance->economy",
        "Economy, Business and Finance->financial and economic news",
        "Social Issue->social problem",
        "Social Issue->social condition",
        "Social Issue->communities"
    ],
    "ai_allow": true,
    "has_canonical": false,
    "breaking": null,
    "webz_reporter": false,
    "external_links": [
        "https://galins.com/l/dtjuly2025",
        "https://bit.ly/3ULAYGr",
        "https://www.bit.ly/3ULAYGr",
        "https://www.galins.com/l/dtjuly2025"
    ],
    "entities": {
        "persons": [
            {
                "name": "Donald Trump",
                "sentiment": "neutral"
            },
            {
                "name": "Olusegun Obasanjo",
                "sentiment": "none"
            }
        ],
        "locations": [
            {
                "name": "Africa",
                "sentiment": "none"
            }
        ],
        "organizations": [
            {
                "name": "USAID",
                "sentiment": "none",
                "tickers": []
            }
        ]
    },
    "syndication": {
        "syndicated": false,
        "syndicate_id": null,
        "first_syndicated": false
    },
    "trust": {
        "categories": [],
        "top_news": [],
        "bias": null,
        "source": {
            "type": null,
            "city": null,
            "state": null,
            "country": null,
            "domain_type": null,
            "agency": null,
            "organization_name": null
        }
    },
    "rating": null,
    "crawled": "2025-07-10T09:21:16.584+03:00",
    "updated": "2025-07-10T14:10:28.882+03:00"
}