{
    "thread": {
        "uuid": "58c584e8028c98bfce7b551102124ea7f69ea700",
        "url": "https://economictimes.indiatimes.com/nri/migrate/us-immigration-backlog-hits-all-time-high-with-11-3-million-pending-applications/articleshow/122356647.cms?from=mdr",
        "site_full": "economictimes.indiatimes.com",
        "site": "indiatimes.com",
        "site_section": "https://news.google.com/search?q=with%20when%3A1h&hl=en-US&gl=US&ceid=US%3Aen",
        "site_categories": [
            "media",
            "top_news_nz",
            "top_news_au",
            "top_news_ae",
            "top_news_us",
            "top_news_gb",
            "top_news_th",
            "top_news_sa",
            "top_news_sg",
            "top_news_ph",
            "top_news_hk",
            "top_news_nl",
            "top_news_qa",
            "top_news_ie",
            "top_news_pk",
            "top_news_id",
            "top_news_dk",
            "top_news_eg",
            "top_news_za",
            "top_news_my",
            "top_news_kw",
            "top_news_be",
            "top_news_in",
            "top_news_ca",
            "top_news_iq",
            "top_news"
        ],
        "section_title": "Google News - Search",
        "site_title": "Business News Live, Share Market News - Read Latest Finance News, IPO, Mutual Funds News",
        "title": "US visa rules: US immigration backlog hits all-time high with 11.3 million pending applications - The Economic Times",
        "title_full": "US visa rules: US immigration backlog hits all-time high with 11.3 million pending applications - The Economic Times",
        "published": "2025-07-10T08:21:00.000+03:00",
        "replies_count": 0,
        "participants_count": 1,
        "site_type": "news",
        "country": "IN",
        "main_image": "https://img.etimg.com/thumb/width-1200,height-900,imgsize-1485521,resizemode-75,msid-122356647/nri/migrate/us-immigration-backlog-hits-all-time-high-with-11-3-million-pending-applications.jpg",
        "performance_score": 0,
        "domain_rank": 294,
        "domain_rank_updated": "2025-06-03T00:00:00.000+03:00",
        "licensing_agency": [],
        "social": {
            "facebook": {
                "likes": 4,
                "comments": 0,
                "shares": 1
            },
            "vk": {
                "shares": 0
            }
        }
    },
    "uuid": "58c584e8028c98bfce7b551102124ea7f69ea700",
    "url": "https://economictimes.indiatimes.com/nri/migrate/us-immigration-backlog-hits-all-time-high-with-11-3-million-pending-applications/articleshow/122356647.cms?from=mdr",
    "ord_in_thread": 0,
    "author": "-",
    "published": "2025-07-10T08:21:00.000+03:00",
    "title": "US visa rules: US immigration backlog hits all-time high with 11.3 million pending applications - The Economic Times",
    "text": "The US Citizenship and Immigration Services (USCIS) is grappling with an overwhelming surge in immigration applications, with the backlog soaring to a record 11.3 million cases.Immigration attorneys said the Trump administration’s efforts to find fraudulent cases have set back the pace of the process and resulted in “massive backlogs” across an immigration system that is already grappling with a growing number of cases, as per a report by Newsweek.The data from USCIS from January to March indicates that, with backlogs growing in number every quarter, certain immigration categories are going through worsening delays as processing times are stretched. Applicants have to wait for months or even years in the end.ALSO READ: US resumes student visa interviews in India; over 1 lakh applicants race to book slots ahead of Fall intakeCharles Kuck, the founding partner at Kuck Baxter in Atlanta, told Newsweek, “The Trump administration has told USCIS to slow down processing of cases. Predictably, the system has quickly developed massive backlogs. By the end of 2028, we will pine for the days of a functioning legal immigration system because it will effectively not exist by the end of the Trump term.\\\"ALSO READ: Indians join the world in lining up for Trump’s Gold Card — it might just be a $5 million waitlistUSCIS is funded solely by fees from immigrants applying for services like green cards and work permits. For years, reports have pointed to problems with this model, including ongoing staffing shortages that cause long delays.Processing times for Form I-90 (Application to Replace Permanent Resident Card) and Form I-765 (Application for Employment Authorization, with the EAD card issued via Form I-766) have risen compared to the previous quarter. This increase is partly due to USCIS suspending its Streamlined Case Processing (SCP) program, an automated system that sped up approvals without officer review. The suspension aims to allow for more thorough vetting, though no timeline has been set for reinstating the program.ALSO READ: US introduces new visa integrity fee for non-immigrants under ‘One Big Beautiful Bill’Certain categories, however, have shown signs of improvement with the backlog of Form 1-131 (advance parole application) reduced by almost 60,000 cases this fiscal year, but 260,000 cases are still pending.\\\"It is still early to draw firm conclusions from the data, as processing trends may shift based on staffing, litigation, or new policy guidance. However, outside the boundaries of congressional mandates or statutory requirements, what may appear to be backlogs may be better described as policy choices,\\\" Morgan Bailey, a partner at Mayor Brown and former senior official at the Department of Homeland Security, told Newsweek.",
    "highlightText": "",
    "highlightTitle": "",
    "highlightThreadTitle": "",
    "language": "english",
    "sentiment": "negative",
    "categories": [
        "Economy, Business and Finance",
        "Politics",
        "Social Issue"
    ],
    "topics": [
        "Economy, Business and Finance->financial and economic news",
        "Economy, Business and Finance->human resources",
        "Politics->government policy",
        "Politics->civil rights",
        "Politics->migration policy",
        "Social Issue->social services",
        "Social Issue->immigration",
        "Social Issue->demographics"
    ],
    "ai_allow": true,
    "has_canonical": true,
    "breaking": null,
    "webz_reporter": false,
    "external_links": [],
    "entities": {
        "persons": [],
        "locations": [],
        "organizations": [
            {
                "name": "Economic Times",
                "sentiment": "negative",
                "tickers": []
            },
            {
                "name": "Newsweek",
                "sentiment": "none",
                "tickers": [
                    {
                        "ticker": null,
                        "exchange": null
                    }
                ]
            },
            {
                "name": "USCIS",
                "sentiment": "none",
                "tickers": []
            }
        ]
    },
    "syndication": {
        "syndicated": false,
        "syndicate_id": null,
        "first_syndicated": false
    },
    "trust": {
        "categories": [],
        "top_news": [
            "top_news_nz",
            "top_news_au",
            "top_news_ae",
            "top_news_us",
            "top_news_gb",
            "top_news_th",
            "top_news_sa",
            "top_news_sg",
            "top_news_ph",
            "top_news_hk",
            "top_news_nl",
            "top_news_qa",
            "top_news_ie",
            "top_news_pk",
            "top_news_id",
            "top_news_dk",
            "top_news_eg",
            "top_news_za",
            "top_news_my",
            "top_news_kw",
            "top_news_be",
            "top_news_in",
            "top_news_ca",
            "top_news_iq",
            "top_news"
        ],
        "bias": "center",
        "source": {
            "type": null,
            "city": null,
            "state": null,
            "country": null,
            "domain_type": null,
            "agency": null,
            "organization_name": null
        }
    },
    "rating": null,
    "crawled": "2025-07-10T09:52:17.402+03:00",
    "updated": "2025-07-11T07:06:21.000+00:00"
}