{
    "thread": {
        "uuid": "0932a573f379c71dc32397d52a4d57082f47b399",
        "url": "https://news.webindia123.com/news/Articles/World/20250710/4336551.html",
        "site_full": "news.webindia123.com",
        "site": "webindia123.com",
        "site_section": "https://www.webindia123.com",
        "site_categories": [
            "media"
        ],
        "section_title": "Latest News,India news,bollywood news,career guidance,Education,business listings,travel,health,entertainment,videos,food,craft,automobile|webindia123.com ",
        "site_title": null,
        "title": "Brazil hits back at Trump with \"Reciprocity Law\" as US imposes 50 pc tariff, rejects \"any form of tutelage\" on internal matters",
        "title_full": "Brazil hits back at Trump with \"Reciprocity Law\" as US imposes 50 pc tariff, rejects \"any form of tutelage\" on internal matters",
        "published": "2025-07-10T08:38:43.459+03:00",
        "replies_count": 0,
        "participants_count": 0,
        "site_type": "news",
        "country": "IN",
        "main_image": "",
        "performance_score": 0,
        "domain_rank": 19085,
        "domain_rank_updated": "2025-06-03T00:00:00.000+03:00",
        "licensing_agency": [],
        "social": {
            "facebook": {
                "likes": 0,
                "comments": 0,
                "shares": 0
            },
            "vk": {
                "shares": 0
            }
        }
    },
    "uuid": "0932a573f379c71dc32397d52a4d57082f47b399",
    "url": "https://news.webindia123.com/news/Articles/World/20250710/4336551.html",
    "ord_in_thread": 0,
    "author": null,
    "published": "2025-07-10T08:38:43.459+03:00",
    "title": "Brazil hits back at Trump with \"Reciprocity Law\" as US imposes 50 pc tariff, rejects \"any form of tutelage\" on internal matters",
    "text": "Brazilian President Luiz Inacio Lula da Silva on Wednesday (local time) issued a firm response to US President Donald Trumps announcement of a 50 per cent tariff on Brazil by invoking the countrys Economic Reciprocity Law, while asserting Brazils sovereignty and rejecting any form of tutelage in what he described as Trumps attempts to interfere in the countrys internal judicial affairs.",
    "highlightText": "",
    "highlightTitle": "",
    "highlightThreadTitle": "",
    "language": "english",
    "sentiment": "negative",
    "categories": [
        "Politics",
        "Economy, Business and Finance",
        "Social Issue"
    ],
    "topics": [
        "Politics->economic policy",
        "Politics->international relations",
        "Politics->political development",
        "Economy, Business and Finance->business governance",
        "Economy, Business and Finance->foreign exchange market",
        "Economy, Business and Finance->financial and economic news",
        "Social Issue->social condition",
        "Social Issue->emigration"
    ],
    "ai_allow": true,
    "has_canonical": false,
    "breaking": false,
    "webz_reporter": false,
    "external_links": [],
    "entities": {
        "persons": [
            {
                "name": "Donald Trumps",
                "sentiment": "none"
            }
        ],
        "locations": [],
        "organizations": []
    },
    "syndication": {
        "syndicated": false,
        "syndicate_id": null,
        "first_syndicated": false
    },
    "trust": {
        "categories": [],
        "top_news": [],
        "bias": null,
        "source": {
            "type": null,
            "city": null,
            "state": null,
            "country": null,
            "domain_type": null,
            "agency": null,
            "organization_name": null
        }
    },
    "rating": null,
    "crawled": "2025-07-10T08:38:43.459+03:00",
    "updated": "2025-07-10T05:44:50.000+00:00"
}