{
    "thread": {
        "uuid": "669c4f3704a0e26e68629818cab3dcf5a259abe0",
        "url": "https://tradersunion.com/news/market-voices/show/365233-elon-musk-bitcoin-retweets/",
        "site_full": "tradersunion.com",
        "site": "tradersunion.com",
        "site_section": "https://tradersunion.com/news",
        "site_categories": [],
        "section_title": "Trading, Financial and Business News - Traders Union - TU News",
        "site_title": null,
        "title": "Elon Musk retweets spark fresh Bitcoin speculations, Kerridge says",
        "title_full": "Elon Musk retweets spark fresh Bitcoin speculations, Kerridge says",
        "published": "2025-07-17T09:31:00.000+03:00",
        "replies_count": 0,
        "participants_count": 1,
        "site_type": "news",
        "country": "UA",
        "main_image": "https://files.tradersunion.com/images/twitter-news/martiniguyyt/martiniguyyt_05.jpg",
        "performance_score": 0,
        "domain_rank": 21980,
        "domain_rank_updated": "2025-06-03T00:00:00.000+03:00",
        "licensing_agency": [],
        "social": {
            "facebook": {
                "likes": 0,
                "comments": 0,
                "shares": 0
            },
            "vk": {
                "shares": 0
            }
        }
    },
    "uuid": "669c4f3704a0e26e68629818cab3dcf5a259abe0",
    "url": "https://tradersunion.com/news/market-voices/show/365233-elon-musk-bitcoin-retweets/",
    "ord_in_thread": 0,
    "author": "Traders Union",
    "published": "2025-07-17T09:31:00.000+03:00",
    "title": "Elon Musk retweets spark fresh Bitcoin speculations, Kerridge says",
    "text": "Elon Musk retweets spark fresh Bitcoin speculations, Kerridge says\nJordan Kerridge, a prominent voice in the cryptocurrency community, has sparked new discussions about Bitcoin following Elon Musk's recent retweets related to the digital currency. Musk, the CEO of Tesla and SpaceX, is known for his influential presence in the crypto world, often causing market fluctuations with his statements and actions. Kerridge's latest tweet insinuates that the renewed attention from Musk could indicate a strategic accumulation of Bitcoin by the billionaire entrepreneur. Although Musk has previously impacted Bitcoin prices directly through his social media activities, it remains to be seen how these retweets will affect market dynamics.\n[Loading...]\nMusk's ongoing engagement with digital assets continues to reverberate across global markets, underscoring themes that have emerged in recent developments. As investors assess how high-profile figures may influence Bitcoin's trajectory, similar considerations have arisen over national strategies, such as India's deliberation on establishing a strategic Bitcoin reserve. Meanwhile, the actions of influential individuals mirror trends observed in substantial asset acquisitions, exemplified by a massive Ethereum purchase by a crypto whale following recent volatility, further highlighting the intricate interplay between market sentiment and leading voices in the cryptocurrency arena.\nIn the previous news, tweet author Jordan Kerridge discussed innovative blockchain developments.\nDisclaimer. While we adhere to strict\nEditorial Integrity, this post may contain references to products from our partners.",
    "highlightText": "",
    "highlightTitle": "",
    "highlightThreadTitle": "",
    "language": "english",
    "sentiment": "positive",
    "categories": [
        "Economy, Business and Finance",
        "Science and Technology",
        "Lifestyle and Leisure"
    ],
    "topics": [
        "Economy, Business and Finance->financial and economic news",
        "Economy, Business and Finance->investment and opinion pieces",
        "Economy, Business and Finance->foreign exchange market",
        "Science and Technology->social sciences",
        "Science and Technology->economics",
        "Science and Technology->technology and engineering",
        "Lifestyle and Leisure->game",
        "Lifestyle and Leisure->gaming and lottery",
        "Lifestyle and Leisure->trend"
    ],
    "ai_allow": true,
    "has_canonical": false,
    "breaking": false,
    "webz_reporter": false,
    "external_links": [],
    "entities": {
        "persons": [
            {
                "name": "Kerridge",
                "sentiment": "negative"
            }
        ],
        "locations": [],
        "organizations": []
    },
    "syndication": {
        "syndicated": false,
        "syndicate_id": null,
        "first_syndicated": false
    },
    "trust": {
        "categories": [],
        "top_news": [],
        "bias": null,
        "source": {
            "type": null,
            "city": null,
            "state": null,
            "country": null,
            "domain_type": null,
            "agency": null,
            "organization_name": null
        }
    },
    "rating": null,
    "crawled": "2025-07-17T09:46:36.176+03:00",
    "updated": "2025-07-17T06:54:20.000+00:00"
}