{
    "thread": {
        "uuid": "31816c4f4e231b8d05f997cbdd7e461e43b86adc",
        "url": "https://article.wn.com/view/2025/07/17/Indias_retail_inflation_headed_below_2_RBI_tolerance_band_in/",
        "site_full": "article.wn.com",
        "site": "wn.com",
        "site_section": "https://wn.com/asia",
        "site_categories": [
            "media"
        ],
        "section_title": "World News - Asia",
        "site_title": "World News",
        "title": "India's retail inflation headed below 2% RBI tolerance band in July: Nomura - Worldnews.com",
        "title_full": "India's retail inflation headed below 2% RBI tolerance band in July: Nomura - Worldnews.com",
        "published": "2025-07-17T03:00:00.000+03:00",
        "replies_count": 0,
        "participants_count": 0,
        "site_type": "news",
        "country": "US",
        "main_image": "",
        "performance_score": 0,
        "domain_rank": 3835,
        "domain_rank_updated": "2025-06-03T00:00:00.000+03:00",
        "licensing_agency": [],
        "social": {
            "facebook": {
                "likes": 0,
                "comments": 0,
                "shares": 0
            },
            "vk": {
                "shares": 0
            }
        }
    },
    "uuid": "31816c4f4e231b8d05f997cbdd7e461e43b86adc",
    "url": "https://article.wn.com/view/2025/07/17/Indias_retail_inflation_headed_below_2_RBI_tolerance_band_in/",
    "ord_in_thread": 0,
    "author": null,
    "published": "2025-07-17T03:00:00.000+03:00",
    "title": "India's retail inflation headed below 2% RBI tolerance band in July: Nomura - Worldnews.com",
    "text": "New Delhi: Retail inflation in India, which has been on a declining trend providing further respite to common people, is expected to head below RBI's 2 per read full story",
    "highlightText": "",
    "highlightTitle": "",
    "highlightThreadTitle": "",
    "language": "english",
    "sentiment": "positive",
    "categories": [
        "Economy, Business and Finance",
        "Social Issue",
        "Politics"
    ],
    "topics": [
        "Economy, Business and Finance->economy",
        "Economy, Business and Finance->financial and economic news",
        "Social Issue->social condition",
        "Social Issue->demographics",
        "Politics->economic policy",
        "Politics->civil rights",
        "Politics->government"
    ],
    "ai_allow": true,
    "has_canonical": false,
    "breaking": null,
    "webz_reporter": false,
    "external_links": [
        "https://timesofoman.com//article/160533-indias-retail-inflation-headed-below-2-rbi-tolerance-band-in-july-nomura",
        "https://www.timesofoman.com//article/160533-indias-retail-inflation-headed-below-2-rbi-tolerance-band-in-july-nomura"
    ],
    "entities": {
        "persons": [],
        "locations": [],
        "organizations": [
            {
                "name": "Nomura",
                "sentiment": "neutral",
                "tickers": []
            }
        ]
    },
    "syndication": {
        "syndicated": false,
        "syndicate_id": null,
        "first_syndicated": false
    },
    "trust": {
        "categories": [
            "trusted_news"
        ],
        "top_news": [],
        "bias": "center",
        "source": {
            "type": null,
            "city": null,
            "state": null,
            "country": null,
            "domain_type": null,
            "agency": null,
            "organization_name": null
        }
    },
    "rating": null,
    "crawled": "2025-07-17T08:31:01.064+03:00",
    "updated": "2025-07-17T05:36:41.000+00:00"
}