{
    "thread": {
        "uuid": "06190bce3bc55c08f4098df08ac5892e47016742",
        "url": "https://ca.marketscreener.com/news/latest/India-s-Smartworks-Coworking-Spaces-rises-13-in-trading-debut-50529892/",
        "site_full": "ca.marketscreener.com",
        "site": "marketscreener.com",
        "site_section": "http://ca.marketscreener.com/news/most-read/",
        "site_categories": [],
        "section_title": "Today&#039;s best articles | MarketScreener Canada",
        "site_title": "Stock Market Today : Reports, Quotes and News - MarketScreener",
        "title": "India's Smartworks Coworking Spaces rises 13% in trading debut | MarketScreener Canada",
        "title_full": "India's Smartworks Coworking Spaces rises 13% in trading debut | MarketScreener Canada",
        "published": "2025-07-17T07:49:00.000+03:00",
        "replies_count": 0,
        "participants_count": 1,
        "site_type": "news",
        "country": "CA",
        "main_image": "https://ca.marketscreener.com/images/twitter_MS_fdblanc.png",
        "performance_score": 0,
        "domain_rank": 3601,
        "domain_rank_updated": "2025-06-03T00:00:00.000+03:00",
        "licensing_agency": [],
        "social": {
            "facebook": {
                "likes": 0,
                "comments": 0,
                "shares": 0
            },
            "vk": {
                "shares": 0
            }
        }
    },
    "uuid": "06190bce3bc55c08f4098df08ac5892e47016742",
    "url": "https://ca.marketscreener.com/news/latest/India-s-Smartworks-Coworking-Spaces-rises-13-in-trading-debut-50529892/",
    "ord_in_thread": 0,
    "author": "Reuters",
    "published": "2025-07-17T07:49:00.000+03:00",
    "title": "India's Smartworks Coworking Spaces rises 13% in trading debut | MarketScreener Canada",
    "text": "(Reuters) -Smartworks Coworking Spaces, which provides office spaces and integrated campus solutions for enterprises, climbs 12.5% in trading debut in Mumbai as investors bet on growing demand for integrated office spaces in the country.\n(Reporting by Manvi Pant; Editing by Vijay Kishore)\n© Reuters - 2025",
    "highlightText": "",
    "highlightTitle": "",
    "highlightThreadTitle": "",
    "language": "english",
    "sentiment": "positive",
    "categories": [
        "Economy, Business and Finance"
    ],
    "topics": [
        "Economy, Business and Finance->financial and economic news",
        "Economy, Business and Finance->business service"
    ],
    "ai_allow": true,
    "has_canonical": false,
    "breaking": false,
    "webz_reporter": false,
    "external_links": [
        "https://www.linkedin.com/shareArticle?mini=true&url=https%3A%2F%2Fwww.marketscreener.com%2Fnews%2Flatest%2FIndia-s-Smartworks-Coworking-Spaces-rises-13-in-trading-debut-50529892%2F%3Futm_source%3Dlinkedin%26utm_medium%3Dsocial%26utm_campaign%3Dshare&title=India",
        "https://www.facebook.com/sharer/sharer.php?u=https%3A%2F%2Fwww.marketscreener.com%2Fnews%2Flatest%2FIndia-s-Smartworks-Coworking-Spaces-rises-13-in-trading-debut-50529892%2F%3Futm_source%3Dfacebook%26utm_medium%3Dsocial%26utm_campaign%3Dshare",
        "https://x.com/intent/tweet?text=India",
        "https://telegram.me/share/url?url=https%3A%2F%2Fwww.marketscreener.com%2Fnews%2Flatest%2FIndia-s-Smartworks-Coworking-Spaces-rises-13-in-trading-debut-50529892%2F%3Futm_source%3Dtelegram%26utm_medium%3Dsocial%26utm_campaign%3Dshare",
        "https://wa.me/?text=https%3A%2F%2Fwww.marketscreener.com%2Fnews%2Flatest%2FIndia-s-Smartworks-Coworking-Spaces-rises-13-in-trading-debut-50529892%2F%3Futm_source%3Dwhatsapp%26utm_medium%3Dsocial%26utm_campaign%3Dshare",
        "https://x.com/intent/tweet",
        "https://www.x.com/intent/tweet?text=India",
        "https://telegram.me/share/url",
        "https://www.wa.me/?text=https%3A%2F%2Fwww.marketscreener.com%2Fnews%2Flatest%2FIndia-s-Smartworks-Coworking-Spaces-rises-13-in-trading-debut-50529892%2F%3Futm_source%3Dwhatsapp%26utm_medium%3Dsocial%26utm_campaign%3Dshare",
        "https://wa.me/",
        "https://www.facebook.com/sharer/sharer.php",
        "https://www.linkedin.com/shareArticle",
        "https://linkedin.com/shareArticle?mini=true&url=https%3A%2F%2Fwww.marketscreener.com%2Fnews%2Flatest%2FIndia-s-Smartworks-Coworking-Spaces-rises-13-in-trading-debut-50529892%2F%3Futm_source%3Dlinkedin%26utm_medium%3Dsocial%26utm_campaign%3Dshare&title=India",
        "https://facebook.com/sharer/sharer.php?u=https%3A%2F%2Fwww.marketscreener.com%2Fnews%2Flatest%2FIndia-s-Smartworks-Coworking-Spaces-rises-13-in-trading-debut-50529892%2F%3Futm_source%3Dfacebook%26utm_medium%3Dsocial%26utm_campaign%3Dshare",
        "https://www.telegram.me/share/url?url=https%3A%2F%2Fwww.marketscreener.com%2Fnews%2Flatest%2FIndia-s-Smartworks-Coworking-Spaces-rises-13-in-trading-debut-50529892%2F%3Futm_source%3Dtelegram%26utm_medium%3Dsocial%26utm_campaign%3Dshare"
    ],
    "entities": {
        "persons": [
            {
                "name": "Vijay Kishore",
                "sentiment": "none"
            }
        ],
        "locations": [],
        "organizations": [
            {
                "name": "Reuters",
                "sentiment": "negative",
                "tickers": [
                    {
                        "ticker": "TRI",
                        "exchange": "NASDAQ"
                    }
                ]
            }
        ]
    },
    "syndication": {
        "syndicated": false,
        "syndicate_id": null,
        "first_syndicated": false
    },
    "trust": {
        "categories": [],
        "top_news": [],
        "bias": null,
        "source": {
            "type": null,
            "city": null,
            "state": null,
            "country": null,
            "domain_type": null,
            "agency": null,
            "organization_name": null
        }
    },
    "rating": null,
    "crawled": "2025-07-17T07:52:30.498+03:00",
    "updated": "2025-07-17T04:54:35.000+00:00"
}