{
    "thread": {
        "uuid": "20fb40d794020bfa32be74fab5774851ab64e961",
        "url": "https://in.marketscreener.com/quote/stock/NOVARTIS-AG-9364983/news/Novartis-Launches-Buyback-of-Up-to-10-Billion-Lifts-Profit-Outlook-Update-50532169/",
        "site_full": "in.marketscreener.com",
        "site": "marketscreener.com",
        "site_section": "http://in.marketscreener.com",
        "site_categories": [],
        "section_title": "MarketScreener India - Stock Market Today : Share Prices and News",
        "site_title": "Stock Market Today : Reports, Quotes and News - MarketScreener",
        "title": "Novartis Launches Buyback of Up to $10 Billion, Lifts Profit Outlook -- Update | MarketScreener India",
        "title_full": "Novartis Launches Buyback of Up to $10 Billion, Lifts Profit Outlook -- Update | MarketScreener India",
        "published": "2025-07-17T09:50:00.000+03:00",
        "replies_count": 0,
        "participants_count": 1,
        "site_type": "news",
        "country": "IN",
        "main_image": "https://in.marketscreener.com/images/twitter_MS_fdblanc.png",
        "performance_score": 0,
        "domain_rank": 3601,
        "domain_rank_updated": "2025-06-03T00:00:00.000+03:00",
        "licensing_agency": [],
        "social": {
            "facebook": {
                "likes": 0,
                "comments": 0,
                "shares": 0
            },
            "vk": {
                "shares": 0
            }
        }
    },
    "uuid": "20fb40d794020bfa32be74fab5774851ab64e961",
    "url": "https://in.marketscreener.com/quote/stock/NOVARTIS-AG-9364983/news/Novartis-Launches-Buyback-of-Up-to-10-Billion-Lifts-Profit-Outlook-Update-50532169/",
    "ord_in_thread": 0,
    "author": "Dow Jones",
    "published": "2025-07-17T09:50:00.000+03:00",
    "title": "Novartis Launches Buyback of Up to $10 Billion, Lifts Profit Outlook -- Update | MarketScreener India",
    "text": "Novartis AG -0.98% By Adria Calatayud\nNovartis launched a share buyback of up to $10 billion and raised its full-year profit guidance after continued demand for key drugs fueled growth in second-quarter sales and earnings.\nThe Swiss pharmaceutical company is bracing for the patent expiration--and the arrival of generic competitors--for its heart drug Entresto, the group's best-selling medicine. The company said strong performances from recently launched drugs such as Pluvicto for prostate cancer and Scemblix for leukemia and a new indication for breast-cancer treatment Kisqali show the replacement power of its portfolio.\nA new buyback of up to $10 billion, which runs until 2027, reflects company's confidence in its growth prospects over the medium to long term and its robust balance sheet, Novartis Chief Executive Vas Narasimhan said Thursday.\nThe company, which earlier this year promised to spend $23 billion over the next five years to expand its footprint in the U.S., recently completed a $15 billion repurchase program that began in 2023.\nNovartis also nudged up its annual profit guidance for the second time this year, but reiterated its sales expectations. It now projects core operating profit--its preferred metric, which strips out exceptional and other one-off items--to grow by a low-teens percentage this year when excluding currency movements, having previously forecast an increase by low double digits.\nThe company still expects full-year sales growth in the high single digit range at constant currency.\nNovartis said its forecasts continue to assume Entresto will face competition from generic drugs in mid-2025, though the timing of generic entry is subject to intellectual-property and regulatory litigation.\n\"We did not expect Novartis to raise its [full-year] guidance ahead of the generic entry to US Entresto which continues to be expected per mid-year,\" Vontobel analyst Stefan Schneider wrote in a note to customers.\nFor the second quarter, Entresto sales climbed 22% at constant currency to $2.36 billion, contributing to a 11% increase for the group as a whole to $14.05 billion. Novartis cited Kisqali and Entresto, as well as Scemblix, multiple-sclerosis treatment Kesimpta and cholesterol drug Leqvio, among its key growth drivers in the quarter.\nNovartis made a quarterly net profit of $4.0 billion compared with $3.25 billion for the year-earlier period. Core operating profit came to $5.925 billion, up 21% at constant currency.\nAnalysts had forecast sales at $14.17 billion and core operating profit at $5.75 billion, according to consensus estimates provided by Visible Alpha.\nNovartis separately said longtime financial chief Harry Kirsch would retire in March next year and be replaced by Mukul Mehta, its head of business planning and analysis, digital finance and tax. Kirsch will retire after a 22-year career at Novartis, including 12 years as CFO, it said.\nWrite to Adria Calatayud at adria.calatayud@wsj.com\n(END) Dow Jones Newswires\n07-17-25 0249ET\n© Dow Jones - 2025",
    "highlightText": "",
    "highlightTitle": "",
    "highlightThreadTitle": "",
    "language": "english",
    "sentiment": "positive",
    "categories": [
        "Economy, Business and Finance",
        "Politics",
        "Social Issue"
    ],
    "topics": [
        "Economy, Business and Finance->financial and economic news",
        "Economy, Business and Finance->business financing",
        "Politics->regulation of industry",
        "Politics->government budget",
        "Politics->economic policy",
        "Social Issue->social condition",
        "Social Issue->social services",
        "Social Issue->communities"
    ],
    "ai_allow": true,
    "has_canonical": false,
    "breaking": false,
    "webz_reporter": false,
    "external_links": [
        "https://wa.me/?text=https%3A%2F%2Fwww.marketscreener.com%2Fquote%2Fstock%2FNOVARTIS-AG-9364983%2Fnews%2FNovartis-Launches-Buyback-of-Up-to-10-Billion-Lifts-Profit-Outlook-Update-50532169%2F%3Futm_source%3Dwhatsapp%26utm_medium%3Dsocial%26utm_campaign%3Dshare",
        "https://x.com/intent/tweet?text=Novartis",
        "https://www.linkedin.com/shareArticle?mini=true&url=https%3A%2F%2Fwww.marketscreener.com%2Fquote%2Fstock%2FNOVARTIS-AG-9364983%2Fnews%2FNovartis-Launches-Buyback-of-Up-to-10-Billion-Lifts-Profit-Outlook-Update-50532169%2F%3Futm_source%3Dlinkedin%26utm_medium%3Dsocial%26utm_campaign%3Dshare&title=Novartis",
        "https://www.facebook.com/sharer/sharer.php?u=https%3A%2F%2Fwww.marketscreener.com%2Fquote%2Fstock%2FNOVARTIS-AG-9364983%2Fnews%2FNovartis-Launches-Buyback-of-Up-to-10-Billion-Lifts-Profit-Outlook-Update-50532169%2F%3Futm_source%3Dfacebook%26utm_medium%3Dsocial%26utm_campaign%3Dshare",
        "https://telegram.me/share/url?url=https%3A%2F%2Fwww.marketscreener.com%2Fquote%2Fstock%2FNOVARTIS-AG-9364983%2Fnews%2FNovartis-Launches-Buyback-of-Up-to-10-Billion-Lifts-Profit-Outlook-Update-50532169%2F%3Futm_source%3Dtelegram%26utm_medium%3Dsocial%26utm_campaign%3Dshare",
        "https://x.com/intent/tweet",
        "https://linkedin.com/shareArticle?mini=true&url=https%3A%2F%2Fwww.marketscreener.com%2Fquote%2Fstock%2FNOVARTIS-AG-9364983%2Fnews%2FNovartis-Launches-Buyback-of-Up-to-10-Billion-Lifts-Profit-Outlook-Update-50532169%2F%3Futm_source%3Dlinkedin%26utm_medium%3Dsocial%26utm_campaign%3Dshare&title=Novartis",
        "https://www.x.com/intent/tweet?text=Novartis",
        "https://telegram.me/share/url",
        "https://www.telegram.me/share/url?url=https%3A%2F%2Fwww.marketscreener.com%2Fquote%2Fstock%2FNOVARTIS-AG-9364983%2Fnews%2FNovartis-Launches-Buyback-of-Up-to-10-Billion-Lifts-Profit-Outlook-Update-50532169%2F%3Futm_source%3Dtelegram%26utm_medium%3Dsocial%26utm_campaign%3Dshare",
        "https://wa.me/",
        "https://www.facebook.com/sharer/sharer.php",
        "https://www.linkedin.com/shareArticle",
        "https://facebook.com/sharer/sharer.php?u=https%3A%2F%2Fwww.marketscreener.com%2Fquote%2Fstock%2FNOVARTIS-AG-9364983%2Fnews%2FNovartis-Launches-Buyback-of-Up-to-10-Billion-Lifts-Profit-Outlook-Update-50532169%2F%3Futm_source%3Dfacebook%26utm_medium%3Dsocial%26utm_campaign%3Dshare",
        "https://www.wa.me/?text=https%3A%2F%2Fwww.marketscreener.com%2Fquote%2Fstock%2FNOVARTIS-AG-9364983%2Fnews%2FNovartis-Launches-Buyback-of-Up-to-10-Billion-Lifts-Profit-Outlook-Update-50532169%2F%3Futm_source%3Dwhatsapp%26utm_medium%3Dsocial%26utm_campaign%3Dshare"
    ],
    "entities": {
        "persons": [],
        "locations": [],
        "organizations": [
            {
                "name": "Novartis AG",
                "sentiment": "negative",
                "tickers": []
            },
            {
                "name": "Adria Calatayud\nNovartis",
                "sentiment": "neutral",
                "tickers": []
            }
        ]
    },
    "syndication": {
        "syndicated": false,
        "syndicate_id": null,
        "first_syndicated": false
    },
    "trust": {
        "categories": [],
        "top_news": [],
        "bias": null,
        "source": {
            "type": null,
            "city": null,
            "state": null,
            "country": null,
            "domain_type": null,
            "agency": null,
            "organization_name": null
        }
    },
    "rating": null,
    "crawled": "2025-07-17T09:55:24.495+03:00",
    "updated": "2025-07-17T07:00:26.000+00:00"
}