{
    "thread": {
        "uuid": "e43c8c09a1aae3705c5e88502f25feeb5dbea136",
        "url": "https://finimize.com/content/bitcoin-hits-new-highs-but-big-investors-stay-cautious",
        "site_full": "finimize.com",
        "site": "finimize.com",
        "site_section": "https://finimize.com",
        "site_categories": [],
        "section_title": "Finimize: Invest smarter",
        "title": "Bitcoin Hits New Highs, But Big Investors Stay Cautious",
        "title_full": "Bitcoin Hits New Highs, But Big Investors Stay Cautious",
        "published": "2025-01-24T05:58:00.000+02:00",
        "replies_count": 0,
        "participants_count": 1,
        "site_type": "news",
        "country": "US",
        "main_image": "https://finimize-img.imgix.net/https%3A%2F%2Fchivas-assets.s3-eu-west-1.amazonaws.com%2Fstatic%2Fimages%2Fdefault_prefix-img-9DnVRD9I4av4RDYSt8msgu5N.png?ixlib=python-3.1.2&amp;s=f5e37e44836b8ed4ceb517b79068588b",
        "performance_score": 0,
        "domain_rank": 99153,
        "domain_rank_updated": "2025-01-20T23:00:00.000+02:00",
        "social": {
            "facebook": {
                "likes": 0,
                "comments": 0,
                "shares": 0
            },
            "vk": {
                "shares": 0
            }
        }
    },
    "uuid": "e43c8c09a1aae3705c5e88502f25feeb5dbea136",
    "url": "https://finimize.com/content/bitcoin-hits-new-highs-but-big-investors-stay-cautious",
    "ord_in_thread": 0,
    "parent_url": null,
    "author": "Finimize Newsroom",
    "published": "2025-01-24T05:58:00.000+02:00",
    "title": "Bitcoin Hits New Highs, But Big Investors Stay Cautious",
    "text": "Sponsored\nSaxo-Event-04/02\nabout 1 hour ago • 1 min\nFind out what happened in the markets today – and why you should care – with the free Daily Brief newsletter.\nWhat’s going on here?\nBitcoin has surged past $100,000, buoyed by regulatory backing and Donald Trump’s promise of crypto-friendly policies – yet major players like Guggenheim and Norges Bank are keeping their distance.\nWhat does this mean?\nBitcoin’s recent peak of $109,071 is turning heads among crypto enthusiasts, driven by regulatory nods for bitcoin ETFs and Trump’s pro-crypto inauguration promises. Yet, big investors such as Guggenheim Partners, overseeing $335 billion, remain cautious. Their Chief Investment Officer likens bitcoin’s movements to the Nasdaq, choosing not to invest directly. Similarly, Norges Bank Investment Management, managing a $1.8 trillion sovereign wealth fund, dismisses cryptocurrencies as portfolio components. Even Nuveen and TCW Group, with $1.3 trillion and $200 billion under management respectively, avoid direct crypto exposure. They prefer focusing on the influence of digital assets on traditional investments. This cautious stance highlights a broader institutional hesitance despite bitcoin's upward trend.\nWhy should I care?\nFor markets: Institutions play it safe amid bitcoin buzz.\nBitcoin’s dramatic rise has sparked retail interest, but institutional investors remain skeptical. Their hesitance suggests a cautious approach to crypto’s volatile nature, influencing market participation. While ETFs might attract some, traditional finance giants prefer stable, predictable investments. Keep watching: this divide might inspire new investment strategies or funds crafted to capitalize on crypto while avoiding direct exposure.\nThe bigger picture: Crypto enthusiasm meets institutional resistance.\nBitcoin's rally signifies a potential shift in global finance as it gains legitimacy and regulatory support. Yet, the absence of institutional participation underscores ongoing concerns about stability and security in the cryptocurrency sphere. As major economies ponder regulations, the interplay between fostering innovation and maintaining financial stability will dictate how digital currencies integrate into the global market. This could transform traditional investing principles, requiring adaptive policies from governments and financial institutions alike.\nDid you find this insightful?\nNope\nSort of\nAbsolutely\nDisclaimer: These articles are provided for information purposes only. Occasionally, an opinion about whether to buy or sell a specific investment may be provided. The content is not intended to be a personal recommendation to buy or sell any financial instrument or product, or to adopt any investment strategy as it is not provided based on an assessment of your investing knowledge and experience, your financial situation or your investment objectives. The value of your investments, and the income derived from them, may go down as well as up. You may not get back all the money that you invest. The investments referred to in this article may not be suitable for all investors, and if in doubt, an investor should seek advice from a qualified investment advisor. This article may contain AI-edited content. While efforts have been made to ensure accuracy, AI may not capture the nuances of the subject matter resulting in errors or inconsistencies.",
    "highlightText": "",
    "highlightTitle": "",
    "highlightThreadTitle": "",
    "language": "english",
    "sentiment": "positive",
    "categories": [
        "Economy, Business and Finance",
        "Science and Technology",
        "Human Interest"
    ],
    "topics": [
        "Economy, Business and Finance->financial and economic news",
        "Economy, Business and Finance->investment and opinion pieces"
    ],
    "ai_allow": true,
    "has_canonical": false,
    "breaking": false,
    "webz_reporter": false,
    "external_links": [],
    "external_images": [],
    "entities": {
        "persons": [
            {
                "name": "Donald Trump",
                "sentiment": "none"
            },
            {
                "name": "Nuveen",
                "sentiment": "none"
            }
        ],
        "organizations": [
            {
                "name": "Norges Bank Investment Management",
                "sentiment": "none"
            },
            {
                "name": "Guggenheim Partners",
                "sentiment": "none"
            },
            {
                "name": "TCW Group",
                "sentiment": "none"
            }
        ],
        "locations": []
    },
    "syndication": {
        "syndicated": false,
        "syndicate_id": null,
        "first_syndicated": false
    },
    "trust": null,
    "rating": null,
    "crawled": "2025-01-24T02:00:43.959+02:00",
    "updated": "2025-01-24T02:00:43.959+02:00"
}