{
    "thread": {
        "uuid": "4dfa231367db249289518f123d16e73d000734c2",
        "url": "https://www.newsbreak.com/nbc-chicago-509956/3774768685043-wealthy-leaders-share-financial-advice-they-gave-their-kids-invest-early-learn-from-failure-and-think-carefully-about-inheritance",
        "site_full": "www.newsbreak.com",
        "site": "newsbreak.com",
        "site_section": "https://www.newsbreak.com/nbc-chicago-509956",
        "site_categories": [
            "under_construction"
        ],
        "section_title": "NBC Chicago&#x27;s Home Page | NewsBreak",
        "title": "Wealthy leaders share financial advice they gave their kids: Invest early, learn from failure - and think carefully about inheritance - NewsBreak",
        "title_full": "Wealthy leaders share financial advice they gave their kids: Invest early, learn from failure - and think carefully about inheritance - NewsBreak",
        "published": "2025-01-24T01:16:00.000+02:00",
        "replies_count": 0,
        "participants_count": 1,
        "site_type": "news",
        "country": "US",
        "main_image": "https://img.particlenews.com/img/id/36J6v8_0yNXoeof00",
        "performance_score": 0,
        "domain_rank": 3577,
        "domain_rank_updated": "2025-01-20T23:00:00.000+02:00",
        "social": {
            "facebook": {
                "likes": 0,
                "comments": 0,
                "shares": 0
            },
            "vk": {
                "shares": 0
            }
        }
    },
    "uuid": "4dfa231367db249289518f123d16e73d000734c2",
    "url": "https://www.newsbreak.com/nbc-chicago-509956/3774768685043-wealthy-leaders-share-financial-advice-they-gave-their-kids-invest-early-learn-from-failure-and-think-carefully-about-inheritance",
    "ord_in_thread": 0,
    "parent_url": null,
    "author": "Lucy Handley,CNBC",
    "published": "2025-01-24T01:16:00.000+02:00",
    "title": "Wealthy leaders share financial advice they gave their kids: Invest early, learn from failure - and think carefully about inheritance - NewsBreak",
    "text": "By Lucy Handley,CNBC ,\n1 hours ago Talk about money and budgeting early is the advice of wealthy CEOs and founders. Allow your kids to invest in something low-risk at the start and ask them to explain their rationale, leaders told CNBC. Talk to children in their own terms, according to Singapore-based CEO Gregory Van. Ask: \"Do... Read full article\nRead in NewsBreak",
    "highlightText": "",
    "highlightTitle": "",
    "highlightThreadTitle": "",
    "language": "english",
    "sentiment": "positive",
    "categories": [
        "Economy, Business and Finance"
    ],
    "topics": [
        "Economy, Business and Finance->financial and economic news"
    ],
    "ai_allow": true,
    "has_canonical": false,
    "breaking": false,
    "webz_reporter": false,
    "external_links": [],
    "external_images": [],
    "entities": {
        "persons": [
            {
                "name": "Lucy Handley",
                "sentiment": "negative"
            },
            {
                "name": "Gregory Van",
                "sentiment": "none"
            }
        ],
        "organizations": [
            {
                "name": "CNBC",
                "sentiment": "negative"
            }
        ],
        "locations": []
    },
    "syndication": {
        "syndicated": false,
        "syndicate_id": null,
        "first_syndicated": false
    },
    "trust": null,
    "rating": null,
    "crawled": "2025-01-24T02:09:15.412+02:00",
    "updated": "2025-01-24T03:10:03.066+02:00"
}