{
    "thread": {
        "uuid": "dd0fdb826fa06554ded336dc1cf1a822475a64c4",
        "url": "https://www.moomoo.com/news/post/48430522/alaska-air-q4-revenue-rises-on-strong-demand-confirms-1b",
        "site_full": "www.moomoo.com",
        "site": "moomoo.com",
        "site_section": "https://www.moomoo.com/news/main",
        "site_categories": [],
        "section_title": "Moomoo News - Breaking News, Latest Stories and Videos",
        "title": "Alaska Air Q4 Revenue Rises on Strong Demand; Confirms $1B Buyback Plan",
        "title_full": "Alaska Air Q4 Revenue Rises on Strong Demand; Confirms $1B Buyback Plan",
        "published": "2025-01-23T18:29:00.000+02:00",
        "replies_count": 0,
        "participants_count": 1,
        "site_type": "news",
        "country": "US",
        "main_image": "https://usnewsfile.moomoo.com/news-thumbnail/20250124/public/17376533430775216738076-17376533430768053695186.jpeg",
        "performance_score": 0,
        "domain_rank": 49605,
        "domain_rank_updated": "2025-01-20T23:00:00.000+02:00",
        "social": {
            "facebook": {
                "likes": 0,
                "comments": 0,
                "shares": 0
            },
            "vk": {
                "shares": 0
            }
        }
    },
    "uuid": "dd0fdb826fa06554ded336dc1cf1a822475a64c4",
    "url": "https://www.moomoo.com/news/post/48430522/alaska-air-q4-revenue-rises-on-strong-demand-confirms-1b",
    "ord_in_thread": 0,
    "parent_url": null,
    "author": "Benzinga",
    "published": "2025-01-23T18:29:00.000+02:00",
    "title": "Alaska Air Q4 Revenue Rises on Strong Demand; Confirms $1B Buyback Plan",
    "text": "$Alaska Air (ALK.US)$ shares were trading almost 5% higher intraday Thursday. On Wednesday, the company reported fourth-quarter sales of $3.53 billion, which surpassed the street view of $3.43 billion.\nThe quarterly revenue exceeded expectations for both Alaska and Hawaiian, aided by strong leisure demand and a rebound in corporate travel.\nFavorable winter weather enabled reliable operations during the holiday season, with a higher-than-expected completion rate and load factor.\nThe Seattle-based company disclosed capacity (available seat miles) growth of 2.5% Y/Y and operating revenue per available seat miles increase of 7% Y/Y in the quarter.\nUnit revenues, which turned positive in August, improved sequentially from 1% in the third quarter to 7% in the fourth quarter.\nThis momentum has continued into the early first quarter, thanks to close-in booking strength and a stable industry capacity outlook, positioning us for a solid start to 2025.\nUnit costs rose 8.6% yearly but came in better than guidance, as disciplined non-fuel cost control offset higher performance-based pay accruals and increased capacity from improved completion rates.\nWhile 2024 unit costs remain pressured by aircraft delivery delays, the company expects it to improve in 2025 as resource levels and capacity normalize.\nAdjusted EPS of 97 cents, beating the consensus of $0.44.\nAdjusted EPS came about 50 cents above the midpoint guidance, led by revenue growth, cost improvements, and a decline in non-operating expenses.\nCEO Ben Minicucci said, \"This was a transformational year as we brought Hawaiian Airlines into Alaska Air Group and began our journey to unlock $1 billion in incremental pretax profit over the next three years.\"\nThe company generated an operating cash flow of $1.5 billion in 2024. As of Dec. 31, the company's cash and cash equivalents stood at $1.2 billion.\nBuyback: The company repurchased 3.9 million shares of common stock for around $250 million in the fourth quarter, bringing total repurchases to 5.5 million shares for $312 million in 2024.\nThe company authorized a new share repurchase plan of $1 billion to be executed over the next four years, with repurchases beginning in January 2025.\nOutlook: Alaska Air projects a first-quarter adjusted EPS loss of 70 cents to 50 cents vs. a consensus loss of 70 cents and sees FY25 adjusted EPS of greater than $5.75 compared to a consensus loss of $5.90.",
    "highlightText": "",
    "highlightTitle": "",
    "highlightThreadTitle": "",
    "language": "english",
    "sentiment": "positive",
    "categories": [
        "Economy, Business and Finance",
        "Human Interest",
        "Lifestyle and Leisure"
    ],
    "topics": [
        "Economy, Business and Finance->business reporting and performance",
        "Economy, Business and Finance->financial and economic news",
        "Human Interest->record and achievement",
        "Lifestyle and Leisure->travel and tourism",
        "Lifestyle and Leisure->lifestyle"
    ],
    "ai_allow": true,
    "has_canonical": false,
    "breaking": false,
    "webz_reporter": false,
    "external_links": [],
    "external_images": [],
    "entities": {
        "persons": [],
        "organizations": [],
        "locations": []
    },
    "syndication": {
        "syndicated": false,
        "syndicate_id": null,
        "first_syndicated": false
    },
    "trust": null,
    "rating": null,
    "crawled": "2025-01-24T00:52:53.196+02:00",
    "updated": "2025-01-24T00:52:53.196+02:00"
}