{
    "thread": {
        "uuid": "ff57c9d0aa84d9a77610fe9051fa1ec0eb86ad28",
        "url": "https://kutv.com/news/eye-on-your-money/utah-to-receive-57-million-from-opioid-settlement-with-makers-of-oxycontin",
        "site_full": "kutv.com",
        "site": "kutv.com",
        "site_section": "https://kutv.com",
        "site_categories": [
            "media"
        ],
        "section_title": "chevron-right",
        "title": "SALT LAKE CITY (KUTV) - Utah is set to receive $57",
        "title_full": "SALT LAKE CITY (KUTV) - Utah is set to receive $57",
        "published": "2025-01-23T23:22:00.000+02:00",
        "replies_count": 0,
        "participants_count": 1,
        "site_type": "news",
        "country": "US",
        "main_image": "https://kutv.com/resources/media2/16x9/3000/986/0x157/90/a816f384-5347-456e-beae-f8ab4379a539-AP24348521127940.jpg",
        "performance_score": 0,
        "domain_rank": 8359,
        "domain_rank_updated": "2025-01-20T23:00:00.000+02:00",
        "social": {
            "facebook": {
                "likes": 1,
                "comments": 1,
                "shares": 1
            },
            "vk": {
                "shares": 0
            }
        }
    },
    "uuid": "ff57c9d0aa84d9a77610fe9051fa1ec0eb86ad28",
    "url": "https://kutv.com/news/eye-on-your-money/utah-to-receive-57-million-from-opioid-settlement-with-makers-of-oxycontin",
    "ord_in_thread": 0,
    "parent_url": null,
    "author": "Jake Taylor, KUTV",
    "published": "2025-01-23T23:22:00.000+02:00",
    "title": "SALT LAKE CITY (KUTV) - Utah is set to receive $57",
    "text": "SALT LAKE CITY (KUTV) — Utah is set to receive $57 million as part of a $7.4 billion settlement with Purdue Pharma and the Sackler family, resolving a lawsuit that alleged the company's OxyContin pain medication contributed significantly to the opioid addiction crisis.\nThe settlement, reached with several states, will see the Sackler family pay $6.5 billion over 15 years, while approximately $900 million will come from Purdue Pharma once it emerges from bankruptcy protection.\nThe settlement also stipulates the Sackler family will lose control of Purdue Pharma and be banned from selling opioids in the United States. Purdue Pharma's lobbying and marketing efforts will be limited and monitored.\nBetween 2002 and 2015, the number of opioid prescriptions dispensed in Utah increased by over one million, and from 2013 to 2015, Utah was ranked 7th in the country for prescription drug poisoning deaths.\nAccording to data from the Utah Office of the Medical Examiner, prescription opioids were responsible for the deaths of 1,611 people in the state between 2014 and 2019. The most recent data from the Utah Department of Health and Human Services report 606 drug overdose deaths in 2023, and 27.9% of those deaths involved at least one prescription opioid, with many lost to heroin and fentanyl overdose deaths that began with prescription opioid abuse.\nUtah Gov. Spencer J. Cox emphasized the impact of the opioid epidemic on the state, saying, \"The opioid epidemic has ravaged families and communities across Utah, leaving a trail of heartbreak and loss. Too many lives have been stolen, and too many families have been shattered. This settlement will not bring back those we've lost, but it will provide critical resources to help those struggling with addiction and prevent future tragedies.\"\nMORE: Purdue Pharma, owners agree to $7.4B settlement over opioid crisis lawsuits According to the American Enterprise Institute, the non-fatal opioid costs to the state are $1,827 per person or around $524 million for a single year (2015).\nCox added the funds would support treatment, prevention and education efforts to build a healthier future for Utah residents.\nAttorney General Derek Brown said, \"Too many Utahns have been harmed by the Sackler family and Purdue Pharma’s disregard for human life. My office has traveled across the country on behalf of Utah families to ensure that these families receive justice, and we have collaborated with other state attorneys general to make this settlement possible.\"\nBrown stated that he anticipates Utah will join the settlement after reviewing the final written agreement, and he encouraged other states to do the same.\nPrevious opioid settlements have brought $540 million to Utah, with $275 million allocated to the state and $265 million to the counties. The state plans to use the funds to support the Utah Opioid Taskforce.\n___",
    "highlightText": "",
    "highlightTitle": "",
    "highlightThreadTitle": "",
    "language": "english",
    "sentiment": "positive",
    "categories": [
        "Economy, Business and Finance",
        "Social Issue",
        "Politics"
    ],
    "topics": [
        "Economy, Business and Finance->financial and economic news",
        "Economy, Business and Finance->business governance",
        "Social Issue->social services",
        "Social Issue->poverty",
        "Social Issue->welfare",
        "Politics->government budget",
        "Politics->government",
        "Politics->civil rights"
    ],
    "ai_allow": true,
    "has_canonical": false,
    "breaking": false,
    "webz_reporter": false,
    "external_links": [],
    "external_images": [],
    "entities": {
        "persons": [
            {
                "name": "Sackler",
                "sentiment": "none"
            }
        ],
        "organizations": [
            {
                "name": "KUTV",
                "sentiment": "negative"
            },
            {
                "name": "Utah Office of the Medical Examiner",
                "sentiment": "none"
            },
            {
                "name": "Purdue Pharma",
                "sentiment": "none"
            }
        ],
        "locations": []
    },
    "syndication": {
        "syndicated": false,
        "syndicate_id": "ff57c9d0aa84d9a77610fe9051fa1ec0eb86ad28",
        "first_syndicated": true
    },
    "trust": null,
    "rating": null,
    "crawled": "2025-01-24T01:37:43.580+02:00",
    "updated": "2025-01-24T01:37:43.580+02:00"
}