{
    "thread": {
        "uuid": "c2bdc8c4658b4ba661de77030b80d5f88c328865",
        "url": "https://article.wn.com/view/2025/04/03/US_stocks_end_up_but_volatility_ahead_after_latest_Trump_tar",
        "site_full": "article.wn.com",
        "site": "wn.com",
        "site_section": "https://wn.com/donald_trump",
        "site_categories": [
            "media"
        ],
        "section_title": "Donald Trump",
        "site_title": null,
        "title": "US stocks end up, but volatility ahead after latest Trump tariffs - Worldnews.com",
        "title_full": "US stocks end up, but volatility ahead after latest Trump tariffs - Worldnews.com",
        "published": "2025-04-03T02:16:52.477+03:00",
        "replies_count": 0,
        "participants_count": 0,
        "site_type": "news",
        "country": "US",
        "main_image": "",
        "performance_score": 0,
        "domain_rank": 3941,
        "domain_rank_updated": "2025-04-01T00:00:00.000+03:00",
        "licensing_agency": [],
        "social": {
            "facebook": {
                "likes": 0,
                "comments": 0,
                "shares": 0
            },
            "vk": {
                "shares": 0
            }
        }
    },
    "uuid": "c2bdc8c4658b4ba661de77030b80d5f88c328865",
    "url": "https://article.wn.com/view/2025/04/03/US_stocks_end_up_but_volatility_ahead_after_latest_Trump_tar",
    "ord_in_thread": 0,
    "author": null,
    "published": "2025-04-03T02:16:52.477+03:00",
    "title": "US stocks end up, but volatility ahead after latest Trump tariffs - Worldnews.com",
    "text": "Wall Street stocks finished higher Wednesday following a volatile session ahead of US President Donald Trump's latest tariff announcements, while European stocks ended the day lower. read full story",
    "highlightText": "",
    "highlightTitle": "",
    "highlightThreadTitle": "",
    "language": "english",
    "sentiment": "positive",
    "categories": [
        "Economy, Business and Finance",
        "Politics",
        "Social Issue"
    ],
    "topics": [
        "Economy, Business and Finance->financial and economic news",
        "Economy, Business and Finance->macro economics",
        "Politics->international relations",
        "Politics->government",
        "Politics->economic policy",
        "Social Issue->communities",
        "Social Issue->social condition"
    ],
    "ai_allow": true,
    "has_canonical": false,
    "breaking": false,
    "webz_reporter": false,
    "external_links": [
        "https://www.hometownregister.com/news/national/us-stocks-end-up-but-volatility-ahead-after-latest-trump-tariffs/article_f7759eba-d538-52b3-bdab-00c26fb7d5be.html",
        "https://hometownregister.com/news/national/us-stocks-end-up-but-volatility-ahead-after-latest-trump-tariffs/article_f7759eba-d538-52b3-bdab-00c26fb7d5be.html"
    ],
    "entities": {
        "persons": [],
        "locations": [],
        "organizations": []
    },
    "syndication": {
        "syndicated": false,
        "syndicate_id": null,
        "first_syndicated": false
    },
    "trust": {
        "categories": [],
        "bias": null
    },
    "rating": null,
    "crawled": "2025-04-03T02:16:52.477+03:00",
    "updated": "2025-04-03T02:16:52.477+03:00"
}