{
    "thread": {
        "uuid": "5ad7c1c69cad8ad6c128f940fca40e53dfbf9d06",
        "url": "https://www.nasdaq.com/articles/western-midstream-wes-laps-stock-market-heres-why",
        "site_full": "www.nasdaq.com",
        "site": "nasdaq.com",
        "site_section": "https://www.nasdaq.com/feed/rssoutbound?category=investing",
        "site_categories": [
            "investing",
            "financial_news",
            "finance",
            "stocks",
            "enterprise_news"
        ],
        "section_title": "Investing Feed",
        "site_title": "Nasdaq: Stock Market, Data Updates, Reports &amp; News",
        "title": "Western Midstream (WES) Laps the Stock Market: Here's Why",
        "title_full": "Western Midstream (WES) Laps the Stock Market: Here's Why",
        "published": "2025-04-03T01:15:00.000+03:00",
        "replies_count": 0,
        "participants_count": 1,
        "site_type": "news",
        "country": "US",
        "main_image": "https://www.nasdaq.com/sites/acquia.prod/files/2019-05/0902-Q19%20Total%20Markets%20photos%20and%20gif_CC8.jpg",
        "performance_score": 0,
        "domain_rank": 754,
        "domain_rank_updated": "2025-04-01T00:00:00.000+03:00",
        "licensing_agency": [],
        "social": {
            "facebook": {
                "likes": 0,
                "comments": 0,
                "shares": 0
            },
            "vk": {
                "shares": 0
            }
        }
    },
    "uuid": "5ad7c1c69cad8ad6c128f940fca40e53dfbf9d06",
    "url": "https://www.nasdaq.com/articles/western-midstream-wes-laps-stock-market-heres-why",
    "ord_in_thread": 0,
    "author": "Zacks",
    "published": "2025-04-03T01:15:00.000+03:00",
    "title": "Western Midstream (WES) Laps the Stock Market: Here's Why",
    "text": "Western Midstream (WES) closed the most recent trading day at $41.61, moving +1.41% from the previous trading session. The stock's change was more than the S&P 500's daily gain of 0.67%. Meanwhile, the Dow gained 0.56%, and the Nasdaq, a tech-heavy index, added 0.87%.\nThe the stock of oil and gas transportation and storage company has risen by 5.99% in the past month, leading the Oils-Energy sector's gain of 3.06% and the S&P 500's loss of 5.28%.\nMarket participants will be closely following the financial results of Western Midstream in its upcoming release. In that report, analysts expect Western Midstream to post earnings of $0.84 per share. This would mark a year-over-year decline of 42.86%. Our most recent consensus estimate is calling for quarterly revenue of $945.11 million, up 6.46% from the year-ago period.\nRegarding the entire year, the Zacks Consensus Estimates forecast earnings of $3.42 per share and revenue of $3.79 billion, indicating changes of -14.93% and +5.21%, respectively, compared to the previous year.\nFurthermore, it would be beneficial for investors to monitor any recent shifts in analyst projections for Western Midstream. Such recent modifications usually signify the changing landscape of near-term business trends. As a result, upbeat changes in estimates indicate analysts' favorable outlook on the company's business health and profitability.\nOur research demonstrates that these adjustments in estimates directly associate with imminent stock price performance. We developed the Zacks Rank to capitalize on this phenomenon. Our system takes these estimate changes into account and delivers a clear, actionable rating model.\nRanging from #1 (Strong Buy) to #5 (Strong Sell), the Zacks Rank system has a proven, outside-audited track record of outperformance, with #1 stocks returning an average of +25% annually since 1988. Within the past 30 days, our consensus EPS projection has moved 1.01% lower. At present, Western Midstream boasts a Zacks Rank of #3 (Hold).\nIn terms of valuation, Western Midstream is presently being traded at a Forward P/E ratio of 12. This expresses a discount compared to the average Forward P/E of 24.15 of its industry.\nThe Oil and Gas - Refining and Marketing - Master Limited Partnerships industry is part of the Oils-Energy sector. Currently, this industry holds a Zacks Industry Rank of 83, positioning it in the top 34% of all 250+ industries.\nThe Zacks Industry Rank assesses the strength of our separate industry groups by calculating the average Zacks Rank of the individual stocks contained within the groups. Our research shows that the top 50% rated industries outperform the bottom half by a factor of 2 to 1.\nTo follow WES in the coming trading sessions, be sure to utilize Zacks.com.\n5 Stocks Set to Double\nEach was handpicked by a Zacks expert as the #1 favorite stock to gain +100% or more in 2024. While not all picks can be winners, previous recommendations have soared +143.0%, +175.9%, +498.3% and +673.0%.\nMost of the stocks in this report are flying under Wall Street radar, which provides a great opportunity to get in on the ground floor.\nToday, See These 5 Potential Home Runs >>\nWant the latest recommendations from Zacks Investment Research? Today, you can download 7 Best Stocks for the Next 30 Days. Click to get this free report\nWestern Midstream Partners, LP (WES) : Free Stock Analysis Report\nThis article originally published on Zacks Investment Research (zacks.com).\nThe views and opinions expressed herein are the views and opinions of the author and do not necessarily reflect those of Nasdaq, Inc.",
    "highlightText": "",
    "highlightTitle": "",
    "highlightThreadTitle": "",
    "language": "english",
    "sentiment": "positive",
    "categories": [
        "Economy, Business and Finance",
        "Social Issue"
    ],
    "topics": [
        "Economy, Business and Finance->business and market analysis",
        "Economy, Business and Finance->financial and economic news",
        "Social Issue->demographics",
        "Social Issue->social condition"
    ],
    "ai_allow": true,
    "has_canonical": false,
    "breaking": false,
    "webz_reporter": false,
    "external_links": [
        "https://www.zacks.com/registration/pfp?ALERT=NASDAQ_ZER_A388&d_alert=ZER_CONF&t=WES&ADID=SYND_NASDAQ_TCK_TALEOFTAPE_555_2439420_WES&cid=CS-NASDAQ-FT-tale_of_the_tape|yseop_template_6v3-2439420",
        "https://www.zacks.com/registration/ultimatetrader/welcome/eoffer/4e87?add=1726&adid=SYND_NASDAQ_ZU_5S2DREPORT_TALEOFTAPE_555_04022025_2439420&cid=CS-NASDAQ-FT-tale_of_the_tape|yseop_template_6v3-2439420",
        "https://www.zacks.com/registration/pfp/?ALERT=RPT_7BEST_NASDAQSYND&ADID=SYND_NASDAQ_7BEST_TALEOFTAPE_555_2439420&cid=CS-NASDAQ-FT-tale_of_the_tape|yseop_template_6v3-2439420",
        "https://www.zacks.com/stock/news/2439420/western-midstream-wes-laps-the-stock-market-here-s-why?cid=CS-NASDAQ-FT-tale_of_the_tape|yseop_template_6v3-2439420",
        "https://www.zacks.com/stock/news/2439420/western-midstream-wes-laps-the-stock-market-here-s-why",
        "https://zacks.com/registration/ultimatetrader/welcome/eoffer/4e87?add=1726&adid=SYND_NASDAQ_ZU_5S2DREPORT_TALEOFTAPE_555_04022025_2439420&cid=CS-NASDAQ-FT-tale_of_the_tape|yseop_template_6v3-2439420",
        "https://www.zacks.com/registration/ultimatetrader/welcome/eoffer/4e87",
        "https://zacks.com/stock/news/2439420/western-midstream-wes-laps-the-stock-market-here-s-why?cid=CS-NASDAQ-FT-tale_of_the_tape|yseop_template_6v3-2439420",
        "https://zacks.com/registration/pfp?ALERT=NASDAQ_ZER_A388&d_alert=ZER_CONF&t=WES&ADID=SYND_NASDAQ_TCK_TALEOFTAPE_555_2439420_WES&cid=CS-NASDAQ-FT-tale_of_the_tape|yseop_template_6v3-2439420",
        "https://www.zacks.com/registration/pfp",
        "https://www.zacks.com/registration/pfp/",
        "https://zacks.com/registration/pfp/?ALERT=RPT_7BEST_NASDAQSYND&ADID=SYND_NASDAQ_7BEST_TALEOFTAPE_555_2439420&cid=CS-NASDAQ-FT-tale_of_the_tape|yseop_template_6v3-2439420"
    ],
    "entities": {
        "persons": [
            {
                "name": "WES",
                "sentiment": "neutral"
            }
        ],
        "locations": [],
        "organizations": [
            {
                "name": "Zacks Investment Research",
                "sentiment": "positive",
                "tickers": []
            },
            {
                "name": "the Oils-Energy",
                "sentiment": "negative",
                "tickers": []
            },
            {
                "name": "the Zacks Consensus",
                "sentiment": "negative",
                "tickers": []
            },
            {
                "name": "the Zacks Rank",
                "sentiment": "negative",
                "tickers": []
            },
            {
                "name": "Zacks Rank of",
                "sentiment": "negative",
                "tickers": []
            },
            {
                "name": "The Oil and Gas - Refining",
                "sentiment": "negative",
                "tickers": []
            },
            {
                "name": "a Zacks Industry Rank",
                "sentiment": "negative",
                "tickers": []
            },
            {
                "name": "The Zacks Industry Rank",
                "sentiment": "negative",
                "tickers": []
            },
            {
                "name": "Dow",
                "sentiment": "neutral",
                "tickers": []
            },
            {
                "name": "Zacks.com",
                "sentiment": "neutral",
                "tickers": []
            },
            {
                "name": "Western Midstream Partners",
                "sentiment": "neutral",
                "tickers": []
            },
            {
                "name": "Nasdaq, Inc.",
                "sentiment": "neutral",
                "tickers": []
            }
        ]
    },
    "syndication": {
        "syndicated": false,
        "syndicate_id": null,
        "first_syndicated": false
    },
    "trust": {
        "categories": [],
        "bias": null
    },
    "rating": null,
    "crawled": "2025-04-03T03:13:31.822+03:00",
    "updated": "2025-04-03T03:13:31.822+03:00"
}