{
    "thread": {
        "uuid": "be7318c6010ec28b5efb6bfb43b0d25e36f46593",
        "url": "https://flipboard.com/topic/ukbusiness/tesla-stock-is-soaring-for-the-funniest-possible-reason/f-476680373c%2Ffuturism.com",
        "site_full": "flipboard.com",
        "site": "flipboard.com",
        "site_section": "https://flipboard.com/topic/ukbusiness",
        "site_categories": [
            "family_and_parenting",
            "eldercare"
        ],
        "section_title": "Discover More in Business (UK) on Flipboard",
        "site_title": "Flipboard: Your Social Magazine",
        "title": "Tesla Stock Is Soaring for the Funniest Possible Reason | Flipboard",
        "title_full": "Tesla Stock Is Soaring for the Funniest Possible Reason | Flipboard",
        "published": "2025-04-03T00:38:00.000+03:00",
        "replies_count": 0,
        "participants_count": 1,
        "site_type": "news",
        "country": "US",
        "main_image": "https://ic-cdn.flipboard.com/futurism.com/0cd101180f550b9ee66f735fb0dca2d390d6a104/_medium.jpeg",
        "performance_score": 0,
        "domain_rank": 1228,
        "domain_rank_updated": "2025-04-01T00:00:00.000+03:00",
        "licensing_agency": [],
        "social": {
            "facebook": {
                "likes": 0,
                "comments": 0,
                "shares": 0
            },
            "vk": {
                "shares": 0
            }
        }
    },
    "uuid": "be7318c6010ec28b5efb6bfb43b0d25e36f46593",
    "url": "https://flipboard.com/topic/ukbusiness/tesla-stock-is-soaring-for-the-funniest-possible-reason/f-476680373c%2Ffuturism.com",
    "ord_in_thread": 0,
    "author": "futurism.com - Noor Al-Sibai",
    "published": "2025-04-03T00:38:00.000+03:00",
    "title": "Tesla Stock Is Soaring for the Funniest Possible Reason | Flipboard",
    "text": "Tesla Stock Is Soaring for the Funniest Possible Reason What a coincidence! Tesla released some terrible news about sales this morning, but then a funny thing happened: after an initial crash, its stock …\nfuturism.com - Noor Al-Sibai • 30m",
    "highlightText": "",
    "highlightTitle": "",
    "highlightThreadTitle": "",
    "language": "english",
    "sentiment": "positive",
    "categories": [
        "Economy, Business and Finance",
        "Science and Technology",
        "Social Issue"
    ],
    "topics": [
        "Economy, Business and Finance->business reporting and performance",
        "Economy, Business and Finance->financial and economic news",
        "Science and Technology->economics",
        "Social Issue->social condition",
        "Social Issue->values"
    ],
    "ai_allow": true,
    "has_canonical": false,
    "breaking": false,
    "webz_reporter": false,
    "external_links": [],
    "entities": {
        "persons": [
            {
                "name": "Noor Al-Sibai • 30",
                "sentiment": "negative"
            }
        ],
        "locations": [],
        "organizations": [
            {
                "name": "Tesla Stock Is Soaring",
                "sentiment": "negative",
                "tickers": []
            }
        ]
    },
    "syndication": {
        "syndicated": false,
        "syndicate_id": null,
        "first_syndicated": false
    },
    "trust": {
        "categories": [],
        "bias": null
    },
    "rating": null,
    "crawled": "2025-04-03T01:12:01.574+03:00",
    "updated": "2025-04-03T01:12:01.574+03:00"
}