{
    "thread": {
        "uuid": "e6f4d350f1251e770258dcec6fc451f91039a853",
        "url": "https://flipboard.com/topic/rondesantis/orlando-car-dealerships-see-spike-in-customers-amid-new-tariffs-on-auto-industry/a-3nV5x1AvRsasn1HdZcMyCQ%3Aa%3A3408391841-71169d2fa6%2Fwftv.com",
        "site_full": "flipboard.com",
        "site": "flipboard.com",
        "site_section": "https://flipboard.com/topic/rondesantis",
        "site_categories": [
            "family_and_parenting",
            "eldercare"
        ],
        "section_title": "Discover More in Ron DeSantis on Flipboard",
        "site_title": "Flipboard: Your Social Magazine",
        "title": "Orlando car dealerships see spike in customers amid new tariffs on auto industry | Flipboard",
        "title_full": "Orlando car dealerships see spike in customers amid new tariffs on auto industry | Flipboard",
        "published": "2025-04-03T03:10:00.000+03:00",
        "replies_count": 0,
        "participants_count": 1,
        "site_type": "news",
        "country": "US",
        "main_image": "https://cdn.flipboard.com/itemshare/Logo-250X250.png",
        "performance_score": 0,
        "domain_rank": 1228,
        "domain_rank_updated": "2025-04-01T00:00:00.000+03:00",
        "licensing_agency": [],
        "social": {
            "facebook": {
                "likes": 0,
                "comments": 0,
                "shares": 0
            },
            "vk": {
                "shares": 0
            }
        }
    },
    "uuid": "e6f4d350f1251e770258dcec6fc451f91039a853",
    "url": "https://flipboard.com/topic/rondesantis/orlando-car-dealerships-see-spike-in-customers-amid-new-tariffs-on-auto-industry/a-3nV5x1AvRsasn1HdZcMyCQ%3Aa%3A3408391841-71169d2fa6%2Fwftv.com",
    "ord_in_thread": 0,
    "author": "wftv.com - Sabrina Maggiore",
    "published": "2025-04-03T03:10:00.000+03:00",
    "title": "Orlando car dealerships see spike in customers amid new tariffs on auto industry | Flipboard",
    "text": "Orlando car dealerships see spike in customers amid new tariffs on auto industry On Wednesday, President Donald Trump announced sweeping new tariffs, including a baseline 10 percent tax on imports from all countries.The …\nwftv.com - Sabrina Maggiore • 38m",
    "highlightText": "",
    "highlightTitle": "",
    "highlightThreadTitle": "",
    "language": "english",
    "sentiment": "positive",
    "categories": [
        "Economy, Business and Finance",
        "Social Issue",
        "Human Interest"
    ],
    "topics": [
        "Economy, Business and Finance->financial and economic news",
        "Economy, Business and Finance->business strategy and marketing",
        "Economy, Business and Finance->manufacturing and engineering",
        "Social Issue->social problem",
        "Social Issue->social condition"
    ],
    "ai_allow": true,
    "has_canonical": false,
    "breaking": false,
    "webz_reporter": false,
    "external_links": [],
    "entities": {
        "persons": [
            {
                "name": "Donald Trump",
                "sentiment": "neutral"
            }
        ],
        "locations": [
            {
                "name": "Orlando",
                "sentiment": "neutral"
            }
        ],
        "organizations": []
    },
    "syndication": {
        "syndicated": false,
        "syndicate_id": null,
        "first_syndicated": false
    },
    "trust": {
        "categories": [],
        "bias": null
    },
    "rating": null,
    "crawled": "2025-04-03T03:52:08.755+03:00",
    "updated": "2025-04-03T03:52:08.755+03:00"
}