{
    "thread": {
        "uuid": "156fe1e4a4d7303cbe1f1d9bdf9b3bcb8cd74e68",
        "url": "https://www.newsbreak.com/shore-news-network-560352/3946763430163-pennsylvania-player-scores-1m-win-on-scratch-ticket-sold-at-gas-station",
        "site_full": "www.newsbreak.com",
        "site": "newsbreak.com",
        "site_section": "https://www.newsbreak.com/shore-news-network-560352",
        "site_categories": [
            "under_construction"
        ],
        "section_title": "Shore News Network&#x27;s Home Page | NewsBreak",
        "site_title": "NewsBreak: Local News &amp; Alerts",
        "title": "Pennsylvania player scores $1M win on scratch ticket sold at gas station - NewsBreak",
        "title_full": "Pennsylvania player scores $1M win on scratch ticket sold at gas station - NewsBreak",
        "published": "2025-04-03T01:30:00.000+03:00",
        "replies_count": 0,
        "participants_count": 1,
        "site_type": "news",
        "country": "US",
        "main_image": "https://img.particlenews.com/img/id/0rFUF6_107r3Jh100",
        "performance_score": 0,
        "domain_rank": 3161,
        "domain_rank_updated": "2025-04-01T00:00:00.000+03:00",
        "licensing_agency": [],
        "social": {
            "facebook": {
                "likes": 0,
                "comments": 0,
                "shares": 0
            },
            "vk": {
                "shares": 0
            }
        }
    },
    "uuid": "156fe1e4a4d7303cbe1f1d9bdf9b3bcb8cd74e68",
    "url": "https://www.newsbreak.com/shore-news-network-560352/3946763430163-pennsylvania-player-scores-1m-win-on-scratch-ticket-sold-at-gas-station",
    "ord_in_thread": 0,
    "author": "Local News Report",
    "published": "2025-04-03T01:30:00.000+03:00",
    "title": "Pennsylvania player scores $1M win on scratch ticket sold at gas station - NewsBreak",
    "text": "Pennsylvania player scores $1M win on scratch ticket sold at gas station - NewsBreak",
    "highlightText": "",
    "highlightTitle": "",
    "highlightThreadTitle": "",
    "language": "english",
    "sentiment": "positive",
    "categories": [
        "Economy, Business and Finance"
    ],
    "topics": [
        "Economy, Business and Finance->financial and economic news",
        "Economy, Business and Finance->consumer goods"
    ],
    "ai_allow": true,
    "has_canonical": false,
    "breaking": false,
    "webz_reporter": false,
    "external_links": [],
    "entities": {
        "persons": [],
        "locations": [
            {
                "name": "Pennsylvania",
                "sentiment": "positive"
            }
        ],
        "organizations": []
    },
    "syndication": {
        "syndicated": false,
        "syndicate_id": null,
        "first_syndicated": false
    },
    "trust": {
        "categories": [],
        "bias": null
    },
    "rating": null,
    "crawled": "2025-04-03T01:52:08.120+03:00",
    "updated": "2025-04-03T01:52:08.120+03:00"
}