{
    "thread": {
        "uuid": "bf1366720f15066a65f25b966d57d99a0835bc17",
        "url": "https://independent.ng/how-i-intend-to-blend-my-passion-for-politics-my-skills-in-public-relations-eruobami",
        "site_full": "independent.ng",
        "site": "independent.ng",
        "site_section": "https://www.golf.einnews.com/live_feed",
        "site_categories": [
            "media"
        ],
        "section_title": "Live Feed Wire - Golf News Today - EIN Presswire",
        "title": "How I Intend To Blend My Passion For Politics, My Skills In Public Relations - Eruobami",
        "title_full": "How I Intend To Blend My Passion For Politics, My Skills In Public Relations - Eruobami",
        "published": "2024-12-17T10:16:00.000+02:00",
        "replies_count": 0,
        "participants_count": 1,
        "site_type": "news",
        "country": "NG",
        "main_image": "",
        "performance_score": 0,
        "domain_rank": 52142,
        "domain_rank_updated": "2024-12-09T23:00:00.000+02:00",
        "social": {
            "facebook": {
                "likes": 0,
                "comments": 0,
                "shares": 0
            },
            "vk": {
                "shares": 0
            }
        }
    },
    "uuid": "bf1366720f15066a65f25b966d57d99a0835bc17",
    "url": "https://independent.ng/how-i-intend-to-blend-my-passion-for-politics-my-skills-in-public-relations-eruobami",
    "ord_in_thread": 0,
    "parent_url": null,
    "author": "Kayode Ajiboye",
    "published": "2024-12-17T10:16:00.000+02:00",
    "title": "How I Intend To Blend My Passion For Politics, My Skills In Public Relations - Eruobami",
    "text": "LAGOS – Ayobami Eruobami, an experienced Public Relations executive, a political enthusiast and professional in the Real Estate Business has shared some insights with the public on his journey, moving forward in life.\nAccording to him, he embarked on his journey towards becoming a prominent political leader in the nearest future by reflecting on the experiences he had gathered over the time.\nThose experiences, he recalled, had shaped his political ambitions and his dedication to public relations.\nHe relishes: “My leadership prowess was first honed during my time as the chairman of All University Students in Nigeria, where I learned the importance of service, collaboration, and empowering others. This experience ignited my passion for helping people and instilled in me a profound understanding of the impact that effective communication can have on community engagement.”\nIn the realm of public relations, Eruobami exudes that he has developed skills that are crucial to any successful political career.\nHe tutors: “Public Relations is about building relationships, managing perceptions, and communicating effectively with diverse audiences. I believe that these skills are not only applicable in the corporate world but are essential in the political arena as well.\n“By fostering open communication and transparency, I can create a strong bond with my constituents, ensuring they feel heard and valued.\n“This I have been doing already with my media company, Erumediagroup. This approach will be the cornerstone of my political strategy, allowing me to connect with people on a personal level while addressing their needs and concerns.”\nHe added:\n“Moving forward, I intend to blend my political life with my public relations expertise by prioritizing community engagement and strategic communication.\n“I will harness the power of social media and traditional communication channels to share my vision and gather feedback from the public.\nBy creating platforms for dialogue, I aim to build trust and foster a sense of community involvement in the political process.\nMy commitment to selflessness and empowerment will guide my actions, as I work to uplift not only myself but also those around me, nurturing future leaders and creating a brighter future for our state.\nThrough this integration of politics and public relations, I am confident that I can make a meaningful impact, ensuring that my leadership is characterized by empathy, understanding, and a genuine desire to serve.\n“Together, we can create a political landscape that reflects the voices of the people and champions their aspirations.”; Eruobami concluded.",
    "highlightText": "",
    "highlightTitle": "",
    "highlightThreadTitle": "",
    "language": "english",
    "sentiment": "positive",
    "categories": [
        "Politics",
        "Economy, Business and Finance",
        "Human Interest"
    ],
    "ai_allow": true,
    "canonical": false,
    "webz_reporter": false,
    "external_links": [],
    "external_images": [],
    "entities": {
        "persons": [],
        "organizations": [],
        "locations": []
    },
    "syndication": {
        "syndicated": false,
        "syndicate_id": null,
        "first_syndicated": false
    },
    "rating": null,
    "crawled": "2024-12-17T11:43:23.271+02:00",
    "updated": "2024-12-17T16:29:06.444+02:00"
}