{
    "thread": {
        "uuid": "8d8be8b11d27295782e5ce1653a3b8f6cdcaa528",
        "url": "https://articlescad.com/world-cup-visit-seattle-projects-929m-economic-impact-from-fifa-2026-369376.html",
        "site_full": "articlescad.com",
        "site": "articlescad.com",
        "site_section": "https://articlescad.com",
        "site_categories": [],
        "section_title": "Articles - Articles Directory - Submit articles",
        "title": "World Cup: Visit Seattle Projects $929M Economic Impact from FIFA 2026",
        "title_full": "World Cup: Visit Seattle Projects $929M Economic Impact from FIFA 2026",
        "published": "2024-12-17T02:00:00.000+02:00",
        "replies_count": 0,
        "participants_count": 0,
        "site_type": "news",
        "country": "IN",
        "main_image": "",
        "performance_score": 0,
        "domain_rank": 7996,
        "domain_rank_updated": "2024-12-09T23:00:00.000+02:00",
        "social": {
            "facebook": {
                "likes": 0,
                "comments": 0,
                "shares": 0
            },
            "vk": {
                "shares": 0
            }
        }
    },
    "uuid": "8d8be8b11d27295782e5ce1653a3b8f6cdcaa528",
    "url": "https://articlescad.com/world-cup-visit-seattle-projects-929m-economic-impact-from-fifa-2026-369376.html",
    "ord_in_thread": 0,
    "parent_url": null,
    "author": null,
    "published": "2024-12-17T02:00:00.000+02:00",
    "title": "World Cup: Visit Seattle Projects $929M Economic Impact from FIFA 2026",
    "text": "World Cup: Visit Seattle Projects $929M Economic Impact from FIFA 2026\nAuthor : FIFA World Cup Tickets | Published On : 17 Dec 2024\nWorld Cup Tickets: The Football World Cup 2026 will produce at slightest $929 million. In King County financial influence when Seattle hosts six FIFA World Cup 2026 matches. Conferring to an early approximation provided last week by Visit Seattle. Visit Seattle, the terminus advertising group for Seattle and King County Contracted Tourism Economics.\nFootball World Cup 2026 followers worldwide can secure their [World Cup Tickets](https://www.eticketing.co/sports-tickets/fifa-world-cup-tickets/) through our online platform, eticketing.co. With a user-friendly interface and exclusive deals, fans can effortlessly book Football World Cup 2026 Tickets for thrilling FIFA 2026 matches at discounted prices. Do not miss the chance to witness the world’s greatest FIFA World Cup 2026 event live.\nBuy FIFA World Cup Tickets| Football World Cup Final Tickets| USA FIFA World Cup Tickets\nA cluster within Oxford Economics, for the impression study. Visit Seattle said it strategies to apprise the forecast after teams and their individual host destinations are proclaimed following December. The forecast comprises more than $100 million in. Straight state and local tax revenue and forestalls 20,762 full- and part-time jobs. Will be strengthened during FIFA 2026, Visit Seattle supposed in a news announcement.\nThe Visit Seattle team and our resident partners functioned untiringly for five years. Before our city was nominated as a Football World Cup 2026 host destination in 2022. Kelly Saling, senior vice president and chief sales officer at Visit Seattle. Supposed in the release All of this was done with the empathetic that a .FIFA World Cup 2026 of this caliber will be an enormous financial driver for Seattle.\nFootball World Cup 2026 Tickets: Seattle’s Vision for Economic Impact\nDirect spending from these soccer admirers will lift our friendliness and service industries, while related tax revenues will bolster our communal, leaving a legacy that will undergo extended after the FIFA 2026 ends. April Putney, chief plan officer for Seattle Football World Cup 2026, the local establishing committee for FIFA World Cup 2026.\nAdded that We’re dedicated to dispersal the nearly billion-dollar financial improvement from FIFA 2026 to lift resident trades and workers. Our team is mainly absorbed on associating with neighborhood business development areas to provision small businesses in Pioneer Square. Chinatown-International District, and SODO. And Seattle is the foremost U.S. Host City to partner with local unions to assurance the Seattle Fan Celebration aids local workers.\nExcited to support your favourite team at the FIFA World Cup 2026? eticketing.co offers exclusive access to the [USA FIFA World Cup Tickets](https://www.eticketing.co/sports-tickets/fifa-world-cup-tickets/usa-fifa-world-cup-tickets/), allowing you to follow your team throughout the tournament. Our trusted platform connects you with the best deals on World Cup Tickets, ensuring you never miss a moment of the action.\nBuy FIFA World Cup Tickets| Football World Cup Final Tickets| USA FIFA World Cup Tickets\nThe scale of this financial advantage is unparalleled nearby and we’re eager that more small businesses, restaurants, entrepreneurs, neighborhoods will be talented to share in the prosperity. Hotels, venues, and soccer facilities crossways the Pacific Northwest will be applied for team base camps in Football World Cup 2026 and fan zone beginnings during the FIFA World Cup 2026 snowballing.\nFIFA 2026 Tickets: Seattle’s Financial Impact Exceeds $929 Million Prediction\nThe complete financial influence for the area external the early $929 million prediction for King County, the announcement supposed. Seattle was officially registered a FIFA 2026 host city. Local notables congregated with the establishing group to unfold the authorized logo atop the Space Needle. Familiar green and blue hues used for the Sounders, Seahawks and Mariners are the backdrop for the No. 26.\nExperience the excitement of the FIFA 2026 live by securing your spot today! Buy World Cup Tickets through our streamlined online platform, where you can easily [Buy World Cup Tickets](https://blog.eticketing.co/gabriela-cuevas-meets-with-jurgen-mainka-and-the-secretariat-of-culture-to-finalize-details-ahead-of-world-cup/) at unbeatable prices. Do not miss your chance to be part of the action Buy FIFA 2026 Tickets now and join fans from around the globe for the world’s most thrilling football event.\nThe digits loaded on apiece other and the Football World Cup 2026 golden trophy at the vanguard with the phrasing FIFA and Seattle below. Lively green and purple are also share of the marking, those being nods to the color of an unroasted coffee bean and purple to signify Seattle’s leadership in technology and novelty for FIFA World Cup 2026.\nThe worldwide FIFA 2026 will take place in summer and is the biggest form in FIFA history. Seattle is one of 16 cities across Canada, Mexico and the U.S. that will crowd a joint 104 matches featuring 48 nations, which is an upsurge from the 32 that contributed previous winter in Qatar. FIFA revealed the branding n Los Angeles. Soccer’s governing body allowable each city to add a separate touch to their spinoff. The Seattle Football World Cup 2026 team required ways to cabinet unity.\nFIFA World Cup Tickets: Peter Tomozawa Highlights Seattle’s Legacy\nIt’s really significant what we leave behindhand, said Peter Tomozawa, who’s CEO of Seattle FIFA WorldCup2026. The group was known as SEA 2026 throughout the city’s movement to bring the FIFA 2026 to Seattle. Our inheritance is going to be constructed upon what I call the three Cs. Tomozawa sustained, noticing the Space Needle is an artefact of the 1962 World’s Fair.\nWorld Cup Tickets | Football World Cup 2026 Tickets | FIFA World Cup Final Tickets\nSecure your spot at the World Cup Tickets! Buy your FIFA World Cup Semi-Final Tickets today from www.eticketing.co and experience the excitement live.\nCommunity, culture and children. It’s going to be a people-based legacy is what we’re eager for. What that looks like will be aid to find composed with our groups. To demonstrate Tomozawa’s goal, members of the Puyallup Tribe of Indians Tribal Council providing a land credit before the logo reveal.\nFootball enthusiasts around the globe are eagerly anticipating the chance to secure FIFA World Cup tickets. To experience the excitement firsthand, purchase your [FIFA World Cup Final Tickets](https://www.eticketing.co/sports-tickets/fifa-world-cup-tickets/fifa-world-cup-final-tickets/) through our online platform, e-ticketing. co. Do not miss the opportunity to be part of one of football’s most thrilling tournaments.\nAlso, part of the rite on the slender observations deck were OL Reign national team contenders Alana Cook and Jordyn Huitema who could play in the FIFA Women’s World Cup in Australia and New Zealand commercial leaders, Gov. Jay Inslee, Seattle Mayor Bruce Harrell and a host of U.S. men’s national team members from Sounders stars Jordan Morris and Cristian Roldan to legends Kasey Keller and Marcus Hahnemann.\nBeth Knox Seattle’s Preparation for World Cup Builds on MLB All-Star Game Experience\nIt’s actually thrilling to see it all pending to completion, said Morris, who was part of the USMNT roster with Roldan in Qatar. The swarm countries mechanically qualified for the Football World Cup 2026 tournament. There’s just a tinkle and an enthusiasm around the team, particularly coming off the previous World Cup heading into the following one and consuming it at home. It’s just extremely thrilling.\nBeth Knox, leader of the Seattle Sports Commission, supposed the city is going to lean on the preparation for the MLB All-Star Game in Seattle this July as substructure for the FIFA World Cup 2026, although the soccer tournament is a monthlong affair. FIFA’s west coast host cities San Francisco Bay Area, L.A., Vancouver and Guadalajara frequently encounter to share philosophies, too.\nWorld Cup Tickets | Football World Cup 2026 Tickets | FIFA World Cup Final Tickets\nSeattle FIFA 2026 following phase is advancement Lumen Field to be the place for the Football World Cup 2026 matches, counting the connection of usual grass. The group is also investigation space for training-field sites to be use by national teams.\nAlternative emphasis is the fan festival Seattle FIFA 2026 needs to grip along the novel waterfront downtown. Tomozawa was part of small group that tour to Qatar for the tournament and respect their new waterfront park that was also cast-off for the Fox network’s broadcast of the Football World Cup 2026 matches.\nFor fans eager to attend FIFA 2026 matches, a wide array of FIFA World Cup 2026 tickets is available at [eticketing.co](https://www.eticketing.co/). Our platform partners exclusively with reputable sellers on the secondary market, ensuring access to top-notch ticket listings from across the web. Explore our Football World Cup 2026 selection to find the best deals available today!",
    "highlightText": "",
    "highlightTitle": "",
    "highlightThreadTitle": "",
    "language": "english",
    "sentiment": "positive",
    "categories": [
        "Economy, Business and Finance",
        "Sport",
        "Human Interest"
    ],
    "ai_allow": true,
    "canonical": false,
    "webz_reporter": false,
    "external_links": [
        "https://www.eticketing.co/",
        "https://www.eticketing.co/sports-tickets/fifa-world-cup-tickets/",
        "https://blog.eticketing.co/gabriela-cuevas-meets-with-jurgen-mainka-and-the-secretariat-of-culture-to-finalize-details-ahead-of-world-cup/",
        "https://www.eticketing.co/sports-tickets/fifa-world-cup-tickets/fifa-world-cup-final-tickets/",
        "https://www.eticketing.co/sports-tickets/fifa-world-cup-tickets/usa-fifa-world-cup-tickets/",
        "https://www.eticketing.co/sports-tickets/fifa-world-cup-tickets/fifa-world-cup-final-tickets",
        "https://www.blog.eticketing.co/gabriela-cuevas-meets-with-jurgen-mainka-and-the-secretariat-of-culture-to-finalize-details-ahead-of-world-cup/",
        "https://eticketing.co/",
        "https://eticketing.co/sports-tickets/fifa-world-cup-tickets/usa-fifa-world-cup-tickets/",
        "https://eticketing.co/sports-tickets/fifa-world-cup-tickets/",
        "https://www.eticketing.co/sports-tickets/fifa-world-cup-tickets",
        "https://eticketing.co/sports-tickets/fifa-world-cup-tickets/fifa-world-cup-final-tickets/",
        "https://blog.eticketing.co/gabriela-cuevas-meets-with-jurgen-mainka-and-the-secretariat-of-culture-to-finalize-details-ahead-of-world-cup",
        "https://www.eticketing.co/sports-tickets/fifa-world-cup-tickets/usa-fifa-world-cup-tickets",
        "https://www.eticketing.co"
    ],
    "external_images": [],
    "entities": {
        "persons": [],
        "organizations": [],
        "locations": []
    },
    "syndication": {
        "syndicated": false,
        "syndicate_id": null,
        "first_syndicated": false
    },
    "rating": null,
    "crawled": "2024-12-17T13:31:48.445+02:00",
    "updated": "2024-12-17T13:31:48.445+02:00"
}