{
    "thread": {
        "uuid": "c579a29874df79c977e4e2f7f4d284ede93fe4c1",
        "url": "https://article.wn.com/view/2025/07/31/SEBI_Confirms_Ban_On_Gensol_Jaggi_Brothers_In_Fund_Diversion/",
        "site_full": "article.wn.com",
        "site": "wn.com",
        "site_section": "https://wn.com/markets",
        "site_categories": [
            "media"
        ],
        "section_title": "World News - Markets",
        "site_title": "World News",
        "title": "SEBI Confirms Ban On Gensol, Jaggi Brothers In Fund Diversion Case - Worldnews.com",
        "title_full": "SEBI Confirms Ban On Gensol, Jaggi Brothers In Fund Diversion Case - Worldnews.com",
        "published": "2025-07-31T03:00:00.000+03:00",
        "replies_count": 0,
        "participants_count": 0,
        "site_type": "news",
        "country": "US",
        "main_image": "",
        "performance_score": 0,
        "domain_rank": 3835,
        "domain_rank_updated": "2025-06-03T00:00:00.000+03:00",
        "licensing_agency": [],
        "social": {
            "facebook": {
                "likes": 0,
                "comments": 0,
                "shares": 0
            },
            "vk": {
                "shares": 0
            }
        }
    },
    "uuid": "c579a29874df79c977e4e2f7f4d284ede93fe4c1",
    "url": "https://article.wn.com/view/2025/07/31/SEBI_Confirms_Ban_On_Gensol_Jaggi_Brothers_In_Fund_Diversion/",
    "ord_in_thread": 0,
    "author": null,
    "published": "2025-07-31T03:00:00.000+03:00",
    "title": "SEBI Confirms Ban On Gensol, Jaggi Brothers In Fund Diversion Case - Worldnews.com",
    "text": "Additionally, the regulator said Jaggi brothers, also co-founders of EV ride-hailing firm BluSmart Mobikity, would continue to be debarred from holding the position of a director or key managerial... read full story",
    "highlightText": "",
    "highlightTitle": "",
    "highlightThreadTitle": "",
    "language": "english",
    "sentiment": "negative",
    "categories": [
        "Economy, Business and Finance",
        "Crime, Law and Justice"
    ],
    "topics": [
        "Economy, Business and Finance->corporate governance and csr",
        "Economy, Business and Finance->business governance",
        "Economy, Business and Finance->financial and economic news",
        "Crime, Law and Justice->fraud",
        "Crime, Law and Justice->investigation (criminal)",
        "Crime, Law and Justice->corporate crime"
    ],
    "ai_allow": true,
    "has_canonical": false,
    "breaking": null,
    "webz_reporter": false,
    "external_links": [
        "https://www.ndtvprofit.com/markets/sebi-confirms-ban-on-gensol-jaggi-brothers-in-fund-diversion-case",
        "https://ndtvprofit.com/markets/sebi-confirms-ban-on-gensol-jaggi-brothers-in-fund-diversion-case"
    ],
    "external_images": [],
    "internal_images": [],
    "entities": {
        "persons": [
            {
                "name": "Jaggi",
                "sentiment": "negative"
            }
        ],
        "locations": [],
        "organizations": [
            {
                "name": "SEBI",
                "sentiment": "negative",
                "tickers": [
                    {
                        "ticker": null,
                        "exchange": null
                    }
                ]
            }
        ]
    },
    "syndication": {
        "syndicated": false,
        "syndicate_id": null,
        "first_syndicated": false
    },
    "trust": {
        "categories": [
            "trusted_news"
        ],
        "top_news": [],
        "bias": "center",
        "source": {
            "type": null,
            "city": null,
            "state": null,
            "country": null,
            "domain_type": null,
            "agency": null,
            "organization_name": null
        }
    },
    "rating": null,
    "crawled": "2025-07-31T08:03:00.153+03:00",
    "updated": "2025-07-31T08:09:12.000+03:00"
}