{
    "thread": {
        "uuid": "97b562c45283d10d3dddc766609168ff0850a6eb",
        "url": "https://independent.ng/house-committee-report-insurance-stakeholders-fight-back",
        "site_full": "independent.ng",
        "site": "independent.ng",
        "site_section": "https://www.independent.ng",
        "site_categories": [
            "media"
        ],
        "section_title": "Independent Newspaper Nigeria &#8211; Breaking News from Nigeria and the World",
        "site_title": "Independent Newspaper Nigeria – Breaking News from Nigeria and the World",
        "title": "House Committee Report: Insurance Stakeholders Fight Back",
        "title_full": "House Committee Report: Insurance Stakeholders Fight Back",
        "published": "2025-07-31T03:38:00.000+03:00",
        "replies_count": 0,
        "participants_count": 1,
        "site_type": "news",
        "country": "NG",
        "main_image": "",
        "performance_score": 0,
        "domain_rank": 45701,
        "domain_rank_updated": "2025-06-03T00:00:00.000+03:00",
        "licensing_agency": [],
        "social": {
            "facebook": {
                "likes": 0,
                "comments": 0,
                "shares": 0
            },
            "vk": {
                "shares": 0
            }
        }
    },
    "uuid": "97b562c45283d10d3dddc766609168ff0850a6eb",
    "url": "https://independent.ng/house-committee-report-insurance-stakeholders-fight-back",
    "ord_in_thread": 0,
    "author": "Chris Ebong",
    "published": "2025-07-31T03:38:00.000+03:00",
    "title": "House Committee Report: Insurance Stakeholders Fight Back",
    "text": "In its bid to set the record straight on the investigation by the House Committee on Capital Market and Financial Institutions’ probe of the quoted insurance companies, the Nigerian Insurers Association (NIA), an umbrella body of all licensed insurance firms in Nigeria has decried the outcome of the probe political, sensing a blow on the already battered image of the sector.\nIn its recent statement signed by Mrs Bola Odukale, the Director General, NIA expressed disappointment on what it described as insensitive posture of the Committee, noting that the pronouncements were based entirely on legal advice by its Solicitors, thus the recourse was made to the courts.\nThe statement reads in part: “The Nigerian Insurers Association (NIA), representing licensed insurance and reinsurance companies in Nigeria, has taken due notice of the recent press statement issued by the House of Representatives Committee on Capital Market and Institutions concerning ongoing investigations into certain member companies over alleged financial infractions. The matters raised by the Committee centre on financial reporting, claims settlement, premium remittance, and issuance of policies.”\n“The Association wishes to state unequivocally that all actions taken by the NIA and the affected member companies in response to the Committee’s invitations and pronouncements were based entirely on legal advice by its Solicitors. It was on the firm instruction of legal counsel that recourse was made to the courts.\nThe objective of approaching the Court is to seek judicial guidance on the legality, propriety, and constitutional limits of the Committee’s intervention in order to safeguard institutional integrity, uphold regulatory independence, and ensure that b legislative oversight remains within the bounds of law.\nThe Court action seeks to determine whether the current posture of the Committee reflects an exercise of legislative judgment, which, by constitutional design, is the exclusive province of statutory regulators, such as the National Insurance Commission (NAICOM), Securities and Exchange Commission (SEC), Nigerian Exchange (NGX), Financial Reporting Council (FRC), Nigeria Data Protection Commission (NDPC), and the National Information Technology Development Agency (NITDA).\nThis raises serious questions about legislative overreach and an erosion of the doctrine of separation of powers, a cornerstone of Nigeria’s constitutional democracy.” The NIA noted.\nThe Association reiterated its commitment to lawful and constructive engagement with all arms of government, provided that such engagement respects the autonomy of statutory regulators and the boundaries established by the Constitution pledging its full support to all member companies while upholding the principles of legal compliance and sector-wide integrity.\nCorroborating NIA’s position, stakeholders are of the view that the scenario is capable of derailing the Nigeria’s Insurance Reforms noting that the recent statement from the Nigerian Insurers Association (NIA), issued in response to the ongoing investigation by the House Committee on Capital Market and Institutions, is both a defense and a cry for fairness.\nThey warned that beyond the back-and-forth between the legislature and the insurers, there’s a deeper issue at stake – public trust in the insurance industry, which is already fragile and underdeveloped noting……\n“Nigeria’s insurance penetration currently sits below 1% alarmingly low for a country of over 200 million people. It’s an industry that has long struggled with perception issues: a general mistrust of insurers, lack of awareness, and the age-old belief that insurance doesn’t pay”.\nAgainst this backdrop, the current narrative of alleged financial infractions, public accusations, and an increasingly politicised oversight process only worsens public sentiment.\nFor a sector that is fighting tooth and nail to earn the trust of Nigerians through awareness campaigns, digital innovations, regulatory reforms, and heavy investments in public education, this sort of controversy is a step backward.”\nFor them, “regardless of the merit of the investigation, the optics alone is damaging stressing that public perception doesn’t wait for judicial resolution or regulatory clarification. It reacts to headlines, soundbites, and insinuations.”\n“This is not just a PR issue, it’s an economic one. The insurance sector is a critical enabler of economic growth, providing risk protection for businesses, individuals, and institutions. A thriving insurance industry means resilience for small businesses, deeper financial inclusion, and confidence for investors.\nThe stakeholders observed that “when an entire industry is publicly questioned, without clear, transparent, and evidence-based communication, the ripple effects are far-reaching – undermining investor confidence, discouraging policyholders, and weakening an already small market.”\nMoreover, the NIA’s point about publicly listed companies being singled out, while unlisted entities are not held to the same scrutiny, raises legitimate questions about fairness and consistency. These listed companies already operate under the watchful eyes of regulators, shareholders, and the Nigerian Exchange. Dragging them into public controversies based on consultant reports not shared transparently could send a troubling signal: that openness and compliance are liabilities in Nigeria, not strengths.\nThis is not to suggest that regulatory scrutiny is unwelcome, far from it. But oversight must be fair, well-informed, and constructive. The insurance sector must be regulated by those equipped to understand its complexities – namely, the statutory bodies like NAICOM, SEC, FRC. Overlapping and politicised investigations may play well for optics, but they disrupt operations, demoralise professionals, and ultimately slow down the journey toward a more inclusive and trusted insurance ecosystem.”\nNigeria has set its sights on becoming a $1 trillion economy by 2030, and insurance is one of the levers to get there. Now is the time to rally support for the industry, not stoke distrust around it.” It was stated.",
    "highlightText": "",
    "highlightTitle": "",
    "highlightThreadTitle": "",
    "language": "english",
    "sentiment": "negative",
    "categories": [
        "Economy, Business and Finance",
        "Politics",
        "Social Issue"
    ],
    "topics": [
        "Economy, Business and Finance->business governance",
        "Economy, Business and Finance->business reporting and performance",
        "Economy, Business and Finance->financial and economic news",
        "Politics->government policy",
        "Politics->political process",
        "Social Issue->social services",
        "Social Issue->demographics",
        "Social Issue->social problem"
    ],
    "ai_allow": true,
    "has_canonical": false,
    "breaking": null,
    "webz_reporter": false,
    "external_links": [],
    "external_images": [],
    "internal_images": [],
    "entities": {
        "persons": [],
        "locations": [],
        "organizations": [
            {
                "name": "House Committee on Capital Market",
                "sentiment": "negative",
                "tickers": []
            },
            {
                "name": "House of Representatives Committee",
                "sentiment": "none",
                "tickers": []
            }
        ]
    },
    "syndication": {
        "syndicated": false,
        "syndicate_id": null,
        "first_syndicated": false
    },
    "trust": {
        "categories": [],
        "top_news": [],
        "bias": null,
        "source": {
            "type": null,
            "city": null,
            "state": null,
            "country": null,
            "domain_type": null,
            "agency": null,
            "organization_name": null
        }
    },
    "rating": null,
    "crawled": "2025-07-31T09:00:32.838+03:00",
    "updated": "2025-07-31T09:03:02.000+03:00"
}