{
    "thread": {
        "uuid": "879a57aaa6d2d75bf236902952fc4d8d87610ac6",
        "url": "https://www.newsbreak.com/wcnc-524551/4147219690243-family-files-200m-claim-against-us-army-faa-over-deadly-washington-dc-midair-collision",
        "site_full": "www.newsbreak.com",
        "site": "newsbreak.com",
        "site_section": "https://local.newsbreak.com/wcnc-524551",
        "site_categories": [
            "under_construction"
        ],
        "section_title": "WCNC&#x27;s Home Page | NewsBreak",
        "site_title": "NewsBreak: Local News &amp; Alerts",
        "title": "Family files $200M claim against US Army, FAA over deadly Washington DC midair collision - NewsBreak",
        "title_full": "Family files $200M claim against US Army, FAA over deadly Washington DC midair collision - NewsBreak",
        "published": "2025-07-31T04:57:00.000+03:00",
        "replies_count": 0,
        "participants_count": 1,
        "site_type": "news",
        "country": "US",
        "main_image": "https://img.particlenews.com/img/id/3BKeiO_13Kq2eC700",
        "performance_score": 0,
        "domain_rank": 3213,
        "domain_rank_updated": "2025-06-03T00:00:00.000+03:00",
        "licensing_agency": [],
        "social": {
            "facebook": {
                "likes": 0,
                "comments": 0,
                "shares": 0
            },
            "vk": {
                "shares": 0
            }
        }
    },
    "uuid": "879a57aaa6d2d75bf236902952fc4d8d87610ac6",
    "url": "https://www.newsbreak.com/wcnc-524551/4147219690243-family-files-200m-claim-against-us-army-faa-over-deadly-washington-dc-midair-collision",
    "ord_in_thread": 0,
    "author": "WCNC",
    "published": "2025-07-31T04:57:00.000+03:00",
    "title": "Family files $200M claim against US Army, FAA over deadly Washington DC midair collision - NewsBreak",
    "text": "Family files $200M claim against US Army, FAA over deadly Washington DC midair collision - NewsBreak",
    "highlightText": "",
    "highlightTitle": "",
    "highlightThreadTitle": "",
    "language": "english",
    "sentiment": "negative",
    "categories": [
        "Crime, Law and Justice",
        "Economy, Business and Finance"
    ],
    "topics": [
        "Crime, Law and Justice->law",
        "Crime, Law and Justice->court",
        "Crime, Law and Justice->homicide",
        "Economy, Business and Finance->business governance",
        "Economy, Business and Finance->financial and economic news"
    ],
    "ai_allow": true,
    "has_canonical": false,
    "breaking": null,
    "webz_reporter": false,
    "external_links": [],
    "external_images": [],
    "internal_images": [],
    "entities": {
        "persons": [],
        "locations": [],
        "organizations": [
            {
                "name": "FAA",
                "sentiment": "neutral",
                "tickers": [
                    {
                        "ticker": null,
                        "exchange": null
                    }
                ]
            },
            {
                "name": "US Army",
                "sentiment": "neutral",
                "tickers": [
                    {
                        "ticker": null,
                        "exchange": null
                    }
                ]
            }
        ]
    },
    "syndication": {
        "syndicated": false,
        "syndicate_id": null,
        "first_syndicated": false
    },
    "trust": {
        "categories": [
            "fake_news"
        ],
        "top_news": [],
        "bias": "center",
        "source": {
            "type": null,
            "city": null,
            "state": null,
            "country": null,
            "domain_type": null,
            "agency": null,
            "organization_name": null
        }
    },
    "rating": null,
    "crawled": "2025-07-31T08:50:20.745+03:00",
    "updated": "2025-07-31T08:54:38.000+03:00"
}