{
    "thread": {
        "uuid": "7d827129f9e32a6f39e03753953c97b2b13f97ae",
        "url": "https://www.ainvest.com/news/bitcoin-news-today-bitcoin-drops-116-000-macroeconomic-pressures-bearish-momentum-signals-2507/",
        "site_full": "www.ainvest.com",
        "site": "ainvest.com",
        "site_section": "http://www.ainvest.com",
        "site_categories": [],
        "section_title": "AInvest: AI Stock Analysis, Quotes &amp; News - Get Free Tools Now!",
        "site_title": "AInvest: AI Stock Analysis, Quotes &amp; News - Get Free Tools Now!",
        "title": "Bitcoin News Today: Bitcoin drops below $116,000 amid macroeconomic pressures and bearish momentum signals",
        "title_full": "Bitcoin News Today: Bitcoin drops below $116,000 amid macroeconomic pressures and bearish momentum signals",
        "published": "2025-07-31T07:06:00.000+03:00",
        "replies_count": 0,
        "participants_count": 1,
        "site_type": "news",
        "country": "US",
        "main_image": "https://www.ainvest.com/wencai-ssr/og-image-news-20240226.png",
        "performance_score": 0,
        "domain_rank": 102818,
        "domain_rank_updated": "2025-06-03T00:00:00.000+03:00",
        "licensing_agency": [],
        "social": {
            "facebook": {
                "likes": 0,
                "comments": 0,
                "shares": 0
            },
            "vk": {
                "shares": 0
            }
        }
    },
    "uuid": "7d827129f9e32a6f39e03753953c97b2b13f97ae",
    "url": "https://www.ainvest.com/news/bitcoin-news-today-bitcoin-drops-116-000-macroeconomic-pressures-bearish-momentum-signals-2507/",
    "ord_in_thread": 0,
    "author": "Coin World",
    "published": "2025-07-31T07:06:00.000+03:00",
    "title": "Bitcoin News Today: Bitcoin drops below $116,000 amid macroeconomic pressures and bearish momentum signals",
    "text": "Bitcoin News Today: Bitcoin drops below $116,000 amid macroeconomic pressures and bearish momentum signals\nBitcoin experienced a sharp intraday correction on July 28, 2025, dipping below the $116,000 level—the largest hourly pullback in two weeks—raising concerns about a potential further decline toward the $114,000 support zone. The move was driven by macroeconomic uncertainties and shifting sentiment in the broader market, with institutional activity, including significant BTC transfers by Galaxy Digital, amplifying the volatility. The pullback underscores the growing sensitivity of crypto markets to central bank policies and macroeconomic signals, particularly from the Federal Reserve [1].\nThe correction followed a period of strong momentum for Bitcoin, which had previously traded near multi-month highs. The sudden shift in sentiment prompted investors to take profits and reassess risk exposure. The bearish trend extended beyond Bitcoin, with altcoins such as Ethereum and Solana also experiencing declines of 1.74% and 1.90%, respectively [2]. This broad-based selloff reflects deepening caution among market participants, particularly as key technical indicators show weakening bullish momentum. The Relative Strength Index (RSI) and Moving Average Convergence Divergence (MACD) suggest that the market remains in a bearish phase, with limited conviction among speculative traders [2].\nMarket participants are closely watching the upcoming U.S. interest rate decision and broader economic developments, as these events could influence the trajectory of Bitcoin and other digital assets. Jerome Powell, Chair of the Federal Reserve, highlighted the ongoing impact of tariff inflation, though no immediate rate changes were signaled [1]. These policy signals continue to shape investor behavior across asset classes, with cryptocurrencies often reacting more acutely to macroeconomic shifts. A sustained decline below $114,000 could lead to further pressure, testing the resilience of Bitcoin and complicating near-term recovery prospects.\nDespite the bearish near-term outlook, some analysts note historical patterns where sharp corrections have been followed by rebounds as market conditions stabilize. However, current data, including falling futures open interest and declining funding rates, indicate that speculative positioning remains weak [2]. As the market digests the latest macroeconomic developments, the coming days will be critical in determining whether Bitcoin can stabilize or if the downward trend gains further momentum.\nSource: [1] Modern Finance Online (https://www.modernfinanceonline.com)\n[2] Crypto (https://cryptonews.net/news/analytics/31349163/)\nComments\nNo comments yet",
    "highlightText": "",
    "highlightTitle": "",
    "highlightThreadTitle": "",
    "language": "english",
    "sentiment": "negative",
    "categories": [
        "Economy, Business and Finance",
        "Social Issue",
        "Science and Technology"
    ],
    "topics": [
        "Economy, Business and Finance->macro economics",
        "Economy, Business and Finance->financial and economic news",
        "Social Issue->social condition",
        "Social Issue->population and census",
        "Science and Technology->technology and engineering",
        "Science and Technology->economics",
        "Science and Technology->information technology and computer science"
    ],
    "ai_allow": true,
    "has_canonical": false,
    "breaking": null,
    "webz_reporter": false,
    "external_links": [],
    "external_images": [],
    "internal_images": [],
    "entities": {
        "persons": [
            {
                "name": "Solana",
                "sentiment": "none"
            }
        ],
        "locations": [],
        "organizations": [
            {
                "name": "Federal Reserve",
                "sentiment": "none",
                "tickers": [
                    {
                        "ticker": null,
                        "exchange": null
                    }
                ]
            }
        ]
    },
    "syndication": {
        "syndicated": false,
        "syndicate_id": null,
        "first_syndicated": false
    },
    "trust": {
        "categories": [],
        "top_news": [],
        "bias": null,
        "source": {
            "type": null,
            "city": null,
            "state": null,
            "country": null,
            "domain_type": null,
            "agency": null,
            "organization_name": null
        }
    },
    "rating": null,
    "crawled": "2025-07-31T08:11:14.923+03:00",
    "updated": "2025-07-31T08:13:45.000+03:00"
}