{
    "thread": {
        "uuid": "282e2408089ed8ec35f6caa4f1a9193df7e5806f",
        "url": "https://finbold.com/dogecoin-price-momentum-slows-as-propichains-real-estate-and-ai-edge-could-lead-to-50000-gains",
        "site_full": "finbold.com",
        "site": "finbold.com",
        "site_section": "https://finbold.com/feed/",
        "site_categories": [
            "financial_news",
            "finance"
        ],
        "section_title": "",
        "title": "Dogecoin Price Momentum Slows, as PropiChain’s Real Estate and AI Edge Could Lead To 50,000% Gains",
        "title_full": "Dogecoin Price Momentum Slows, as PropiChain’s Real Estate and AI Edge Could Lead To 50,000% Gains",
        "published": "2024-12-20T02:00:00.000+02:00",
        "replies_count": 0,
        "participants_count": 1,
        "site_type": "news",
        "country": "US",
        "main_image": "https://assets.finbold.com/uploads/2024/12/lead-1.jpg",
        "performance_score": 0,
        "domain_rank": 14914,
        "domain_rank_updated": "2024-12-16T23:00:00.000+02:00",
        "social": {
            "facebook": {
                "likes": 0,
                "comments": 0,
                "shares": 0
            },
            "vk": {
                "shares": 0
            }
        }
    },
    "uuid": "282e2408089ed8ec35f6caa4f1a9193df7e5806f",
    "url": "https://finbold.com/dogecoin-price-momentum-slows-as-propichains-real-estate-and-ai-edge-could-lead-to-50000-gains",
    "ord_in_thread": 0,
    "parent_url": null,
    "author": "ggz marketing",
    "published": "2024-12-20T02:00:00.000+02:00",
    "title": "Dogecoin Price Momentum Slows, as PropiChain’s Real Estate and AI Edge Could Lead To 50,000% Gains",
    "text": "The Dogecoin price recently experienced downward pressure after enjoying periods of strong, community-driven growth. Despite its enduring appeal as a “fun” digital asset, its hype-based growth has caused investors to question its long-term viability.\nAs the Dogecoin price struggles to regain its upward trajectory, attention is shifting toward an emerging project, PropiChain (PCHAIN), that combines real-world applications and cutting-edge technologies to deliver significant value and growth potential.\nPropiChain uses artificial intelligence (AI) and blockchain technology to revolutionize the real estate sector. By enabling seamless property transactions, improving transparency, and unlocking liquidity in the multi-trillion-dollar real estate market, PCHAIN is attracting significant interest from traditional and crypto investors.\nWith its ambitious roadmap and innovative features, leading industry experts project that PCHAIN is poised to yield up to 50,000% gains for early investors. As the Dogecoin price momentum cools, PCHAIN’s real estate and AI-driven edge presents a compelling opportunity for investors seeking substantial returns in the crypto space.\nThe Dogecoin Price Stalled Momentum\nThe Dogecoin price has struggled to maintain upward momentum. Over the past few months, the memecoin’s price has experienced significant volatility, impacting its upward movement. The Dogecoin price reliance on social media hype and celebrity influence has been both its strength and weakness.\nDOGE faces challenges in maintaining long-term investor confidence without strong underlying fundamentals or utility. Analysts suggest that for the Dogecoin price to regain momentum, it would need a more defined use case and greater adoption beyond its role as an internet tipping currency.\nWhile it remains a cultural phenomenon, the market appears to be shifting its focus toward crypto assets such as PCHAIN with real-world applications.\nPropiChain: Where Real Estate Meets Blockchain and AI\nIn stark contrast to the Dogecoin price that relies on market hype, PropiChain’s value is tied to the $600 trillion real estate industry. PropiChain is a blockchain platform that uses AI, RWA tokenization technology, smart contracts, and the Metaverse to revolutionize global property investment, management, and ownership.\nCombining blockchain and AI gives PCHAIN a distinct advantage in the crypto market. By addressing real-world problems, such as inefficiencies in the real estate sector, PropiChain offers a tangible use case that resonates with both retail and institutional investors.\nThis unique proposition sets it apart from the Dogecoin price, which is often susceptible to market volatility.\nPCHAIN’s Pathway to 50,000% Gains as Dogecoin Price Stalls\nThe ambitious 50,000% growth for PCHAIN is not unfounded. Blockchain projects that successfully disrupt traditional industries have historically achieved extraordinary gains.\nFor example, early adopters of Bitcoin and Ethereum saw their investments multiply thousands of times as these projects addressed key pain points in finance and decentralized computing.\nPCHAIN’s real estate focus taps into an industry that is massive and ripe for disruption. According to a recent report by Statista, the global real estate market is valued at over $600 trillion. With PCHAIN poised to capture just 1% of this market, its growth potential is virtually limitless.\nCombined with AI-powered insights, the platform is well-positioned to attract investors seeking innovation and security. While the current market sentiment may not favor the Dogecoin price, it surely favors utility-driven projects.\nInvestors increasingly prioritize projects offering real-world value over speculative assets as the cryptocurrency industry matures. PCHAIN’s ability to deliver transparency, liquidity, and accessibility in the real estate sector gives it a compelling edge, potentially driving significant demand for its tokens.\nPropiChain Redefining the Future of Global Real Estate\nPropiChain is reshaping the global real estate market, valued at over $600 trillion, using cutting-edge technologies like artificial intelligence (AI), the Metaverse, Real World Asset (RWA) tokenization, and smart contracts.\nThese innovations create a democratized, cost-efficient, and inclusive real estate investment experience for investors worldwide. At the forefront of PCHAIN’s features are AI-powered virtual assistants and chatbots that deliver 24/7 support to real estate investors.\nThe AI-powered predictive market analysis also offers investors insights into future market trends. analysis. This gives investors a competitive edge, enabling them to identify and capitalize on profitable opportunities confidently.\nThe integration of the Metaverse further sets PCHAIN apart, redefining how real estate is explored and transacted. Through immersive 3D technology, investors and buyers can virtually scout/tour properties from anywhere in the world. This eliminates geographical barriers, allowing users to tour properties without leaving their homes.\nAdditionally, the Metaverse is a secure global marketplace where buyers and sellers can interact and complete real estate transactions efficiently across borders. PropiChain’s use of RWA tokenization marks another revolutionary step in bridging real estate and blockchain technology.\nThe platform enables fractional ownership by converting real estate properties into blockchain-based digital tokens. This innovative approach allows investors with limited capital to own portions of high-value real estate assets, democratizing access to lucrative opportunities once reserved for elite investors.\nLastly, PCHAIN harnesses the power of smart contracts to automate essential property management tasks. Lease agreements, renewals, and routine transactions are executed seamlessly without intermediaries like agents or brokers.\nThis automation significantly reduces transaction fees, minimizes delays, and increases transparency, ensuring a smoother experience for property owners, tenants, and investors.\nConclusion\nWhile the Dogecoin price momentum continues to slow, innovative projects like PropiChain emerge as frontrunners in the next phase of crypto evolution. The projected 50,000% gains mean your $1000 investment in the ongoing second presale round priced at $0.011 will yield $499,000 in profit.\nThe project already raised over $1.3 million in the first presale round, a sign of investor confidence in its prospects. Join the presale now to enjoy a potentially life-changing opportunity. After the current presale round, the token price will increase to 0.023 (over 109% rise) for the final presale round.\nJoin now to enjoy the low token cost and high-profit margin. PCHAIN is listed on CoinMarketCap, a feat that signals great things to come for the project. BlockAudit has thoroughly audited the project’s smart contract and found no vulnerability.\nFor more information about PropiChain presale:\nWebsite: https://propichain.finance/\nJoin Community: https://linktr.ee/propichain",
    "highlightText": "",
    "highlightTitle": "",
    "highlightThreadTitle": "",
    "language": "english",
    "sentiment": "negative",
    "categories": [
        "Economy, Business and Finance"
    ],
    "topics": [
        "Economy, Business and Finance->investment and opinion pieces",
        "Economy, Business and Finance->business strategy and marketing",
        "Economy, Business and Finance->financial and economic news"
    ],
    "ai_allow": true,
    "has_canonical": false,
    "webz_reporter": false,
    "external_links": [],
    "external_images": [],
    "entities": {
        "persons": [],
        "organizations": [],
        "locations": []
    },
    "syndication": {
        "syndicated": false,
        "syndicate_id": "282e2408089ed8ec35f6caa4f1a9193df7e5806f",
        "first_syndicated": true
    },
    "rating": null,
    "crawled": "2024-12-20T02:45:47.856+02:00",
    "updated": "2024-12-20T02:45:47.856+02:00"
}