{
    "thread": {
        "uuid": "ccae906f2fb9e3f08aefd8f7415229af7329b326",
        "url": "https://ca.investing.com/news/assorted/us-steel-guides-q4-eps-below-consensus-432SI-3762474",
        "site_full": "ca.investing.com",
        "site": "investing.com",
        "site_section": "https://ca.investing.com/news/assorted",
        "site_categories": [
            "investing",
            "financial_news",
            "finance"
        ],
        "section_title": "Assorted news",
        "title": "U.S. Steel guides Q4 EPS below consensus By Investing.com",
        "title_full": "U.S. Steel guides Q4 EPS below consensus By Investing.com",
        "published": "2024-12-19T23:26:00.000+02:00",
        "replies_count": 0,
        "participants_count": 1,
        "site_type": "news",
        "country": "CA",
        "main_image": "https://i-invdn-com.investing.com/redesign/images/seo/investing_300X300.png",
        "performance_score": 0,
        "domain_rank": 1187,
        "domain_rank_updated": "2024-12-16T23:00:00.000+02:00",
        "social": {
            "facebook": {
                "likes": 0,
                "comments": 0,
                "shares": 0
            },
            "vk": {
                "shares": 0
            }
        }
    },
    "uuid": "ccae906f2fb9e3f08aefd8f7415229af7329b326",
    "url": "https://ca.investing.com/news/assorted/us-steel-guides-q4-eps-below-consensus-432SI-3762474",
    "ord_in_thread": 0,
    "parent_url": null,
    "author": "Louis Juricic",
    "published": "2024-12-19T23:26:00.000+02:00",
    "title": "U.S. Steel guides Q4 EPS below consensus By Investing.com",
    "text": "(Updated - December 19, 2024 4:21 PM EST) United States Steel Corporation (NYSE: X ) today provided fourth quarter 2024 adjusted net earnings per diluted share guidance of ($0.29) to ($0.25). Fourth quarter 2024 adjusted EBITDA is expected to be approximately $150 million.\n(Consensus sees fourth quarter EPS of $0.24 and fourth quarter EBITDA of $261.7 million)\n“The fourth quarter marked a critical milestone towards our Best for All® future, as the team completed execution on over $4 billion of growth capital investments with first coil achieved at Big River 2 (BR2) on October 31, 2024 and shipments to customers beginning in December. Aligned with our commercial strategy, we look forward to further strengthening our resilient earnings with increasing free cash flow,” commented U. S. Steel President and Chief Executive Officer David B. Burritt.\nBurritt continued, “Adjusted EBITDA guidance of $150 million is below our prior fourth quarter outlook. Steel prices remained depressed and BR2 ramp-related costs exert pressure on the quarter, while the Big River team works towards increasing prime ton production in our new mill. Despite the challenging pricing environment across all segments, the North American Flat-Rolled segment continues to deliver strong EBITDA primarily through its robust commercial strategy and a diverse product mix. In Europe, the demand and pricing environment remains weak. To meet production volume requirements after unplanned downtime from a fire at the #1 Caster, we are temporarily operating three blast furnaces beginning December 7, but expect to return to two blast furnaces by January. The Tubular segment continues to face pressure from a weak pricing environment.”\nFourth Quarter Adjusted EBITDA Commentary\nThe Flat-Rolled segment’s adjusted EBITDA is expected to be lower than the third quarter due to lower selling prices and volumes, and increased outage and maintenance activity. Despite the weak demand environment, NAFR's diverse commercial portfolio continues to provide resilience, as the team maintains a strong focus on operations and cost management.\nThe Mini Mill segment’s adjusted EBITDA is expected to be lower than the third quarter due to lower volumes. For the fourth quarter, we expect approximately $30 million in related start-up and one-time construction costs, and $20 million in ramp-related impact from BR2. These costs are included in our fourth quarter Adjusted EBITDA guidance for the Mini Mill segment. We look to steadily ramp to full capacity in 2025.\nThe European segment’s adjusted EBITDA is expected to be lower than the third quarter, largely due to the unfavorable impact of weak demand, resulting in lower volumes, average selling prices, and volume inefficiencies. The third quarter included a favorable adjustment related to the reserve for CO2 emissions, which is not expected in the fourth quarter.\nThe Tubular segment’s adjusted EBITDA is expected to be higher than the third quarter, primarily due to increased volume and lower costs due to the absence of outage activity.\nUNITED STATES STEEL CORPORATION\nNON-GAAP FINANCIAL MEASURES\nRECONCILIATION OF ADJUSTED EBITDA GUIDANCE\n(Dollars in millions)\nReconciliation to Projected Adjusted EBITDA Included in Guidance\nQ4 2024\nProjected net earnings attributable to United States Steel Corporation included in guidance\n$\n(115)\nEstimated income tax provision\n(30)\nEstimated net interest and other financial costs (income)\n(25)\nEstimated depreciation, depletion, and amortization\n250\nProjected EBITDA included in guidance\n$\n80\nEstimated adjustments\n70\nProjected adjusted EBITDA included in guidance\n$\n150\nUNITED STATES STEEL CORPORATION\nNON-GAAP FINANCIAL MEASURES\nRECONCILIATION OF ADJUSTED NET EARNINGS GUIDANCE\n(Dollars in millions, except per share amounts)\nReconciliation to Projected Adjusted Net Earnings Attributable to U. S. Steel Included in Guidance\nQ4 2024\nProjected net earnings attributable to United States Steel Corporation included in guidance\n$\n(115)\nEstimated adjustments\n55\nProjected adjusted net earnings attributable to United States Steel Corporation included in guidance\n$\n(60)\nReconciliation to Projected Adjusted Net Earnings Per Diluted Share Included in Guidance\nQ4 2024\nProjected net earnings per diluted share included in guidance (mid-point of guidance)\n$\n(0.51)\nEstimated adjustments\n0.24\nProjected adjusted net earnings per diluted share included in guidance (mid-point of guidance)\n$\n(0.27)\nNote: This reconciliation excludes the impact of the Company’s quarterly adjustment related to the surplus VEBA assets and certain transaction-related costs. See Note 18 in the Company’s Annual Report on Form 10-K for the year ended December 31, 2023, for an explanation of the surplus VEBA assets. The excluded items are not expected to impact adjusted EBITDA.",
    "highlightText": "",
    "highlightTitle": "",
    "highlightThreadTitle": "",
    "language": "english",
    "sentiment": "negative",
    "categories": [
        "Economy, Business and Finance",
        "Social Issue",
        "Politics"
    ],
    "topics": [
        "Economy, Business and Finance->financial and economic news",
        "Economy, Business and Finance->business reporting and performance",
        "Politics->economic policy"
    ],
    "ai_allow": true,
    "has_canonical": false,
    "webz_reporter": false,
    "external_links": [],
    "external_images": [],
    "entities": {
        "persons": [],
        "organizations": [],
        "locations": []
    },
    "syndication": {
        "syndicated": false,
        "syndicate_id": null,
        "first_syndicated": false
    },
    "rating": null,
    "crawled": "2024-12-20T00:22:09.936+02:00",
    "updated": "2024-12-20T00:22:09.936+02:00"
}