{
    "thread": {
        "uuid": "5c94db763533b88f4469419ff77a5a67ad707e07",
        "url": "https://www.dailyliberal.com.au/story/8852350/massive-number-of-holden-and-hsv-cars-being-stolen-using-cheap-ebay-tool/?cs=34616",
        "site_full": "www.dailyliberal.com.au",
        "site": "dailyliberal.com.au",
        "site_section": "https://www.westernmagazine.com.au",
        "site_categories": [
            "media"
        ],
        "section_title": "Dubbo news, sport and weather | Daily Liberal | Dubbo, NSW",
        "title": "Massive number of Holden and HSV cars being stolen using cheap eBay tool",
        "title_full": "Massive number of Holden and HSV cars being stolen using cheap eBay tool",
        "published": "2024-12-19T14:20:00.000+02:00",
        "replies_count": 0,
        "participants_count": 1,
        "site_type": "news",
        "country": "AU",
        "main_image": "https://www.dailyliberal.com.au/images/transform/v1/crop/frm/silverstone-feed-data/adf50855-92f2-40c3-8fa6-f4601c1e1806.jpg/r0_44_800_464_w1200_h630_fmax.jpg",
        "performance_score": 0,
        "domain_rank": 57435,
        "domain_rank_updated": "2024-12-16T23:00:00.000+02:00",
        "social": {
            "facebook": {
                "likes": 0,
                "comments": 0,
                "shares": 0
            },
            "vk": {
                "shares": 0
            }
        }
    },
    "uuid": "5c94db763533b88f4469419ff77a5a67ad707e07",
    "url": "https://www.dailyliberal.com.au/story/8852350/massive-number-of-holden-and-hsv-cars-being-stolen-using-cheap-ebay-tool/?cs=34616",
    "ord_in_thread": 0,
    "parent_url": null,
    "author": "Paul Maric",
    "published": "2024-12-19T14:20:00.000+02:00",
    "title": "Massive number of Holden and HSV cars being stolen using cheap eBay tool",
    "text": "We're huge fans of Australian cars, so it pains us to write stories like this, but vehicle thefts in Australia (in Victoria in particular) are getting out of control and there's one group of cars being disproportionally targeted using a cheap device from eBay.\nVictoria Police this week announced that\n[vehicle crimes in the southern state have reached record levels](https://www.carexpert.com.au/car-news/car-thefts-reach-record-high-in-australian-state). In the 12 month period to September 2024, more than 25,000 vehicles had been stolen in Victoria.\nOnly 1000 of them had been recovered between January and June 2024, with around 40 per cent of offenders being children and youth.\n100s of new car deals are available through CarExpert right now. Get the experts on your side and score a great deal.\n[Browse now](https://www.carexpert.com.au/new-car-deals/).\nUnfortunately, there's also been a massive uptick in crimes related to late-model Holden and HSV vehicles (typically more desirable V8 models) in the last six months.\nThere's a mix of offenders – lowlives who steal them to joyride and commit other crimes. These are the type dumb enough to keep driving the cars on stolen plates.\nThen, there's the other type – organised criminals who steal vehicles to rebirth them, or strip them for parts and then dump them as empty shells on the roadside.\nWhat many of them have in common is a cheap device currently for sale on eBay. The tool itself isn't illegal and is primarily used by mechanics and locksmiths to read OBD data (via a port in the interior that allows them to read vehicle diagnostics and reprogram certain onboard computers) and reprogram keys.\nUnfortunately, this device is being paired with a method used by thieves to disable horn alarms to buy them more time when stealing vehicles.\nThis is how it works:\nOne person that spoke with us said: \"I was a victim of an attempted theft of my VF Calais V this week, which I interrupted and saved. I have a video of them using a [device name] key programmer,\" he said.\n\"The guy who attempted to steal my VF had a stolen VF with him and it's been three days now that he is using same car to go and pick almost five VFs in and around the CBD.\"\n\"I got there in time and was able to stop them in the process. The photos show a clear face of the offender and the fingerprints were taken by Victoria Police but still they couldn't get him.\"\nSo how can you stop this if you own a late-model V8 Holden or HSV? We'd encourage you to immediately stop driving your vehicle in public and to not leave it parked outside until you take the steps listed below. They are being stolen from people's homes, train station car parks and shopping centres. Every single vehicle is a target.\nYou need to buy either a Club Lock or a Cop Lock – these are both mechanical devices that prevent a vehicle from being driven by stopping steering wheel movement and/or pedal operation.\nBetter still, you can install a PIN-coded immobiliser and relocate your horn. A horn going off or a mechanical device preventing theft will more than likely cause the thief to move on to the next vehicle instead of focussing on yours.\nOne of the companies that helped us with research on this,\n[Euro Chiptuning Solutions](https://eurochiptuning.com.au/) (which is discounting the installation of alarms and immobilisers for anybody that mentions this story), is able to install these devices.\nThere are likely many other companies that will be able to assist with this as well. If you own a late-model Holden or HSV, it's now a matter of urgency to act before your vehicle is targeted next.\nContent originally sourced from:\n[CarExpert.com.au](https://www.carexpert.com.au)\nDAILY\nToday's top stories curated by our news team.",
    "highlightText": "",
    "highlightTitle": "",
    "highlightThreadTitle": "",
    "language": "english",
    "sentiment": "negative",
    "categories": [
        "Crime, Law and Justice",
        "Social Issue",
        "Economy, Business and Finance"
    ],
    "topics": [
        "Crime, Law and Justice->robbery and theft",
        "Social Issue->social problem",
        "Economy, Business and Finance->business and market analysis",
        "Economy, Business and Finance->consumer goods",
        "Economy, Business and Finance->financial and economic news"
    ],
    "ai_allow": true,
    "has_canonical": true,
    "webz_reporter": false,
    "external_links": [
        "https://eurochiptuning.com.au/",
        "https://www.carexpert.com.au",
        "https://www.carexpert.com.au/car-news/car-thefts-reach-record-high-in-australian-state",
        "https://www.carexpert.com.au/new-car-deals/",
        "https://www.eurochiptuning.com.au/",
        "https://carexpert.com.au/car-news/car-thefts-reach-record-high-in-australian-state",
        "https://carexpert.com.au/new-car-deals/",
        "https://eurochiptuning.com.au",
        "https://carexpert.com.au",
        "https://www.carexpert.com.au/new-car-deals"
    ],
    "external_images": [],
    "entities": {
        "persons": [],
        "organizations": [],
        "locations": []
    },
    "syndication": {
        "syndicated": false,
        "syndicate_id": "5c94db763533b88f4469419ff77a5a67ad707e07",
        "first_syndicated": true
    },
    "rating": null,
    "crawled": "2024-12-20T01:31:04.294+02:00",
    "updated": "2024-12-20T01:31:04.294+02:00"
}