{
    "thread": {
        "uuid": "61c2fb80cf649b68cbb5e8a6c47aaf53f77e485a",
        "url": "https://mynews4.com/news/nation-world/elon-musk-government-shutdown-congress-trump-doge-politics-senators-house-republicans-efficiency",
        "site_full": "mynews4.com",
        "site": "mynews4.com",
        "site_section": "https://mynews4.com",
        "site_categories": [
            "media"
        ],
        "section_title": "chevron-right",
        "title": "Elon Musk wields DC influence in spending bill fight",
        "title_full": "Elon Musk wields DC influence in spending bill fight",
        "published": "2024-12-20T01:16:00.000+02:00",
        "replies_count": 0,
        "participants_count": 1,
        "site_type": "news",
        "country": "US",
        "main_image": "https://mynews4.com/resources/media2/16x9/4320/986/0x225/90/602272be-19d9-415a-93f1-bf3ba7d07bb1-AP24353038460475.jpg",
        "performance_score": 0,
        "domain_rank": 30947,
        "domain_rank_updated": "2024-12-16T23:00:00.000+02:00",
        "social": {
            "facebook": {
                "likes": 0,
                "comments": 0,
                "shares": 0
            },
            "vk": {
                "shares": 0
            }
        }
    },
    "uuid": "61c2fb80cf649b68cbb5e8a6c47aaf53f77e485a",
    "url": "https://mynews4.com/news/nation-world/elon-musk-government-shutdown-congress-trump-doge-politics-senators-house-republicans-efficiency",
    "ord_in_thread": 0,
    "parent_url": null,
    "author": "MATT GALKA | The National News Desk",
    "published": "2024-12-20T01:16:00.000+02:00",
    "title": "Elon Musk wields DC influence in spending bill fight",
    "text": "{p}Elon Musk is showing he has plenty of sway in Washington even before President-elect Donald Trump takes office.{/p}{p}A deal on a continuing resolution that {a href=\\\"https://thenationaldesk.com/news/americas-news-now/trump-backs-new-gop-plan-to-fund-government-and-debt-ceiling-as-shutdown-nears-\\\" target=\\\"_blank\\\" title=\\\"https://thenationaldesk.com/news/americas-news-now/trump-backs-new-gop-plan-to-fund-government-and-debt-ceiling-as-shutdown-nears-\\\"}would keep the government open {/a}until mid-March was seemingly in place with a {a href=\\\"https://thenationaldesk.com/news/americas-news-now/original-spending-bill-contained-1500-pages-unrelated-expense-provisions-trump-elon-musk-government-shutdown-national-taxpayers-union\\\" target=\\\"_blank\\\" title=\\\"https://thenationaldesk.com/news/americas-news-now/original-spending-bill-contained-1500-pages-unrelated-expense-provisions-trump-elon-musk-government-shutdown-national-taxpayers-union\\\"}1500-page bill{/a} released this week. Musk started posting about it on X, the social media platform he owns and repeatedly tore into it. {/p}{p}In more than 100 posts Wednesday, Musk rallied Republicans against the bill as the government inched closer to a shutdown and he reposted other people promising consequences for Republicans who voted for it. Trump {a href=\\\"https://thenationaldesk.com/news/americas-news-now/senate-and-house-gop-leaders-plan-to-push-presidentelect-donald-trumps-policies-via-reconciliation\\\" target=\\\"_blank\\\" title=\\\"https://thenationaldesk.com/news/americas-news-now/senate-and-house-gop-leaders-plan-to-push-presidentelect-donald-trumps-policies-via-reconciliation\\\"}released a statement{/a} against the bill Wednesday evening, while also demanding it include a debt ceiling increase. {/p}{p}Some Democrats singled Musk out for derailing the process.{/p}{p}{sd-embed class=\\\"sd-embedded-media\\\" data-alt=\\\"STANDALONE%20Shutdown%20Showdown%20December%2019\\\" data-caption=\\\"Elon%20Musk%20wields%20DC%20influence%20in%20spending%20bill%20fight%20(TNND)\\\" data-duration=\\\"138.88 8\\\" data-externalid=\\\"5c85e451644e41159a2d6aa48953687d\\\" data-mediatype=\\\"video\\\" data-renditions=\\\"\\\" data-thumburl=\\\"/resources/media2/16x9/986/648/0x1/90/39d34309-9326-4b35-9826-1f761f108edd-c74da4f7def64e9ca23a24649f060832AP24324780149643.jpg\\\" data-title=\\\"Elon%20Musk%20wields%20DC%20influence%20in%20spending%20bill%20fight\\\" data-url=\\\"https://content.uplynk.com/5c85e451644e41159a2d6aa48953687d.m3u8?tc=1&exp=1734736543&rn=1425978823&ct=a&cid=5c85e451644e41159a2d6aa48953687d&hlsver=7&sig=c8779e9abc3a6701b6dda8ed26e55fabd29e846bf7919d26f55e1b7aa8658d8d\\\" data-defaultthumb=\\\"\\\" data-embed-file=\\\"%3Cdiv%20class=%22sda-VideoEmbed%22%3E%0A%20%20%20%20%20%20%20%20%20%20%20%20%3Cdiv%20class=%22sda-video-media%22%3E%0A%20%20%20%20%20%20%20%20%20%20%20%20%3Ciframe%0A%20%20%20%20%20%20%20%20%20%20%20%20%20%20%20%20width=%22560%22%0A%20%20%20%20%20%20%20%20%20%20%20%20%20%20%20%20height=%22315%22%0A%20%20%20%20%20%20%20%20%20%20%20%20%20%20%20%20class=%22sda-embeded-player-iframe%20sda-VideoEmbed-iframe%22%0A%20%20%20%20%20%20%20%20%20%20%20%20%20%20%20%20src=%22/resources/embeds/vod.html?externalId=5c85e451644e41159a2d6aa48953687d%22%0A%20%20%20%20%20%20%20%20%20%20%20%20%20%20%20%20frameborder=%22no%22%3E%0A%20%20%20%20%20%20%20%20%20%20%20%20%3C/iframe%3E%0A%20%20%20%20%20%20%20%20%20%20%20%20%0A%20%20%20%20%20%20%20%20%3C/div%3E%0A%20%20%20%20%20%20%20%20%20%20%20%20%3Cdiv%20class=%22sda-video-info%22%3E%0A%20%20%20%20%20%20%20%20%20%20%20%20%3Cimg%20class=%22sda-VideoEmbed-stopImage%22%20src=%22/resources/media2/16x9/986/648/0x1/90/39d34309-9326-4b35-9826-1f761f108edd-c74da4f7def64e9ca23a24649f060832AP24324780149643.jpg%22/%3E%0A%20%20%20%20%20%20%20%20%20%20%20%20%3Cdiv%20class=%22sda-VideoEmbed-caption%22%3E%0A%20%20%20%20%20%20%20%20%20%20%20%20%20%20%20%20%20%20%20%20%3Cspan%3ECaption:%20Elon%20Musk%20wields%20DC%20influence%20in%20spending%20bill%20fight%20(TNND)%3C/span%3E%0A%20%20%20%20%20%20%20%20%20%20%20%20%20%20%20%20%3C/div%3E%0A%20%20%20%20%20%20%20%20%3C/div%3E%0A%20%20%20%20%20%20%20%20%3C/div%3E\\\" data-embed-type=\\\"video\\\" contenteditable=\\\"false\\\"}{/sd-embed}{/p}{blockquote}The shadow President Elon Musk said that we shouldn't be doing this deal, so this is on them. They're going to have to figure their way out of it,\\\" said Rep. Pramila Jayapal, D-Wash.{/blockquote}{p}What Musk and other Republicans picked apart was what they viewed as reckless spending in the bill.{/p}{p}“This continuing resolution or whatever it is is a total joke. It’s 1500 pages of pork barrel spending,\\\" Sen. Josh Hawley, R-Mo., told Fox News Wednesday night. {/p}{p}Musk and Vivek Ramaswamy were tapped to lead the outside Department of Government Efficiency, or DOGE, and tasked with looking for ways to cut wasteful spending. Republicans who joined Musk in opposing the spending bill said his work had already begun.{/p}{blockquote}Elon Musk and Vivek Ramaswamy said 'Hey, why are we going to do status quo funding when the whole message was we're breaking from that,\\\" said Rep. Warren Davidson, R-Ohio. {/blockquote}{p}Musk reposted some false or misleading claims about how the money was being spent, including a {a href=\\\"https://x.com/elonmusk/status/1869464963464786094\\\" target=\\\"_blank\\\" title=\\\"https://x.com/elonmusk/status/1869464963464786094\\\"}post {/a}stating there was $3 billion for a new NFL stadium in D.C., and that {a href=\\\"https://x.com/elonmusk/status/1869414233483698402\\\" target=\\\"_blank\\\" title=\\\"https://x.com/elonmusk/status/1869414233483698402\\\"}members {/a}of Congress were getting a 40% pay raise. There’s no new stadium money, but there is a pay raise, although it’s less than 4%.{/p}{p}{strong}VOTE | {a href=\\\"https://thenationaldesk.com/news/americas-news-now/vote-do-you-think-members-of-congress-deserve-a-raise-government-funding-shutdown#\\\" target=\\\"_blank\\\" title=\\\"https://thenationaldesk.com/news/americas-news-now/vote-do-you-think-members-of-congress-deserve-a-raise-government-funding-shutdown#\\\"}Do you think members of Congress deserve a raise?{/a}{/strong}{/p}{p}Sen. Dick Durbin, D-Ill., defended the potential wage increase after saying he just found out it was in the bill when asked. {/p}{p}“That's news to me. It's good news. You know what has it been 10 years or 14 years of no COLA (cost of living increase), no change at all? I think it's about time something's done,\\\" he told reporters.{/p}{p}House Speaker Mike Johnson is seemingly stuck in the middle of all of this after having negotiated the spending bill his party revolted against. {/p}{p}His future could be in jeopardy, with Trump {a href=\\\"https://www.foxnews.com/politics/trump-says-mike-johnson-easily-remain-speaker-he-acts-decisively-tough-spending-bill\\\" target=\\\"_blank\\\" title=\\\"https://www.foxnews.com/politics/trump-says-mike-johnson-easily-remain-speaker-he-acts-decisively-tough-spending-bill\\\"}telling {/a}Fox News Thursday Johnson “would easily remain speaker” if he now comes up with a bill that meets the incoming President’s terms.{/p}{p}{br}{/p}{h2}{a href=\\\"https://mynews4.com/weather\\\" target=\\\"_blank\\\" title=\\\"https://mynews4.com/weather\\\"}{strong}News 4 10-day Forecast{ }{/strong}{/a}{strong}| {/strong}{a href=\\\"https://mynews4.com/weather/radar\\\" target=\\\"_blank\\\" title=\\\"https://mynews4.com/weather/radar\\\"}Interactive Radar{/a}{strong} | {/strong}{a href=\\\"https://mynews4.com/weather/weather-on-your-side\\\" target=\\\"_blank\\\" title=\\\"https://mynews4.com/weather/weather-on-your-side\\\"}Weather Authority Stories{ }{/a}{strong}| {/strong}{a href=\\\"https://mynews4.com/weather/skycam\\\" target=\\\"_blank\\\" title=\\\"https://mynews4.com/weather/skycam\\\"}Sky Cams{/a}{/h2}{h2}THURSDAY DECEMBER 19, 2024{/h2}{p}{strong}GREATER RE{/strong}{strong}NO-CARSON CITY{/strong}{/p}{p}{strong}TODAY:{/strong}{br}Sunny, Cool{ }{br}{strong}HIGHS:{/strong}{ }55-57{br}{strong}WINDS: {/strong}Calm{ }{br}{/p}{p}{strong}TONIGHT{/strong}:{br}Partly Cloudy{br}{strong}LOWS{/strong}: 30-32{br}{strong}WINDS{/strong}: Calm{br}{/p}{p}{strong}FRIDAY{/strong}:{br}Partly Sunny{br}{strong}HIGHS{/strong}: 56-58{br}{strong}WINDS{/strong}: Calm{br}{/p}{p}{strong}SATURDAY{/strong}:{br}Partly Sunny, 30% Chance{ } Showers, Windy{br}{strong}HIGHS{/strong}: 55-57{br}{strong}WINDS{/strong}: Southwest 25 to 30 mph, Gusting 50 mph{/p}{p}Tranquil weather through the end of the work week.{ } Plenty of sunshine is here today and tomorrow. Widespread haze is also possible due to stagnant air in the valleys.{ } Afternoon highs will be well above average, in the mid to upper{ } 50's through Saturday.{ } Overnight lows will be in the upper 20's. and lower 30's.{ } Our next storm system arrives on Saturday.{ } It will be a rain event from Lake Tahoe, all the way down to the valley floor.{ } Donner Pass will likely see snow showers, with very little snow accumulation.{ } Saturday is the first official day of winter as well.{ } { }Be sure to stay with News4 for the latest information, both on-air and online.{/p}{p}{strong}GREATER LAKE TAHOE AREA{/strong}{/p}{p}{strong}TODAY:{br}{/strong}Widespread Freezing Fog, Sunny{br}{strong}HIGHS: {/strong}53-55{br}{strong}WINDS: {/strong}Calm{ }{br}{/p}{p}{strong}TONIGHT{/strong}:{br}Partly Cloudy, Chilly{br}{strong}LOWS{/strong}: 29-31{br}{strong}WINDS{/strong}: Calm{br}{/p}{p}{strong}FRIDAY{/strong}:{br}Partly Sunny, Cool{br}{strong}HIGHS{/strong}: 49-51{br}{strong}WINDS{/strong}:{ } Southwest 5 mph{ }{br}{/p}{p}{strong}SATURDAY{/strong}:{br}Partly Sunny, 60% Chance of Rain and Snow Showers, Little to no snow accumulation, Windy{br}{strong}HIGHS{/strong}: 45-47{br}{strong}WINDS{/strong}: Southwest 25 to 30 mph, Gusting to 45 mph{ }{/p}{p}{strong}----{/strong}{strong}-{/strong}{strong} {/strong}{/p}{h2}WEATHER AUTHORITY TEAM{/h2}{p}{strong}Chief Meteorologist Matt Monroe:{ }{a href=\\\"https://www.facebook.com/MattMonroeKRNV\\\" target=\\\"_blank\\\" title=\\\"https://www.facebook.com/MattMonroeKRNV\\\"} Facebook{/a} |{ }{/strong}{a href=\\\"https://twitter.com/MattMonroeWx\\\" target=\\\"_blank\\\" title=\\\"https://twitter.com/MattMonroeWx\\\"}{strong}Twitter{/strong}{/a}{ }{/p}{p}{strong}Forecaster Ereina Plunkett:{ }{/strong}{strong}{a href=\\\"https://www.facebook.com/profile.php?id=100076364169238\\\" target=\\\"_blank\\\" title=\\\"https://www.facebook.com/profile.php?id=100076364169238\\\"}Facebook {/a}| {a href=\\\"https://twitter.com/EreinaReports\\\" target=\\\"_blank\\\" title=\\\"https://twitter.com/EreinaReports\\\"}Twitter{/a}{ }{/strong}{/p}{p}{strong}Forecaster Anthony Ramos: {a href=\\\"https://www.facebook.com/anthony.ramos005\\\" target=\\\"_blank\\\" title=\\\"https://www.facebook.com/anthony.ramos005\\\"}Facebook{/a} |{a href=\\\"https://x.com/antramosnews\\\" target=\\\"_blank\\\" title=\\\"https://x.com/antramosnews\\\"} Twitter{ }{/a}{/strong}{/p}{p}{br}{/p}{p}Elon Musk is showing he has plenty of sway in Washington even before President-elect Donald Trump takes office.{/p}{p}A deal on a continuing resolution that {a href=\\\"https://thenationaldesk.com/news/americas-news-now/trump-backs-new-gop-plan-to-fund-government-and-debt-ceiling-as-shutdown-nears-\\\" target=\\\"_blank\\\" title=\\\"https://thenationaldesk.com/news/americas-news-now/trump-backs-new-gop-plan-to-fund-government-and-debt-ceiling-as-shutdown-nears-\\\"}would keep the government open {/a}until mid-March was seemingly in place with a {a href=\\\"https://thenationaldesk.com/news/americas-news-now/original-spending-bill-contained-1500-pages-unrelated-expense-provisions-trump-elon-musk-government-shutdown-national-taxpayers-union\\\" target=\\\"_blank\\\" title=\\\"https://thenationaldesk.com/news/americas-news-now/original-spending-bill-contained-1500-pages-unrelated-expense-provisions-trump-elon-musk-government-shutdown-national-taxpayers-union\\\"}1500-page bill{/a} released this week. Musk started posting about it on X, the social media platform he owns and repeatedly tore into it. {/p}{p}In more than 100 posts Wednesday, Musk rallied Republicans against the bill as the government inched closer to a shutdown and he reposted other people promising consequences for Republicans who voted for it. Trump {a href=\\\"https://thenationaldesk.com/news/americas-news-now/senate-and-house-gop-leaders-plan-to-push-presidentelect-donald-trumps-policies-via-reconciliation\\\" target=\\\"_blank\\\" title=\\\"https://thenationaldesk.com/news/americas-news-now/senate-and-house-gop-leaders-plan-to-push-presidentelect-donald-trumps-policies-via-reconciliation\\\"}released a statement{/a} against the bill Wednesday evening, while also demanding it include a debt ceiling increase. {/p}{p}Some Democrats singled Musk out for derailing the process.{/p}{p}{sd-embed class=\\\"sd-embedded-media\\\" data-alt=\\\"STANDALONE%20Shutdown%20Showdown%20December%2019\\\" data-caption=\\\"Elon%20Musk%20wields%20DC%20influence%20in%20spending%20bill%20fight%20(TNND)\\\" data-duration=\\\"138.88 8\\\" data-externalid=\\\"5c85e451644e41159a2d6aa48953687d\\\" data-mediatype=\\\"video\\\" data-renditions=\\\"\\\" data-thumburl=\\\"/resources/media2/16x9/986/648/0x1/90/39d34309-9326-4b35-9826-1f761f108edd-c74da4f7def64e9ca23a24649f060832AP24324780149643.jpg\\\" data-title=\\\"Elon%20Musk%20wields%20DC%20influence%20in%20spending%20bill%20fight\\\" data-url=\\\"https://content.uplynk.com/5c85e451644e41159a2d6aa48953687d.m3u8?tc=1&exp=1734736543&rn=1425978823&ct=a&cid=5c85e451644e41159a2d6aa48953687d&hlsver=7&sig=c8779e9abc3a6701b6dda8ed26e55fabd29e846bf7919d26f55e1b7aa8658d8d\\\" data-defaultthumb=\\\"\\\" data-embed-file=\\\"%3Cdiv%20class=%22sda-VideoEmbed%22%3E%0A%20%20%20%20%20%20%20%20%20%20%20%20%3Cdiv%20class=%22sda-video-media%22%3E%0A%20%20%20%20%20%20%20%20%20%20%20%20%3Ciframe%0A%20%20%20%20%20%20%20%20%20%20%20%20%20%20%20%20width=%22560%22%0A%20%20%20%20%20%20%20%20%20%20%20%20%20%20%20%20height=%22315%22%0A%20%20%20%20%20%20%20%20%20%20%20%20%20%20%20%20class=%22sda-embeded-player-iframe%20sda-VideoEmbed-iframe%22%0A%20%20%20%20%20%20%20%20%20%20%20%20%20%20%20%20src=%22/resources/embeds/vod.html?externalId=5c85e451644e41159a2d6aa48953687d%22%0A%20%20%20%20%20%20%20%20%20%20%20%20%20%20%20%20frameborder=%22no%22%3E%0A%20%20%20%20%20%20%20%20%20%20%20%20%3C/iframe%3E%0A%20%20%20%20%20%20%20%20%20%20%20%20%0A%20%20%20%20%20%20%20%20%3C/div%3E%0A%20%20%20%20%20%20%20%20%20%20%20%20%3Cdiv%20class=%22sda-video-info%22%3E%0A%20%20%20%20%20%20%20%20%20%20%20%20%3Cimg%20class=%22sda-VideoEmbed-stopImage%22%20src=%22/resources/media2/16x9/986/648/0x1/90/39d34309-9326-4b35-9826-1f761f108edd-c74da4f7def64e9ca23a24649f060832AP24324780149643.jpg%22/%3E%0A%20%20%20%20%20%20%20%20%20%20%20%20%3Cdiv%20class=%22sda-VideoEmbed-caption%22%3E%0A%20%20%20%20%20%20%20%20%20%20%20%20%20%20%20%20%20%20%20%20%3Cspan%3ECaption:%20Elon%20Musk%20wields%20DC%20influence%20in%20spending%20bill%20fight%20(TNND)%3C/span%3E%0A%20%20%20%20%20%20%20%20%20%20%20%20%20%20%20%20%3C/div%3E%0A%20%20%20%20%20%20%20%20%3C/div%3E%0A%20%20%20%20%20%20%20%20%3C/div%3E\\\" data-embed-type=\\\"video\\\" contenteditable=\\\"false\\\"}{/sd-embed}{/p}{blockquote}The shadow President Elon Musk said that we shouldn't be doing this deal, so this is on them. They're going to have to figure their way out of it,\\\" said Rep. Pramila Jayapal, D-Wash.{/blockquote}{p}What Musk and other Republicans picked apart was what they viewed as reckless spending in the bill.{/p}{p}“This continuing resolution or whatever it is is a total joke. It’s 1500 pages of pork barrel spending,\\\" Sen. Josh Hawley, R-Mo., told Fox News Wednesday night. {/p}{p}Musk and Vivek Ramaswamy were tapped to lead the outside Department of Government Efficiency, or DOGE, and tasked with looking for ways to cut wasteful spending. Republicans who joined Musk in opposing the spending bill said his work had already begun.{/p}{blockquote}Elon Musk and Vivek Ramaswamy said 'Hey, why are we going to do status quo funding when the whole message was we're breaking from that,\\\" said Rep. Warren Davidson, R-Ohio. {/blockquote}{p}Musk reposted some false or misleading claims about how the money was being spent, including a {a href=\\\"https://x.com/elonmusk/status/1869464963464786094\\\" target=\\\"_blank\\\" title=\\\"https://x.com/elonmusk/status/1869464963464786094\\\"}post {/a}stating there was $3 billion for a new NFL stadium in D.C., and that {a href=\\\"https://x.com/elonmusk/status/1869414233483698402\\\" target=\\\"_blank\\\" title=\\\"https://x.com/elonmusk/status/1869414233483698402\\\"}members {/a}of Congress were getting a 40% pay raise. There’s no new stadium money, but there is a pay raise, although it’s less than 4%.{/p}{p}{strong}VOTE | {a href=\\\"https://thenationaldesk.com/news/americas-news-now/vote-do-you-think-members-of-congress-deserve-a-raise-government-funding-shutdown#\\\" target=\\\"_blank\\\" title=\\\"https://thenationaldesk.com/news/americas-news-now/vote-do-you-think-members-of-congress-deserve-a-raise-government-funding-shutdown#\\\"}Do you think members of Congress deserve a raise?{/a}{/strong}{/p}{p}Sen. Dick Durbin, D-Ill., defended the potential wage increase after saying he just found out it was in the bill when asked. {/p}{p}“That's news to me. It's good news. You know what has it been 10 years or 14 years of no COLA (cost of living increase), no change at all? I think it's about time something's done,\\\" he told reporters.{/p}{p}House Speaker Mike Johnson is seemingly stuck in the middle of all of this after having negotiated the spending bill his party revolted against. {/p}{p}His future could be in jeopardy, with Trump {a href=\\\"https://www.foxnews.com/politics/trump-says-mike-johnson-easily-remain-speaker-he-acts-decisively-tough-spending-bill\\\" target=\\\"_blank\\\" title=\\\"https://www.foxnews.com/politics/trump-says-mike-johnson-easily-remain-speaker-he-acts-decisively-tough-spending-bill\\\"}telling {/a}Fox News Thursday Johnson “would easily remain speaker” if he now comes up with a bill that meets the incoming President’s terms.{/p}{p}{br}{/p}{h2}{a href=\\\"https://mynews4.com/weather\\\" target=\\\"_blank\\\" title=\\\"https://mynews4.com/weather\\\"}{strong}News 4 10-day Forecast{ }{/strong}{/a}{strong}| {/strong}{a href=\\\"https://mynews4.com/weather/radar\\\" target=\\\"_blank\\\" title=\\\"https://mynews4.com/weather/radar\\\"}Interactive Radar{/a}{strong} | {/strong}{a href=\\\"https://mynews4.com/weather/weather-on-your-side\\\" target=\\\"_blank\\\" title=\\\"https://mynews4.com/weather/weather-on-your-side\\\"}Weather Authority Stories{ }{/a}{strong}| {/strong}{a href=\\\"https://mynews4.com/weather/skycam\\\" target=\\\"_blank\\\" title=\\\"https://mynews4.com/weather/skycam\\\"}Sky Cams{/a}{/h2}{h2}THURSDAY DECEMBER 19, 2024{/h2}{p}{strong}GREATER RE{/strong}{strong}NO-CARSON CITY{/strong}{/p}{p}{strong}TODAY:{/strong}{br}Sunny, Cool{ }{br}{strong}HIGHS:{/strong}{ }55-57{br}{strong}WINDS: {/strong}Calm{ }{br}{/p}{p}{strong}TONIGHT{/strong}:{br}Partly Cloudy{br}{strong}LOWS{/strong}: 30-32{br}{strong}WINDS{/strong}: Calm{br}{/p}{p}{strong}FRIDAY{/strong}:{br}Partly Sunny{br}{strong}HIGHS{/strong}: 56-58{br}{strong}WINDS{/strong}: Calm{br}{/p}{p}{strong}SATURDAY{/strong}:{br}Partly Sunny, 30% Chance{ } Showers, Windy{br}{strong}HIGHS{/strong}: 55-57{br}{strong}WINDS{/strong}: Southwest 25 to 30 mph, Gusting 50 mph{/p}{p}Tranquil weather through the end of the work week.{ } Plenty of sunshine is here today and tomorrow. Widespread haze is also possible due to stagnant air in the valleys.{ } Afternoon highs will be well above average, in the mid to upper{ } 50's through Saturday.{ } Overnight lows will be in the upper 20's. and lower 30's.{ } Our next storm system arrives on Saturday.{ } It will be a rain event from Lake Tahoe, all the way down to the valley floor.{ } Donner Pass will likely see snow showers, with very little snow accumulation.{ } Saturday is the first official day of winter as well.{ } { }Be sure to stay with News4 for the latest information, both on-air and online.{/p}{p}{strong}GREATER LAKE TAHOE AREA{/strong}{/p}{p}{strong}TODAY:{br}{/strong}Widespread Freezing Fog, Sunny{br}{strong}HIGHS: {/strong}53-55{br}{strong}WINDS: {/strong}Calm{ }{br}{/p}{p}{strong}TONIGHT{/strong}:{br}Partly Cloudy, Chilly{br}{strong}LOWS{/strong}: 29-31{br}{strong}WINDS{/strong}: Calm{br}{/p}{p}{strong}FRIDAY{/strong}:{br}Partly Sunny, Cool{br}{strong}HIGHS{/strong}: 49-51{br}{strong}WINDS{/strong}:{ } Southwest 5 mph{ }{br}{/p}{p}{strong}SATURDAY{/strong}:{br}Partly Sunny, 60% Chance of Rain and Snow Showers, Little to no snow accumulation, Windy{br}{strong}HIGHS{/strong}: 45-47{br}{strong}WINDS{/strong}: Southwest 25 to 30 mph, Gusting to 45 mph{ }{/p}{p}{strong}----{/strong}{strong}-{/strong}{strong}",
    "highlightText": "",
    "highlightTitle": "",
    "highlightThreadTitle": "",
    "language": "english",
    "sentiment": "negative",
    "categories": [
        "Politics",
        "Economy, Business and Finance"
    ],
    "topics": [
        "Politics->political campaigns",
        "Politics->government",
        "Politics->political candidates",
        "Economy, Business and Finance->business governance",
        "Economy, Business and Finance->financial and economic news"
    ],
    "ai_allow": true,
    "has_canonical": true,
    "webz_reporter": false,
    "external_links": [
        "https://content.uplynk.com/5c85e451644e41159a2d6aa48953687d.m3u8?tc=1&exp=1734736543&rn=1425978823&ct=a&cid=5c85e451644e41159a2d6aa48953687d&hlsver=7&sig=c8779e9abc3a6701b6dda8ed26e55fabd29e846bf7919d26f55e1b7aa8658d8d\\",
        "https://x.com/elonmusk/status/1869414233483698402\\",
        "https://www.facebook.com/anthony.ramos005\\",
        "https://thenationaldesk.com/news/americas-news-now/trump-backs-new-gop-plan-to-fund-government-and-debt-ceiling-as-shutdown-nears-\\",
        "https://thenationaldesk.com/news/americas-news-now/senate-and-house-gop-leaders-plan-to-push-presidentelect-donald-trumps-policies-via-reconciliation\\",
        "https://twitter.com/MattMonroeWx\\",
        "https://www.facebook.com/MattMonroeKRNV\\",
        "https://x.com/elonmusk/status/1869464963464786094\\",
        "https://www.facebook.com/profile.php?id=100076364169238\\",
        "https://x.com/antramosnews\\",
        "https://thenationaldesk.com/news/americas-news-now/vote-do-you-think-members-of-congress-deserve-a-raise-government-funding-shutdown#\\",
        "https://twitter.com/EreinaReports\\",
        "https://www.foxnews.com/politics/trump-says-mike-johnson-easily-remain-speaker-he-acts-decisively-tough-spending-bill\\",
        "https://thenationaldesk.com/news/americas-news-now/original-spending-bill-contained-1500-pages-unrelated-expense-provisions-trump-elon-musk-government-shutdown-national-taxpayers-union\\",
        "https://www.x.com/elonmusk/status/1869464963464786094\\",
        "https://www.thenationaldesk.com/news/americas-news-now/trump-backs-new-gop-plan-to-fund-government-and-debt-ceiling-as-shutdown-nears-\\",
        "https://www.x.com/antramosnews\\",
        "https://facebook.com/MattMonroeKRNV\\",
        "https://www.content.uplynk.com/5c85e451644e41159a2d6aa48953687d.m3u8?tc=1&exp=1734736543&rn=1425978823&ct=a&cid=5c85e451644e41159a2d6aa48953687d&hlsver=7&sig=c8779e9abc3a6701b6dda8ed26e55fabd29e846bf7919d26f55e1b7aa8658d8d\\",
        "https://facebook.com/profile.php?id=100076364169238\\",
        "https://content.uplynk.com/5c85e451644e41159a2d6aa48953687d.m3u8",
        "https://www.x.com/elonmusk/status/1869414233483698402\\",
        "https://foxnews.com/politics/trump-says-mike-johnson-easily-remain-speaker-he-acts-decisively-tough-spending-bill\\",
        "https://facebook.com/anthony.ramos005\\",
        "https://www.thenationaldesk.com/news/americas-news-now/senate-and-house-gop-leaders-plan-to-push-presidentelect-donald-trumps-policies-via-reconciliation\\",
        "https://www.twitter.com/MattMonroeWx\\",
        "https://www.twitter.com/EreinaReports\\",
        "https://www.thenationaldesk.com/news/americas-news-now/vote-do-you-think-members-of-congress-deserve-a-raise-government-funding-shutdown#\\",
        "https://www.thenationaldesk.com/news/americas-news-now/original-spending-bill-contained-1500-pages-unrelated-expense-provisions-trump-elon-musk-government-shutdown-national-taxpayers-union\\",
        "https://www.facebook.com/profile.php"
    ],
    "external_images": [],
    "entities": {
        "persons": [
            {
                "name": "Donald Trump",
                "sentiment": "negative"
            }
        ],
        "organizations": [],
        "locations": []
    },
    "syndication": {
        "syndicated": false,
        "syndicate_id": null,
        "first_syndicated": false
    },
    "rating": null,
    "crawled": "2024-12-20T01:35:42.821+02:00",
    "updated": "2024-12-20T01:35:42.821+02:00"
}