{
    "thread": {
        "uuid": "590b01bf8add5097aeb40b367df3aed87a5c242c",
        "url": "https://www.13newsnow.com/article/news/verify/government-verify/continuing-resolution-tax-dollars-nfl-stadium-musk-fact-check/536-f35c0123-f6f2-401b-b0f7-c3bbc0ea4015",
        "site_full": "www.13newsnow.com",
        "site": "13newsnow.com",
        "site_section": "https://13newsnow.com/news",
        "site_categories": [
            "travel",
            "hobbies_and_interests",
            "photography",
            "by_us_locale"
        ],
        "section_title": "News Headlines | 13newsnow.com",
        "title": "Claims spending bill gives billions to fund RFK Stadium are false | 13newsnow.com",
        "title_full": "Claims spending bill gives billions to fund RFK Stadium are false | 13newsnow.com",
        "published": "2024-12-20T01:16:00.000+02:00",
        "replies_count": 0,
        "participants_count": 1,
        "site_type": "news",
        "country": "US",
        "main_image": "https://media.13newsnow.com/assets/VERIFY/images/b293dcbe-35dc-4aa6-94b1-06003e2e2c08/20241219T225706/b293dcbe-35dc-4aa6-94b1-06003e2e2c08_1140x641.jpg",
        "performance_score": 0,
        "domain_rank": 10784,
        "domain_rank_updated": "2024-12-16T23:00:00.000+02:00",
        "social": {
            "facebook": {
                "likes": 0,
                "comments": 0,
                "shares": 0
            },
            "vk": {
                "shares": 0
            }
        }
    },
    "uuid": "590b01bf8add5097aeb40b367df3aed87a5c242c",
    "url": "https://www.13newsnow.com/article/news/verify/government-verify/continuing-resolution-tax-dollars-nfl-stadium-musk-fact-check/536-f35c0123-f6f2-401b-b0f7-c3bbc0ea4015",
    "ord_in_thread": 0,
    "parent_url": null,
    "author": "Kelly Jones",
    "published": "2024-12-20T01:16:00.000+02:00",
    "title": "Claims spending bill gives billions to fund RFK Stadium are false | 13newsnow.com",
    "text": "Congress is scrambling to avert a government shutdown. On Dec 17, Republicans introduced a stopgap spending bill that would fund the government through March 14. In response to the bill, Elon Musk and others falsely claimed it included a 40% pay raise for members of Congress. Musk and his Department of Government Efficiency task force, and others on social media also alleged that the Dec. 17 bill would allocate taxpayer funds to build a new NFL stadium in Washington, D.C., for the Washington Commanders. One post with 13 million views claims, “OMNI-BUSTED: $3-BILLION FOR R [sic] A NEW NFL STADIUM IN D.C. Buried in the 1,547-page omnibus bill is a provision to facilitate a $3 billion NFL stadium in Washington, D.C.” Musk amplified the post , stating, “This should not be funded by your tax dollars!” On Dec. 19, a new draft of the spending bill was drafted to avoid a government shutdown. Did the original version of the Congressional stopgap bill allocate $3 billion for an NFL stadium? No, the original version of the Congressional stopgap bill didn’t allocate $3 billion for an NFL stadium. The spending bill, proposed on Dec. 17, authorizes the transfer of administrative control of the RFK Stadium site in Washington, D.C. from the federal government to the District of Columbia, which could potentially lead to a new stadium for the NFL’s Washington Commanders. The bill explicitly states no federal funds would be allocated for the construction of a new stadium. The 177-acre RFK Stadium site is currently owned and operated by the federal government. U.S. law says federal and D.C. authorities can transfer control of any property between each other, but ownership of the property remains with the federal government unless Congress votes to sell the property. In this case, the continuing resolution only gives Washington, D.C. the power to decide what to do with the property and any buildings on it, but the land itself is still owned by the federal government. The District of Columbia would be responsible for the costs for maintaining the land and the bill spells out that, “the District may not use Federal funds for stadium purposes on the [RFK] Campus, including training facilities, offices, and other structures necessary to support a stadium.” Washington D.C. Mayor Muriel Bowser addressed the misinformation on Dec. 19, debunking claims that federal dollars would fund the stadium. “It was stated that the CR contains $3 billion for a stadium. All wrong,” she said. “There are no federal dollars related to the transfer of RFK, and in fact the legislation does not require or link at all to a stadium. We’re talking about how the District can invest in removing blight.”",
    "highlightText": "",
    "highlightTitle": "",
    "highlightThreadTitle": "",
    "language": "english",
    "sentiment": "negative",
    "categories": [
        "Politics",
        "Economy, Business and Finance"
    ],
    "topics": [
        "Politics->political process",
        "Politics->government",
        "Politics->government budget",
        "Economy, Business and Finance->business governance",
        "Economy, Business and Finance->financial and economic news"
    ],
    "ai_allow": true,
    "has_canonical": true,
    "webz_reporter": false,
    "external_links": [
        "https://youtu.be/8Tm_VJiiais?si=SsGKt9Kvzgevn_PI&t=245",
        "https://perma.cc/Z9RS-6GL8",
        "https://x.com/elonmusk/status/1869464963464786094",
        "https://uscode.house.gov/view.xhtml?req=granuleid:USC-prelim-title40-section8124&num=0&edition=prelim",
        "https://perma.cc/78E5-348J",
        "https://apnews.com/live/government-shutdown-congress-spending-trump-updates",
        "https://perma.cc/4EPC-6L8K",
        "https://www.apnews.com/live/government-shutdown-congress-spending-trump-updates",
        "https://www.perma.cc/4EPC-6L8K",
        "https://www.perma.cc/Z9RS-6GL8",
        "https://www.youtu.be/8Tm_VJiiais?si=SsGKt9Kvzgevn_PI&t=245",
        "https://www.x.com/elonmusk/status/1869464963464786094",
        "https://www.uscode.house.gov/view.xhtml?req=granuleid:USC-prelim-title40-section8124&num=0&edition=prelim",
        "https://uscode.house.gov/view.xhtml",
        "https://www.perma.cc/78E5-348J",
        "https://youtu.be/8Tm_VJiiais"
    ],
    "external_images": [],
    "entities": {
        "persons": [
            {
                "name": "Musk",
                "sentiment": "none"
            }
        ],
        "organizations": [
            {
                "name": "Congress",
                "sentiment": "negative"
            },
            {
                "name": "Department of Government Efficiency",
                "sentiment": "none"
            },
            {
                "name": "NFL",
                "sentiment": "none"
            }
        ],
        "locations": [
            {
                "name": "D.C.",
                "sentiment": "none"
            }
        ]
    },
    "syndication": {
        "syndicated": false,
        "syndicate_id": "590b01bf8add5097aeb40b367df3aed87a5c242c",
        "first_syndicated": true
    },
    "rating": null,
    "crawled": "2024-12-20T01:21:59.136+02:00",
    "updated": "2024-12-20T01:21:59.136+02:00"
}