{
    "thread": {
        "uuid": "83cc6f52dbe30ac4146d2830301a1ade0349fab6",
        "url": "https://www.newsbreak.com/wcia-1590001/3723241269393-il-unemployment-rate-stable-payrolls-down-in-november",
        "site_full": "www.newsbreak.com",
        "site": "newsbreak.com",
        "site_section": "https://www.newsbreak.com/wcia-1590001",
        "site_categories": [
            "under_construction"
        ],
        "section_title": "WCIA}&#x27;s Home Page | NewsBreak",
        "title": "IL unemployment rate stable, payrolls down in November",
        "title_full": "IL unemployment rate stable, payrolls down in November",
        "published": "2024-12-20T00:31:00.000+02:00",
        "replies_count": 0,
        "participants_count": 1,
        "site_type": "news",
        "country": "",
        "main_image": "https://img.particlenews.com/img/id/1KAw6d_0xYcqjm900?type=thumbnail_1600x1200",
        "performance_score": 0,
        "domain_rank": 3587,
        "domain_rank_updated": "2024-12-16T23:00:00.000+02:00",
        "social": {
            "facebook": {
                "likes": 0,
                "comments": 0,
                "shares": 0
            },
            "vk": {
                "shares": 0
            }
        }
    },
    "uuid": "83cc6f52dbe30ac4146d2830301a1ade0349fab6",
    "url": "https://www.newsbreak.com/wcia-1590001/3723241269393-il-unemployment-rate-stable-payrolls-down-in-november",
    "ord_in_thread": 0,
    "parent_url": null,
    "author": "NewsBreak Original",
    "published": "2024-12-20T00:31:00.000+02:00",
    "title": "IL unemployment rate stable, payrolls down in November",
    "text": "By Ethan Holesha ,\n31 minutes ago\nSPRINGFIELD, Ill. (WCIA) — The Illinois Department of Employment Security (IDES) announced that unemployment rates remained stable, but payrolls were slightly down statewide in November.\nIDES said that nonfarm payrolls were down -3,400 while the unemployment rate was unchanged at 5.3% in November, based on preliminary data provided by the U.S. Bureau of Labor Statistics (BLS). The October monthly change in payrolls was revised from the preliminary report, from -2,400 to +8,400, while the revised unemployment rate was 5.3%, unchanged from the preliminary October unemployment rate.\nIL Attorney General urges residents be vigilant when seeking weight loss drugs The November payroll jobs estimate and unemployment rate reflect activity for the week including the 12th. Last month, the industry sectors with the largest over-the-month job losses included:\nConstruction (-2,700) Professional and Business Services (-2,400) Manufacturing (-1,400) Trade, Transportation and Utilities (-1,400) On the other hand, the industry sectors with the largest monthly payroll job increases included:\nLeisure and Hospitality (+2,000) Other Services (+1,100) Private Education and Health Services (+1,000) “Illinois remains committed and focused on investing in continued workforce development, job expansion, and engaging both jobseekers and employers,” said Deputy Governor Andy Manar. “As workers and employers remain active in the labor market, IDES and its partners continue to serve as a tool in workforce ecosystem to bridge the two together and provide critical assistance.”\nThe state’s unemployment rate was +1.1% higher than the national unemployment rate reported for November. The national unemployment rate was 4.2% in November, up +0.1% from the previous month. The Illinois unemployment rate was up +0.6% from a year ago when it was 4.7%.\nCompared to one year ago, total nonfarm payroll jobs increased by +42,600 jobs. The industry groups with the largest jobs increases included:\nGovernment (+27,100) Private Education and Health Services (+25,100) Other Services (+10,900) On the other hand, the industry groups with the largest job decreases included:\nProfessional and Business Services (-12,400) Financial Activities (-7,400) Manufacturing (-6,100) In November, total nonfarm payrolls were up +0.7% over-the-year in Illinois and up +1.4% in the country.\nNew IL pay stub requirement will begin in 2025 “DCEO is committed to ensuring Illinois remains an epicenter for employment and economic opportunity,” said DCEO Director Kristin Richards. “Together with our workforce partners at IDES and other state and local agencies, we are working to support a variety of sectors that create good-paying jobs for Illinoisans.”\nThe number of unemployed workers was 346,400, unchanged from the prior month and up 13.1% over the same month one year ago. The labor force was up +0.1% over-the-month and up +1.2% over-the-year.\nThe unemployment rate identifies those individuals who are out of work and seeking employment. An individual who exhausts or is ineligible for benefits is still reflected in the unemployment rate if they actively seek work.\nIDES helps connect jobseekers to employers who are hiring in a number of ways, including hosting and co-hosting job fairs and hiring events with statewide workforce partners, and through maintaining Illinois JobLink (IJL), the state’s largest job search engine.\nIJL is a tool used by jobseekers to look for work, and by employers who can post open and available positions for hire and browse resumes. IJL showed 64,412 posted resumes with 73,689 jobs available.\nCopyright 2024 Nexstar Media, Inc. All rights reserved. This material may not be published, broadcast, rewritten, or redistributed. For the latest news, weather, sports, and streaming video, head to WCIA.com.",
    "highlightText": "",
    "highlightTitle": "",
    "highlightThreadTitle": "",
    "language": "english",
    "sentiment": "negative",
    "categories": [
        "Economy, Business and Finance",
        "Social Issue"
    ],
    "topics": [
        "Economy, Business and Finance->financial and economic news",
        "Economy, Business and Finance->human resources",
        "Social Issue->social condition",
        "Social Issue->poverty"
    ],
    "ai_allow": true,
    "has_canonical": true,
    "webz_reporter": false,
    "external_links": [
        "https://www.wcia.com/news/capitol-news/new-il-pay-stub-requirement-will-begin-in-2025/?ipid=promo-link-block2",
        "https://img.particlenews.com/image.php?type=thumbnail_580x000&url=1KAw6d_0xYcqjm900",
        "https://www.wcia.com/news/health-news/il-attorney-general-urges-residents-be-vigilant-when-seeking-weight-loss-drugs/?ipid=promo-link-block1",
        "https://illinoisjoblink.illinois.gov/",
        "https://www.wcia.com",
        "https://img.particlenews.com/image.php?url=1KAw6d_0xYcqjm900",
        "https://wcia.com/news/capitol-news/new-il-pay-stub-requirement-will-begin-in-2025/?ipid=promo-link-block2",
        "https://illinoisjoblink.illinois.gov",
        "https://www.img.particlenews.com/image.php?type=thumbnail_580x000&url=1KAw6d_0xYcqjm900",
        "https://img.particlenews.com/image.php",
        "https://www.wcia.com/news/health-news/il-attorney-general-urges-residents-be-vigilant-when-seeking-weight-loss-drugs/",
        "https://wcia.com/news/health-news/il-attorney-general-urges-residents-be-vigilant-when-seeking-weight-loss-drugs/?ipid=promo-link-block1",
        "https://www.illinoisjoblink.illinois.gov/",
        "https://wcia.com",
        "https://www.img.particlenews.com/image.php?url=1KAw6d_0xYcqjm900",
        "https://www.wcia.com/news/capitol-news/new-il-pay-stub-requirement-will-begin-in-2025/"
    ],
    "external_images": [],
    "entities": {
        "persons": [
            {
                "name": "Ethan Holesha",
                "sentiment": "negative"
            }
        ],
        "organizations": [
            {
                "name": "WCIA",
                "sentiment": "negative"
            },
            {
                "name": "U.S. Bureau of Labor Statistics",
                "sentiment": "none"
            }
        ],
        "locations": []
    },
    "syndication": {
        "syndicated": false,
        "syndicate_id": null,
        "first_syndicated": false
    },
    "rating": null,
    "crawled": "2024-12-20T01:06:12.697+02:00",
    "updated": "2024-12-20T01:06:12.697+02:00"
}