{
    "thread": {
        "uuid": "e0223ac28ddf12fdeed10ece9e566551bd343218",
        "url": "https://tl.sharecast.com/balita/balita-at-anunsyo/goodwin-h1-profits-surge-on-nuclear-and-naval-contract-wins-18332652.html",
        "site_full": "tl.sharecast.com",
        "site": "sharecast.com",
        "site_section": "https://tl.sharecast.com/balita/lahat",
        "site_categories": [],
        "section_title": "Buong listahan ng mga kwento ayon sa kategorya Lahat - Sharecast.com",
        "title": "Ang kita ng Goodwin H1 ay tumaas sa mga panalo sa kontratang nuklear at pandagat",
        "title_full": "Ang kita ng Goodwin H1 ay tumaas sa mga panalo sa kontratang nuklear at pandagat",
        "published": "2024-12-17T12:28:00.000+02:00",
        "replies_count": 0,
        "participants_count": 1,
        "site_type": "news",
        "country": "GB",
        "main_image": "https://img5.s3wfg.com/web/img/images_uploaded/d/7/dl-goodwin-plc-mechanical-refractory-engineering-engineer-company-logo.jpg",
        "performance_score": 0,
        "domain_rank": 62132,
        "domain_rank_updated": "2024-12-09T23:00:00.000+02:00",
        "social": {
            "facebook": {
                "likes": 0,
                "comments": 0,
                "shares": 0
            },
            "vk": {
                "shares": 0
            }
        }
    },
    "uuid": "e0223ac28ddf12fdeed10ece9e566551bd343218",
    "url": "https://tl.sharecast.com/balita/balita-at-anunsyo/goodwin-h1-profits-surge-on-nuclear-and-naval-contract-wins-18332652.html",
    "ord_in_thread": 0,
    "parent_url": null,
    "author": "Iain Gilbert",
    "published": "2024-12-17T12:28:00.000+02:00",
    "title": "Ang kita ng Goodwin H1 ay tumaas sa mga panalo sa kontratang nuklear at pandagat",
    "text": "Ang kita ng Goodwin H1 ay tumaas sa mga panalo sa kontratang nuklear at pandagat\n[Goodwin Plc](https://tl.sharecast.com/katarungan/Goodwin_Plc)\n7,500.00p\n11:10 17/12/24\nEngineering and manufacturing firm Goodwin said on Tuesday that interim pre-tax profits had surged as a result of the successful execution of contracts in the nuclear and naval sectors.\n[FTSE All-Share](https://tl.sharecast.com/index/FTSE_Lahat-ng-Pagbabahagi)\n4,481.11\n11:10 17/12/24\n[FTSE Maliit na Cap](https://tl.sharecast.com/index/FTSE_Small_Cap)\n6,850.32\n11:10 17/12/24\n[Mga Pangkalahatang Industrial](https://tl.sharecast.com/index/Pangkalahatan_Industrial)\n7,537.73\n11:10 17/12/24\nGoodwin said pre-tax profits had grown 53% to £17.1m in the six months ended 31 October, while revenues rose from £97.6m to £106.4m.\nAdditionally, Goodwin said its forward order book had continued to strengthen and currently stood at £296.0m, up by £30.0m compared to the end of FY23.\n\"The significant growth in profitability and order book, both of which have more than doubled over the past three years, is primarily driven by the foundry and machine shop's success in securing and delivering high-integrity products for the nuclear decommissioning and naval vessel markets,\" said chairman Timothy Goodwin.\nAs of 1025 GMT, Goodwin shares were up 8.88% at 7,360.0p.\nPag-uulat ni Iain Gilbert sa Sharecast.com",
    "highlightText": "",
    "highlightTitle": "",
    "highlightThreadTitle": "",
    "language": "english",
    "sentiment": "positive",
    "categories": [
        "Economy, Business and Finance",
        "Human Interest",
        "Politics"
    ],
    "topics": [
        "Economy, Business and Finance->business reporting and performance",
        "Economy, Business and Finance->financial and economic news"
    ],
    "ai_allow": true,
    "canonical": false,
    "webz_reporter": false,
    "external_links": [],
    "external_images": [],
    "entities": {
        "persons": [],
        "organizations": [],
        "locations": []
    },
    "syndication": {
        "syndicated": false,
        "syndicate_id": null,
        "first_syndicated": false
    },
    "rating": null,
    "crawled": "2024-12-17T13:31:45.744+02:00",
    "updated": "2024-12-17T13:31:45.744+02:00"
}