{
    "thread": {
        "uuid": "8a4fb85cd0b2d4d090b8406a54038ef464392d33",
        "url": "https://thecryptobasic.com/2024/12/17/vaneck-ceo-says-bitcoin-could-reach-170k-in-2025-after-124-surge-in-2024-outshining-gold-and-us-stocks",
        "site_full": "thecryptobasic.com",
        "site": "thecryptobasic.com",
        "site_section": "https://www.thecryptobasic.com",
        "site_categories": [],
        "section_title": "The Crypto Basic- Latest Crypto News Today: Latest Cryptocurrency Market News in Real-Time.",
        "title": "VanEck CEO Says Bitcoin Could Reach $170K in 2025 After 124% Surge in 2024, Outshining Gold and US Stocks",
        "title_full": "VanEck CEO Says Bitcoin Could Reach $170K in 2025 After 124% Surge in 2024, Outshining Gold and US Stocks",
        "published": "2024-12-17T11:39:00.000+02:00",
        "replies_count": 0,
        "participants_count": 1,
        "site_type": "news",
        "country": "US",
        "main_image": "",
        "performance_score": 0,
        "domain_rank": 63566,
        "domain_rank_updated": "2024-12-09T23:00:00.000+02:00",
        "social": {
            "facebook": {
                "likes": 0,
                "comments": 0,
                "shares": 0
            },
            "vk": {
                "shares": 0
            }
        }
    },
    "uuid": "8a4fb85cd0b2d4d090b8406a54038ef464392d33",
    "url": "https://thecryptobasic.com/2024/12/17/vaneck-ceo-says-bitcoin-could-reach-170k-in-2025-after-124-surge-in-2024-outshining-gold-and-us-stocks",
    "ord_in_thread": 0,
    "parent_url": null,
    "author": "Abdulkarim Abdulwahab",
    "published": "2024-12-17T11:39:00.000+02:00",
    "title": "VanEck CEO Says Bitcoin Could Reach $170K in 2025 After 124% Surge in 2024, Outshining Gold and US Stocks",
    "text": "Jan van Eck, CEO of VanEck, has outlined a bold and forward-looking perspective on the Bitcoin and precious metals markets heading into 2025.\nIn a recent statement , the CEO highlighted that Bitcoin emerged as the undisputed leader in the 2024 financial market by delivering a staggering 124.4% year-to-date (YTD) return. This figure far outpaces traditional assets like gold and U.S. stocks, which both posted gains of 28.1%.\nMeanwhile, Jan van Eck predicts even brighter days ahead for Bitcoin in 2025. He projected the cryptocurrency could climb to $150,000–$170,000.\nBitcoin and Gold Lead the Pack A performance chart places Bitcoin at the forefront of the market in 2024. Gold followed at a distant 28.1%, buoyed by global central bank purchases and increasing de-dollarization trends.\nU.S. stocks kept pace with gold, while gold mining stocks trailed at 21%, and REITs posted 13.2%. Traditional assets like commodities, bonds, and international equities struggled, with most returns below 10%.\nPersistent Inflation and Fiscal Reckoning In his statement, Van Eck stressed that the U.S. economy is at a critical juncture, marked by persistent inflation and unsustainable fiscal spending.\nThe Federal Reserve’s “higher for longer” interest rate policy reflects the ongoing economic challenges, with inflation, particularly in services and wages, proving more stubborn than initially anticipated.\nWhile van Eck expects some short-term rate cuts, he warns that any sharp easing is unlikely unless the economy faces a severe contraction.\nVan Eck’s base case scenario includes a reduction of $500 billion in U.S. government spending by the incoming administration. However, he cautions that these cuts may not be enough to eliminate the deficit.\nInflation risks could increase without further action, leading to higher long-term interest rates and potential market volatility. As a result, Van Eck advises caution in U.S. equities, particularly large-cap stocks, which remain highly valued.\nBitcoin and Gold: Inflation Hedges for the Future As inflation continues to impact markets, Van Eck highlighted the growing significance of Bitcoin and gold as robust hedges against fiscal uncertainty.\nGold has benefitted from rising global demand, especially due to foreign central bank purchases. On the other hand, Bitcoin is benefiting from its halving event and its role as a decentralized store of value, with its appeal growing as investors seek alternatives to traditional financial systems.\nFor 2025, Van Eck’s investment strategy recommends reducing exposure to U.S. stocks and diversifying into inflation-hedging assets like Bitcoin and gold . He also advises considering alternatives such as short-duration fixed income and international equities to achieve a more balanced portfolio.",
    "highlightText": "",
    "highlightTitle": "",
    "highlightThreadTitle": "",
    "language": "english",
    "sentiment": "positive",
    "categories": [
        "Economy, Business and Finance",
        "Science and Technology",
        "Social Issue"
    ],
    "topics": [
        "Economy, Business and Finance->investment and opinion pieces",
        "Economy, Business and Finance->financial and economic news",
        "Science and Technology->economics"
    ],
    "ai_allow": true,
    "canonical": false,
    "webz_reporter": false,
    "external_links": [
        "https://pbs.twimg.com/media/Ge9o7HyWkAEYB7Q?format=jpg&name=large",
        "https://www.vaneck.com/us/en/blogs/investment-outlook/jan-van-eck-2025-outlook-at-the-doorstep-of-the-reckoning/",
        "https://www.vaneck.com/us/en/blogs/investment-outlook/jan-van-eck-2025-outlook-at-the-doorstep-of-the-reckoning",
        "https://www.pbs.twimg.com/media/Ge9o7HyWkAEYB7Q?format=jpg&name=large",
        "https://vaneck.com/us/en/blogs/investment-outlook/jan-van-eck-2025-outlook-at-the-doorstep-of-the-reckoning/",
        "https://pbs.twimg.com/media/Ge9o7HyWkAEYB7Q"
    ],
    "external_images": [],
    "entities": {
        "persons": [
            {
                "name": "Jan van Eck",
                "sentiment": "negative"
            }
        ],
        "organizations": [],
        "locations": []
    },
    "syndication": {
        "syndicated": false,
        "syndicate_id": null,
        "first_syndicated": false
    },
    "rating": null,
    "crawled": "2024-12-17T11:57:24.470+02:00",
    "updated": "2024-12-17T11:57:24.470+02:00"
}