{
    "thread": {
        "uuid": "bc32227e7a4089a97e3b8562282d653d75ec87b1",
        "url": "https://www.financemagnates.com/thought-leadership/fraud-fight-club-2-the-ultimate-battleground-against-financial-crime-returns",
        "site_full": "www.financemagnates.com",
        "site": "financemagnates.com",
        "site_section": "https://www.financemagnates.com/feed",
        "site_categories": [
            "financial_news",
            "finance"
        ],
        "section_title": "News &#8211; Finance Magnates | Financial and business news",
        "title": "Fraud Fight Club 2: The Ultimate Battleground Against Financial Crime Returns!",
        "title_full": "Fraud Fight Club 2: The Ultimate Battleground Against Financial Crime Returns!",
        "published": "2024-12-17T11:44:00.000+02:00",
        "replies_count": 0,
        "participants_count": 1,
        "site_type": "news",
        "country": "GB",
        "main_image": "https://images.financemagnates.com/images/Fraud%20Fight%20Club%202_id_13a4379d-f4a3-447f-88fb-a78959a8e1c2_size900.jpg",
        "performance_score": 0,
        "domain_rank": 10195,
        "domain_rank_updated": "2024-12-09T23:00:00.000+02:00",
        "social": {
            "facebook": {
                "likes": 0,
                "comments": 0,
                "shares": 0
            },
            "vk": {
                "shares": 0
            }
        }
    },
    "uuid": "bc32227e7a4089a97e3b8562282d653d75ec87b1",
    "url": "https://www.financemagnates.com/thought-leadership/fraud-fight-club-2-the-ultimate-battleground-against-financial-crime-returns",
    "ord_in_thread": 0,
    "parent_url": null,
    "author": "Finance Magnates Staff",
    "published": "2024-12-17T11:44:00.000+02:00",
    "title": "Fraud Fight Club 2: The Ultimate Battleground Against Financial Crime Returns!",
    "text": "April 1-2, 2025| In-Person Event\nThe fight against fraud just got fiercer. Fraud Fight Club 2 returns April 1-2, 2025, as the premier event for fraud prevention professionals. With over 30 expert-led sessions, this event is your chance to gain exclusive insights into the ever-evolving landscape of financial crime.\nEvent Snapshot:\n- 40+ Industry Experts: Hear from top anti-fraud leaders shaping the future of fraud prevention.\n- Over 1,000 Fraud Fighters Worldwide: Join a diverse community of financial institutions, fintechs, and anti-fraud innovators.\n- 20+ Solution Providers: Explore cutting-edge tools and technologies designed to tackle fraud head-on.\nFraud Fight Club 2 is designed for those on the frontlines of financial crime prevention, offering unique opportunities to deepen your expertise, collaborate with peers, and implement proven strategies to protect your organization.\nWhat to Expect:\n- Keynote Sessions from Industry Titans: Learn from leaders at the forefront of fraud prevention, including insights from regulatory bodies and global financial institutions.\n- Interactive Workshops: Dive deep into hands-on sessions tailored to AML, KYC, and fraud analytics.\n- Pitch Competition for Innovative Startups: Discover groundbreaking solutions presented by emerging companies.\nWho Should Attend?\nThis event caters to fraud, risk, and compliance professionals, including fraud analysts, data scientists, and decision-makers in financial services. Whether you’re battling fraud in bankingor fintech, Fraud Fight Club 2 has something for everyone.\nRegister Today!\nSecure your spot now by visiting www.fraudfightclub.com.\nAbout About-Fraud\nAbout-Fraud is the go-to resource for fraud prevention professionals, providing education, events, and connections to combat financial crime effectively.\nMedia Contact:\nGabriel Hutton\nEvents and Communications Manager\nAbout-Fraud\ngabriel@about-fraud.com\nBe part of the fight. Join the fraud prevention revolution at Fraud Fight Club 2!",
    "highlightText": "",
    "highlightTitle": "",
    "highlightThreadTitle": "",
    "language": "english",
    "sentiment": "positive",
    "categories": [
        "Economy, Business and Finance",
        "Social Issue",
        "Politics"
    ],
    "topics": [
        "Economy, Business and Finance->financial and economic news",
        "Economy, Business and Finance->business governance",
        "Social Issue->social problem",
        "Politics->government",
        "Politics->civil rights",
        "Politics->political process"
    ],
    "ai_allow": true,
    "canonical": false,
    "webz_reporter": false,
    "external_links": [],
    "external_images": [],
    "entities": {
        "persons": [],
        "organizations": [
            {
                "name": "Fraud Fight Club",
                "sentiment": "none"
            }
        ],
        "locations": []
    },
    "syndication": {
        "syndicated": false,
        "syndicate_id": null,
        "first_syndicated": false
    },
    "rating": null,
    "crawled": "2024-12-17T13:03:27.405+02:00",
    "updated": "2024-12-17T13:03:27.405+02:00"
}