{
    "thread": {
        "uuid": "32c06eef61fe6223cb056c27f4080edcca3bfc87",
        "url": "https://medicinehatnews.com/news/southern-alberta-news/2024/12/17/city-opens-call-for-two-grants",
        "site_full": "medicinehatnews.com",
        "site": "medicinehatnews.com",
        "site_section": "https://www.medicinehatnews.com",
        "site_categories": [
            "media"
        ],
        "section_title": "\n\tMedicine Hat News - Your News, All Day, Your WayMedicine Hat News &rsaquo; Your News, All Day, Your Way",
        "title": "City opens call for two grants",
        "title_full": "City opens call for two grants",
        "published": "2024-12-17T11:20:00.000+02:00",
        "replies_count": 0,
        "participants_count": 1,
        "site_type": "news",
        "country": "",
        "main_image": "",
        "performance_score": 0,
        "domain_rank": 116770,
        "domain_rank_updated": "2024-12-09T23:00:00.000+02:00",
        "social": {
            "facebook": {
                "likes": 0,
                "comments": 0,
                "shares": 0
            },
            "vk": {
                "shares": 0
            }
        }
    },
    "uuid": "32c06eef61fe6223cb056c27f4080edcca3bfc87",
    "url": "https://medicinehatnews.com/news/southern-alberta-news/2024/12/17/city-opens-call-for-two-grants",
    "ord_in_thread": 0,
    "parent_url": null,
    "author": "medicinehatnews",
    "published": "2024-12-17T11:20:00.000+02:00",
    "title": "City opens call for two grants",
    "text": "The City of Lethbridge on Monday announced an open call about two grants.\nOne is for organizations who help homelessness and the second for other non-profits in the city.\nThe federal government’s Reaching Home program is a community-based initiative focused on preventing and reducing homelessness across Canada.\nAndrew Malcolm, general manager of Community and Social Development for the City of Lethbridge, says they received a significant decrease in funding in the last two years, and while that standard across the nation, it caused many to advocate for more funding.\n“Many organizations, like ourselves, advocated to the federal government for increased funding. Through those efforts, in the federal budget this year, they announced some increases,” said Malcolm.\nWith the City of Lethbridge accepting the increase, it means more dollars are available to help prevent homelessness, which Malcolm says is desperately needed.\nBecause these funds are for the 2024/25 fiscal year, all allotted funds must be delivered to the community during the period of January 13 to March 31, 2025.\nMalcolm says the $300,000 Reaching Home funding will optimally go to one-time expenditures such as capital remodelling or equipment such as beds or other furnishings.\n“Any of the organizations in our community who provide emergency shelter, stabilization, transitional housing (and) affordable housing who are in need of some one-time capital purchase, potentially for beds, equipment, furnishings, materials that help that help them in the day to day in supporting those in our community that are experiencing homelessness, those would be great expenses to propose in this call,” said Malcolm.\nProposals for the Reaching Home Program must be submitted by 4 p.m. on Jan. 10.\nThe City also announced a $600,000 grant opportunity for registered non-profits within Lethbridge.\nMatthew Pitcher, of Community and Social Development, says the grant comes from previously underutilized grant funding.\n“Last week city council approved the Make Your Mark one-time grant opportunity funding framework, which will provide up to $600,000 of previously underutilized grant funding for this one-time call from projects.\nIn a news release, Mayor Blaine Hyggen says the City doesn’t like to see grant money unused as they know there are many projects throughout the city which can use the funding.\n“This type of funding was intended to be used for projects of this nature, so rather than see this money go unused, we’re pleased to see the Make Your Mark grant criteria shaped to make the funds available for the community,” said Hyggen\nOrganizations applying for the grand could receive up to 100 per cent of a maximum of $50,000 for any project which increases inclusion, diversity, equity and accessibility of community services.\nWith the grant being competitive, Pitcher says the city will be prioritizing organizations who provide the greatest impact to the community.\nApplications for the Make Your Mark grant will be open until March 31.",
    "highlightText": "",
    "highlightTitle": "",
    "highlightThreadTitle": "",
    "language": "english",
    "sentiment": "positive",
    "categories": [
        "Economy, Business and Finance",
        "Social Issue",
        "Politics"
    ],
    "topics": [
        "Economy, Business and Finance->financial and economic news",
        "Economy, Business and Finance->business governance",
        "Economy, Business and Finance->human resources",
        "Social Issue->homelessness",
        "Social Issue->social services",
        "Politics->government",
        "Politics->government policy",
        "Politics->local government and authority"
    ],
    "ai_allow": true,
    "canonical": false,
    "webz_reporter": false,
    "external_links": [],
    "external_images": [],
    "entities": {
        "persons": [
            {
                "name": "Andrew Malcolm",
                "sentiment": "none"
            }
        ],
        "organizations": [
            {
                "name": "Social Development",
                "sentiment": "none"
            }
        ],
        "locations": []
    },
    "syndication": {
        "syndicated": false,
        "syndicate_id": null,
        "first_syndicated": false
    },
    "rating": null,
    "crawled": "2024-12-17T13:32:12.843+02:00",
    "updated": "2024-12-17T13:32:12.843+02:00"
}