{
    "thread": {
        "uuid": "593c0de7cd27890d5eb9a6165cb5fbdef12e17dc",
        "url": "https://www.businessupturn.com/finance/stock-market/coromandel-international-stock-hits-new-52-week-high-after-company-partners-with-mahindra-krish-e",
        "site_full": "www.businessupturn.com",
        "site": "businessupturn.com",
        "site_section": "https://www.golf.einnews.com/live_feed",
        "site_categories": [
            "media"
        ],
        "section_title": "Live Feed Wire - Golf News Today - EIN Presswire",
        "title": "Coromandel International stock hits new 52-week high after company partners with Mahindra Krish-e",
        "title_full": "Coromandel International stock hits new 52-week high after company partners with Mahindra Krish-e",
        "published": "2024-12-17T06:23:00.000+02:00",
        "replies_count": 0,
        "participants_count": 1,
        "site_type": "news",
        "country": "US",
        "main_image": "https://images.businessupturn.com/wp-content/uploads/2020/07/coromandel-1024x576.jpg",
        "performance_score": 0,
        "domain_rank": 135553,
        "domain_rank_updated": "2024-12-09T23:00:00.000+02:00",
        "social": {
            "facebook": {
                "likes": 0,
                "comments": 0,
                "shares": 0
            },
            "vk": {
                "shares": 0
            }
        }
    },
    "uuid": "593c0de7cd27890d5eb9a6165cb5fbdef12e17dc",
    "url": "https://www.businessupturn.com/finance/stock-market/coromandel-international-stock-hits-new-52-week-high-after-company-partners-with-mahindra-krish-e",
    "ord_in_thread": 0,
    "parent_url": null,
    "author": "Aman Shukla",
    "published": "2024-12-17T06:23:00.000+02:00",
    "title": "Coromandel International stock hits new 52-week high after company partners with Mahindra Krish-e",
    "text": "Coromandel International shares surged nearly 2%, reaching a new 52-week high of Rs 1,855.00 after announcing a partnership with Mahindra & Mahindra’s Farm Equipment Sector (FES).\nCoromandel International’s shares opened at ₹1,825.00, with a high of ₹1,855.00 and a low of ₹1,811.70 today. The stock’s new 52-week high is ₹1,855.00 and the 52-week low stands at ₹1,024.60.\nThe collaboration under the Krish-e platform will expand Coromandel’s Gromor Drive drone spraying services to farmers across India, currently operational in seven states.\nThe service stands out due to Coromandel’s integration with its subsidiary, Dhaksha Unmanned Systems, which ensures reliable drone supply, trained pilots, and consistent service support. The partnership enhances accessibility via Mahindra’s ‘Krish-e Kheti Ke Liye App,’ offering tech-driven solutions to improve agricultural productivity and income for farmers.\nThis strategic collaboration positions Coromandel at the forefront of sustainable farming innovation, benefiting both Indian farmers and the agricultural ecosystem.\nAs of 12:22 pm, Coromandel International shares were trading 1.18% higher at Rs 1,840.75 on the NSE.\nDisclaimer: The information provided is for informational purposes only and should not be considered financial or investment advice. Stock market investments are subject to market risks. Always conduct your own research or consult a financial advisor before making investment decisions. Author or Business Upturn is not liable for any losses arising from the use of this information.",
    "highlightText": "",
    "highlightTitle": "",
    "highlightThreadTitle": "",
    "language": "english",
    "sentiment": "positive",
    "categories": [
        "Economy, Business and Finance",
        "Science and Technology"
    ],
    "topics": [
        "Economy, Business and Finance->business reporting and performance",
        "Economy, Business and Finance->financial and economic news",
        "Science and Technology->economics",
        "Science and Technology->agricultural technology"
    ],
    "ai_allow": true,
    "canonical": false,
    "webz_reporter": false,
    "external_links": [],
    "external_images": [],
    "entities": {
        "persons": [],
        "organizations": [
            {
                "name": "Mahindra Krish-e Coromandel International",
                "sentiment": "none"
            },
            {
                "name": "Dhaksha Unmanned Systems",
                "sentiment": "none"
            },
            {
                "name": "Mahindra & Mahindra",
                "sentiment": "none"
            }
        ],
        "locations": []
    },
    "syndication": {
        "syndicated": false,
        "syndicate_id": null,
        "first_syndicated": false
    },
    "rating": null,
    "crawled": "2024-12-17T12:12:07.595+02:00",
    "updated": "2024-12-17T12:51:22.198+02:00"
}