{
    "thread": {
        "uuid": "fa1d87bb6df8740c4390d4e0e84852920ab4b771",
        "url": "https://www.news-journal.com/prnewsfoto-dpc-dash-ltd/image_df076e68-3763-5b9d-870b-0e0cada6d596.html",
        "site_full": "www.news-journal.com",
        "site": "news-journal.com",
        "site_section": "https://www.news-journal.com/search/",
        "site_categories": [
            "media"
        ],
        "section_title": "Search | news-journal.com",
        "title": "(PRNewsfoto/DPC Dash Ltd) | | news-journal.com",
        "title_full": "(PRNewsfoto/DPC Dash Ltd) | | news-journal.com",
        "published": "2024-12-17T07:00:00.000+02:00",
        "replies_count": 0,
        "participants_count": 1,
        "site_type": "news",
        "country": "US",
        "main_image": "https://bloximages.newyork1.vip.townnews.com/news-journal.com/content/tncms/assets/v3/editorial/d/f0/df076e68-3763-5b9d-870b-0e0cada6d596/66bb2b2eb75fe.image.jpg?crop=779%2C409%2C278%2C0&amp;resize=779%2C409&amp;order=crop%2Cresize",
        "performance_score": 0,
        "domain_rank": 18007,
        "domain_rank_updated": "2024-12-09T23:00:00.000+02:00",
        "social": {
            "facebook": {
                "likes": 0,
                "comments": 0,
                "shares": 0
            },
            "vk": {
                "shares": 0
            }
        }
    },
    "uuid": "fa1d87bb6df8740c4390d4e0e84852920ab4b771",
    "url": "https://www.news-journal.com/prnewsfoto-dpc-dash-ltd/image_df076e68-3763-5b9d-870b-0e0cada6d596.html",
    "ord_in_thread": 0,
    "parent_url": null,
    "author": "DPC Dash Ltd",
    "published": "2024-12-17T07:00:00.000+02:00",
    "title": "(PRNewsfoto/DPC Dash Ltd) | | news-journal.com",
    "text": "(PRNewsfoto/DPC Dash Ltd) - By DPC Dash Ltd - Updated As featured on Revenues increased to RMB2.04 billion, representing 48.3% year-over-year growth HONG KONG, Sept. 26, 2024 /PRNewswire/ -- DPC Dash – Domino's Pizza China (\"DPC Dash\" or the \"Company\") (1405.HK), Domino's Pizza's exclusive master franchisee in the China Mainland, the Hong Kong Special Administrative Region of China, and the Macau Special Administrative Region of China, today released its 2024 Interim Report. [ DPC Dash - Domino's Pizza China Continues to Unleash Massive Market Potential with Sustainable 4D Strategy](/dpc-dash---dominos-pizza-china-continues-to-unleash-massive-market-potential-with-sustainable/article_821c1700-cb57-56cf-ba3e-66d072ac0561.html) HONG KONG, Oct. 9, 2024 /PRNewswire/ -- DPC Dash – Domino's Pizza China (\"DPC Dash\" or the \"Company\") (1405.HK), Domino's Pizza's exclusive master franchisee in the China Mainland, the Hong Kong Special Administrative Region of China, and the Macau Special Administrative Region of China, continued to capitalize on significant growth opportunities in the third quarter of 2024, driving success in the underserved Chinese pizza market. Most Popular Articles [These new Texas laws go into effect in 2025](/news/state/these-new-texas-laws-go-into-effect-in-2025/article_7c4472e4-b988-11ef-ab1a-8b90aba2b867.html)[Mountain lion in Longview? State wildlife officials perplexed by big cat hit by police car](/premium/mountain-lion-in-longview-state-wildlife-officials-perplexed-by-big-cat-hit-by-police-car/article_9c433ae4-b816-11ef-96fa-1bee5cfe2b27.html)[BREAKING: No shooting at Longview Mall; no crime committed, and no one injured, police confirm](/news/local/breaking-no-shooting-at-longview-mall-no-crime-committed-and-no-one-injured-police-confirm/article_790a9d7a-bbee-11ef-b184-c7abfe11ce8f.html)[Marriage licenses: Dec. 2-6, 2024](/news/public_record/marriage-licenses-dec-2-6-2024/article_3c79bdec-b670-11ef-ac9a-23fdaa66255a.html)[Divorces granted: Dec. 2-6, 2024](/news/public_record/divorces-granted-dec-2-6-2024/article_c36cfb6a-b72a-11ef-a909-afe7b3631322.html)[East Texas teacher charged with improper relationship with student, possession of child porn](/news/local/east-texas-teacher-charged-with-improper-relationship-with-student-possession-of-child-porn/article_efb0ba3c-b832-11ef-b9a3-bb9dfafbfca5.html)[On horseback journey from Oklahoma-Kansas line, 'America's Amputee' stops in East Texas](/news/local/on-horseback-journey-from-oklahoma-kansas-line-americas-amputee-stops-in-east-texas/article_842f0816-b1ea-11ef-9dcb-fb1f0cf8b975.html)[Longview council votes against expanding Heritage Plaza through property purchase](/news/local/longview-council-votes-against-expanding-heritage-plaza-through-property-purchase/article_f9283392-b8fa-11ef-88f7-fb2dbf6f4225.html)[Gregg County spay/neuter program receives $65K donation](/news/local/gregg-county-spay-neuter-program-receives-65k-donation/article_e4603424-b994-11ef-b37e-83d9b4d71799.html)['It's so fun': Longview Museum of Fine Arts opens Holiday Tea Room and Christmas Market](/news/local/its-so-fun-longview-museum-of-fine-arts-opens-holiday-tea-room-and-christmas-market/article_1dfeb2be-b738-11ef-90f1-4bef615845a3.html)",
    "highlightText": "",
    "highlightTitle": "",
    "highlightThreadTitle": "",
    "language": "english",
    "sentiment": "positive",
    "categories": [
        "Economy, Business and Finance"
    ],
    "topics": [
        "Economy, Business and Finance->financial and economic news"
    ],
    "ai_allow": false,
    "canonical": false,
    "webz_reporter": false,
    "external_links": [],
    "external_images": [],
    "entities": {
        "persons": [],
        "organizations": [
            {
                "name": "DPC Dash Ltd",
                "sentiment": "negative"
            },
            {
                "name": "Macau Special Administrative Region of China",
                "sentiment": "none"
            },
            {
                "name": "China Mainland",
                "sentiment": "none"
            }
        ],
        "locations": []
    },
    "syndication": {
        "syndicated": false,
        "syndicate_id": null,
        "first_syndicated": false
    },
    "rating": null,
    "crawled": "2024-12-17T12:11:04.674+02:00",
    "updated": "2024-12-17T12:11:04.674+02:00"
}