{
    "thread": {
        "uuid": "ea0b6dc04055933c569470403ad4510adfb5cde3",
        "url": "https://www.latestnigeriannews.com/p/4083076/tanzania-summit-fg-unveils-national-energy-compact-to-close-energy-gap.html",
        "site_full": "www.latestnigeriannews.com",
        "site": "latestnigeriannews.com",
        "site_section": "http://www.latestnigeriannews.com/feed/allnews/rss.xml",
        "site_categories": [
            "media"
        ],
        "section_title": "Latest Nigerian News Headlines",
        "title": "Tanzania Summit: FG Unveils National Energy Compact To Close Energy Gap",
        "title_full": "Tanzania Summit: FG Unveils National Energy Compact To Close Energy Gap",
        "published": "2025-01-30T13:33:00.000+02:00",
        "replies_count": 0,
        "participants_count": 1,
        "site_type": "news",
        "country": "NG",
        "main_image": "",
        "performance_score": 0,
        "domain_rank": 73735,
        "domain_rank_updated": "2025-01-27T23:00:00.000+02:00",
        "social": {
            "facebook": {
                "likes": 0,
                "comments": 0,
                "shares": 0
            },
            "vk": {
                "shares": 0
            }
        }
    },
    "uuid": "ea0b6dc04055933c569470403ad4510adfb5cde3",
    "url": "https://www.latestnigeriannews.com/p/4083076/tanzania-summit-fg-unveils-national-energy-compact-to-close-energy-gap.html",
    "ord_in_thread": 0,
    "parent_url": null,
    "author": "Latestnigeriannews",
    "published": "2025-01-30T13:33:00.000+02:00",
    "title": "Tanzania Summit: FG Unveils National Energy Compact To Close Energy Gap",
    "text": "-- External Links --\nPunch\nVanguard\nThisday\nGuardian\nDaily Sun\nThe Nation\nDaily Independent\nLeadership\nTribune\nNational Mirror\nDaily Trust\nDaily Times\nBusinessDay\nSahara Reporters\nPremium Times\nPM News\nTori\nLinda Ikeji\nBella Naija\nNairaland\nCNN\nBBC\nAljazeera\nGoal\nAfrican Football\nBleacher Report\n90min\nComplete Sports\n|\n|\n|\n|\n|\n|\n|\n|\n|\n|\n|\n|\n|\n|\n|\n|\n|\n|\n|\n|\nViewing Mode:\nMedium\nVanguard\nPunch\nGuardian\nThisday\nDaily Sun\nLeadership\nTribune\nDaily Trust\nDaily Times\nDaily Independent\nThe Nation\nNational Mirror\nBusinessDay\nSahara Reporters\nSports\nEntertainment\nWorld\nTechnology\nBusiness\nPolitics\nFeatures\nColumns\nNigerian Jobs\nDay\n01\n02\n03\n04\n05\n06\n07\n08\n09\n10\n11\n12\n13\n14\n15\n16\n17\n18\n19\n20\n21\n22\n23\n24\n25\n26\n27\n28\n29\n30\n31\nMonth\nJan\nFeb\nMar\nApr\nMay\nJun\nJul\nAug\nSep\nOct\nNov\nDec\nYear\n2024\n2023\n2022\n2021\n2020\n2019\n2018\n2017\n2016\n2015\n2014\n2013\n2012\n2011\nArchive:\nEntertainment Headlines Today\n[Thu-30-Jan-2025]\n-\n-\n-\n-\n-\n-\n-\n-\n-\nClick to view all Entertainment headlines today\nSports Headlines Today\n[Thu-30-Jan-2025]\n-\n-\n-\n-\n-\n-\n-\n-\n-\nClick to view all Sports headlines today\nTanzania Summit: FG Unveils National Energy Compact To Close Energy Gap\nPublished by\nNew Telegraph\non Thu, 30 Jan 2025\nShareOutlines $23.2 billion Investment Target To Mobilize $15.5 billion In Private Investment To Drive Last-Mile Electrification The Federal Government has unveiled an ambitious energy access programme that will see to the transformation of the nations energy sector. This was contained in a statement issued on Thursday by the Special Adviser to the Minister on Strategic...The post Tanzania Summit: FG Unveils National Energy Compact To Close Energy Gap appeared first on New Telegraph.\nClick here to read full news..\nAll Channels\nNigerian Dailies:\nPunch\n|\nVanguard\n|\nThe Nation\n|\nThisday\n|\nDaily Sun\n|\nGuardian\n|\nDaily Times\n|\nDaily Trust\n|\nDaily Independent\n|\nThe Herald\n|\nTribune\n|\nLeadership\n|\nNational Mirror\n|\nBusinessDay\n|\nNew Telegraph\n|\nPeoples Daily\n|\nBlueprint\n|\nNigerian Pilot\n|\nSahara Reporters\n|\nPremium Times\n|\nThe Cable\n|\nPM News\n|\nAPO Africa Newsroom\nCategories Today:\nWorld\n|\nSports\n|\nTechnology\n|\nEntertainment\n|\nBusiness\n|\nPolitics\n|\nColumns\n|\nAll Headlines Today\nEntertainment (Local):\nLinda Ikeji\n|\nBella Naija\n|\nTori\n|\nDaily News 24\n|\nPulse\n|\nThe NET\n|\nDailyPost\n|\nInformation Nigeria\n|\nGistlover\n|\nLailas Blog\n|\nMiss Petite\n|\nOlufamous\n|\nStella Dimoko Korkus Blog\n|\nYnaija\n|\nAll Entertainment News Today\nEntertainment (World):\nTMZ\n|\nDaily Mail\n|\nHuffington Post\nSports:\nGoal\n|\nAfrican Football\n|\nBleacher Report\n|\nFTBpro\n|\nKickoff\n|\nAll Sports Headlines Today\nBusiness & Finance:\nNairametrics\n|\nNigerian Tenders\n|\nBusiness Insider\n|\nForbes\n|\nEntrepreneur\n|\nThe Economist\n|\nBusinessTech\n|\nFinancial Watch\n|\nBusinessDay\n|\nAll Business News Headlines Today\nTechnology (Local):\nTechpoint\n|\nTechMoran\n|\nTechCity\n|\nInnovation Village\n|\nIT News Africa\n|\nTechnology Times\n|\nTechnext\n|\nTechcabal\n|\nAll Technology News Headlines Today\nTechnology (World):\nTechcrunch\n|\nTechmeme\n|\nSlashdot\n|\nWired\n|\nHackers News\n|\nEngadget\n|\nPocket Lint\n|\nThe Verge\nInternational Networks:\n|\nCNN\n|\nBBC\n|\nAl Jazeera\n|\nYahoo\nForum:\n|\nNairaland\n|\nNaij\nOther Links:\nHome\n|\nNigerian Jobs\nHome\n|\nAbout Us\n|\nContact Us\n|\nDisclaimer\n|\nPrivacy Policy\n|\nCopyright\n|\nSubscribe To News Alert\n|\nFacebook\n|\nTwitter\nAll trademarks and copyrights on this page are owned by their respective owners\nCopyright © 2025. latestnigeriannews.com - All rights reserved",
    "highlightText": "",
    "highlightTitle": "",
    "highlightThreadTitle": "",
    "language": "english",
    "sentiment": "positive",
    "categories": [
        "Economy, Business and Finance",
        "Politics"
    ],
    "topics": [
        "Economy, Business and Finance->financial and economic news",
        "Economy, Business and Finance->business governance",
        "Economy, Business and Finance->energy and resource",
        "Politics->political development",
        "Politics->economic policy",
        "Politics->government policy"
    ],
    "ai_allow": true,
    "has_canonical": false,
    "breaking": false,
    "webz_reporter": false,
    "external_links": [],
    "external_images": [],
    "entities": {
        "persons": [],
        "organizations": [],
        "locations": []
    },
    "syndication": {
        "syndicated": false,
        "syndicate_id": null,
        "first_syndicated": false
    },
    "trust": null,
    "rating": null,
    "crawled": "2025-01-31T00:12:27.861+02:00",
    "updated": "2025-01-31T00:12:27.861+02:00"
}