{
    "thread": {
        "uuid": "73dda2a4ea5331702ce494d11df9688d7f2f82b6",
        "url": "https://euroweeklynews.com/2025/01/30/owe-more-than-e10k-spains-new-law-could-erase-your-tax-debt",
        "site_full": "euroweeklynews.com",
        "site": "euroweeklynews.com",
        "site_section": "https://news.google.com/search?q=your%20when%3A1h&hl=en-US&gl=US&ceid=US%3Aen",
        "site_categories": [],
        "section_title": "Google News - Search",
        "title": "Spain's new law could erase your tax debts « Euro Weekly News",
        "title_full": "Spain's new law could erase your tax debts « Euro Weekly News",
        "published": "2025-01-31T00:16:16.967+02:00",
        "replies_count": 0,
        "participants_count": 1,
        "site_type": "news",
        "country": "ES",
        "main_image": "https://cdn.euroweeklynews.com/wp-content/uploads/2025/01/Haciendas-10K-debt-loophole-find-out-if-youre-eligible-for-a-tax-write-off.jpg",
        "performance_score": 0,
        "domain_rank": 10770,
        "domain_rank_updated": "2025-01-27T23:00:00.000+02:00",
        "social": {
            "facebook": {
                "likes": 0,
                "comments": 0,
                "shares": 0
            },
            "vk": {
                "shares": 0
            }
        }
    },
    "uuid": "73dda2a4ea5331702ce494d11df9688d7f2f82b6",
    "url": "https://euroweeklynews.com/2025/01/30/owe-more-than-e10k-spains-new-law-could-erase-your-tax-debt",
    "ord_in_thread": 0,
    "parent_url": null,
    "author": "Marc Menendez-Roche",
    "published": "2025-01-31T00:16:16.967+02:00",
    "title": "Spain's new law could erase your tax debts « Euro Weekly News",
    "text": "Owe more than €10K? Spain’s recent tweaks to the Second Chance Law could erase your tax debt. In a surprising twist that has taxpayers across the nation cheering, Spain’s tax authority also known as the Agencia Tributaria, or Hacienda – is rolling out a debt forgiveness scheme that could wipe the slate clean for many. Whether you’re grappling with a minor misstep or a hefty hangover from your finances, there could be hope on the horizon.\nHacienda will write off tiny debts If your tax debt is less than a cheeky three euros, the Tax Agency is prepared to let it slip away entirely. That’s right – wave goodbye to debts so tiny they might barely warrant a second glance. It’s the perfect opportunity to tidy up those minor oversights without the hassle.\nWhat about big debts? But what if your debt isn’t pint-sized? If your owing surpasses the hefty mark of 10,000 euros, there might still a silver lining. Under certain conditions, the taxman is willing to forgive the debt in full, as long as you meet specific requirements. It’s a lifeline for those who’ve found themselves tangled in more serious financial knots. It’s called the Second Chance Law .\nAs always, conditions apply Of course, the Second Chance Law is not a free-for-all. To qualify for this generous scheme from the Spanish inland revenue, taxpayers must meet the requirements.\nTo qualify, you must be a legal resident in Spain and have at least two debts with different creditors. Also, you must lack the financial means to cover the debts and have no criminal convictions for financial offences.\nIt’s a strategic move by the Agencia Tributaria to ease the burden on taxpayers and promote financial stability across the board.\nHow to find out more about the Second Chance Law If you think you might qualify, it’s time to act fast. Reach out to the Agencia Tributaria to explore your options and see if you can be part of this debt forgiveness scheme. A good lawyer is always an asset in these cases, so it might be worth consulting one if possible. Whether it’s a small slip or a big blunder, there’s a path to clearing your dues and reclaiming your peace of mind.\nStay tuned for more from the Euro Weekly News.\nGet more news from around Spain .\nRead more news in English from around Europe .\nTags: , , , Share this story\nSign up for personalised news Subscribe to our Euro Weekly News alerts to get the latest stories into your inbox!\nDaily Weekly By signing up, you will create a Euro Weekly News account if you don't already have one. Review our Privacy Policy for more information about our privacy practices.\nWritten by Marc Menendez-Roche Marc is a writer, teacher, and language enthusiast. With a background in business and legal communication and an interest in educational neuroscience, Marc has spent over a decade teaching and writing. Now, as part of the team at Euro Weekly News, Marc enjoys diving into entertaining topics and stories that matter to the community. When he's not writing, Marc loves practising martial arts, playing football, cooking up a storm in the kitchen, or spending quality time with friends and family, but above all, Marc enjoys spending time with his son, Macson.\nComments",
    "highlightText": "",
    "highlightTitle": "",
    "highlightThreadTitle": "",
    "language": "english",
    "sentiment": "positive",
    "categories": [
        "Economy, Business and Finance"
    ],
    "topics": [
        "Economy, Business and Finance->financial and economic news"
    ],
    "ai_allow": true,
    "has_canonical": false,
    "breaking": true,
    "webz_reporter": false,
    "external_links": [
        "https://sede.agenciatributaria.gob.es/Sede/en_gb/inicio.html",
        "https://www.sede.agenciatributaria.gob.es/Sede/en_gb/inicio.html"
    ],
    "external_images": [],
    "entities": {
        "persons": [],
        "organizations": [],
        "locations": []
    },
    "syndication": {
        "syndicated": false,
        "syndicate_id": null,
        "first_syndicated": false
    },
    "trust": null,
    "rating": null,
    "crawled": "2025-01-31T00:16:16.967+02:00",
    "updated": "2025-01-31T00:16:16.967+02:00"
}