{
    "thread": {
        "uuid": "90d66a4895e872ff9f3679691965621090cf2f76",
        "url": "https://www.urdupoint.com/en/business/govts-prudent-policies-result-in-sharp-decli-1915103.html",
        "site_full": "www.urdupoint.com",
        "site": "urdupoint.com",
        "site_section": "https://www.urdupoint.com/en/news/business.html",
        "site_categories": [
            "media",
            "religion",
            "books_and_literature",
            "islam",
            "entertainment"
        ],
        "section_title": "Pakistan Business News - Finance News, Stock Market News, Today Currency Updates, Gold Rates Bitcoin News",
        "title": "Govts Prudent Policies Result In Sharp Decline In Inflation Rate - UrduPoint",
        "title_full": "Govts Prudent Policies Result In Sharp Decline In Inflation Rate - UrduPoint",
        "published": "2025-01-30T17:20:00.000+02:00",
        "replies_count": 0,
        "participants_count": 1,
        "site_type": "news",
        "country": "PK",
        "main_image": "https://photo-cdn.urdupoint.com/media/2025/01/_2/740x404/pic_1738250417.jpg",
        "performance_score": 0,
        "domain_rank": 19157,
        "domain_rank_updated": "2025-01-27T23:00:00.000+02:00",
        "social": {
            "facebook": {
                "likes": 0,
                "comments": 0,
                "shares": 0
            },
            "vk": {
                "shares": 0
            }
        }
    },
    "uuid": "90d66a4895e872ff9f3679691965621090cf2f76",
    "url": "https://www.urdupoint.com/en/business/govts-prudent-policies-result-in-sharp-decli-1915103.html",
    "ord_in_thread": 0,
    "parent_url": null,
    "author": "Faizan Hashmi",
    "published": "2025-01-30T17:20:00.000+02:00",
    "title": "Govts Prudent Policies Result In Sharp Decline In Inflation Rate - UrduPoint",
    "text": "Faizan Hashmi Published January 30, 2025 | 08:20 PM\nThe prudent policies, administrative measures and relief measures implemented by the government helped in effectively curb inflationary pressures amid significant drop in the inflation rate and price of essential items\nISLAMABAD, (UrduPoint / Pakistan Point News - 30th Jan, 2025) The prudent policies, administrative measures and relief measures implemented by the government helped in effectively curb inflationary pressures amid significant drop in the inflation rate and price of essential items.\nInflation during the first six months of FY2024-25 (July-December) declined to 7.2% compared to 28.8% in the same period last year, said the Ministry of Finance in a press statement issued here.\nIn December 2024, inflation was recorded at 4.1%, the lowest in 80 months (since April 2018, when it stood at 3.96%).\nThe sharp decline in inflation is attributed to exchange rate stability, prudent fiscal management, and improved supply arrangements for essential commodities. Strict action against illegal foreign exchange companies, smuggling, and hoarding has helped stabilize the exchange rate, boost market confidence, and ensure a steady supply of goods, it added.\nThe Sensitive Price Index (SPI), which tracks the weekly price movement of 51 essential items, has shown a continuous decline over the last four weeks of January 2025.\nIn the week ending on 23rd January 2025, the SPI decreased by 0.77%. During this period, prices of 12 items decreased, 14 increased, and 25 remained stable, indicating overall stability or a downward trend in the prices of essential goods.\nThe Economic Coordination Committee (ECC) had observed an abnormal increase in the prices of pulses and chicken in early November and took corrective measures. As a result , the price of gram pulse declined by Rs 52.5 per kg (from Rs 411.3 to Rs 358.8), and mash pulse decreased by Rs 37.4 per kg (from Rs 528.3 to Rs 490.9).\nSimilarly, chicken prices dropped by Rs 20.1 per kg (from Rs 460.6 to Rs 440.5), and the price of a 20kg wheat flour bag fell significantly from Rs 2816.5 to Rs 1794.3, a reduction of Rs 1022.2.\nOver the past four weeks, significant price reductions have been observed in tomatoes, potatoes, pulses, eggs, and LPG.",
    "highlightText": "",
    "highlightTitle": "",
    "highlightThreadTitle": "",
    "language": "english",
    "sentiment": "positive",
    "categories": [
        "Economy, Business and Finance",
        "Social Issue"
    ],
    "topics": [
        "Economy, Business and Finance->financial and economic news",
        "Economy, Business and Finance->macro economics",
        "Social Issue->social condition",
        "Social Issue->poverty"
    ],
    "ai_allow": true,
    "has_canonical": false,
    "breaking": false,
    "webz_reporter": false,
    "external_links": [],
    "external_images": [],
    "entities": {
        "persons": [],
        "organizations": [],
        "locations": []
    },
    "syndication": {
        "syndicated": false,
        "syndicate_id": null,
        "first_syndicated": false
    },
    "trust": null,
    "rating": null,
    "crawled": "2025-01-31T00:21:39.041+02:00",
    "updated": "2025-01-31T00:21:39.041+02:00"
}