{
    "thread": {
        "uuid": "e21211e1edd0deb770055a97a7d91e97046016fc",
        "url": "https://www.cnbctv18.com/market/earnings/bank-of-baroda-q3-results-net-profit-rises-interest-income-asset-quality-bad-loans-shares-price-19549209.htm",
        "site_full": "www.cnbctv18.com",
        "site": "cnbctv18.com",
        "site_section": "https://www.cnbctv18.com/photos/market",
        "site_categories": [
            "media",
            "financial_news",
            "finance"
        ],
        "section_title": "Business News Today - Read Business News, India News, LIVE Share Market News Updates, Economy, Sensex, NIFTY News",
        "title": "Bank of Baroda Q3 results: Net profit rises 6%, net interest income 3% up",
        "title_full": "Bank of Baroda Q3 results: Net profit rises 6%, net interest income 3% up",
        "published": "2025-01-30T13:55:00.000+02:00",
        "replies_count": 0,
        "participants_count": 1,
        "site_type": "news",
        "country": "IN",
        "main_image": "https://images.cnbctv18.com/uploads/2024/07/bank-of-baroda-2024-07-20eb5a9dd6e96ee9df4fef7d74e6a4f3.jpg?im=FitAndFill,width=500,height=300",
        "performance_score": 0,
        "domain_rank": 5620,
        "domain_rank_updated": "2025-01-27T23:00:00.000+02:00",
        "social": {
            "facebook": {
                "likes": 1,
                "comments": 0,
                "shares": 1
            },
            "vk": {
                "shares": 0
            }
        }
    },
    "uuid": "e21211e1edd0deb770055a97a7d91e97046016fc",
    "url": "https://www.cnbctv18.com/market/earnings/bank-of-baroda-q3-results-net-profit-rises-interest-income-asset-quality-bad-loans-shares-price-19549209.htm",
    "ord_in_thread": 0,
    "parent_url": null,
    "author": "@CNBCTV18Live",
    "published": "2025-01-30T13:55:00.000+02:00",
    "title": "Bank of Baroda Q3 results: Net profit rises 6%, net interest income 3% up",
    "text": "2 Min Read\nBank of Baroda reported a 5.6% year-on-year (YoY) rise in net profit to ₹4,837 crore in Q3FY25, up from ₹4,579 crore in the same quarter last year.\nThe net interest income (NII) grew 2.8% YoY to ₹11,417 crore, compared to ₹11,101 crore in Q3FY24.\nSequentially, net profit dropped 7.6% from ₹5,238 crore in Q2FY25.\nNII also declined 1.76% from ₹11,622 crore in the previous quarter.\nThe total income of the bank increased to ₹34,676 crore in the third quarter of the current financial year from ₹31,416 crore in the year-ago period, Bank of Baroda said in a regulatory filing.\nBank of Baroda’s operating profit rose to ₹7,664 crore in Q3FY25, up from ₹7,015 crore in the same quarter last year. On the asset quality front, the bank’s gross non-performing assets (NPAs) ratio improved to 2.43%, compared to 3.08% in Q3FY24.\nNet NPAs also decreased to 0.59% from 0.7% a year ago, reflecting stronger asset management.\nThe bank’s provisions excluding taxes, however, increased significantly, rising to ₹1,082 crore in Q3FY25 from ₹666 crore in the same quarter last year.\nThe bank’s global advances surged by 11.8% YoY in Q3FY25, driven by strong growth in the retail loan portfolio.\nOrganic retail advances grew by 19.5%, with notable increases in key sectors: auto loans (21.1%), home loans (16.6%), mortgage loans (16.3%), and education loans (16.9%).\nThe Capital Adequacy Ratio (CAR) saw a decline to 14.72% from 15.96% in Q3FY24.\nCompany | Value | Change | %Change |\n---|\nThe net interest income (NII) grew 2.8% YoY to ₹11,417 crore, compared to ₹11,101 crore in Q3FY24.\nSequentially, net profit dropped 7.6% from ₹5,238 crore in Q2FY25.\nNII also declined 1.76% from ₹11,622 crore in the previous quarter.\nThe total income of the bank increased to ₹34,676 crore in the third quarter of the current financial year from ₹31,416 crore in the year-ago period, Bank of Baroda said in a regulatory filing.\nBank of Baroda’s operating profit rose to ₹7,664 crore in Q3FY25, up from ₹7,015 crore in the same quarter last year. On the asset quality front, the bank’s gross non-performing assets (NPAs) ratio improved to 2.43%, compared to 3.08% in Q3FY24.\nNet NPAs also decreased to 0.59% from 0.7% a year ago, reflecting stronger asset management.\nThe bank’s provisions excluding taxes, however, increased significantly, rising to ₹1,082 crore in Q3FY25 from ₹666 crore in the same quarter last year.\nThe bank’s global advances surged by 11.8% YoY in Q3FY25, driven by strong growth in the retail loan portfolio.\nOrganic retail advances grew by 19.5%, with notable increases in key sectors: auto loans (21.1%), home loans (16.6%), mortgage loans (16.3%), and education loans (16.9%).\nThe Capital Adequacy Ratio (CAR) saw a decline to 14.72% from 15.96% in Q3FY24.\nCheck out our in-depth",
    "highlightText": "",
    "highlightTitle": "",
    "highlightThreadTitle": "",
    "language": "english",
    "sentiment": "positive",
    "categories": [
        "Economy, Business and Finance",
        "Human Interest",
        "Politics"
    ],
    "topics": [
        "Economy, Business and Finance->business reporting and performance",
        "Economy, Business and Finance->financial and economic news",
        "Politics->government",
        "Politics->economic policy"
    ],
    "ai_allow": true,
    "has_canonical": false,
    "breaking": false,
    "webz_reporter": false,
    "external_links": [],
    "external_images": [],
    "entities": {
        "persons": [],
        "organizations": [],
        "locations": []
    },
    "syndication": {
        "syndicated": false,
        "syndicate_id": null,
        "first_syndicated": false
    },
    "trust": null,
    "rating": null,
    "crawled": "2025-01-31T00:02:09.511+02:00",
    "updated": "2025-01-31T00:02:09.511+02:00"
}