{
    "thread": {
        "uuid": "0ceb97f1dca74fac13802c03912faa43ae4e8c72",
        "url": "https://www.globenewswire.com/news-release/2025/01/30/3018202/0/en/Cancer-Genetic-Testing-Market-Size-to-Worth-USD-17-98-Billion-by-2033-Straits-Research.html",
        "site_full": "www.globenewswire.com",
        "site": "globenewswire.com",
        "site_section": "https://www.globenewswire.com/RssFeed/subjectcode/81-Market%20Research%20Reports/feedTitle/GlobeNewswire%20-%20Market%20Research%20Reports",
        "site_categories": [
            "media"
        ],
        "section_title": "GlobeNewswire - Market Research Reports",
        "title": "Cancer Genetic Testing Market Size to Worth USD 17.98",
        "title_full": "Cancer Genetic Testing Market Size to Worth USD 17.98",
        "published": "2025-01-30T17:22:00.000+02:00",
        "replies_count": 0,
        "participants_count": 1,
        "site_type": "news",
        "country": "US",
        "main_image": "https://ml.globenewswire.com/Resource/Download/0772b43c-9649-415d-a2b8-bd58fd4badd8",
        "performance_score": 0,
        "domain_rank": 421,
        "domain_rank_updated": "2025-01-27T23:00:00.000+02:00",
        "social": {
            "facebook": {
                "likes": 0,
                "comments": 0,
                "shares": 0
            },
            "vk": {
                "shares": 0
            }
        }
    },
    "uuid": "0ceb97f1dca74fac13802c03912faa43ae4e8c72",
    "url": "https://www.globenewswire.com/news-release/2025/01/30/3018202/0/en/Cancer-Genetic-Testing-Market-Size-to-Worth-USD-17-98-Billion-by-2033-Straits-Research.html",
    "ord_in_thread": 0,
    "parent_url": null,
    "author": "Straits Research Private Limited - Garner Insights",
    "published": "2025-01-30T17:22:00.000+02:00",
    "title": "Cancer Genetic Testing Market Size to Worth USD 17.98",
    "text": "New York, United States, Jan. 30, 2025 (GLOBE NEWSWIRE) -- Cancer is the second leading cause of death worldwide, with approximately 70% of cancer deaths occurring in low- and middle-income countries, increasing the demand for genetic testing. Genetic testing can help predict the likelihood of developing cancer over a person's lifetime, resulting in lower morbidity, less expensive treatment, and a higher chance of survival by looking for particular alterations in proteins, chromosomes, and genes.\nAdditionally, it can help a person estimate their lifetime risk of acquiring cancer. It accomplishes this by scanning your genes, chromosomes, and proteins for specific modifications or mutations. Genetic testing is available for various types of cancer, including lung cancer, cervical cancer, breast cancer, ovarian cancer, prostate cancer, among others. Inherited variations and mutations in the DNA sequence, leading to excessive cell development and tumor/cancer, can be tested via genetic tests. Genetic testing for PALB2 (linked to an increased risk of breast and pancreatic cancer), CHEK2 (breast and colorectal cancers), BRIP1 (ovarian cancer), and RAD51C and RAD51D (breast and colorectal cancers) (ovarian cancer) are a few examples of these tests.\nOverall, the rapidly rising prevalence of cancer and increased awareness of preventive diagnosis with personalized medicine among the global population are the major drivers fueling the cancer genetic testing market during the forecast period.\nAlso, according to Globocan 2020, the number of new cancer cases is expected to reach 19,292,789 in 2020, with almost 9,958,133 cancer-related fatalities. According to the International Agency for Research on Cancer, the recent cancer incidence is expected to reach 30.2 million by 2040 (IARC). Thus, genetic tests aid in determining if cancer runs in families and the risk factors related to the development of tumors in the future in those who have a family history of cancer.\nDownload Free Sample Report PDF @ https://straitsresearch.com/report/cancer-genetic-testing-market/request-sample\nMarket Dynamics\nRising Prevalence of Cancer Globally Drives the Global Market\nThe increasing global burden of cancer is driving the demand for early detection and personalized treatment approaches. Genetic testing helps identify hereditary cancer risks, enabling timely interventions and tailored therapies. This rising awareness of genetic predispositions to cancer fuels market growth.\nAdvancements in Genomic Technologies\nInnovations such as next-generation sequencing (NGS) have revolutionized genetic testing, making it faster, more accurate, and cost-effective. These advancements have expanded the accessibility and adoption of cancer genetic testing, encouraging healthcare providers to integrate these tests into routine diagnostics.\nIntegration of AI and Bioinformatics Creates Tremendous Opportunities\nThe incorporation of artificial intelligence and bioinformatics tools in genetic testing offers opportunities for improved data analysis, predictive modeling, and personalized treatment plans. These technologies enhance the accuracy and utility of test results, driving their adoption in clinical settings.\nSegmental Analysis\nBased on test type, the global cancer genetic testing market is segmented into cytogenetic testing/chromosome analysis, biochemical testing, molecular testing, DNA sequencing, and others.\nThere are various sorts of genetic tests on the market right now. By test type, molecular testing is predicted to have the most significant share in 2020. The order of gene sequence is determined through molecular testing, and the most effective method for detecting minor DNA alterations is direct DNA testing. The scope of molecular testing varies from a single gene variant to the bulk of a person’s DNA to find genetic variations. It includes targeted single variant, single gene, gene panel, and whole exome/genome sequencing.\nRegional Insights\nThe global market has been divided into the Americas, Europe, Asia-Pacific, and the Middle East and Africa. The market is classified into regional segments for enabling a deeper analysis of the market from a region-specific perspective.\nFactors such as the rise in prevalence of cancer, growing support policies by local government and international bodies, and technological advances are likely to drive the global market. Americas held the largest share and accounted as a primary revenue generator in the global market in 2020. It is attributed to the rise in research & development expenditure, growth in cancer incidence, and surge in demand for accurate and effective testing products.\nAsia-Pacific is expected to be the fastest-growing global cancer genetic testing market. Due to the growing geriatric population, increased rates of cancer cases, growing government initiatives, lack of regulatory and cultural inhibitions and presence of market players such as Thermo Fisher Scientific, Abbott, and Roche in the region.\nAsk for Customization @ https://straitsresearch.com/report/cancer-genetic-testing-market/request-sample\nKey Highlights\nThe global cancer genetic testing market size was valued at USD 6.70 billion in 2024 and is projected to reach from USD 7.47 billion in 2025 to USD 17.98 billion by 2033 , growing at a CAGR of 11.6% during the forecast period (2025-2033). The global market is driven by increased demand for DNA test kits, improving government initiatives and technological advancements and more. The molecular testing sub-segment is expected to be the most profitable during the forecast period. The lung cancer sub-segment is predicted to be the most profitable by application. The dominance is attributed to growing lung cancer cases and a rise in awareness worldwide. As per the American Cancer Society’s estimates, more than 236,740 new cases of lung cancer (117,910 in men and 118,830 in women) are expected to register in the United States in 2022. North America is expected to dominate the market due to prominent players and growth in investments & funding. APAC is predicted to register a high growth rate in the forecasted period. The market is saturated by many key players such as Roche, QIAGEN N.V., MYRIAD GENETICS, INC., Abbott, Bio-Rad, Danaher, Illumina, Thermo Fisher Scientific, PerkinElmer, Agilent, Quest Diagnostics Incorporated, Luminex Corporation, among others. Competitive Players\nHoffmann-La Roche Ltd QIAGEN N.V. Myriad Genetics, Inc. Abbott ThermoFisher Scientific, Inc. Illumina, Inc. Bio-Rad Laboratories, Inc Danaher PerkinElmer Agilent Technologies, Inc Quest Diagnostics Luminex Corporation Recent Developments\nJanuary 2024- The European Commission approved Roche's Tecentriq SC, making it the first subcutaneous injection of a PD-(L)1 cancer immunotherapy for numerous forms of cancer in the European Union. January 2024- QIAGEN Digital Insights introduced a very efficient next-generation sequencing (NGS) analysis method for detecting somatic cancer. February 2024- Myriad Genetics acquired Precise Tumor, Precise Liquid, and Laboratory from Intermountain Precision Genomics. Segmentation\nBy Type\nCytogenetic Testing/Chromosome Analysis Biochemical Testing Molecular Testing DNA Sequencing\nBy Application\nLung Cancer Cervical Cancer Ovarian Cancer Prostate Cancer Breast Cancer Uterine Cancer\nBy End-Users\nHospitals and Clinics Clinical Labs By Region\nNorth America Europe Asia Pacific Middle East And Africa Latin America\nGet Detailed Market Segmentation @ https://straitsresearch.com/report/cancer-genetic-testing-market/segmentation\nAbout Straits Research Pvt. Ltd.\nStraits Research is a market intelligence company providing global business information reports and services. Our exclusive blend of quantitative forecasting and trends analysis provides forward-looking insight for thousands of decision-makers. Straits Research Pvt. Ltd. provides actionable market research data, especially designed and presented for decision making and ROI.\nWhether you are looking at business sectors in the next town or crosswise over continents, we understand the significance of being acquainted with the client’s purchase. We overcome our clients’ issues by recognizing and deciphering the target group and generating leads with utmost precision. We seek to collaborate with our clients to deliver a broad spectrum of results through a blend of market and business research approaches.\nPhone: +1 646 905 0080 (U.S.), +44 203 695 0070 (U.K.)\nEmail: sales@straitsresearch.com\nFollow Us: LinkedIn | Facebook | Instagram | Twitter",
    "highlightText": "",
    "highlightTitle": "",
    "highlightThreadTitle": "",
    "language": "english",
    "sentiment": "positive",
    "categories": [
        "Health",
        "Science and Technology",
        "Economy, Business and Finance"
    ],
    "topics": [
        "Health->health treatment and procedure",
        "Health->cancer",
        "Health->medical test",
        "Science and Technology->biomedical science",
        "Science and Technology->medical research",
        "Economy, Business and Finance->healthcare industry",
        "Economy, Business and Finance->financial and economic news"
    ],
    "ai_allow": true,
    "has_canonical": false,
    "breaking": false,
    "webz_reporter": false,
    "external_links": [
        "https://straitsresearch.com/report/cancer-genetic-testing-market/request-sample",
        "https://straitsresearch.com/report/cancer-genetic-testing-market/segmentation",
        "https://www.straitsresearch.com/report/cancer-genetic-testing-market/segmentation",
        "https://www.straitsresearch.com/report/cancer-genetic-testing-market/request-sample"
    ],
    "external_images": [],
    "entities": {
        "persons": [],
        "organizations": [],
        "locations": []
    },
    "syndication": {
        "syndicated": false,
        "syndicate_id": "0ceb97f1dca74fac13802c03912faa43ae4e8c72",
        "first_syndicated": true
    },
    "trust": null,
    "rating": null,
    "crawled": "2025-01-31T00:24:29.005+02:00",
    "updated": "2025-01-31T00:24:29.005+02:00"
}