{
    "thread": {
        "uuid": "14cfcb50d6fd3bad6f91dc803cc6305131ed2018",
        "url": "https://www.defenseworld.net/2026/01/01/braze-nasdaqbrze-receives-buy-rating-from-needham-company-llc.html",
        "site_full": "www.defenseworld.net",
        "site": "defenseworld.net",
        "site_section": "https://www.defenseworld.net/feed/atom",
        "site_categories": [
            "media",
            "economy, business and finance"
        ],
        "section_title": "Defense World",
        "site_title": "Defense World",
        "title": "Braze (NASDAQ:BRZE) Receives \"Buy\" Rating from Needham & Company LLC - Defense World",
        "title_full": "Braze (NASDAQ:BRZE) Receives \"Buy\" Rating from Needham & Company LLC - Defense World",
        "published": "2026-01-01T08:54:00.000+02:00",
        "replies_count": 0,
        "participants_count": 1,
        "site_type": "news",
        "country": "US",
        "main_image": "https://www.americanbankingnews.com/wp-content/timthumb/timthumb.php?src=https://www.marketbeat.com/logos/braze-inc-logo.png?v=20211207105933&amp;w=240&amp;h=240&amp;zc=2",
        "performance_score": 0,
        "domain_rank": 159846,
        "domain_rank_updated": "2025-12-28T23:00:00.000+02:00",
        "licensing_agency": [],
        "social": {
            "facebook": {
                "likes": 0,
                "comments": 0,
                "shares": 0
            },
            "vk": {
                "shares": 0
            }
        }
    },
    "uuid": "14cfcb50d6fd3bad6f91dc803cc6305131ed2018",
    "url": "https://www.defenseworld.net/2026/01/01/braze-nasdaqbrze-receives-buy-rating-from-needham-company-llc.html",
    "ord_in_thread": 0,
    "author": "Defense World Staff",
    "published": "2026-01-01T08:54:00.000+02:00",
    "title": "Braze (NASDAQ:BRZE) Receives \"Buy\" Rating from Needham & Company LLC - Defense World",
    "text": "Needham & Company LLC restated their buy rating on shares of Braze ( NASDAQ:BRZE – Free Report ) in a research report sent to investors on Wednesday, Marketbeat.com reports. They currently have a $50.00 target price on the stock. Other equities research analysts have also issued reports about the stock. Stifel Nicolaus raised their price objective on shares of Braze from $40.00 to $45.00 and gave the company a “buy” rating in a report on Wednesday, December 10th. Wolfe Research upgraded Braze to an “overweight” rating in a research note on Wednesday, December 10th. BTIG Research started coverage on Braze in a report on Tuesday, December 16th. They set a “buy” rating and a $45.00 price target for the company. Weiss Ratings reiterated a “sell (d-)” rating on shares of Braze in a report on Monday. Finally, JMP Securities reissued a “market outperform” rating and set a $68.00 target price on shares of Braze in a research report on Friday, September 5th. One investment analyst has rated the stock with a Strong Buy rating, twenty-one have assigned a Buy rating, one has assigned a Hold rating and one has given a Sell rating to the company. Based on data from MarketBeat, the stock has an average rating of “Moderate Buy” and a consensus price target of $46.95. Read Our Latest Report on Braze BRZE stock opened at $34.29 on Wednesday. The business’s 50-day moving average is $30.45 and its two-hundred day moving average is $28.85. The firm has a market capitalization of $3.85 billion, a P/E ratio of -31.17 and a beta of 1.10. Braze has a 1 year low of $23.91 and a 1 year high of $48.33. Braze ( NASDAQ:BRZE – Get Free Report ) last announced its quarterly earnings data on Tuesday, December 9th. The company reported $0.06 EPS for the quarter, hitting analysts’ consensus estimates of $0.06. The business had revenue of $190.84 million during the quarter, compared to the consensus estimate of $198.25 million. Braze had a negative return on equity of 17.87% and a negative net margin of 16.85%.The business’s revenue for the quarter was up 25.5% on a year-over-year basis. During the same period in the previous year, the company posted $0.02 earnings per share. Braze has set its FY 2026 guidance at 0.420-0.430 EPS and its Q4 2026 guidance at 0.130-0.140 EPS. On average, analysts expect that Braze will post -0.98 EPS for the current year. In related news, CAO Pankaj Malik sold 5,540 shares of the business’s stock in a transaction dated Wednesday, December 17th. The stock was sold at an average price of $35.76, for a total value of $198,110.40. Following the transaction, the chief accounting officer owned 53,572 shares in the company, valued at $1,915,734.72. The trade was a 9.37% decrease in their position. The sale was disclosed in a legal filing with the SEC, which is available at the SEC website . Also, CEO William Magnuson sold 26,698 shares of the company’s stock in a transaction that occurred on Tuesday, November 18th. The shares were sold at an average price of $26.64, for a total value of $711,234.72. Following the sale, the chief executive officer directly owned 694,746 shares of the company’s stock, valued at approximately $18,508,033.44. This represents a 3.70% decrease in their ownership of the stock. The disclosure for this sale is available in the SEC filing . Insiders sold a total of 69,923 shares of company stock worth $1,917,418 in the last three months. Company insiders own 18.20% of the company’s stock. Institutional investors have recently modified their holdings of the stock. Quarry LP lifted its stake in shares of Braze by 296.0% in the first quarter. Quarry LP now owns 796 shares of the company’s stock valued at $29,000 after purchasing an additional 595 shares during the period. SBI Securities Co. Ltd. increased its holdings in Braze by 173.3% in the second quarter. SBI Securities Co. Ltd. now owns 1,372 shares of the company’s stock valued at $39,000 after buying an additional 870 shares in the last quarter. Osaic Holdings Inc. lifted its position in shares of Braze by 821.1% during the 2nd quarter. Osaic Holdings Inc. now owns 1,575 shares of the company’s stock valued at $44,000 after acquiring an additional 1,404 shares during the period. Clearstead Advisors LLC boosted its stake in shares of Braze by 58.2% during the 3rd quarter. Clearstead Advisors LLC now owns 1,685 shares of the company’s stock worth $48,000 after acquiring an additional 620 shares in the last quarter. Finally, Covestor Ltd grew its holdings in shares of Braze by 35.7% in the 3rd quarter. Covestor Ltd now owns 2,894 shares of the company’s stock worth $82,000 after acquiring an additional 761 shares during the period. Institutional investors and hedge funds own 90.47% of the company’s stock. ( Get Free Report )\nBraze, Inc is a publicly traded software company (NASDAQ: BRZE) that offers a customer engagement platform designed to help brands build personalized relationships with their users. Founded in 2011 as Appboy by Bill Magnuson, Jon Hyman and Mark Ghermezian, the company adopted the Braze name in 2017 to underscore its focus on fostering strong connections between businesses and consumers. Its cloud-based platform consolidates messaging channels including push notifications, in-app messages, email and SMS, enabling companies to deliver timely, context-driven communications at scale. The core functionality of Braze’s platform centers on data-driven segmentation, customer journey orchestration and real-time analytics.",
    "highlightText": "",
    "highlightTitle": "",
    "highlightThreadTitle": "",
    "language": "english",
    "sentiment": "positive",
    "categories": [
        "Economy, Business and Finance"
    ],
    "topics": [
        "Economy, Business and Finance->investment and opinion pieces",
        "Economy, Business and Finance->business and market analysis",
        "Economy, Business and Finance->financial and economic news"
    ],
    "ai_allow": true,
    "has_canonical": false,
    "breaking": false,
    "webz_reporter": false,
    "external_links": [
        "https://www.insidertrades.com/braze-inc-stock/pankaj-malik",
        "https://www.sec.gov/Archives/edgar/data/1676238/000188922525000009/xslF345X05/wk-form4_1766179152.xml",
        "https://www.marketbeat.com/",
        "https://www.marketbeat.com/stocks/NASDAQ/BRZE/forecast/",
        "https://www.marketbeat.com/stocks/NASDAQ/BRZE/",
        "https://www.marketbeat.com/arnreports/ReportTickerOptin.aspx?RegistrationCode=TickerHyperlink&Prefix=NASDAQ&Symbol=BRZE",
        "https://www.insidertrades.com/braze-inc-stock/william-magnuson",
        "https://marketbeat.com/scripts/336x280AdNewsSites.ashx",
        "https://www.sec.gov/Archives/edgar/data/1676238/000188893225000004/xslF345X05/wk-form4_1763679126.xml",
        "https://weissratings.com/",
        "https://sec.gov/Archives/edgar/data/1676238/000188893225000004/xslF345X05/wk-form4_1763679126.xml",
        "https://sec.gov/Archives/edgar/data/1676238/000188922525000009/xslF345X05/wk-form4_1766179152.xml",
        "https://www.marketbeat.com/stocks/NASDAQ/BRZE",
        "https://www.marketbeat.com/stocks/NASDAQ/BRZE/forecast",
        "https://insidertrades.com/braze-inc-stock/william-magnuson",
        "https://marketbeat.com/arnreports/ReportTickerOptin.aspx?RegistrationCode=TickerHyperlink&Prefix=NASDAQ&Symbol=BRZE",
        "https://www.marketbeat.com",
        "https://marketbeat.com/",
        "https://insidertrades.com/braze-inc-stock/pankaj-malik",
        "https://www.marketbeat.com/arnreports/ReportTickerOptin.aspx",
        "https://www.weissratings.com/",
        "https://www.marketbeat.com/scripts/336x280AdNewsSites.ashx",
        "https://weissratings.com",
        "https://marketbeat.com/stocks/NASDAQ/BRZE/",
        "https://marketbeat.com/stocks/NASDAQ/BRZE/forecast/"
    ],
    "external_images": [],
    "internal_images": [],
    "entities": {
        "persons": [],
        "locations": [
            {
                "name": "Braze",
                "sentiment": "none"
            }
        ],
        "organizations": [
            {
                "name": "Needham & Company LLC",
                "sentiment": "none",
                "tickers": [
                    {
                        "ticker": null,
                        "exchange": null
                    }
                ]
            },
            {
                "name": "Stifel Nicolaus",
                "sentiment": "none",
                "tickers": [
                    {
                        "ticker": null,
                        "exchange": null
                    }
                ]
            },
            {
                "name": "JMP Securities",
                "sentiment": "none",
                "tickers": [
                    {
                        "ticker": null,
                        "exchange": null
                    }
                ]
            },
            {
                "name": "Wolfe Research",
                "sentiment": "none",
                "tickers": [
                    {
                        "ticker": null,
                        "exchange": null
                    }
                ]
            },
            {
                "name": "Weiss Ratings",
                "sentiment": "none",
                "tickers": [
                    {
                        "ticker": null,
                        "exchange": null
                    }
                ]
            },
            {
                "name": "BTIG Research",
                "sentiment": "none",
                "tickers": [
                    {
                        "ticker": null,
                        "exchange": null
                    }
                ]
            }
        ]
    },
    "syndication": {
        "syndicated": false,
        "syndicate_id": null,
        "first_syndicated": false
    },
    "trust": {
        "categories": [],
        "top_news": [],
        "bias": null,
        "source": {
            "type": null,
            "city": null,
            "state": null,
            "country": null,
            "domain_type": null,
            "agency": null,
            "organization_name": null
        }
    },
    "rating": null,
    "crawled": "2026-01-01T09:22:45.830+02:00",
    "updated": "2026-01-01T09:24:37.000+02:00"
}