{
    "thread": {
        "uuid": "e1d5b3c6c4ffa233ce0aeacfc160b515c3aea24d",
        "url": "https://www.mk.co.kr/en/special-edition/11920858",
        "site_full": "www.mk.co.kr",
        "site": "mk.co.kr",
        "site_section": "https://www.mk.co.kr/en",
        "site_categories": [
            "under_construction",
            "top_news_kr",
            "top_news",
            "crime, law and justice",
            "politics",
            "arts, culture and entertainment",
            "science and technology",
            "economy, business and finance"
        ],
        "section_title": "MK",
        "site_title": "매일경제",
        "title": "South Korea's economic growth rate is expected to rebound in 2026 compared to last year. This is due.. - MK",
        "title_full": "South Korea's economic growth rate is expected to rebound in 2026 compared to last year. This is due.. - MK",
        "published": "2026-01-01T09:10:00.000+02:00",
        "replies_count": 0,
        "participants_count": 0,
        "site_type": "news",
        "country": "KR",
        "main_image": "https://wimg.mk.co.kr/news/cms/202601/02/20260102_01110201000002_L01.jpg",
        "performance_score": 0,
        "domain_rank": 14618,
        "domain_rank_updated": "2025-12-28T23:00:00.000+02:00",
        "licensing_agency": [],
        "social": {
            "facebook": {
                "likes": 0,
                "comments": 0,
                "shares": 0
            },
            "vk": {
                "shares": 0
            }
        }
    },
    "uuid": "e1d5b3c6c4ffa233ce0aeacfc160b515c3aea24d",
    "url": "https://www.mk.co.kr/en/special-edition/11920858",
    "ord_in_thread": 0,
    "author": null,
    "published": "2026-01-01T09:10:00.000+02:00",
    "title": "South Korea's economic growth rate is expected to rebound in 2026 compared to last year. This is due.. - MK",
    "text": "사진 확대 The new year of 2026, the year of the red horse, has come. The sun is rising vigorously over the cargo ship that divides the coast of Busan, containing the desire for export leap forward. Reporter Kim Jaehoon South Korea's economic growth rate is expected to rebound in 2026 compared to last year. This is due to the government's budget of 728 trillion won, the largest ever.\nAccording to the Mail Business's comparison and analysis of the 2026 economic outlook of the Bank of Korea, the Korea Development Institute (KDI), the Hyundai Economic Research Institute, and the LG Economic Research Institute on the 1st, these institutions presented an economic growth rate of 1.8 to 2.0% this year. The Bank of Korea and KDI are expected to grow 1.8 percent, Hyundai Economic Research Institute 1.9 percent, and LG Economic Research Institute 2.0 percent, respectively.\nUntil now, the Korean economy has suffered from controversy over structural low growth without recovering its potential growth rate. The Organization for Economic Cooperation and Development (OECD) estimated that South Korea's real gross domestic product (GDP) will remain below its potential GDP for six consecutive years from 2020 to 2025. It is a rare phenomenon before COVID-19, and among the seven major countries (G7), only France showed a similar trend to Korea. Potential GDP refers to the maximum level of production that can be achieved without stimulating prices. The fact that real GDP continues to be below potential GDP is interpreted as a sign that the economic fundamentals are weakening beyond the economic cycle. This is why there are warnings among experts that they have entered a structural long-term recession due to low birth rates and aging, slowing innovation, and falling productivity.\n사진 확대 Against this backdrop, 1.8% growth in 2026 means more than just a rebound. Deputy Prime Minister for Economic Affairs and Minister of Strategy and Finance Koo Yoon-chul said at a parliamentary audit in October last year, \"We increased next year's budget by 8.1% compared to this year to 728 trillion won to meet the 1.8% economic growth rate.\" This means that even if you owe more right away, you will first increase your growth rate. President Lee Jae-myung also said in a business report in December last year that he would continue the expansion of finance until this year and next year.\nThis year, the Korean economy is expected to drive growth due to the government's huge budget spending and increased investment through the artificial intelligence (AI) boom. A case in point is that all four institutions are expected to see an increase in facility investment and construction investment this year. Considering that construction investment was -8.7% (the Bank of Korea forecast) last year, the deterioration of the real estate market will not appear this year.\nIn November last year, the Bank of Korea said in its economic outlook that \"good AI-related infrastructure investment will contribute to improving construction investment in 2026,\" suggesting the highest rate of construction investment growth of 2.6 percent among the four institutions. However, the LG Economic Research Institute predicted the lowest growth forecast for construction investment this year at 0.7% among the four institutions, saying, \"Although construction investment turns positive for the first time in five years, prolonged slump in the real estate market will still be a factor limiting the recovery of domestic demand.\"\nThree out of four institutions predicted a 2% increase in facility investment this year. In general, institutions predicted, \"Facility investment will continue to be sluggish in the non-information technology (IT) sector, but overall, it is expected to continue the trend of increase this year due to increased investment in IT sectors such as semiconductors.\" However, the Hyundai Economic Research Institute predicted that facility investment growth will slow to 1.5% this year due to worsening trade environment and falling exports following the imposition of U.S. tariffs. In fact, the Hyundai Economic Research Institute projected export growth of -1.0 percent next year, the only one among the four institutions to forecast negative growth.\nThe problem is the exchange rate. The won per dollar has recently reached the mid-to-late 1,400 won level, stimulating import prices such as gasoline. Higher prices can adversely affect the overall economic growth rate as real consumption decreases. This is why the government's exchange rate management policy has become the most important. Officials at the foreign exchange authorities are actively managing the exchange rate, making cautionary remarks every day. Choi Ji-young, an international economic manager at the Ministry of Economy and Finance, said at a recent briefing, \"Market participants should be aware that the won could receive unfavorable results if they expect it to depreciate in the future.\"\nThe government will soon announce its economic policy strategy for 2026. The economic policy strategy is expected to include measures such as responding to uncertainties in the trade environment, strengthening industrial competitiveness, and stabilizing people's livelihoods. It is unlikely that a detailed roadmap on the establishment of a Korean sovereign wealth fund, which was released in a business report in December last year, will be included in the economic policy strategy immediately. The government defines this year as the \"first year of a rebound in growth\" and plans to execute the budget as early as possible in the first half of this year to revive economic sentiment.\n[Reporter Na Hyunjun]",
    "highlightText": "",
    "highlightTitle": "",
    "highlightThreadTitle": "",
    "language": "english",
    "sentiment": "positive",
    "categories": [
        "Economy, Business and Finance"
    ],
    "topics": [
        "Economy, Business and Finance->financial and economic news",
        "Economy, Business and Finance->macro economics",
        "Economy, Business and Finance->economy"
    ],
    "ai_allow": true,
    "has_canonical": false,
    "breaking": true,
    "webz_reporter": false,
    "external_links": [],
    "external_images": [],
    "internal_images": [],
    "entities": {
        "persons": [
            {
                "name": "Kim Jaehoon",
                "sentiment": "none"
            }
        ],
        "locations": [],
        "organizations": [
            {
                "name": "Organization for Economic Cooperation and Development",
                "sentiment": "none",
                "tickers": [
                    {
                        "ticker": null,
                        "exchange": null
                    }
                ]
            },
            {
                "name": "Hyundai Economic Research Institute",
                "sentiment": "none",
                "tickers": []
            },
            {
                "name": "LG Economic Research Institute",
                "sentiment": "none",
                "tickers": []
            },
            {
                "name": "Korea Development Institute",
                "sentiment": "none",
                "tickers": [
                    {
                        "ticker": null,
                        "exchange": null
                    }
                ]
            },
            {
                "name": "Bank of Korea",
                "sentiment": "none",
                "tickers": [
                    {
                        "ticker": null,
                        "exchange": null
                    }
                ]
            },
            {
                "name": "OECD",
                "sentiment": "none",
                "tickers": [
                    {
                        "ticker": null,
                        "exchange": null
                    }
                ]
            },
            {
                "name": "KDI",
                "sentiment": "none",
                "tickers": [
                    {
                        "ticker": null,
                        "exchange": null
                    }
                ]
            }
        ]
    },
    "syndication": {
        "syndicated": false,
        "syndicate_id": null,
        "first_syndicated": false
    },
    "trust": {
        "categories": [],
        "top_news": [
            "top_news_kr",
            "top_news"
        ],
        "bias": null,
        "source": {
            "type": null,
            "city": null,
            "state": null,
            "country": null,
            "domain_type": null,
            "agency": null,
            "organization_name": null
        }
    },
    "rating": null,
    "crawled": "2026-01-01T09:42:13.330+02:00",
    "updated": "2026-01-02T10:05:48.000+02:00"
}