{
    "thread": {
        "uuid": "2fb84e95d3dd9d48e8ae4a49bfd1297d1786fa3c",
        "url": "https://www.devdiscourse.com/article/headlines/3746925-punjab-extends-tax-settlement-scheme-deadline-providing-relief-to-traders",
        "site_full": "www.devdiscourse.com",
        "site": "devdiscourse.com",
        "site_section": "https://www.devdiscourse.com/latin-america/",
        "site_categories": [
            "media",
            "crime, law and justice",
            "politics",
            "war, conflict and unrest",
            "sport",
            "economy, business and finance"
        ],
        "section_title": "Latin America &amp; Caribbean News - International Development News | Devdiscourse",
        "site_title": "International Development News, Breaking News, Opinion and Analysis - Devdiscourse",
        "title": "Punjab Extends Tax Settlement Scheme Deadline, Providing Relief to Traders | Headlines",
        "title_full": "Punjab Extends Tax Settlement Scheme Deadline, Providing Relief to Traders | Headlines",
        "published": "2026-01-01T13:44:00.000+02:00",
        "replies_count": 0,
        "participants_count": 1,
        "site_type": "news",
        "country": "IN",
        "main_image": "https://www.devdiscourse.com/remote.axd?https://devdiscourse.blob.core.windows.net/aiimagegallery/07_08_2024_08_08_53_8846284.png?width=920&amp;format=jpeg",
        "performance_score": 0,
        "domain_rank": 36897,
        "domain_rank_updated": "2025-12-28T23:00:00.000+02:00",
        "licensing_agency": [],
        "social": {
            "facebook": {
                "likes": 0,
                "comments": 0,
                "shares": 0
            },
            "vk": {
                "shares": 0
            }
        }
    },
    "uuid": "2fb84e95d3dd9d48e8ae4a49bfd1297d1786fa3c",
    "url": "https://www.devdiscourse.com/article/headlines/3746925-punjab-extends-tax-settlement-scheme-deadline-providing-relief-to-traders",
    "ord_in_thread": 0,
    "author": "Devdiscourse News Desk",
    "published": "2026-01-01T13:44:00.000+02:00",
    "title": "Punjab Extends Tax Settlement Scheme Deadline, Providing Relief to Traders | Headlines",
    "text": "The Punjab government has extended its one-time tax settlement scheme deadline to March 31, offering much-needed relief to traders. This move addresses compliance pressures faced by businesses, encouraging participation and allowing them to settle pre-GST disputes effectively. Finance Minister Cheema warns of strict measures for non-compliance. The Punjab government has granted an extension for the one-time tax settlement program, pushing the deadline to March 31, announced Finance Minister Harpal Singh Cheema on Thursday. This decision comes as a relief to traders and industry. The scheme, initiated on October 1, was initially scheduled to conclude on December 31. However, the extension was approved following appeals from stakeholders, including the GST Practitioners Association of Punjab, pointing to significant compliance pressures and practical challenges faced by taxpayers. The scheme, targeting pre-GST disputes under VAT and Central Sales Tax laws, offers substantial relief, including waivers on interest and penalties. A total of 6,348 applications have been received, indicating strong interest from the trading community, Cheema noted. He urged eligible entities to utilize the scheme before March as strict recovery actions would follow for non-compliance. (With inputs from agencies.)",
    "highlightText": "",
    "highlightTitle": "",
    "highlightThreadTitle": "",
    "language": "english",
    "sentiment": "positive",
    "categories": [
        "Economy, Business and Finance"
    ],
    "topics": [
        "Economy, Business and Finance->financial and economic news",
        "Economy, Business and Finance->business financing"
    ],
    "ai_allow": true,
    "has_canonical": false,
    "breaking": false,
    "webz_reporter": false,
    "external_links": [],
    "external_images": [],
    "internal_images": [],
    "entities": {
        "persons": [
            {
                "name": "Harpal Singh Cheema",
                "sentiment": "none"
            }
        ],
        "locations": [
            {
                "name": "Punjab",
                "sentiment": "none"
            }
        ],
        "organizations": [
            {
                "name": "GST Practitioners Association of Punjab",
                "sentiment": "none",
                "tickers": []
            }
        ]
    },
    "syndication": {
        "syndicated": false,
        "syndicate_id": null,
        "first_syndicated": false
    },
    "trust": {
        "categories": [],
        "top_news": [],
        "bias": null,
        "source": {
            "type": null,
            "city": null,
            "state": null,
            "country": null,
            "domain_type": null,
            "agency": null,
            "organization_name": null
        }
    },
    "rating": null,
    "crawled": "2026-01-01T13:49:21.480+02:00",
    "updated": "2026-01-01T13:50:01.000+02:00"
}