{
    "thread": {
        "uuid": "f568a19bc18abc25fa36e6aac0997e33664a4b16",
        "url": "https://www.marca.com/en/lifestyle/us-news/personal-finance/2026/01/01/69565bd722601ddd758b457b.html",
        "site_full": "www.marca.com",
        "site": "marca.com",
        "site_section": "https://news.google.com/search?q=can%20when%3A1h&hl=en-US&gl=US&ceid=US%3Aen",
        "site_categories": [
            "world_soccer",
            "sports",
            "arts, culture and entertainment",
            "sport",
            "lifestyle and leisure",
            "economy, business and finance"
        ],
        "section_title": "Google News - Search",
        "site_title": "MARCA - Diario online líder en información deportiva",
        "title": "VA benefits changes in 2026: What can veterans expect this year? | Marca",
        "title_full": "VA benefits changes in 2026: What can veterans expect this year? | Marca",
        "published": "2026-01-01T14:54:00.000+02:00",
        "replies_count": 0,
        "participants_count": 1,
        "site_type": "news",
        "country": "ES",
        "main_image": "https://phantom.estaticos-marca.com/b7da296bf70274bbf1b789a59cbcd3b3/crop/0x0/2044x1363/resize/1200/f/webp/assets/multimedia/imagenes/2025/11/06/17624332789376.jpg",
        "performance_score": 0,
        "domain_rank": 1027,
        "domain_rank_updated": "2025-12-28T23:00:00.000+02:00",
        "licensing_agency": [],
        "social": {
            "facebook": {
                "likes": 0,
                "comments": 0,
                "shares": 0
            },
            "vk": {
                "shares": 0
            }
        }
    },
    "uuid": "f568a19bc18abc25fa36e6aac0997e33664a4b16",
    "url": "https://www.marca.com/en/lifestyle/us-news/personal-finance/2026/01/01/69565bd722601ddd758b457b.html",
    "ord_in_thread": 0,
    "author": "TBS",
    "published": "2026-01-01T14:54:00.000+02:00",
    "title": "VA benefits changes in 2026: What can veterans expect this year? | Marca",
    "text": "A DVA building. LAPRESSE TBS Updated 01/01/2026 13:54 CET VA disability compensation will increase in 2026, giving millions of U.S. veterans a modest but meaningful boost in their monthly benefits.\nThe adjustment comes through the annual cost of living update, which is designed to help payments keep pace with inflation and protect purchasing power as everyday expenses continue to climb.\n4 steps to know who can receive Social Security survivor benefits Roughly 6.5 million veterans currently receive tax free disability compensation from the Department of Veterans Affairs , supporting former service members whose medical conditions were caused or aggravated by their time on active duty. For most recipients, the COLA is the most important annual change to their benefits.\nFor 2026, VA payments will rise by 2.8 percent. The increase mirrors the adjustment applied to Social Security benefits and applies across all VA compensation programs.\nWhile it may not feel dramatic month to month, the increase adds up over the course of the year, particularly for veterans on fixed incomes.\nVA disability compensation is calculated based on two main factors: the veteran's disability rating and whether they have eligible dependents such as a spouse, children, or dependent parents.\nDisability ratings reflect the severity of service-connected conditions and are assigned in 10 percent increments, starting at 10 percent and increasing to 100 percent. Veterans with more than one qualifying condition receive a combined rating that determines their final payment level.\nAt the lower end, a 10 percent disability rating increases from $175.51 per month in 2025 to $180.42 in 2026. Veterans rated at 20 percent will see their monthly benefit rise from $346.95 to $356.66. Each higher rating receives a proportional increase under the COLA formula.\nHow much veterans will receive and when payments arrive At the top of the scale, the highest standard monthly payment rises from $4,544.23 in 2025 to $4,671.47 in 2026. This amount applies to veterans rated at 100 percent disability who also have a spouse, one child, and two dependent parents. Veterans with additional qualifying dependents may receive more than the base maximum.\nAlthough the higher rates apply to benefits for 2026, veterans will not have to wait until January to see the increase. Because VA compensation is paid at the end of the month for the month just completed, the first COLA adjusted payment will be issued on December 31, 2025.\nThe VA has also confirmed the benefit payment schedule for the rest of the year. Monthly payments will be issued at the end of each month, with slight shifts when dates fall on weekends or federal holidays.",
    "highlightText": "",
    "highlightTitle": "",
    "highlightThreadTitle": "",
    "language": "english",
    "sentiment": "positive",
    "categories": [
        "Labor",
        "Economy, Business and Finance"
    ],
    "topics": [
        "Labor->unemployment benefits",
        "Economy, Business and Finance->financial and economic news"
    ],
    "ai_allow": true,
    "has_canonical": false,
    "breaking": true,
    "webz_reporter": false,
    "external_links": [],
    "external_images": [],
    "internal_images": [],
    "entities": {
        "persons": [],
        "locations": [],
        "organizations": [
            {
                "name": "Department of Veterans Affairs",
                "sentiment": "none",
                "tickers": [
                    {
                        "ticker": null,
                        "exchange": null
                    }
                ]
            }
        ]
    },
    "syndication": {
        "syndicated": false,
        "syndicate_id": null,
        "first_syndicated": false
    },
    "trust": {
        "categories": [],
        "top_news": [],
        "bias": null,
        "source": {
            "type": null,
            "city": null,
            "state": null,
            "country": null,
            "domain_type": null,
            "agency": null,
            "organization_name": null
        }
    },
    "rating": null,
    "crawled": "2026-01-01T15:00:58.325+02:00",
    "updated": "2026-01-01T15:33:42.897+02:00"
}