{
    "thread": {
        "uuid": "ba0edaef913b76811a165b510568a043cad3b121",
        "url": "https://telecomtalk.info/airtel-bsnl-jio-wireless-users-november2025-vodafoneidea/1003149/",
        "site_full": "telecomtalk.info",
        "site": "telecomtalk.info",
        "site_section": "https://telecomtalk.info/news.xml",
        "site_categories": [
            "tech",
            "economy, business and finance",
            "science and technology"
        ],
        "section_title": "",
        "site_title": "TelecomTalk | Latest Telecom News | 5G News | Telecom Industry Updates",
        "title": "Airtel, BSNL, and Jio Gain Wireless Users in November 2025; Vodafone Idea Loses 2 Million Subscribers",
        "title_full": "Airtel, BSNL, and Jio Gain Wireless Users in November 2025; Vodafone Idea Loses 2 Million Subscribers",
        "published": "2026-01-01T08:37:00.000+02:00",
        "replies_count": 0,
        "participants_count": 1,
        "site_type": "news",
        "country": "IN",
        "main_image": "https://telecomtalk.info/wp-content/uploads/2025/12/airtel-bsnl-jio-wireless-users-november2025-vodafoneidea.jpg",
        "performance_score": 0,
        "domain_rank": 109208,
        "domain_rank_updated": "2025-12-28T23:00:00.000+02:00",
        "licensing_agency": [],
        "social": {
            "facebook": {
                "likes": 0,
                "comments": 0,
                "shares": 0
            },
            "vk": {
                "shares": 0
            }
        }
    },
    "uuid": "ba0edaef913b76811a165b510568a043cad3b121",
    "url": "https://telecomtalk.info/airtel-bsnl-jio-wireless-users-november2025-vodafoneidea/1003149/",
    "ord_in_thread": 0,
    "author": "@telecomtalk",
    "published": "2026-01-01T08:37:00.000+02:00",
    "title": "Airtel, BSNL, and Jio Gain Wireless Users in November 2025; Vodafone Idea Loses 2 Million Subscribers",
    "text": "Indian telecom service providers Bharti Airtel (Airtel), Bharat Sanchar Nigam Limited (BSNL), and Reliance Jio gained wireless subscribers in November 2025, while Vodafone Idea (Vi) and state-run telco MTNL lost wireless subscribers during the month, according to TRAI's Telecom Subscription Data as of November 30, 2025, released on December 31, 2025. The data shows that the total number of wireless (Mobile and Fixed Wireless Access) subscribers increased from 1184.62 million at the end of October 2025 to 1187.48 million at the end of November 2025, thereby registering a monthly growth rate of 0.24 percent. Likewise, the number of wireless (mobile) subscribers increased from 1171.87 million at the end of October 2025 to 1173.88 million at the end of November 2025 thereby registering a monthly growth rate of 0.17 percent.\nTRAI's Note said: \"In this press release, Tele-density as on 30th November 2025 has been computed based on the projection of population from the ‘Report of the Technical Group on Population Projections for India and States 2011 – 2036’, published in July 2020. Previous months’ ‘Telecom Subscription Data’ was published based on the projection of population from the ‘Report of the Technical Group on Population Projections for India and States 2011 – 2036’, published in November 2019.\nFWA Subscribers — 5G and UBR Breakdown\nTotal wireless (5G FWA) subscribers increased from 9.91 million at the end of October 2025 to 10.41 million at the end of November 2025 with subscriptions in urban and rural areas as 5.32 million and 5.09 million respectively. The shares of urban and rural wireless (5G FWA) subscribers in total wireless (5G FWA) subscribers were 51.11 percent and 48.89 percent respectively, at the end of November 2025.\nAs of November 2025, Bharti Airtel reported a 5G FWA subscriber base of 2,765,883 (an addition of 251,095), while Reliance Jio reported 7,646,142 (an addition of 250,274) 5G FWA users, bringing the total to 10,412,025. Reliance Jio reported 3,187,263 Fixed Wireless (UBR) subscribers during the month, an addition of 351,757, representing a monthly growth of 12.41 percent.\nReliance Jio Infocomm Limited began reporting the number of UBR FWA subscribers from August 2025, according to the report. UBR FWA subscription stood at 3.19 million at the end of November 2025 with subscriptions in urban and rural areas of 2.26 million and 0.93 million respectively. The shares of urban and rural wireless (UBR FWA) subscribers in total wireless (UBR FWA) subscribers were 70.95 percent and 29.05 percent respectively, at the end of November 2025.\nGain and Loss of Wireless Subscribers\nBharti Airtel added 1,215,405 (1.22 million) wireless subscribers, BSNL added 421,514 (0.42 million) subscribers, and Reliance Jio added 1,388,929 (1.39 million) subscribers. Meanwhile, Vodafone Idea lost 1,011,134 (1.01 million) wireless subscribers during the month, and public sector unit (PSU) MTNL lost 7,530 subscribers.\nExcept Himachal Pradesh, J&K, Assam and Haryana, all other LSAs have shown growth in their wireless (Mobile) subscribers during the month of November 2025, according to the report.\nWireless Market Share of Operators\nAs of November 30, 2025, private access service providers held 92.06 percent of the market share in terms of wireless (mobile) subscribers, while BSNL and MTNL, the two PSU access service providers, together held a 7.94 percent share.\nThis translates to Reliance Jio holding a 41.41 percent market share with 486.09 million wireless subscribers, Bharti Airtel with a 33.64 percent market share and 394.88 million wireless subscribers, Vodafone Idea with a 17.01 percent market share and 199.71 million wireless subscribers, BSNL with a 7.92 percent market share and 92.96 million wireless subscribers, and MTNL with a 0.02 percent market share and 0.24 million wireless subscribers.\nWireless Access Broadband Subscribers\nReliance Jio reported 496.92 million wireless broadband (fixed wireless and mobile) subscribers, followed by Bharti Airtel with 304.21 million, Vodafone Idea with 127.74 million, and BSNL with 29.4 million subscribers, as on November 30, 2025.\nWireline Telephone Subscriber Base\nWireline subscribers increased from 46.75 million at the end of October 2025 to 47.05 million at the end of November 2025. The net increase in the wireline subscriber base was 0.30 million with a monthly growth rate of 0.63 percent.\nIn the wireline segment:\n- Reliance Jio held a 30.92 percent market share with 14,546,896 subscribers, adding 170,492 subscribers during the month.\n- Bharti Airtel accounted for a 22.88 percent share with 10,765,537 subscribers, adding 79,756 subscribers.\n- Vodafone Idea held a 1.76 percent market share with 828,237 subscribers, adding 14,400 subscribers.\n- Meanwhile, BSNL held a 15.97 percent market share with 7,514,716 subscribers, losing 8,095 subscribers during November 2025.\nM2M Cellular Connections\nAccording to the report, the number of M2M (Machine-to-Machine) cellular mobile connections increased from 98.87 million at the end of October 2025 to 103.48 million at the end of November 2025.\n- Bharti Airtel had 63.08 million M2M connections, accounting for a 60.96 percent market share.\n- Reliance Jio recorded 18.60 million M2M connections, with a 17.97 percent market share.\n- Vodafone Idea had 18.16 million M2M connections, translating to a 17.55 percent market share.\n- BSNL accounted for 3.65 million M2M connections, with a 3.52 percent market share.\nActive Wireless Subscribers\nOut of the total 1173.88 million wireless (mobile) subscribers, 1090.91 million wireless (mobile) subscribers were active on the date of peak VLR in the month of November 2025. The proportion of active wireless (mobile) subscribers was approximately 92.93 percent of the total wireless (mobile) subscriber base, according to TRAI. Airtel reported a peak VLR of 98.81 percent during the month, BSNL 58.47 percent, Vodafone Idea (Vi) 84.59 percent, MTNL 144.76 percent, and Reliance Jio 98.15 percent. Active wireless subscribers are based on VLR data.\nAlso in TRAI Subscriber 2025 Series:\nOct 2025: Airtel, BSNL, and Jio Gain Wireless Users in October 2025; Vodafone Idea Loses 2 Million Subscribers\nSep 2025: Airtel, BSNL, Jio Gain Wireless Users in September 2025; Vodafone Idea Loses Subscribers\nAug 2025: Airtel, BSNL, Jio Gain Wireless Users in August 2025; Vodafone Idea Loses Subscribers\nJul 2025: Airtel, Jio Add Wireless Subscribers in July 2025, While Vodafone Idea and BSNL Lose\nJun 2025: Airtel, Jio Add Wireless Subscribers in June 2025, While Vodafone Idea and BSNL Lose",
    "highlightText": "",
    "highlightTitle": "",
    "highlightThreadTitle": "",
    "language": "english",
    "sentiment": "positive",
    "categories": [
        "Economy, Business and Finance"
    ],
    "topics": [
        "Economy, Business and Finance->business and market analysis",
        "Economy, Business and Finance->computing and information technology",
        "Economy, Business and Finance->financial and economic news"
    ],
    "ai_allow": true,
    "has_canonical": false,
    "breaking": false,
    "webz_reporter": false,
    "external_links": [],
    "external_images": [],
    "internal_images": [],
    "entities": {
        "persons": [],
        "locations": [],
        "organizations": [
            {
                "name": "Airtel",
                "sentiment": "none",
                "tickers": [
                    {
                        "ticker": "BHARTIARTL",
                        "exchange": "NSE"
                    }
                ]
            },
            {
                "name": "Telecom Subscription Data",
                "sentiment": "none",
                "tickers": []
            },
            {
                "name": "TRAI",
                "sentiment": "none",
                "tickers": [
                    {
                        "ticker": null,
                        "exchange": null
                    }
                ]
            }
        ]
    },
    "syndication": {
        "syndicated": false,
        "syndicate_id": null,
        "first_syndicated": false
    },
    "trust": {
        "categories": [],
        "top_news": [],
        "bias": null,
        "source": {
            "type": null,
            "city": null,
            "state": null,
            "country": null,
            "domain_type": null,
            "agency": null,
            "organization_name": null
        }
    },
    "rating": null,
    "crawled": "2026-01-01T08:45:34.379+02:00",
    "updated": "2026-01-01T08:47:12.000+02:00"
}