{
    "thread": {
        "uuid": "020b253747ff68132cc65e254cd144ad6013e0cf",
        "url": "https://www.timesbull.com/business/now-save-a-big-amount-every-month-just-follow-these-smart-money-saving-tips-684659.html",
        "site_full": "www.timesbull.com",
        "site": "timesbull.com",
        "site_section": "https://www.timesbull.com/",
        "site_categories": [
            "media",
            "economy, business and finance",
            "lifestyle and leisure",
            "sport",
            "science and technology"
        ],
        "section_title": "Latest News: Today’s News Headlines, Breaking News India, World News and Cricket News | Latest News Today | Timesbull",
        "site_title": "Times Bull - Get Latest News, India News, Breaking &amp; Today&#039;s News Updates",
        "title": "Now Save a Big Amount Every Month, Just Follow These Smart Money Saving Tips",
        "title_full": "Now Save a Big Amount Every Month, Just Follow These Smart Money Saving Tips",
        "published": "2026-01-01T13:59:00.000+02:00",
        "replies_count": 0,
        "participants_count": 1,
        "site_type": "news",
        "country": "IN",
        "main_image": "https://www.timesbull.com/wp-content/uploads/2026/01/Smart-Money-Saving-Tips-5.jpg",
        "performance_score": 0,
        "domain_rank": 16217,
        "domain_rank_updated": "2025-12-28T23:00:00.000+02:00",
        "licensing_agency": [],
        "social": {
            "facebook": {
                "likes": 0,
                "comments": 0,
                "shares": 0
            },
            "vk": {
                "shares": 0
            }
        }
    },
    "uuid": "020b253747ff68132cc65e254cd144ad6013e0cf",
    "url": "https://www.timesbull.com/business/now-save-a-big-amount-every-month-just-follow-these-smart-money-saving-tips-684659.html",
    "ord_in_thread": 0,
    "author": "Rohit P",
    "published": "2026-01-01T13:59:00.000+02:00",
    "title": "Now Save a Big Amount Every Month, Just Follow These Smart Money Saving Tips",
    "text": "Money Saving Tips: In today’s world, the cost of everyday necessities is constantly rising. Expenses like groceries, electricity, fuel, and children’s education put pressure on the budget every month. In such a situation, even with an increase in salary, financial problems persist if money is not managed properly. Money management doesn’t just mean cutting expenses, but using money wisely so that the future remains secure.\nRead More- JEE Main City Slip 2026 – City Intimation Likely in First Week of January at jeemain.nta.nic.in\nStart writing down your expenses\nMany people don’t know where their money is going. When every small and large expense is recorded for a month, the real picture emerges. Small expenses like tea, online orders, cabs, or unnecessary shopping can add up to significant losses. Keeping a record of expenses makes it easier to differentiate between necessary and unnecessary spending.\nSet clear savings goals\nSavings without a goal often get abandoned midway. When the objective of saving money for an emergency fund, investment, or a specific need is set, the mind automatically starts controlling expenses. Having a goal makes saving a habit, not a burden.\nSave first, spend later\nOften, people think about saving at the end of the month, but by then, the money is already gone. The habit of setting aside savings as soon as you receive your salary quickly improves your financial situation. This method teaches you to prioritize yourself financially.\nAutomate your savings\nFeatures like auto-debit or SIPs (Systematic Investment Plans) make saving easier. When a fixed amount is automatically deducted every month, savings are ensured before expenses. This reduces reliance on willpower.\nGet rid of unnecessary subscriptions\nIn today’s digital age, there are many OTT and app subscriptions that are not fully utilized. Reviewing them periodically stops unnecessary spending, and that money can be put into savings or investments.\nHome-cooked meals and planning ahead\nEating out is not only expensive but also affects your health. If you plan your weekly meals, expenses remain under control, and you avoid unnecessary orders. This habit leads to significant savings in the long run.\nMake a shopping list\nShopping without a list often leads to overspending. Shopping with a pre-planned list makes it easier to stay within budget and avoids spending money on unnecessary items.\nUse cashback wisely\nCashback and rewards are only beneficial when they are earned on essential expenses. Spending more just to take advantage of offers can be detrimental. Used correctly, these small benefits can turn into significant savings.\nRead More- Opening a Medical Store Easily, Knowing Your License and Documents\nIncrease savings as your salary increases\nTypically, expenses increase as salaries rise. If this extra income is allocated to savings and investments, financial security strengthens rapidly. This habit forms the foundation of future financial independence.",
    "highlightText": "",
    "highlightTitle": "",
    "highlightThreadTitle": "",
    "language": "english",
    "sentiment": "positive",
    "categories": [
        "Economy, Business and Finance"
    ],
    "topics": [
        "Economy, Business and Finance->financial service",
        "Economy, Business and Finance->financial and economic news"
    ],
    "ai_allow": true,
    "has_canonical": false,
    "breaking": null,
    "webz_reporter": false,
    "external_links": [],
    "external_images": [],
    "internal_images": [],
    "entities": {
        "persons": [],
        "locations": [],
        "organizations": []
    },
    "syndication": {
        "syndicated": false,
        "syndicate_id": null,
        "first_syndicated": false
    },
    "trust": {
        "categories": [],
        "top_news": [],
        "bias": null,
        "source": {
            "type": null,
            "city": null,
            "state": null,
            "country": null,
            "domain_type": null,
            "agency": null,
            "organization_name": null
        }
    },
    "rating": null,
    "crawled": "2026-01-01T15:38:36.624+02:00",
    "updated": "2026-01-01T15:40:59.000+02:00"
}