{
    "thread": {
        "uuid": "c04fe054bb291518cd0186289367fd37d092fb5f",
        "url": "https://news.abplive.com/news/india/india-s-2025-welfare-push-new-schemes-healthcare-expansion-and-social-security-focus-1819417",
        "site_full": "news.abplive.com",
        "site": "abplive.com",
        "site_section": "https://news.abplive.com/",
        "site_categories": [
            "media",
            "arts, culture and entertainment",
            "lifestyle and leisure",
            "economy, business and finance",
            "crime, law and justice",
            "politics",
            "sport"
        ],
        "section_title": "ABP English LIVE, Latest English News, Breaking News Headlines, Today's News, India News - ABP Live",
        "site_title": "Hindi News, Latest Hindi News, हिंदी न्यूज़, हिंदी समाचार, Breaking Hindi News, Today Hindi News, ABP News",
        "title": "India's 2025 Welfare Push: New Schemes, Healthcare Expansion, and Social Security Focus",
        "title_full": "India's 2025 Welfare Push: New Schemes, Healthcare Expansion, and Social Security Focus",
        "published": "2026-01-01T10:38:00.000+02:00",
        "replies_count": 0,
        "participants_count": 1,
        "site_type": "news",
        "country": "IN",
        "main_image": "https://feeds.abplive.com/onecms/images/uploaded-images/2025/07/07/64aba4f6b3186399d4e16822abb9c1ca17518851798951169_original.jpg?impolicy=abp_cdn&amp;imwidth=1200",
        "performance_score": 0,
        "domain_rank": 5919,
        "domain_rank_updated": "2025-12-28T23:00:00.000+02:00",
        "licensing_agency": [],
        "social": {
            "facebook": {
                "likes": 0,
                "comments": 0,
                "shares": 0
            },
            "vk": {
                "shares": 0
            }
        }
    },
    "uuid": "c04fe054bb291518cd0186289367fd37d092fb5f",
    "url": "https://news.abplive.com/news/india/india-s-2025-welfare-push-new-schemes-healthcare-expansion-and-social-security-focus-1819417",
    "ord_in_thread": 0,
    "author": "ABP Live News",
    "published": "2026-01-01T10:38:00.000+02:00",
    "title": "India's 2025 Welfare Push: New Schemes, Healthcare Expansion, and Social Security Focus",
    "text": "The Prime Minister Dhan-Dhaanya Krishi Yojana was announced to stabilise farm incomes and strengthen agricultural support systems. Source : Pixabay The year 2025 marked a decisive phase in India’s welfare and public policy journey, with the Union government unveiling a fresh set of schemes and recalibrating existing safety nets to align with the long-term vision of Viksit Bharat 2047. From agriculture and employment to healthcare, housing and sanitation, welfare remained central to governance with the Union Budget 2025-26 acting as the key launchpad.\nWelfare Measures In Union Budget 2025-26 Presented on February 1, 2025, the Union Budget reinforced the government’s emphasis on inclusive growth, employment creation, and social security—particularly for farmers, youth, urban poor and informal workers.\nStrengthening Farm Economy The Prime Minister Dhan-Dhaanya Krishi Yojana was announced to stabilise farm incomes and strengthen agricultural support systems. With a focus on productivity, resilience and income security, the scheme aimed to address long-standing vulnerabilities faced by small and marginal farmers amid climate and market uncertainties.\nHealthcare Coverage Scales New Heights India’s flagship health insurance scheme, Ayushman Bharat – Pradhan Mantri Jan Arogya Yojana (AB-PMJAY), continued its rapid expansion in 2025. With coverage extending to over 42 crore beneficiaries, the scheme widened access to secondary and tertiary healthcare while integrating digital health platforms, reaffirming healthcare as a cornerstone of welfare policy.\nSocial Security For Most Vulnerable The National Social Assistance Programme (NSAP) remained a critical pillar of the welfare architecture, sustaining financial assistance to the elderly, widows and persons with disabilities. The programme reflected continuity in social protection even as new schemes were layered onto the system.\nEmployment Generation Takes Centre Stage The PM Vikasit Bharat Rojgar Yojana (PM-VBRY) was launched to incentivise first-time employment. The scheme offers financial support to employers hiring youth for the first time and provides direct monthly incentives to first-time employees through DBT, aligning labour market reforms with the goal of a developed India by 2047.\nIn a major symbolic and policy shift, the Mahatma Gandhi National Rural Employment Guarantee Act (MGNREGA) was renamed Pujya Bapu Gramin Rozgar Yojana, underscoring renewed focus on rural livelihoods. Towards the end of the year, the government introduced the Viksit Bharat—Guarantee for Rozgar and Ajeevika Mission (Gramin) (VB-G RAM G) Bill, 2025, signalling intent to replace the original MGNREGA framework with a reimagined rural employment guarantee.\nWelfare For Informal & Gig Economy With India’s workforce increasingly informal, 2025 saw a sharper focus on gig and unorganised workers. The Gig Workers Welfare framework, anchored by the e-Shram portal and the Code on Social Security, 2020, sought to provide health, accident, maternity and pension benefits.\nState-level initiatives, such as Karnataka’s proposed Welfare Boards, complemented national efforts, marking a gradual formalisation of gig work.\nUrban Housing Push The PMAY-Urban 2.0 “Angikaar 2025” campaign aimed to fast-track the completion of houses for the urban poor. The campaign reinforced housing as a welfare priority while addressing urbanisation pressures.\nSanitation & Dignity Of Labour Sanitation remained a recurring theme in public welfare discourse. Swachhata Hi Seva-2025 mobilised citizens nationwide around cleanliness and public health.\nThe NAMASTE scheme focused specifically on sanitation workers, emphasising mechanisation, provision of PPE, health insurance under Ayushman Bharat, and skill profiling—an effort to combine dignity, safety and social security.\nStates Drive Direct Cash Transfers At the state level, cash transfer schemes for women emerged as one of the most significant welfare trends of 2025. As many as 12 states rolled out unconditional monthly income support for women. While Odisha offered Rs 800 per month, Delhi’s assistance was nearly three times higher, highlighting stark variations in fiscal capacity and welfare design. Kerala, notably, opted out of direct cash transfers, reflecting divergent policy choices among states.\nRelated Video Breaking: Row Over SRK Buying Bangladeshi Player Amid Hindu Rights Anger About the author ABP Live News ABP Live News delivers round-the-clock coverage of India and the world, tracking politics, policy, governance, crime, courts and breaking developments, while offering sharp, verified reporting that helps readers stay informed, aware and connected to the stories shaping public life.\nRead",
    "highlightText": "",
    "highlightTitle": "",
    "highlightThreadTitle": "",
    "language": "english",
    "sentiment": "positive",
    "categories": [
        "Economy, Business and Finance",
        "Social Issue"
    ],
    "topics": [
        "Economy, Business and Finance->macro economics",
        "Economy, Business and Finance->financial and economic news",
        "Economy, Business and Finance->agriculture",
        "Social Issue->welfare",
        "Social Issue->social services"
    ],
    "ai_allow": true,
    "has_canonical": false,
    "breaking": false,
    "webz_reporter": false,
    "external_links": [
        "https://www.youtube.com/embed/",
        "https://youtube.com/embed/",
        "https://www.youtube.com/embed"
    ],
    "external_images": [],
    "internal_images": [],
    "entities": {
        "persons": [
            {
                "name": "Dhan-Dhaanya Krishi Yojana",
                "sentiment": "negative"
            }
        ],
        "locations": [],
        "organizations": [
            {
                "name": "Social Security Focus",
                "sentiment": "neutral",
                "tickers": []
            }
        ]
    },
    "syndication": {
        "syndicated": false,
        "syndicate_id": null,
        "first_syndicated": false
    },
    "trust": {
        "categories": [],
        "top_news": [],
        "bias": null,
        "source": {
            "type": null,
            "city": null,
            "state": null,
            "country": null,
            "domain_type": null,
            "agency": null,
            "organization_name": null
        }
    },
    "rating": null,
    "crawled": "2026-01-01T11:10:22.254+02:00",
    "updated": "2026-01-01T11:16:10.000+02:00"
}