{
    "thread": {
        "uuid": "33e88e4d0287714f3f52c927237cb565e78d8c84",
        "url": "https://www.mitrade.com/insights/news/live-news/article-8-1366302-20260101",
        "site_full": "www.mitrade.com",
        "site": "mitrade.com",
        "site_section": "https://www.mitrade.com/insights/commodity-analysis/oil-news",
        "site_categories": [
            "science and technology",
            "economy, business and finance"
        ],
        "section_title": "oil news",
        "site_title": "Mitrade | Trade Forex, Gold, Oil, Indices, Shares &amp; More on Our Award-Winning Platform",
        "title": "The Best Stocks to Invest $1,000 in to Start the New Year Off Right",
        "title_full": "The Best Stocks to Invest $1,000 in to Start the New Year Off Right",
        "published": "2026-01-01T13:05:00.000+02:00",
        "replies_count": 0,
        "participants_count": 1,
        "site_type": "news",
        "country": "TW",
        "main_image": "",
        "performance_score": 0,
        "domain_rank": 61607,
        "domain_rank_updated": "2025-12-28T23:00:00.000+02:00",
        "licensing_agency": [],
        "social": {
            "facebook": {
                "likes": 0,
                "comments": 0,
                "shares": 0
            },
            "vk": {
                "shares": 0
            }
        }
    },
    "uuid": "33e88e4d0287714f3f52c927237cb565e78d8c84",
    "url": "https://www.mitrade.com/insights/news/live-news/article-8-1366302-20260101",
    "ord_in_thread": 0,
    "author": "The Motley Fool",
    "published": "2026-01-01T13:05:00.000+02:00",
    "title": "The Best Stocks to Invest $1,000 in to Start the New Year Off Right",
    "text": "Alphabet should continue to benefit from a strong AI tailwind in 2026.\nVertex Pharmaceuticals has several growth drivers in the new year.\nEnbridge offers stability in the event the economy declines over the next 12 months.\nSome kiss a loved one at midnight on New Year's Eve to usher in a new year on a positive note. In the South, many eat black-eyed peas and greens to hopefully ensure prosperity during the year.\nHowever, I think the best way to begin the new year is to invest. The sooner, the better. But where should you put your money to work for you? Here are my picks for the best stocks to invest $1,000 in to start the new year off right.\nWhere to invest $1,000 right now? Our analyst team just revealed what they believe are the 10 best stocks to buy right now. Continue »\nCompanies well-positioned to meet the continued surge in demand for artificial intelligence (AI) products and services should generate tremendous profits in 2026. And I can't think of a more likely AI winner than Google parent Alphabet (NASDAQ: GOOG) (NASDAQ: GOOGL).\nGoogle Cloud is growing faster than its two bigger rivals, Amazon's (NASDAQ: AMZN) AWS and Microsoft's (NASDAQ: MSFT) Azure. Its launch of the widely acclaimed Google Gemini 3.0 large language model (LLM) could attract even more customers.\nGemini 3.0 is also improving the generative AI capabilities of Google Search. Rather than being the \"Google killer\" that some predicted, genAI is instead boosting search traffic for Google. That translates to increased advertising revenue.\nI expect that agentic AI will be a key growth driver for Google Cloud in 2026. The integration of AI agents into Google Workspace should also further increase the popularity of the cloud-based productivity suite.\nWill 2026 be the year that Waymo becomes a significant revenue contributor to Alphabet? Probably not. However, I think Waymo's autonomous ride-hailing services will continue to gain momentum over the next 12 months. Forward-thinking investors could increasingly recognize the gold mine Alphabet owns with this business.\nOne important development to watch with Vertex Pharmaceuticals (NASDAQ: VRTX) in 2026 is the accelerating momentum for its newest cystic fibrosis (CF) therapy, Alyftrek. To be sure, much of Alyftrek's sales will cannibalize sales of Vertex's other CF products. However, because the royalties for Alyftrek are lower, successful commercialization of the drug should boost Vertex's profits.\nI expect that Journavx will also really hit its stride this year. More than 170 million people already have access to the non-opioid pain drug. Vertex believes that access to Journavx will continue to expand in 2026. The greater the access, the greater the sales.\nPovetacicept could be another big story for Vertex in the new year. The company has already begun a rolling regulatory submission to the U.S. Food and Drug Administration for accelerated approval of the drug as a treatment for IgA nephropathy. This chronic kidney disease affects nearly three times as many patients in the U.S. and Europe as CF. Vertex anticipates completing this filing in the first half of the year.\nA second potential regulatory filing appears to be off the table for 2026. Vertex previously predicted that it would file for approval of zimislecel in treating severe Type 2 diabetes in the second half of the year. However, dosing in the Phase 3 study of the experimental drug had to be stopped while an internal manufacturing analysis was conducted. Vertex hopes to resume dosing in 2026.\nUnlike Alphabet and Vertex Pharmaceuticals, Enbridge (NYSE: ENB) isn't a high-powered growth stock. However, I think it's a great pick for 2026 for three key reasons.\nFirst, Enbridge doesn't have to deliver sizzling growth to still deliver strong total returns. The energy company's high forward dividend yield of 5.8% gives it a big head start. What's more, Enbridge has increased its dividend for 30 consecutive years.\nSecond, the company has exceptional long-term growth prospects. Enbridge estimates roughly $50 billion in growth opportunities through the end of the decade, with nearly half of that total related to its gas transmission business.\nThird, this stock provides stability to investors' portfolios in the event the economy takes a turn for the worse in the new year. Enbridge ranks as the largest natural gas utility in North America and one of the biggest pipeline operators. Its business generates steady cash flow in all business cycles.\nOver the last 20 years, Enbridge has delivered risk-adjusted total shareholder returns that beat the S&P 500 (SNPINDEX: ^GSPC) and the utilities sector. That's the kind of stock you'll want to own if the economy struggles in 2026.\nBefore you buy stock in Enbridge, consider this:\nThe Motley Fool Stock Advisor analyst team just identified what they believe are the 10 best stocks for investors to buy now… and Enbridge wasn’t one of them. The 10 stocks that made the cut could produce monster returns in the coming years.\nConsider when Netflix made this list on December 17, 2004... if you invested $1,000 at the time of our recommendation, you’d have $505,749!* Or when Nvidia made this list on April 15, 2005... if you invested $1,000 at the time of our recommendation, you’d have $1,149,658!*\nNow, it’s worth noting Stock Advisor’s total average return is 979% — a market-crushing outperformance compared to 195% for the S&P 500. Don't miss the latest top 10 list, available with Stock Advisor, and join an investing community built by individual investors for individual investors.\nSee the 10 stocks »\n*Stock Advisor returns as of January 1, 2026.\nKeith Speights has positions in Alphabet, Amazon, Enbridge, Microsoft, and Vertex Pharmaceuticals. The Motley Fool has positions in and recommends Alphabet, Amazon, Enbridge, Microsoft, and Vertex Pharmaceuticals. The Motley Fool recommends the following options: long January 2026 $395 calls on Microsoft and short January 2026 $405 calls on Microsoft. The Motley Fool has a disclosure policy.",
    "highlightText": "",
    "highlightTitle": "",
    "highlightThreadTitle": "",
    "language": "english",
    "sentiment": "positive",
    "categories": [
        "Economy, Business and Finance"
    ],
    "topics": [
        "Economy, Business and Finance->financial and economic news",
        "Economy, Business and Finance->investment and opinion pieces"
    ],
    "ai_allow": true,
    "has_canonical": true,
    "breaking": false,
    "webz_reporter": false,
    "external_links": [],
    "external_images": [],
    "internal_images": [],
    "entities": {
        "persons": [],
        "locations": [],
        "organizations": [
            {
                "name": "Vertex Pharmaceuticals",
                "sentiment": "neutral",
                "tickers": [
                    {
                        "ticker": "VRTX",
                        "exchange": "NASDAQ"
                    }
                ]
            },
            {
                "name": "Enbridge",
                "sentiment": "none",
                "tickers": [
                    {
                        "ticker": "ENB",
                        "exchange": "NYSE"
                    }
                ]
            }
        ]
    },
    "syndication": {
        "syndicated": false,
        "syndicate_id": "33e88e4d0287714f3f52c927237cb565e78d8c84",
        "first_syndicated": true
    },
    "trust": {
        "categories": [],
        "top_news": [],
        "bias": null,
        "source": {
            "type": null,
            "city": null,
            "state": null,
            "country": null,
            "domain_type": null,
            "agency": null,
            "organization_name": null
        }
    },
    "rating": null,
    "crawled": "2026-01-01T13:28:58.695+02:00",
    "updated": "2026-01-01T13:30:58.000+02:00"
}