{
    "thread": {
        "uuid": "8368f9a828f0ed62d6c51eb1e8e1a3b96ed59aa3",
        "url": "https://www.ghanaweb.com/GhanaHomePage/business/Your-support-for-tough-reforms-is-helping-reset-our-economy-Ato-Forson-to-Ghanaians-2015884",
        "site_full": "www.ghanaweb.com",
        "site": "ghanaweb.com",
        "site_section": "https://news.google.com/search?q=our%20when%3A1h&hl=en-US&gl=US&ceid=US%3Aen",
        "site_categories": [
            "media",
            "arts, culture and entertainment",
            "economy, business and finance",
            "social issue",
            "crime, law and justice",
            "politics",
            "sport"
        ],
        "section_title": "Google News - Search",
        "site_title": "Ghana HomePage, resource for News, Sports, Facts, Opinions, Business and Entertainment",
        "title": "Your support for tough reforms is helping reset our economy - Ato Forson to Ghanaians",
        "title_full": "Your support for tough reforms is helping reset our economy - Ato Forson to Ghanaians",
        "published": "2026-01-01T14:44:00.000+02:00",
        "replies_count": 0,
        "participants_count": 1,
        "site_type": "news",
        "country": "GH",
        "main_image": "https://cdn.ghanaweb.com/imagelib/pics/546/54607951.jpg",
        "performance_score": 0,
        "domain_rank": 6333,
        "domain_rank_updated": "2025-12-28T23:00:00.000+02:00",
        "licensing_agency": [],
        "social": {
            "facebook": {
                "likes": 0,
                "comments": 0,
                "shares": 0
            },
            "vk": {
                "shares": 0
            }
        }
    },
    "uuid": "8368f9a828f0ed62d6c51eb1e8e1a3b96ed59aa3",
    "url": "https://www.ghanaweb.com/GhanaHomePage/business/Your-support-for-tough-reforms-is-helping-reset-our-economy-Ato-Forson-to-Ghanaians-2015884",
    "ord_in_thread": 0,
    "author": "GhanaWeb",
    "published": "2026-01-01T14:44:00.000+02:00",
    "title": "Your support for tough reforms is helping reset our economy - Ato Forson to Ghanaians",
    "text": "The Minister of Finance, Dr Cassiel Ato Forson, has called for commitment from Ghanaians to achieve the government’s economic reforms as the country enters 2026.\nIn a New Year’s message to Ghanaians shared on social media on January 1, 2026, Dr Forson thanked citizens for their “resilience and unity” in navigating a challenging 2025.\nNew poll shows Ato Forson overtaking Asiedu Nketiah in 2028 NDC succession\nHe highlighted the public’s support for difficult but necessary economic reforms, noting that these efforts are helping to reset the Ghanaian economy.\nDr Forson called on Ghanaians to maintain momentum in 2026 to ensure continued progress toward expanding opportunities for Ghanaians.\n“Your support for the tough but necessary reforms is helping us reset our economy for growth, jobs, and lasting transformation.\n“In the year ahead, let us put our shoulders to the wheel to ensure these reforms continue to deliver more opportunities for households, businesses, and our youth,” he wrote.\nHe further paid special tribute to market women and men across the country, including traders from Makola Market, Market Circle, and Kotokoraba Market in Cape Coast, for their contributions to the economy and community life.\nSee the post below:\nHappy New Year, Ghanafo!\n—\nAs we enter 2026, I thank every Ghanaian for the resilience and unity that carried us through a challenging 2025.\nYour support for the tough but necessary reforms is helping us reset our economy for growth, jobs, and lasting transformation.\nIn the…[pic.twitter.com/lF8qWPSZK5]Cassiel Ato Forson (@Cassielforson)[January 1, 2026]\nID/AE",
    "highlightText": "",
    "highlightTitle": "",
    "highlightThreadTitle": "",
    "language": "english",
    "sentiment": "positive",
    "categories": [
        "Politics",
        "Economy, Business and Finance"
    ],
    "topics": [
        "Politics->government policy",
        "Politics->economic policy",
        "Economy, Business and Finance->economy",
        "Economy, Business and Finance->financial and economic news",
        "Economy, Business and Finance->macro economics"
    ],
    "ai_allow": true,
    "has_canonical": false,
    "breaking": true,
    "webz_reporter": false,
    "external_links": [],
    "external_images": [],
    "internal_images": [],
    "entities": {
        "persons": [
            {
                "name": "Cassiel Ato Forson",
                "sentiment": "negative"
            },
            {
                "name": "Asiedu Nketiah",
                "sentiment": "none"
            }
        ],
        "locations": [],
        "organizations": []
    },
    "syndication": {
        "syndicated": false,
        "syndicate_id": "8368f9a828f0ed62d6c51eb1e8e1a3b96ed59aa3",
        "first_syndicated": true
    },
    "trust": {
        "categories": [],
        "top_news": [],
        "bias": null,
        "source": {
            "type": null,
            "city": null,
            "state": null,
            "country": null,
            "domain_type": null,
            "agency": null,
            "organization_name": null
        }
    },
    "rating": null,
    "crawled": "2026-01-01T14:50:44.404+02:00",
    "updated": "2026-01-01T14:56:20.000+02:00"
}