{
    "thread": {
        "uuid": "733203f8ca5bcc2a518744f897367ce47680a017",
        "url": "https://en.cryptonomist.ch/2024/12/17/bitcoin-btc-price-forecast-at-200k-dollars-by-mid-2025",
        "site_full": "en.cryptonomist.ch",
        "site": "cryptonomist.ch",
        "site_section": "https://www.cryptonomist.ch",
        "site_categories": [],
        "section_title": "Home - The Cryptonomist",
        "title": "Bitcoin (BTC): price forecast at 200K dollars by mid-2025",
        "title_full": "Bitcoin (BTC): price forecast at 200K dollars by mid-2025",
        "published": "2024-12-17T10:43:00.000+02:00",
        "replies_count": 0,
        "participants_count": 1,
        "site_type": "news",
        "country": "DE",
        "main_image": "",
        "performance_score": 0,
        "domain_rank": 28114,
        "domain_rank_updated": "2024-12-09T23:00:00.000+02:00",
        "social": {
            "facebook": {
                "likes": 0,
                "comments": 0,
                "shares": 0
            },
            "vk": {
                "shares": 0
            }
        }
    },
    "uuid": "733203f8ca5bcc2a518744f897367ce47680a017",
    "url": "https://en.cryptonomist.ch/2024/12/17/bitcoin-btc-price-forecast-at-200k-dollars-by-mid-2025",
    "ord_in_thread": 0,
    "parent_url": null,
    "author": "Stefania Stimolo",
    "published": "2024-12-17T10:43:00.000+02:00",
    "title": "Bitcoin (BTC): price forecast at 200K dollars by mid-2025",
    "text": "A new price prediction for Bitcoin (BTC) suggests 140k – 200k dollars by mid-2025. This is stated in the latest Alpha Market Report by Bitfinex 2024, which also forecasts a first quarter full of volatility for the leader of the crypto.\nBitcoin (BTC): the Bitfinex forecast sees the price between 140K and 200K by mid-2025 According to the latest Alpha Market Report by Bitfinex for 2024, the price forecasts for Bitcoin (BTC) for the coming year remain super optimistic.\nIn fact, the forecast describes that the minimum price of BTC will be in the range of 140k-200k dollars by mid-2025.\nThe analysts have described this 2024 as an exceptional year for Bitcoin , full of historical milestones. First and foremost, the launch of the first Bitcoin spot ETF in the USA in January, followed by surpassing the six-figure threshold, with BTC above $100,000.\nNot only that, this year almost coming to an end has positioned Bitcoin as the seventh asset by market capitalization, with its over 2,000 billion dollars.\nIn fact, at the time of writing, the market cap of BTC is 2.127 trillion dollars, surpassing that of Saudi Aramco and Meta Platform by 1.832 and 1.575 trillion dollars, respectively. In the ranking of today , therefore , BTC would be exactly in sixth place, below Alphabet (Google) and Amazon.\nThese sensational victories of bitcoin are, according to the analysts of Bitfinex, destined to continue even in 2025.\nSpecifically, the report suggests that we are halfway through the cycle after the halving of April 2024 , with the market likely reaching the peak around the third quarter of 2025 , about 450 days after the halving.\nBitcoin (BTC) at 200k by mid-2025? Likely volatility ahead Another characteristic of the Bitcoin (BTC) price prediction for 2025 by Bitfinex analysts, is the volatility.\nIn fact, in addition to forecasting a price range that will be reached by BTC by the middle of next year, the report suggests that there will be volatility in the first quarter of 2025 .\nHere is how the text quotes:\n“Looking ahead, we believe that the current run to over $100,000 has captured a significant portion of Bitcoin’s price appreciation for this cycle. Our minimum price target for Bitcoin remains at $140,000 – $200,000 by mid-2025. Although volatility is expected in the first quarter of 2025, the broader trend indicates further price appreciation, supported by ETFs, institutional adoption, and the growing importance of Bitcoin as a global asset. Investors should nonetheless remain vigilant for any signs of overbought conditions as Bitcoin approaches the top of its cycle.”\nRecently, the VP Product and GM of Consumer at Kraken, Mark Greenberg , also wanted to describe the crypto scenario for 2025.\nContrary to what was just said by the analysts at Bitfinex, however, Greenberg believes that by 2025, cryptos will be less volatile. This statement is based on the fact that mainstream adoption will lead to greater liquidity , making the market less susceptible to violent price swings.\nNot only that, according to Greenberg, the decreasing volatility of 2025 will make crypto more appealing even for that group of investors who are less inclined to market risk.\nBTC at $160,000: the report by Matrixport Recently, even Matrixport with its report “Matrix on Target” described its forecast for the price of Bitcoin (BTC) for 2025.\nHere the target seems to be $160,000, which means an increase of +60% compared to current prices , which could also be reached in a short time.\nHere too, the success factors of bitcoin for this year still in progress are considered, such as spot Bitcoin ETFs, but also the evolution of the macroeconomic context and the expansion of global liquidity.\nMatrixport has also identified an increase in adoption for bitcoin in 2025 , stating that it will surpass the 8% threshold.",
    "highlightText": "",
    "highlightTitle": "",
    "highlightThreadTitle": "",
    "language": "english",
    "sentiment": "positive",
    "categories": [
        "Economy, Business and Finance"
    ],
    "ai_allow": true,
    "canonical": false,
    "webz_reporter": false,
    "external_links": [
        "https://companiesmarketcap.com/",
        "https://blog.bitfinex.com/wp-content/uploads/2024/12/Bitfinex-Alpha-135.pdf",
        "https://www.blog.bitfinex.com/wp-content/uploads/2024/12/Bitfinex-Alpha-135.pdf",
        "https://companiesmarketcap.com",
        "https://www.companiesmarketcap.com/"
    ],
    "external_images": [],
    "entities": {
        "persons": [],
        "organizations": [
            {
                "name": "BTC",
                "sentiment": "none"
            }
        ],
        "locations": []
    },
    "syndication": {
        "syndicated": false,
        "syndicate_id": "733203f8ca5bcc2a518744f897367ce47680a017",
        "first_syndicated": true
    },
    "rating": null,
    "crawled": "2024-12-17T13:12:05.086+02:00",
    "updated": "2024-12-17T13:12:05.086+02:00"
}