{
    "thread": {
        "uuid": "e18fe82d5aed3f7353f269ae8f618108e5459531",
        "url": "https://www.newsbytesapp.com/news/science/trai-to-release-new-dnd-app-to-fight-spam-calls/story",
        "site_full": "www.newsbytesapp.com",
        "site": "newsbytesapp.com",
        "site_section": "https://www.newsbytesapp.com/news/entertainment/zee-horror-show-prepares-to-return-on-zee5/story",
        "site_categories": [
            "media"
        ],
        "section_title": "ZEE5 teases the return of the iconic 'Zee Horror Show' ",
        "title": "TRAI's upcoming app could finally end menace of spam calls",
        "title_full": "TRAI's upcoming app could finally end menace of spam calls",
        "published": "2024-12-17T09:06:00.000+02:00",
        "replies_count": 0,
        "participants_count": 1,
        "site_type": "news",
        "country": "IN",
        "main_image": "https://i.cdn.newsbytesapp.com/images/14212531734428045.jpg",
        "performance_score": 0,
        "domain_rank": 24232,
        "domain_rank_updated": "2024-12-09T23:00:00.000+02:00",
        "social": {
            "facebook": {
                "likes": 0,
                "comments": 0,
                "shares": 0
            },
            "vk": {
                "shares": 0
            }
        }
    },
    "uuid": "e18fe82d5aed3f7353f269ae8f618108e5459531",
    "url": "https://www.newsbytesapp.com/news/science/trai-to-release-new-dnd-app-to-fight-spam-calls/story",
    "ord_in_thread": 0,
    "parent_url": null,
    "author": "Mudit Dube",
    "published": "2024-12-17T09:06:00.000+02:00",
    "title": "TRAI's upcoming app could finally end menace of spam calls",
    "text": "TRAI's upcoming app could finally end menace of spam calls\n[Mudit Dube](https://www.newsbytesapp.com/author/mudit/142)\nThe [Telecom Regulatory Authority of India (TRAI)](https://www.newsbytesapp.com/news/india/telecom-regulatory-authority-of-india ) will release an updated version of its Do Not Disturb (DND) app in the next two months.\nThis comes as part of TRAI's continued efforts to tackle the increasing menace of spam calls.\nThe announcement was made by TRAI Chairman Anil Kumar Lahoti, who said the app's technical feasibility on new features is under discussion.\nCurrent DND app faces criticism for limited effectiveness\nThe current DND app, which was launched back in 2016, has been criticized for not being effective enough and engaging users.\nEven after years of updates, including a spam detection engine for SMS, the app has been found cumbersome and ineffective by many users. Especially on [Android](https://www.newsbytesapp.com/news/science/android), where bugs have been rampant.\nTRAI acknowledged this earlier this year and is working to fix it by March 2025.\nUpdated DND app expected to reduce spam calls\nWith some 270 million users in India receiving around five million spam calls every day, the revamped DND app is expected to cut down on unwanted communications significantly. Just in the first half of 2024, TRAI received over 790,000 complaints against unregistered telemarketers. The updated avatar of the DND app should be able to tackle these issues more effectively.\nTRAI intensifies efforts against spam via SMS and OTT apps\nAlong with the revamped DND app, TRAI is also ramping up its fight against spam through SMS and over-the-top (OTT) messaging apps.\nEarlier this year, the telecom regulator had even asked the Ministry of Electronics and Information Technology (MeitY) to crack down on unsolicited communications through apps like [WhatsApp](https://www.newsbytesapp.com/news/business/whatsapp) and [Telegram](https://www.newsbytesapp.com/news/science/telegram).",
    "highlightText": "",
    "highlightTitle": "",
    "highlightThreadTitle": "",
    "language": "english",
    "sentiment": "positive",
    "categories": [
        "Science and Technology",
        "Social Issue",
        "Economy, Business and Finance"
    ],
    "ai_allow": true,
    "canonical": false,
    "webz_reporter": false,
    "external_links": [],
    "external_images": [],
    "entities": {
        "persons": [],
        "organizations": [],
        "locations": []
    },
    "syndication": {
        "syndicated": false,
        "syndicate_id": null,
        "first_syndicated": false
    },
    "rating": null,
    "crawled": "2024-12-17T11:42:50.440+02:00",
    "updated": "2024-12-17T11:42:50.440+02:00"
}