{
    "thread": {
        "uuid": "4d7b1259cf68cbb1831f081d472e73f73267f3c5",
        "url": "https://democrats.org/news/scott-bessent-confirms-trump-will-not-raise-the-minimum-wage-just-give-handouts-to-billionaires",
        "site_full": "democrats.org",
        "site": "democrats.org",
        "site_section": "https://www.democrats.org",
        "site_categories": [
            "politics",
            "law_government_and_politics"
        ],
        "section_title": "We are the Democratic Party - Democrats",
        "title": "Scott Bessent Confirms Trump Will NOT Raise the Minimum Wage - Just Give Handouts to Billionaires",
        "title_full": "Scott Bessent Confirms Trump Will NOT Raise the Minimum Wage - Just Give Handouts to Billionaires",
        "published": "2025-01-16T22:41:00.000+02:00",
        "replies_count": 0,
        "participants_count": 1,
        "site_type": "news",
        "country": "US",
        "main_image": "",
        "performance_score": 0,
        "domain_rank": 7269,
        "domain_rank_updated": "2025-01-13T23:00:00.000+02:00",
        "social": {
            "facebook": {
                "likes": 0,
                "comments": 0,
                "shares": 0
            },
            "vk": {
                "shares": 0
            }
        }
    },
    "uuid": "4d7b1259cf68cbb1831f081d472e73f73267f3c5",
    "url": "https://democrats.org/news/scott-bessent-confirms-trump-will-not-raise-the-minimum-wage-just-give-handouts-to-billionaires",
    "ord_in_thread": 0,
    "parent_url": null,
    "author": "Shelby Reese",
    "published": "2025-01-16T22:41:00.000+02:00",
    "title": "Scott Bessent Confirms Trump Will NOT Raise the Minimum Wage - Just Give Handouts to Billionaires",
    "text": "In response to Donald Trump’s Treasury Secretary nominee Scott Bessent confirming the Trump administration will not work to raise the minimum wage, DNC Rapid Response Director Alex Floyd released the following statement:\n“Donald Trump and Scott Bessent will give tax handouts to billionaires but oppose raising wages for the poorest Americans. Trump and his billionaire Cabinet have their priorities backwards. Instead of focusing on lower costs and higher wages, they’re only trying to line their own pockets while breaking promises to working families.”\nNEW: Donald Trump’s Treasury Secretary nominee Scott Bessent confirmed he does not support raising the federal minimum wage – which has not been raised since 2009.\nSen. Bernie Sanders : “Will you work with those of us who want to raise the federal minimum wage to a living wage to take millions of Americans out of poverty?”\nScott Bessent: “I believe that the minimum wage is more of a statewide and regional issue.”\nSen: Sanders: “ So you don’t think we should change the federal minimum wage of $7.25 an hour?”\nScott Bessent: “No, sir.”\nREMINDER: Trump’s tax scam gave massive handouts to the ultra-wealthy at the expense of working families and created new incentives for companies to ship jobs overseas.\nForbes : “Trump Tax Cuts Helped Billionaires Pay Less Taxes Than The Working Class In 2018”\nWashington Post : “For the first time in history, U.S. billionaires paid a lower tax rate than the working class last year”\nCBS News : “Two years after Trump tax cuts, middle-class Americans are falling behind”\nWashington Post Analysis : “One of President Donald Trump’s lesser-known but profoundly damaging legacies will be the explosive rise in the national debt that occurred on his watch. The financial burden that he’s inflicted on our government will wreak havoc for decades, saddling our kids and grandkids with debt. The national debt has risen by almost $7.8 trillion during Trump’s time in office. …\n“The growth in the annual deficit under Trump ranks as the third-biggest increase, relative to the size of the economy, of any U.S. presidential administration, according to a calculation by Eugene Steuerle, co-founder of the Urban-Brookings Tax Policy Center.”\nWashington Post : “Trump promised ‘America First’ would keep jobs here. But the tax plan might push them overseas.”\nTrump owns the worst jobs record in modern American history.\nFortune : “Trump to leave office with the worst jobs record since Herbert Hoover”\nWashington Post : “President Trump took office at the crest of the longest economic expansion in U.S. history. He leaves presiding over the worst labor market in modern U.S. history, as an already-sputtering economic recovery has turned negative.”\nBloomberg : “Trump’s Jobs Record Fell Short of Promises Even Before the Virus”\n###",
    "highlightText": "",
    "highlightTitle": "",
    "highlightThreadTitle": "",
    "language": "english",
    "sentiment": "negative",
    "categories": [
        "Politics",
        "Economy, Business and Finance",
        "Social Issue"
    ],
    "topics": [
        "Politics->economic policy",
        "Politics->government",
        "Politics->political candidates",
        "Economy, Business and Finance->financial and economic news",
        "Social Issue->poverty",
        "Social Issue->social condition"
    ],
    "ai_allow": true,
    "has_canonical": false,
    "breaking": null,
    "webz_reporter": false,
    "external_links": [
        "https://www.washingtonpost.com/business/2019/10/08/first-time-history-us-billionaires-paid-lower-tax-rate-than-working-class-last-year/",
        "https://www.washingtonpost.com/business/2021/01/08/trump-jobs-record/",
        "https://www.washingtonpost.com/business/economy/trump-promised-america-first-would-keep-jobs-here-but-the-tax-plan-might-not/2017/12/15/7b8ed60e-df93-11e7-bbd0-9dfb2e37492a_story.html",
        "https://www.forbes.com/sites/camilomaldonado/2019/10/10/trump-tax-cuts-helped-billionaires-pay-less-taxes-than-the-working-class-in-2018/?sh=642388dd3128",
        "https://www.bloomberg.com/news/articles/2020-09-29/trump-s-jobs-record-fell-short-of-promises-even-before-the-coronavirus-pandemic?sref=j9PkcaMF",
        "https://finance.yahoo.com/news/trump-leave-office-worst-jobs-030044152.html",
        "https://www.washingtonpost.com/business/2021/01/14/trump-legacy-national-debt-increasee/",
        "https://x.com/factpostnews/status/1879947927365333373",
        "https://www.cbsnews.com/news/two-years-after-trumps-tax-reform-the-middle-class-is-struggling/",
        "https://www.bloomberg.com/news/articles/2020-09-29/trump-s-jobs-record-fell-short-of-promises-even-before-the-coronavirus-pandemic",
        "https://washingtonpost.com/business/2019/10/08/first-time-history-us-billionaires-paid-lower-tax-rate-than-working-class-last-year/",
        "https://www.finance.yahoo.com/news/trump-leave-office-worst-jobs-030044152.html",
        "https://www.washingtonpost.com/business/2019/10/08/first-time-history-us-billionaires-paid-lower-tax-rate-than-working-class-last-year",
        "https://www.washingtonpost.com/business/2021/01/08/trump-jobs-record",
        "https://www.cbsnews.com/news/two-years-after-trumps-tax-reform-the-middle-class-is-struggling",
        "https://www.washingtonpost.com/business/2021/01/14/trump-legacy-national-debt-increasee",
        "https://washingtonpost.com/business/2021/01/14/trump-legacy-national-debt-increasee/",
        "https://washingtonpost.com/business/economy/trump-promised-america-first-would-keep-jobs-here-but-the-tax-plan-might-not/2017/12/15/7b8ed60e-df93-11e7-bbd0-9dfb2e37492a_story.html",
        "https://bloomberg.com/news/articles/2020-09-29/trump-s-jobs-record-fell-short-of-promises-even-before-the-coronavirus-pandemic?sref=j9PkcaMF",
        "https://forbes.com/sites/camilomaldonado/2019/10/10/trump-tax-cuts-helped-billionaires-pay-less-taxes-than-the-working-class-in-2018/?sh=642388dd3128",
        "https://washingtonpost.com/business/2021/01/08/trump-jobs-record/",
        "https://www.forbes.com/sites/camilomaldonado/2019/10/10/trump-tax-cuts-helped-billionaires-pay-less-taxes-than-the-working-class-in-2018/",
        "https://www.x.com/factpostnews/status/1879947927365333373",
        "https://cbsnews.com/news/two-years-after-trumps-tax-reform-the-middle-class-is-struggling/"
    ],
    "external_images": [],
    "entities": {
        "persons": [
            {
                "name": "Scott Bessent",
                "sentiment": "negative"
            },
            {
                "name": "Donald Trump",
                "sentiment": "negative"
            },
            {
                "name": "Bernie Sanders",
                "sentiment": "none"
            },
            {
                "name": "Alex Floyd",
                "sentiment": "none"
            }
        ],
        "organizations": [],
        "locations": []
    },
    "syndication": {
        "syndicated": false,
        "syndicate_id": null,
        "first_syndicated": false
    },
    "rating": null,
    "crawled": "2025-01-17T00:14:56.460+02:00",
    "updated": "2025-01-17T00:14:56.460+02:00"
}