{
    "thread": {
        "uuid": "f5d7da2a6e52dbf148038be028714d6ea12c64c2",
        "url": "https://virtualjerusalem.com/how-much-is-tiktok-worth-and-who-could-buy-it-2",
        "site_full": "virtualjerusalem.com",
        "site": "virtualjerusalem.com",
        "site_section": "https://www.virtualjerusalem.com",
        "site_categories": [
            "media",
            "judaism",
            "religion"
        ],
        "section_title": "Virtual Jerusalem | Israel News &amp; Views",
        "title": "How Much Is TikTok Worth And Who Could Buy It?",
        "title_full": "How Much Is TikTok Worth And Who Could Buy It?",
        "published": "2025-01-16T23:00:00.000+02:00",
        "replies_count": 0,
        "participants_count": 1,
        "site_type": "news",
        "country": "US",
        "main_image": "",
        "performance_score": 0,
        "domain_rank": 194061,
        "domain_rank_updated": "2025-01-13T23:00:00.000+02:00",
        "social": {
            "facebook": {
                "likes": 0,
                "comments": 0,
                "shares": 0
            },
            "vk": {
                "shares": 0
            }
        }
    },
    "uuid": "f5d7da2a6e52dbf148038be028714d6ea12c64c2",
    "url": "https://virtualjerusalem.com/how-much-is-tiktok-worth-and-who-could-buy-it-2",
    "ord_in_thread": 0,
    "parent_url": null,
    "author": "VJ Editor",
    "published": "2025-01-16T23:00:00.000+02:00",
    "title": "How Much Is TikTok Worth And Who Could Buy It?",
    "text": "The supremely popular TikTok could be banned on Jan. 19 under a federal law that forces the video sharing platform to divest itself from its China-based parent company, ByteDance, or shut down its U.S. operations. Several parties have expressed interest in buying the platform, but ByteDance has repeatedly said it does not plan to sell. Experts have also noted the Chinese government is unlikely to approve a sale that includes TikTok’s coveted algorithm. But until the deadline passes, or until the Supreme Court takes action, the possibility of a purchase is still possible. Here’s what you need to know: How much is TikTok worth? Wedbush analyst Dan Ives estimates TikTok is worth “well north of $100 billion” with the algorithm — and potentially up to $200 billion in a “best case scenario.” “Without the algorithm it’s $40 billion to $50 billion,” Ives said, adding he does not believe that ByteDance and Beijing would sell TikTok with the algorithm. Attorneys for the TikTok and ByteDance have claimed it’s impossible to divest the platform commercially and technologically. They also say any sale of TikTok without the coveted algorithm — the platform’s secret sauce that Chinese authorities would likely block under any divesture plan — would turn the U.S. version of TikTok into an island disconnected from other global content. U.S. officials warned that the proprietary algorithm is vulnerable to manipulation by Chinese authorities, who can use it to shape content on the platform in a way that’s difficult to detect. Who’s serious about buying TikTok? Billionaire businessman and real estate mogul Frank McCourt and his internet advocacy group recently announced it had submitted a proposal to buy the social media site from ByteDance. Famed Shark Tank investor Kevin O’Leary has also joined the effort. The group has not disclosed details of the bid. If a sale occurs, the former owner of the Los Angeles Dodgers said he would plan to restructure TikTok and give more agency to people “over their digital identities and data” by migrating the platform to an open-source protocol that allows for more transparency. Former Treasury Secretary Steven Mnuchin has also taken steps to purchase TikTok. Shortly after Congress passed the ban, Mnuchin told CNBC he had started creating an investor group that would purchase the popular social media company. He offered no details about who may be in the group or about TikTok’s possible valuation. When Mnuchin was Treasury secretary, he helped the Trump administration broker a deal in 2020 that would have had U.S. corporations Oracle and Walmart take a large stake in TikTok on national security grounds. Several other names have been floated as possible buyers — Tesla CEO Elon Musk, Jimmy Donaldson ( MrBeast), who recently posted on social media about possibly pulling off such a deal, and former Blizzard-Activision CEO Bobby Kotick. Whether these buyers are serious and actively assembling a bid for the company, however, is not clear. Can Trump intervene? President-elect Donald Trump, who takes office on Jan. 20, recently asked the court to put a pause on the law so he can work out a “political resolution” to the issue during his second term. If the justices — who heard oral arguments Friday over the law — grant his request, a potential ban on TikTok will be delayed. The Supreme Court is expected to issue a decision within days. The Trump transition […] | Read More The Yeshiva World",
    "highlightText": "",
    "highlightTitle": "",
    "highlightThreadTitle": "",
    "language": "english",
    "sentiment": "negative",
    "categories": [
        "Economy, Business and Finance",
        "Politics",
        "Social Issue"
    ],
    "topics": [
        "Economy, Business and Finance->business strategy and marketing",
        "Economy, Business and Finance->financial and economic news",
        "Economy, Business and Finance->investment and opinion pieces",
        "Politics->economic policy",
        "Politics->international relations",
        "Politics->political process",
        "Social Issue->demographics",
        "Social Issue->social networking",
        "Social Issue->immigration"
    ],
    "ai_allow": true,
    "has_canonical": false,
    "breaking": null,
    "webz_reporter": false,
    "external_links": [
        "https://www.theyeshivaworld.com/news/general/2353096/how-much-is-tiktok-worth-and-who-could-buy-it.html",
        "https://theyeshivaworld.com/news/general/2353096/how-much-is-tiktok-worth-and-who-could-buy-it.html"
    ],
    "external_images": [],
    "entities": {
        "persons": [
            {
                "name": "Dan Ives",
                "sentiment": "none"
            }
        ],
        "organizations": [
            {
                "name": "Supreme Court",
                "sentiment": "none"
            }
        ],
        "locations": []
    },
    "syndication": {
        "syndicated": false,
        "syndicate_id": null,
        "first_syndicated": false
    },
    "rating": null,
    "crawled": "2025-01-17T01:10:16.983+02:00",
    "updated": "2025-01-17T01:10:16.983+02:00"
}