{
    "thread": {
        "uuid": "54d6ab4c452aea631d638d219e72e1f456f7ecb8",
        "url": "https://news-pravda.com/world/2025/01/16/983390.html",
        "site_full": "news-pravda.com",
        "site": "news-pravda.com",
        "site_section": "https://news-pravda.com/world",
        "site_categories": [],
        "section_title": "World - Pravda EN",
        "title": "The Turkish central government's budget deficit was 829.2 billion liras in December 2024, and the overall budget deficit for 2024 was 2.1 trillion liras - Pravda EN",
        "title_full": "The Turkish central government's budget deficit was 829.2 billion liras in December 2024, and the overall budget deficit for 2024 was 2.1 trillion liras - Pravda EN",
        "published": "2025-01-18T05:18:00.000+02:00",
        "replies_count": 0,
        "participants_count": 0,
        "site_type": "news",
        "country": "DE",
        "main_image": "https://news-pravda.com/img/20250116/b7f5bfb8b8f763b98b885decc9d4d61f_o.jpg",
        "performance_score": 0,
        "domain_rank": 164383,
        "domain_rank_updated": "2025-01-13T23:00:00.000+02:00",
        "social": {
            "facebook": {
                "likes": 0,
                "comments": 0,
                "shares": 0
            },
            "vk": {
                "shares": 0
            }
        }
    },
    "uuid": "54d6ab4c452aea631d638d219e72e1f456f7ecb8",
    "url": "https://news-pravda.com/world/2025/01/16/983390.html",
    "ord_in_thread": 0,
    "parent_url": null,
    "author": null,
    "published": "2025-01-18T05:18:00.000+02:00",
    "title": "The Turkish central government's budget deficit was 829.2 billion liras in December 2024, and the overall budget deficit for 2024 was 2.1 trillion liras - Pravda EN",
    "text": "Pravda ENWorldThe Turkish central government's budget deficit was 829.2 billion liras in December 2024, and the overall budget deficit for 2024 was 2.1 trillion liras22:18The Turkish central government's budget deficit was 829.2 billion liras in December 2024, and the overall budget deficit for 2024 was 2.1 trillion lirasThe Turkish central government's budget deficit was 829.2 billion liras in December 2024, and the overall budget deficit for 2024 was 2.1 trillion liras.Year-on-year budget deficit hits record Source: Telegram \"llordofwar\"",
    "highlightText": "",
    "highlightTitle": "",
    "highlightThreadTitle": "",
    "language": "english",
    "sentiment": "negative",
    "categories": [
        "Economy, Business and Finance",
        "Human Interest"
    ],
    "topics": [
        "Economy, Business and Finance->financial and economic news",
        "Economy, Business and Finance->macro economics"
    ],
    "ai_allow": true,
    "has_canonical": false,
    "breaking": null,
    "webz_reporter": false,
    "external_links": [],
    "external_images": [],
    "entities": {
        "persons": [],
        "organizations": [
            {
                "name": "Pravda EN Pravda",
                "sentiment": "none"
            }
        ],
        "locations": []
    },
    "syndication": {
        "syndicated": false,
        "syndicate_id": null,
        "first_syndicated": false
    },
    "rating": null,
    "crawled": "2025-01-17T01:09:34.889+02:00",
    "updated": "2025-01-17T01:09:34.889+02:00"
}