{
    "thread": {
        "uuid": "01b8fd3febd86e49785d8b8f981274dde704901f",
        "url": "https://themarketonline.com.au/asx-market-open-tech-stocks-pull-us-indexes-lower-reflected-in-weak-aussie-opening-january-17-2025-2025-01-17",
        "site_full": "themarketonline.com.au",
        "site": "themarketonline.com.au",
        "site_section": "https://themarketherald.com.au/rss",
        "site_categories": [],
        "section_title": "The Market Online",
        "title": "ASX Market Open: Tech stocks pull US indexes lower, reflected in weak Aussie opening | January 17, 2025",
        "title_full": "ASX Market Open: Tech stocks pull US indexes lower, reflected in weak Aussie opening | January 17, 2025",
        "published": "2025-01-16T23:45:00.000+02:00",
        "replies_count": 0,
        "participants_count": 1,
        "site_type": "news",
        "country": null,
        "main_image": "https://cdn.jwplayer.com/thumbs/mkhZ33JG-1280.jpg",
        "performance_score": 0,
        "domain_rank": 100385,
        "domain_rank_updated": "2025-01-13T23:00:00.000+02:00",
        "social": {
            "facebook": {
                "likes": 0,
                "comments": 0,
                "shares": 0
            },
            "vk": {
                "shares": 0
            }
        }
    },
    "uuid": "01b8fd3febd86e49785d8b8f981274dde704901f",
    "url": "https://themarketonline.com.au/asx-market-open-tech-stocks-pull-us-indexes-lower-reflected-in-weak-aussie-opening-january-17-2025-2025-01-17",
    "ord_in_thread": 0,
    "parent_url": null,
    "author": "Caroline Smith",
    "published": "2025-01-16T23:45:00.000+02:00",
    "title": "ASX Market Open: Tech stocks pull US indexes lower, reflected in weak Aussie opening | January 17, 2025",
    "text": "Good morning and welcome to the last day of the trading week.\nThe ASX200 is set to open flat, reflecting falls on all three US bourses, which retreated after stronger performances earlier in the week, now weighed down by lower performing tech stocks.\nThe S&P 500 fell 0.1% and was expected to break a three-day winning streak, while the tech-heavy Nasdaq dropped 0.5%, and the Dow Jones was nearly 100 points, or 0.2%, lower.\nWall Street had seen its strongest session since November on Wednesday, fueled by positive inflation data and bank earnings, but the rally lost steam on Thursday. The 10-year US Treasury yield weakened, and dovish comments from Federal Reserve Governor Christopher Waller hinted that potential rate cuts could be possible if inflation data remains favorable. Big tech, including Apple and Tesla, had a negative influence on the indexes, with Apple falling 3.6% and Tesla 3.9%, reflecting broader concerns over economic growth and inflation.\nOn the ASX, Aussie Broadband Ltd (ASX:ABB) has appointed Bill Maher as Group CEO, and Advance Metals Ltd (ASX:AVM) is progressing drilling work at the Myrtleford Gold Project in Victoria, having entered into a joint venture agreement last week to earn up to 80% in the play.\nTo commodities – all in US $ here: Iron ore is $102.80 on the Singapore Exchange, gold’s trading at $2713, Brent crude is $81.30 & natural gas is $4.27 a gigajoule.\nOne Aussie dollar is buying just over 62 US cents.",
    "highlightText": "",
    "highlightTitle": "",
    "highlightThreadTitle": "",
    "language": "english",
    "sentiment": "negative",
    "categories": [
        "Economy, Business and Finance",
        "Politics",
        "Social Issue"
    ],
    "topics": [
        "Economy, Business and Finance->financial and economic news",
        "Economy, Business and Finance->business reporting and performance",
        "Economy, Business and Finance->market and exchange",
        "Politics->economic policy",
        "Politics->political development",
        "Politics->government"
    ],
    "ai_allow": true,
    "has_canonical": false,
    "breaking": null,
    "webz_reporter": false,
    "external_links": [
        "https://hotcopper.com.au/asx/abb/",
        "https://hotcopper.com.au/asx/avm/",
        "https://www.hotcopper.com.au/asx/abb/",
        "https://www.hotcopper.com.au/asx/avm/",
        "https://hotcopper.com.au/asx/abb",
        "https://hotcopper.com.au/asx/avm"
    ],
    "external_images": [],
    "entities": {
        "persons": [
            {
                "name": "Christopher Waller",
                "sentiment": "none"
            },
            {
                "name": "Bill Maher",
                "sentiment": "none"
            }
        ],
        "organizations": [
            {
                "name": "Aussie Broadband Ltd",
                "sentiment": "none"
            },
            {
                "name": "Advance Metals Ltd",
                "sentiment": "none"
            },
            {
                "name": "US Treasury",
                "sentiment": "none"
            },
            {
                "name": "Apple",
                "sentiment": "none"
            },
            {
                "name": "ABB",
                "sentiment": "none"
            },
            {
                "name": "ASX",
                "sentiment": "none"
            }
        ],
        "locations": []
    },
    "syndication": {
        "syndicated": false,
        "syndicate_id": null,
        "first_syndicated": false
    },
    "rating": null,
    "crawled": "2025-01-17T01:14:13.630+02:00",
    "updated": "2025-01-17T01:14:13.630+02:00"
}