{
    "thread": {
        "uuid": "ad9a4667a5336ce47189bff14054d9c7d1756d88",
        "url": "https://telanganatoday.com/rupee-slips-16-paise-to-88-01-against-us-dollar-amid-fed-outlook",
        "site_full": "telanganatoday.com",
        "site": "telanganatoday.com",
        "site_section": "https://news.google.com/search?q=against%20when%3A1h&hl=en-US&gl=US&ceid=US%3Aen",
        "site_categories": [
            "media",
            "top_news_in",
            "top_news"
        ],
        "section_title": "Google News - Search",
        "site_title": "Telangana Today - Latest Telangana News Headlines",
        "title": "Rupee slips 16 paise to 88.01 against US dollar amid Fed outlook - Telangana Today",
        "title_full": "Rupee slips 16 paise to 88.01 against US dollar amid Fed outlook - Telangana Today",
        "published": "2025-09-18T09:05:00.000+03:00",
        "replies_count": 0,
        "participants_count": 1,
        "site_type": "news",
        "country": "IN",
        "main_image": "https://media.telanganatoday.com/wp-content/uploads/2025/09/Rupee-falls-16-paise-to-8801-against-US-dollar-in-early-trade.jpg",
        "performance_score": 0,
        "domain_rank": 35762,
        "domain_rank_updated": "2025-09-16T00:00:00.000+03:00",
        "licensing_agency": [],
        "social": {
            "facebook": {
                "likes": 0,
                "comments": 0,
                "shares": 0
            },
            "vk": {
                "shares": 0
            }
        }
    },
    "uuid": "ad9a4667a5336ce47189bff14054d9c7d1756d88",
    "url": "https://telanganatoday.com/rupee-slips-16-paise-to-88-01-against-us-dollar-amid-fed-outlook",
    "ord_in_thread": 0,
    "author": "Telangana Today",
    "published": "2025-09-18T09:05:00.000+03:00",
    "title": "Rupee slips 16 paise to 88.01 against US dollar amid Fed outlook - Telangana Today",
    "text": "Mumbai: The rupee depreciated 16 paise to 88.01 against the US dollar in early trade on Thursday, as traders assessed the US FED outlook following a rate cut.\nThe US FED reduced rates by a quarter point as expected and indicated that it will steadily lower borrowing costs for the rest of the year.\nAlso Read Sensex, Nifty jump in early trade on Fed rate cut boost, IT stocks lead rally At the interbank foreign exchange market, the rupee opened at 87.93, then lost ground and touched an early low of 88.01 against the US dollar, registering a decline of 16 paise over its previous close.\nOn Wednesday, the rupee appreciated 24 paise to close at 87.85 against US dollar.\n“Expect a range-bound movement in the pair on Thursday after the passing over of a major event while we await for the outcome of US-India trade tariffs meeting. Thursday’s opening is a tad weaker after a rise in the US Dollar index and a fall in Asian currencies,” said Anil Kumar Bhansali, Head of Treasury and Executive Director Finrex Treasury Advisors LLP.\nMeanwhile, the dollar index, which gauges the greenback’s strength against a basket of six currencies, rose 0.17 per cent to 97.03.\nBrent crude, the global oil benchmark, was trading 0.12 per cent lower at USD 67.87 per barrel in futures trade, On the domestic equity market front, Sensex rallied 447.5 points to 83,141.21 in early trade, while the Nifty climbed 118.7 points to 25,448.95.\nForeign Institutional Investors sold equities worth Rs 1,124.54 crore on a net basis on Wednesday, according to exchange data.\nMeanwhile, Union Commerce Minister Piyush Goyal on Wednesday expressed confidence that India’s exports would grow by around 6 per cent this year compared to the corresponding period in 2024.\nUnderscoring the country’s strong performance in global trade despite challenges, the minister said discussions on free trade agreements (FTAs) were advancing with several countries.\n“India’s exports would grow by around 6 per cent this year compared to the corresponding period last year. I believe we will end the year on a positive note,” Goyal told reporters here, adding that discussions on free trade agreements (FTAs) were advancing with several countries.",
    "highlightText": "",
    "highlightTitle": "",
    "highlightThreadTitle": "",
    "language": "english",
    "sentiment": "negative",
    "categories": [
        "Economy, Business and Finance",
        "Social Issue",
        "Politics"
    ],
    "topics": [
        "Economy, Business and Finance->macro economics",
        "Economy, Business and Finance->foreign exchange market",
        "Economy, Business and Finance->financial and economic news",
        "Social Issue->demographics",
        "Social Issue->social condition",
        "Politics->government",
        "Politics->economic policy"
    ],
    "ai_allow": true,
    "has_canonical": false,
    "breaking": true,
    "webz_reporter": false,
    "external_links": [
        "http://www.facebook.com/sharer.php?u=https%3A%2F%2Ftelanganatoday.com%2Frupee-slips-16-paise-to-88-01-against-us-dollar-amid-fed-outlook%3Futm_source%3Dreferral%26utm_medium%3DFB%26utm_campaign%3Dsocial_share&app_id=966242223397117",
        "https://twitter.com/intent/tweet?url=https%3A%2F%2Ftelanganatoday.com%2Frupee-slips-16-paise-to-88-01-against-us-dollar-amid-fed-outlook",
        "https://t.me/share?url=https%3A%2F%2Ftelanganatoday.com%2Frupee-slips-16-paise-to-88-01-against-us-dollar-amid-fed-outlook&text=Rupee+slips+16+paise+to+88.01+against+US+dollar+amid+Fed+outlook",
        "https://play.google.com/store/apps/details?id=com.telanganatodaynews&pcampaignid=web_share",
        "https://apps.apple.com/in/app/telangana-today/id1186155468",
        "http://facebook.com/sharer.php?u=https%3A%2F%2Ftelanganatoday.com%2Frupee-slips-16-paise-to-88-01-against-us-dollar-amid-fed-outlook%3Futm_source%3Dreferral%26utm_medium%3DFB%26utm_campaign%3Dsocial_share&app_id=966242223397117",
        "https://t.me/share",
        "https://www.play.google.com/store/apps/details?id=com.telanganatodaynews&pcampaignid=web_share",
        "https://www.twitter.com/intent/tweet?url=https%3A%2F%2Ftelanganatoday.com%2Frupee-slips-16-paise-to-88-01-against-us-dollar-amid-fed-outlook",
        "https://www.t.me/share?url=https%3A%2F%2Ftelanganatoday.com%2Frupee-slips-16-paise-to-88-01-against-us-dollar-amid-fed-outlook&text=Rupee+slips+16+paise+to+88.01+against+US+dollar+amid+Fed+outlook",
        "https://www.apps.apple.com/in/app/telangana-today/id1186155468",
        "https://play.google.com/store/apps/details",
        "http://www.facebook.com/sharer.php",
        "https://twitter.com/intent/tweet"
    ],
    "external_images": [],
    "internal_images": [],
    "entities": {
        "persons": [
            {
                "name": "Anil Kumar Bhansali",
                "sentiment": "none"
            }
        ],
        "locations": [],
        "organizations": [
            {
                "name": "Fed",
                "sentiment": "negative",
                "tickers": [
                    {
                        "ticker": null,
                        "exchange": null
                    }
                ]
            }
        ]
    },
    "syndication": {
        "syndicated": false,
        "syndicate_id": null,
        "first_syndicated": false
    },
    "trust": {
        "categories": [],
        "top_news": [
            "top_news_in",
            "top_news"
        ],
        "bias": null,
        "source": {
            "type": null,
            "city": null,
            "state": null,
            "country": null,
            "domain_type": null,
            "agency": null,
            "organization_name": null
        }
    },
    "rating": null,
    "crawled": "2025-09-18T09:13:35.072+03:00",
    "updated": "2025-09-19T10:04:38.000+03:00"
}