{
    "thread": {
        "uuid": "07420f40e81da8e0fc287c0b5663d47c14386962",
        "url": "https://abc11.com/videoClip/17836841/",
        "site_full": "abc11.com",
        "site": "abc11.com",
        "site_section": "https://abc11.com/watch/live/",
        "site_categories": [
            "media"
        ],
        "section_title": "WTVD News Live Streaming Video - ABC11 Raleigh-Durham",
        "site_title": "abc11.com - ABC11 WTVD Raleigh Durham Fayetteville North Carolina News",
        "title": "UNC system Board of Governors discuss proposed tuition hike",
        "title_full": "UNC system Board of Governors discuss proposed tuition hike",
        "published": "2025-09-18T06:20:00.000+03:00",
        "replies_count": 0,
        "participants_count": 1,
        "site_type": "news",
        "country": "US",
        "main_image": "https://cdn.abcotvs.com/dip/images/17836840_091725-wtvd-unc-proposed-tutition-hike.jpg?w=1600",
        "performance_score": 0,
        "domain_rank": 28308,
        "domain_rank_updated": "2025-09-16T00:00:00.000+03:00",
        "licensing_agency": [],
        "social": {
            "facebook": {
                "likes": 0,
                "comments": 0,
                "shares": 0
            },
            "vk": {
                "shares": 0
            }
        }
    },
    "uuid": "07420f40e81da8e0fc287c0b5663d47c14386962",
    "url": "https://abc11.com/videoClip/17836841/",
    "ord_in_thread": 0,
    "author": "@ABC11_WTVD",
    "published": "2025-09-18T06:20:00.000+03:00",
    "title": "UNC system Board of Governors discuss proposed tuition hike",
    "text": "RALEIGH, N.C. (WTVD) -- The UNC Board of Governors held a meeting on Wednesday to discuss increasing in-state tuition.\nTuition could go rise to as much as 3% next fall, the first increase in nine years.\nThe proposal doesn't will not impact current students, and will only affect newly enrolled students. The increase will also not be required on all campuses.\n\"All of that leads us to our recommendation in the instructions to our institutions that we provide some additional flexibility from prior years. And allow institutions-- if desired to propose resident undergraduate tuition increase up to 3 percent-- which will apply only to newly enrolled students,\" said Chief financial officer Jennifer Haygood.\nAny proposed increased will need approval from the Board of Governors.\nVoting for the plan will happen in February.",
    "highlightText": "",
    "highlightTitle": "",
    "highlightThreadTitle": "",
    "language": "english",
    "sentiment": "negative",
    "categories": [
        "Education",
        "Economy, Business and Finance",
        "Politics"
    ],
    "topics": [
        "Education->educational grading",
        "Education->college and university",
        "Education->students",
        "Economy, Business and Finance->financial and economic news",
        "Economy, Business and Finance->human resources",
        "Economy, Business and Finance->business governance",
        "Politics->education policy",
        "Politics->local government policy",
        "Politics->government"
    ],
    "ai_allow": true,
    "has_canonical": false,
    "breaking": null,
    "webz_reporter": false,
    "external_links": [],
    "external_images": [],
    "internal_images": [],
    "entities": {
        "persons": [
            {
                "name": "Jennifer Haygood",
                "sentiment": "none"
            }
        ],
        "locations": [],
        "organizations": []
    },
    "syndication": {
        "syndicated": false,
        "syndicate_id": null,
        "first_syndicated": false
    },
    "trust": {
        "categories": [
            "trusted_news"
        ],
        "top_news": [],
        "bias": "center",
        "source": {
            "type": "local_news",
            "city": [
                "Knightdale",
                "Durham",
                "Oxford",
                "Raleigh",
                "Fayetteville",
                "Cary",
                "Roxboro"
            ],
            "state": [
                "North Carolina"
            ],
            "country": [
                "US"
            ],
            "domain_type": null,
            "agency": null,
            "organization_name": null
        }
    },
    "rating": null,
    "crawled": "2025-09-18T07:31:42.817+03:00",
    "updated": "2025-09-18T07:40:39.000+03:00"
}