{
    "thread": {
        "uuid": "8bb6d26685c569e35330d447b276f60f34344e7a",
        "url": "https://economictimes.indiatimes.com/markets/stocks/news/jsw-cement-shares-fall-over-5-post-market-debut-what-should-investors-do/articleshow/123297991.cms",
        "site_full": "economictimes.indiatimes.com",
        "site": "indiatimes.com",
        "site_section": "https://economictimes.indiatimes.com/news/latest-news/rssfeeds/20989204.cms",
        "site_categories": [
            "media",
            "top_news_nz",
            "top_news_au",
            "top_news_ae",
            "top_news_us",
            "top_news_gb",
            "top_news_th",
            "top_news_sa",
            "top_news_sg",
            "top_news_ph",
            "top_news_hk",
            "top_news_nl",
            "top_news_qa",
            "top_news_ie",
            "top_news_pk",
            "top_news_id",
            "top_news_dk",
            "top_news_eg",
            "top_news_za",
            "top_news_my",
            "top_news_kw",
            "top_news_be",
            "top_news_in",
            "top_news_ca",
            "top_news_iq",
            "top_news"
        ],
        "section_title": "Latest News-News-Economic Times",
        "site_title": "Business News Live, Share Market News - Read Latest Finance News, IPO, Mutual Funds News",
        "title": "JSW Cement shares fall over 5% post market debut. What should investors do? - The Economic Times",
        "title_full": "JSW Cement shares fall over 5% post market debut. What should investors do? - The Economic Times",
        "published": "2025-08-14T10:03:00.000+03:00",
        "replies_count": 0,
        "participants_count": 1,
        "site_type": "news",
        "country": "IN",
        "main_image": "https://img.etimg.com/thumb/msid-123297980,width-1200,height-630,imgsize-13014,overlay-etmarkets/articleshow.jpg",
        "performance_score": 0,
        "domain_rank": 294,
        "domain_rank_updated": "2025-06-03T00:00:00.000+03:00",
        "licensing_agency": [],
        "social": {
            "facebook": {
                "likes": 0,
                "comments": 0,
                "shares": 0
            },
            "vk": {
                "shares": 0
            }
        }
    },
    "uuid": "8bb6d26685c569e35330d447b276f60f34344e7a",
    "url": "https://economictimes.indiatimes.com/markets/stocks/news/jsw-cement-shares-fall-over-5-post-market-debut-what-should-investors-do/articleshow/123297991.cms",
    "ord_in_thread": 0,
    "author": "-",
    "published": "2025-08-14T10:03:00.000+03:00",
    "title": "JSW Cement shares fall over 5% post market debut. What should investors do? - The Economic Times",
    "text": "Shares of JSW Cement stumbled on their first day of trading Thursday, sliding more than 5% from their opening price and erasing early gains that had topped grey-market expectations, in a muted debut for the Rs 3,600-crore offering.The stock listed at Rs 153 on the BSE, 4.1% above its IPO price of Rs 147, and at Rs 153.50 on the NSE, a 4.4% premium. But momentum quickly faded, with shares dropping to an intraday low of Rs 145.05 on both exchanges, down 5.2% and 5.5% respectively from their opening levels.The performance nonetheless beat the grey market premium of Rs 151 seen ahead of listing, which had implied a gain of around 3%.Solid IPO demand, muted popJSW Cement’s book-built IPO, which ran from August 7 to 11, drew 7.77 times subscription overall, fuelled largely by institutional demand. Qualified institutional buyers bid 15.80 times their quota, non-institutional investors 10.97 times, and retail investors 1.81 times. The allotments were finalised on August 12.The issue comprised a Rs 1,600-crore fresh sale of 10.88 crore shares and an Rs 2,000-crore offer for sale of 13.61 crore shares by promoters. Ahead of the launch, the company raised Rs 1,080 crore from anchor investors, including marquee domestic and global institutions.What should investors do?Shivani Nyati, Head of Wealth at Swastika Investmart, said JSW Cement’s debut at Rs 153.50 amounted to a flat listing. Nyati noted the company is among India’s top 10 cement makers and is expanding aggressively through new and existing projects to double grinding capacity. However, revenue and profit growth have been uneven in the past three years, and high valuations combined with current losses could trigger short-term volatility. Being in a growth phase, the company’s high valuation and current losses could lead to short-term volatility in returns, said Nyati.Nyati advised IPO investors seeking listing gains to keep a stop loss at Rs 138, while medium-term to long-term investors could hold the stock for its growth potential.Analyst views and valuation“JSW Cement’s Rs 3,600-crore IPO wrapped up its third and final day of bidding with full subscription, reflecting strong investor interest despite a softening in grey market premiums to around 3–4% ahead of listing,” said Gaurav Garg of Lemonn Markets Desk.“We advise subscribing only with a long-term view, citing rich valuations and near-term earnings pressure, but highlighting the company’s strong growth potential in India’s infrastructure expansion.”Brokerages had broadly advised long-term positions. Canara Bank Securities described JSW Cement as India’s fastest-growing and the world’s “greenest” cement producer. While flagging its higher-than-peer valuations—32x EV/EBITDA versus the 23x industry average—it backed the IPO on long-term growth, sustainability credentials, and JSW Group synergies.AUM Capital Research cited leadership in Ground Granulated Blast Furnace Slag (GGBS) production, brand strength, and operational synergies.SBI Securities had pointed to plans to more than double capacity to 60 million tonnes per annum by the mid-2030s, adding that profitability, hit by one-off losses, should improve through cost optimisation and new projects such as Shiva Cement’s grinding unit in FY26.Company details and use of proceedsJSW Cement, part of the JSW Group, is a leading green cement maker with seven plants across India and an installed grinding capacity of 20.6 million tonnes a year. Its portfolio spans blended and ordinary Portland cement, GGBS, clinker, and allied products, supported by a network of over 4,600 dealers, 8,900 sub-dealers, and 158 warehouses.Proceeds from the fresh issue will help fund a new integrated cement unit at Nagaur, Rajasthan, repay borrowings, and meet general corporate needs. The offer for sale proceeds will go to existing shareholders.Despite profitability in FY23 and FY24, the company posted a loss in FY25, a factor analysts say could weigh on near-term sentiment as investors watch whether JSW Cement can deliver beyond its first trading day.(Disclaimer: Recommendations, suggestions, views and opinions given by the experts are their own. These do not represent the views of The Economic Times)",
    "highlightText": "",
    "highlightTitle": "",
    "highlightThreadTitle": "",
    "language": "english",
    "sentiment": "negative",
    "categories": [
        "Economy, Business and Finance",
        "Social Issue"
    ],
    "topics": [
        "Economy, Business and Finance->financial and economic news",
        "Economy, Business and Finance->business reporting and performance"
    ],
    "ai_allow": true,
    "has_canonical": true,
    "breaking": true,
    "webz_reporter": false,
    "external_links": [],
    "external_images": [],
    "internal_images": [],
    "entities": {
        "persons": [],
        "locations": [],
        "organizations": [
            {
                "name": "JSW Cement",
                "sentiment": "negative",
                "tickers": []
            },
            {
                "name": "Economic Times",
                "sentiment": "neutral",
                "tickers": [
                    {
                        "ticker": null,
                        "exchange": null
                    }
                ]
            },
            {
                "name": "NSE",
                "sentiment": "none",
                "tickers": [
                    {
                        "ticker": null,
                        "exchange": null
                    }
                ]
            }
        ]
    },
    "syndication": {
        "syndicated": false,
        "syndicate_id": null,
        "first_syndicated": false
    },
    "trust": {
        "categories": null,
        "top_news": [
            "top_news_nz",
            "top_news_au",
            "top_news_ae",
            "top_news_us",
            "top_news_gb",
            "top_news_th",
            "top_news_sa",
            "top_news_sg",
            "top_news_ph",
            "top_news_hk",
            "top_news_nl",
            "top_news_qa",
            "top_news_ie",
            "top_news_pk",
            "top_news_id",
            "top_news_dk",
            "top_news_eg",
            "top_news_za",
            "top_news_my",
            "top_news_kw",
            "top_news_be",
            "top_news_in",
            "top_news_ca",
            "top_news_iq",
            "top_news"
        ],
        "bias": "center",
        "source": {
            "type": null,
            "city": null,
            "state": null,
            "country": null,
            "domain_type": null,
            "agency": null,
            "organization_name": null
        }
    },
    "rating": null,
    "crawled": "2025-08-14T10:10:23.791+03:00",
    "updated": "2025-08-15T11:07:38.000+03:00"
}