{
    "thread": {
        "uuid": "28bde9f808dfc6ffc8a4b54cc6a1d38dbd757ca5",
        "url": "https://www.archyde.com/braves-all-star-out-16m-star-likely-gone-%e2%9a%be%ef%b8%8f/",
        "site_full": "www.archyde.com",
        "site": "archyde.com",
        "site_section": "https://www.archyde.com",
        "site_categories": [
            "media"
        ],
        "section_title": "Archyde &#8211; Stay updated with Archyde – your source for breaking news, global headlines, economy, entertainment, health, technology, and sports. Fresh stories daily.",
        "site_title": "HOME &#8211; Archyde",
        "title": "Braves: All-Star Out? $16M Star Likely Gone ⚾️",
        "title_full": "Braves: All-Star Out? $16M Star Likely Gone ⚾️",
        "published": "2025-08-14T06:57:00.000+03:00",
        "replies_count": 0,
        "participants_count": 1,
        "site_type": "news",
        "country": "US",
        "main_image": "https://d.newsweek.com/en/full/2609903/atlanta-braves-hat-glove-jim-breazeale.jpg",
        "performance_score": 0,
        "domain_rank": 26526,
        "domain_rank_updated": "2025-06-03T00:00:00.000+03:00",
        "licensing_agency": [],
        "social": {
            "facebook": {
                "likes": 0,
                "comments": 0,
                "shares": 0
            },
            "vk": {
                "shares": 0
            }
        }
    },
    "uuid": "28bde9f808dfc6ffc8a4b54cc6a1d38dbd757ca5",
    "url": "https://www.archyde.com/braves-all-star-out-16m-star-likely-gone-%e2%9a%be%ef%b8%8f/",
    "ord_in_thread": 0,
    "author": "James Carter Senior News Editor",
    "published": "2025-08-14T06:57:00.000+03:00",
    "title": "Braves: All-Star Out? $16M Star Likely Gone ⚾️",
    "text": "The Declining Value of the Streaky Slugger: What Marcell Ozuna’s Situation Signals for MLB’s Future The Atlanta Braves, once a perennial playoff contender, are facing an uncharacteristic season. While injuries undoubtedly play a role, the underperformance of key players, particularly Marcell Ozuna, is forcing a hard look at roster construction and the evolving value of certain player archetypes. Ozuna’s case isn’t isolated; it’s a microcosm of a league increasingly prioritizing consistency and defensive versatility over raw power, even from established stars.\nOzuna, after two seasons of prodigious power with the Braves, has seen his offensive production plummet. The inability to find a trade partner at the deadline, as reported by Newsweek, underscores a growing reluctance among teams to invest in players whose contributions are heavily reliant on hot streaks and who offer limited defensive options. This isn’t simply about Ozuna; it’s about a shift in how MLB teams are evaluating talent.\nThe Rise of All-Around Players and the Fall of One-Dimensional Stars For years, the designated hitter position allowed teams to roster players solely for their offensive prowess. However, the modern game is demanding more. The expanded playoff format incentivizes well-rounded teams, and the emphasis on defensive metrics – like Outs Above Average and Defensive Runs Saved – has made defensive liabilities increasingly costly. A player like Ozuna, with a declining glove and a history of inconsistency, simply doesn’t fit the mold of the modern, valuable MLB contributor.\nThis trend is further fueled by the increasing sophistication of data analytics. Teams are now better equipped to identify and project player performance, placing a premium on players with a proven track record of consistent production. The “three true outcomes” (walks, strikeouts, and home runs) are still valued, but teams are now seeking players who can consistently reach base and avoid prolonged slumps. The volatility of a streaky hitter like Ozuna is becoming a significant risk.\nThe Impact of Injury and Off-Field Concerns Ozuna’s situation is complicated by a lingering hip injury and past legal issues. While injuries are a part of the game, a chronic injury raises concerns about long-term decline. Off-field concerns, while not directly impacting on-field performance, can influence a player’s market value and a team’s willingness to invest in them. These factors, combined with his offensive struggles, have significantly diminished his trade value and future earning potential.\nWhat Does This Mean for Future Free Agency? John Buhler of FanSided accurately predicts Ozuna’s free agency prospects will be significantly diminished. The days of lucrative contracts for players solely based on past performance are waning. Ozuna’s case serves as a cautionary tale for other aging sluggers with defensive shortcomings. Teams are now more likely to prioritize younger, more versatile players with a higher floor, even if they lack the same peak offensive potential.\nWe can expect to see a continued shift towards valuing players who can contribute in multiple facets of the game. The premium on power will remain, but it will be increasingly coupled with a demand for defensive competence and consistent offensive production. The era of the one-dimensional star may be coming to an end.\nThe Braves’ Dilemma and the Broader MLB Landscape The Braves face a difficult decision regarding Ozuna. While his past production might tempt them to offer a modest contract, the risks associated with his declining skills and injury concerns are substantial. This situation highlights the challenges facing teams in a league where player evaluation is becoming increasingly data-driven and focused on holistic value.\nUltimately, Ozuna’s future – and the futures of other players in similar situations – will depend on their ability to adapt to the evolving demands of the game. The MLB landscape is changing, and the value of the streaky slugger is rapidly diminishing. Teams are now seeking players who can consistently contribute, both at the plate and in the field, and that’s a trend that’s likely to continue for years to come.\nWhat impact will this shift have on the next generation of MLB stars? Share your thoughts in the comments below!",
    "highlightText": "",
    "highlightTitle": "",
    "highlightThreadTitle": "",
    "language": "english",
    "sentiment": "negative",
    "categories": [
        "Sport",
        "Economy, Business and Finance"
    ],
    "topics": [
        "Sport->sport event",
        "Sport->regular competition",
        "Sport->baseball",
        "Economy, Business and Finance->tourism and leisure industry",
        "Economy, Business and Finance->business reporting and performance",
        "Economy, Business and Finance->financial and economic news"
    ],
    "ai_allow": true,
    "has_canonical": false,
    "breaking": null,
    "webz_reporter": false,
    "external_links": [],
    "external_images": [],
    "internal_images": [],
    "entities": {
        "persons": [
            {
                "name": "Marcell Ozuna",
                "sentiment": "negative"
            }
        ],
        "locations": [],
        "organizations": [
            {
                "name": "Atlanta Braves",
                "sentiment": "none",
                "tickers": [
                    {
                        "ticker": null,
                        "exchange": null
                    }
                ]
            },
            {
                "name": "Newsweek",
                "sentiment": "none",
                "tickers": [
                    {
                        "ticker": null,
                        "exchange": null
                    }
                ]
            },
            {
                "name": "MLB",
                "sentiment": "none",
                "tickers": [
                    {
                        "ticker": null,
                        "exchange": null
                    }
                ]
            }
        ]
    },
    "syndication": {
        "syndicated": false,
        "syndicate_id": null,
        "first_syndicated": false
    },
    "trust": {
        "categories": [],
        "top_news": [],
        "bias": null,
        "source": {
            "type": null,
            "city": null,
            "state": null,
            "country": null,
            "domain_type": null,
            "agency": null,
            "organization_name": null
        }
    },
    "rating": null,
    "crawled": "2025-08-14T08:30:54.271+03:00",
    "updated": "2025-08-14T08:35:34.000+03:00"
}