{
    "thread": {
        "uuid": "1e20a28b0ee29555b1619db0b37743525b63de36",
        "url": "https://news.abplive.com/videos/news/india-mahadangal-kc-tyagi-slams-tejashwi-yadav-over-voter-row-defends-election-commission-abp-news-1794579",
        "site_full": "news.abplive.com",
        "site": "abplive.com",
        "site_section": "https://abplive.in",
        "site_categories": [
            "media"
        ],
        "section_title": "ABP English LIVE, Latest  English News, Breaking News Alerts, Today's News, India News - ABP Live",
        "site_title": "Hindi News, Latest Hindi News, हिंदी न्यूज़, हिंदी समाचार, Breaking Hindi News, Today Hindi News, ABP News",
        "title": "Mahadangal: KC Tyagi Slams Tejashwi Yadav Over Voter Row, Defends Election Commission | ABP NEWS",
        "title_full": "Mahadangal: KC Tyagi Slams Tejashwi Yadav Over Voter Row, Defends Election Commission | ABP NEWS",
        "published": "2025-08-14T09:25:00.000+03:00",
        "replies_count": 0,
        "participants_count": 1,
        "site_type": "news",
        "country": "IN",
        "main_image": "https://feeds.abplive.com/onecms/images/uploaded-images/2025/08/14/8cf3c2662b477ff8db90aa927f7f980a1755152560954963_original.png?impolicy=abp_cdn&imwidth=1200",
        "performance_score": 0,
        "domain_rank": 7731,
        "domain_rank_updated": "2025-06-03T00:00:00.000+03:00",
        "licensing_agency": [],
        "social": {
            "facebook": {
                "likes": 0,
                "comments": 0,
                "shares": 0
            },
            "vk": {
                "shares": 0
            }
        }
    },
    "uuid": "1e20a28b0ee29555b1619db0b37743525b63de36",
    "url": "https://news.abplive.com/videos/news/india-mahadangal-kc-tyagi-slams-tejashwi-yadav-over-voter-row-defends-election-commission-abp-news-1794579",
    "ord_in_thread": 0,
    "author": "ABP News Bureau",
    "published": "2025-08-14T09:25:00.000+03:00",
    "title": "Mahadangal: KC Tyagi Slams Tejashwi Yadav Over Voter Row, Defends Election Commission | ABP NEWS",
    "text": "Mahadangal: KC Tyagi Slams Tejashwi Yadav Over Voter Row, Defends Election Commission | ABP NEWS\nOn ABP News' primetime show Mahadangal, senior political leader KC Tyagi strongly responded to Tejashwi Yadav’s recent remarks, in which the opposition leader announced that he and Rahul Gandhi would decide whether to contest the upcoming Bihar elections after assessing the public mood during their yatra starting August 17. Tejashwi accused the Election Commission of working under BJP influence and manipulating the voter list through the controversial SIR process. KC Tyagi defended the Election Commission, calling it a constitutional body that has overseen elections even during the rule of RJD leaders like Lalu Prasad Yadav and Rabri Devi. He acknowledged minor errors in the voter list but emphasized that dismissing the entire system based on a few mistakes undermines constitutional institutions. Tyagi also pointed out the contradiction in the opposition rejecting Supreme Court and EC decisions when those same institutions have enabled their political success in the past. He condemned the politicization of administrative processes and highlighted the lack of accountability in state-level enforcement, particularly regarding attacks on Biharis in states like Maharashtra and Tamil Nadu. He ended by criticizing the growing influence of extremist ideologies and urged political leaders to respect democratic processes.",
    "highlightText": "",
    "highlightTitle": "",
    "highlightThreadTitle": "",
    "language": "english",
    "sentiment": "negative",
    "categories": [
        "Politics",
        "Social Issue",
        "Economy, Business and Finance"
    ],
    "topics": [
        "Politics->national elections",
        "Politics->political candidates",
        "Politics->political process",
        "Social Issue->discrimination",
        "Social Issue->social problem",
        "Social Issue->demographics",
        "Economy, Business and Finance->business governance",
        "Economy, Business and Finance->financial and economic news",
        "Economy, Business and Finance->corporate governance and csr"
    ],
    "ai_allow": true,
    "has_canonical": false,
    "breaking": false,
    "webz_reporter": false,
    "external_links": [],
    "external_images": [],
    "internal_images": [],
    "entities": {
        "persons": [
            {
                "name": "Lalu Prasad Yadav",
                "sentiment": "none"
            },
            {
                "name": "Tejashwi Yadav",
                "sentiment": "none"
            },
            {
                "name": "Rahul Gandhi",
                "sentiment": "none"
            },
            {
                "name": "Rabri Devi",
                "sentiment": "none"
            },
            {
                "name": "KC Tyagi",
                "sentiment": "none"
            }
        ],
        "locations": [],
        "organizations": [
            {
                "name": "Election Commission",
                "sentiment": "none",
                "tickers": [
                    {
                        "ticker": null,
                        "exchange": null
                    }
                ]
            },
            {
                "name": "Supreme Court",
                "sentiment": "none",
                "tickers": [
                    {
                        "ticker": null,
                        "exchange": null
                    }
                ]
            },
            {
                "name": "BJP",
                "sentiment": "none",
                "tickers": [
                    {
                        "ticker": null,
                        "exchange": null
                    }
                ]
            }
        ]
    },
    "syndication": {
        "syndicated": false,
        "syndicate_id": null,
        "first_syndicated": false
    },
    "trust": {
        "categories": [],
        "top_news": [],
        "bias": null,
        "source": {
            "type": null,
            "city": null,
            "state": null,
            "country": null,
            "domain_type": null,
            "agency": null,
            "organization_name": null
        }
    },
    "rating": null,
    "crawled": "2025-08-14T09:46:08.676+03:00",
    "updated": "2025-08-14T09:58:16.000+03:00"
}