{
    "thread": {
        "uuid": "857857a652fca2e7b2ea991899e419b58f02b24c",
        "url": "https://www.archyde.com/nyc-rain-downpours-wed-thurs/",
        "site_full": "www.archyde.com",
        "site": "archyde.com",
        "site_section": "https://www.archyde.com",
        "site_categories": [
            "media"
        ],
        "section_title": "Archyde &#8211; Stay updated with Archyde – your source for breaking news, global headlines, economy, entertainment, health, technology, and sports. Fresh stories daily.",
        "site_title": "HOME &#8211; Archyde",
        "title": "NYC Rain: Downpours Wed/Thurs",
        "title_full": "NYC Rain: Downpours Wed/Thurs",
        "published": "2025-08-14T02:21:00.000+03:00",
        "replies_count": 0,
        "participants_count": 1,
        "site_type": "news",
        "country": "US",
        "main_image": "https://media.nbcnewyork.com/2025/08/8-12-Weds-flood-threat.png?resize=1200%2C675&quality=85&strip=all",
        "performance_score": 0,
        "domain_rank": 26526,
        "domain_rank_updated": "2025-06-03T00:00:00.000+03:00",
        "licensing_agency": [],
        "social": {
            "facebook": {
                "likes": 0,
                "comments": 0,
                "shares": 0
            },
            "vk": {
                "shares": 0
            }
        }
    },
    "uuid": "857857a652fca2e7b2ea991899e419b58f02b24c",
    "url": "https://www.archyde.com/nyc-rain-downpours-wed-thurs/",
    "ord_in_thread": 0,
    "author": "James Carter Senior News Editor",
    "published": "2025-08-14T02:21:00.000+03:00",
    "title": "NYC Rain: Downpours Wed/Thurs",
    "text": "NYC’s August Drought: More Than Just Dry Lawns? Understanding the Ripple Effects New York City is officially parched. While July wrapped up only slightly below average for rainfall, August has delivered a drastic change, leaving the city in a significant dry spell. Central Park has recorded a meager 0.06 inches of rain so far, a mere fraction of the 1.7 inches typically expected by mid-August. Though scattered showers and storms are on the horizon for Wednesday and Thursday, current forecasts suggest they won’t be enough to fully quench the city’s thirst.\nThe Immediate Forecast: Pockets of Relief, Lingering Deficits The upcoming rainfall, expected to begin Wednesday afternoon ahead of a cold front, is unlikely to be a widespread, soaking event. Instead, expect intermittent showers, meaning an umbrella is a must, even if you don’t see rain directly over your head. Where the rain does fall, however, it could be intense. The Weather Prediction Center has flagged much of the Hudson Valley and western New Jersey as areas at risk for isolated minor flooding. While not anticipated to reach the severity of recent flash floods, localized ponding on roadways and in low-lying areas is a distinct possibility, particularly during the evening commute.\nA Thursday Encore: More Thunder, Less Intensity Wednesday’s precipitation is expected to taper off by evening, offering a mostly dry night before a second round of rain arrives on Thursday. These storms will also likely manifest in the afternoon, coinciding with the hottest part of the day, and could bring isolated heavy downpours and thunder. Again, an umbrella is advisable for those who might find themselves under a developing storm cell. The silver lining is that severe weather is not anticipated, even within the stronger storms.\nThe Bigger Picture: A Growing Rainfall Deficit While the midweek storms will provide some much-needed moisture, bringing the most rain the city has seen this month, they are unlikely to close the significant rainfall gap. The forecast suggests total accumulations will generally be less than half an inch, with some areas potentially seeing up to an inch at most. Climatologically, New York City should have received around two inches of rain by mid-August. The current deficit of over 1.6 inches will remain substantial, even after this week’s showers.\nBeyond the Dry Spell: Implications for Outdoor Life and Infrastructure The dry conditions that are expected to return after Thursday and persist through the weekend and into the following week present a mixed bag. For those with outdoor plans, clear skies are a welcome sight. However, for the city’s green spaces – parks, gardens, and trees – this extended dry spell is problematic. Plants will continue to struggle, potentially impacting urban biodiversity and the aesthetic appeal of public spaces.\nWater Management and Future Considerations The recurring pattern of intense, localized downpours interspersed with prolonged dry periods highlights a broader trend in weather patterns. This “feast or famine” precipitation cycle can challenge traditional water management strategies. While heavy rainfall can cause flash flooding, the longer dry spells contribute to drought conditions, impacting everything from agriculture to everyday water usage. Understanding these shifts is crucial for developing resilient urban planning.\nWhat are your observations on this summer’s weather patterns in the city? Share your thoughts and any drought-related concerns in the comments below!",
    "highlightText": "",
    "highlightTitle": "",
    "highlightThreadTitle": "",
    "language": "english",
    "sentiment": "negative",
    "categories": [
        "Weather",
        "Social Issue",
        "Economy, Business and Finance"
    ],
    "topics": [
        "Weather->weather forecast",
        "Weather->weather phenomena",
        "Social Issue->social condition",
        "Social Issue->communities",
        "Economy, Business and Finance->macro economics",
        "Economy, Business and Finance->financial and economic news"
    ],
    "ai_allow": true,
    "has_canonical": false,
    "breaking": null,
    "webz_reporter": false,
    "external_links": [
        "https://www.epa.gov/watershed-planning/urban-hydrology-and-stormwater-management)",
        "https://drought.unl.edu/Education/WhatIsDrought/DroughtImpacts.aspx)",
        "https://www.drought.unl.edu/Education/WhatIsDrought/DroughtImpacts.aspx)",
        "https://epa.gov/watershed-planning/urban-hydrology-and-stormwater-management)"
    ],
    "external_images": [],
    "internal_images": [],
    "entities": {
        "persons": [],
        "locations": [],
        "organizations": []
    },
    "syndication": {
        "syndicated": false,
        "syndicate_id": null,
        "first_syndicated": false
    },
    "trust": {
        "categories": [],
        "top_news": [],
        "bias": null,
        "source": {
            "type": null,
            "city": null,
            "state": null,
            "country": null,
            "domain_type": null,
            "agency": null,
            "organization_name": null
        }
    },
    "rating": null,
    "crawled": "2025-08-14T08:31:08.810+03:00",
    "updated": "2025-08-14T08:35:54.000+03:00"
}