{
    "thread": {
        "uuid": "34e6145d3c97c9bb63656d515ceda9d7804ddef2",
        "url": "https://www.fxstreet.com/news/eur-jpy-slumps-below-17150-as-bessent-criticizes-boj-eurozone-gdp-eyed-202508140427",
        "site_full": "www.fxstreet.com",
        "site": "fxstreet.com",
        "site_section": "https://news.google.com/search?q=as%20when%3a1h&hl=en-us&gl=us&ceid=us%3aen",
        "site_categories": [
            "investing",
            "financial_news",
            "finance",
            "stocks"
        ],
        "section_title": "Google News - Search",
        "site_title": "FXStreet - The Forex Market",
        "title": "EUR/JPY slumps below 171.50 as Bessent criticizes BoJ, Eurozone GDP eyed",
        "title_full": "EUR/JPY slumps below 171.50 as Bessent criticizes BoJ, Eurozone GDP eyed",
        "published": "2025-08-14T07:27:00.000+03:00",
        "replies_count": 0,
        "participants_count": 1,
        "site_type": "news",
        "country": "GB",
        "main_image": "https://editorial.fxstreet.com/images/i/bearish-parachute1_Large.png",
        "performance_score": 0,
        "domain_rank": 7466,
        "domain_rank_updated": "2025-06-03T00:00:00.000+03:00",
        "licensing_agency": [],
        "social": {
            "facebook": {
                "likes": 0,
                "comments": 0,
                "shares": 0
            },
            "vk": {
                "shares": 0
            }
        }
    },
    "uuid": "34e6145d3c97c9bb63656d515ceda9d7804ddef2",
    "url": "https://www.fxstreet.com/news/eur-jpy-slumps-below-17150-as-bessent-criticizes-boj-eurozone-gdp-eyed-202508140427",
    "ord_in_thread": 0,
    "author": "FXStreet",
    "published": "2025-08-14T07:27:00.000+03:00",
    "title": "EUR/JPY slumps below 171.50 as Bessent criticizes BoJ, Eurozone GDP eyed",
    "text": "- EUR/JPY falls after US Treasury Secretary Scott Bessent criticized the Bank of Japan’s approach to inflation.\n- The BoJ is expected to drop its reliance on an inflation gauge tied to domestic demand and wages.\n- Traders await Eurozone Industrial Production and Q2 Gross Domestic Product data on Thursday.\nEUR/JPY depreciates more than 0.5%, trading around 171.50 during the Asian hours on Thursday. The currency cross loses ground as the Japanese Yen (JPY) advances after US Treasury Secretary Scott Bessent criticized the Bank of Japan’s (BoJ) stance on inflation. Bessent said that the BoJ is “behind the curve” and needs to hike rates to get price pressures under control. He noted that he will address the issue directly with BoJ Governor Kazuo Ueda.\nJapan’s central bank is expected to abandon its reliance on an inflation gauge linked to domestic demand and wages, which has so far restrained further tightening. Governor Kazuo Ueda has defended a cautious stance, noting that “underlying inflation” remains below the BoJ’s 2% target. However, some board members are pushing to emphasize headline inflation, which stood at 3.3% in June.\nHowever, the EUR/JPY cross gained ground as the Euro (EUR) appreciated, driven by the prevailing anticipation that the European Central Bank (ECB) had ended its easing cycle in July after eight cuts over the past year, leaving borrowing costs at their lowest since November 2022. However, traders still expect another cut before year-end.\nThe Euro also receives support from the potential for the interest rate differential between the Fed and the ECB. Traders await Eurozone Industrial Production and Gross Domestic Product (GDP) data for the second quarter due later in the day.\nInterest rates FAQs\nInterest rates are charged by financial institutions on loans to borrowers and are paid as interest to savers and depositors. They are influenced by base lending rates, which are set by central banks in response to changes in the economy. Central banks normally have a mandate to ensure price stability, which in most cases means targeting a core inflation rate of around 2%. If inflation falls below target the central bank may cut base lending rates, with a view to stimulating lending and boosting the economy. If inflation rises substantially above 2% it normally results in the central bank raising base lending rates in an attempt to lower inflation.\nHigher interest rates generally help strengthen a country’s currency as they make it a more attractive place for global investors to park their money.\nHigher interest rates overall weigh on the price of Gold because they increase the opportunity cost of holding Gold instead of investing in an interest-bearing asset or placing cash in the bank. If interest rates are high that usually pushes up the price of the US Dollar (USD), and since Gold is priced in Dollars, this has the effect of lowering the price of Gold.\nThe Fed funds rate is the overnight rate at which US banks lend to each other. It is the oft-quoted headline rate set by the Federal Reserve at its FOMC meetings. It is set as a range, for example 4.75%-5.00%, though the upper limit (in that case 5.00%) is the quoted figure. Market expectations for future Fed funds rate are tracked by the CME FedWatch tool, which shapes how many financial markets behave in anticipation of future Federal Reserve monetary policy decisions.\nInformation on these pages contains forward-looking statements that involve risks and uncertainties. Markets and instruments profiled on this page are for informational purposes only and should not in any way come across as a recommendation to buy or sell in these assets. You should do your own thorough research before making any investment decisions. FXStreet does not in any way guarantee that this information is free from mistakes, errors, or material misstatements. It also does not guarantee that this information is of a timely nature. Investing in Open Markets involves a great deal of risk, including the loss of all or a portion of your investment, as well as emotional distress. All risks, losses and costs associated with investing, including total loss of principal, are your responsibility. The views and opinions expressed in this article are those of the authors and do not necessarily reflect the official policy or position of FXStreet nor its advertisers. The author will not be held responsible for information that is found at the end of links posted on this page.\nIf not otherwise explicitly mentioned in the body of the article, at the time of writing, the author has no position in any stock mentioned in this article and no business relationship with any company mentioned. The author has not received compensation for writing this article, other than from FXStreet.\nFXStreet and the author do not provide personalized recommendations. The author makes no representations as to the accuracy, completeness, or suitability of this information. FXStreet and the author will not be liable for any errors, omissions or any losses, injuries or damages arising from this information and its display or use. Errors and omissions excepted.\nThe author and FXStreet are not registered investment advisors and nothing in this article is intended to be investment advice.\nRecommended content\nEditors’ Picks\nAUD/USD off two-week highs, hovers around 0.6550\nAUD/USD eases off two-week highs to trade near 0.6550 in the latest Asian session on Thursday. A modest US Dollar uptick and cautious markets cap the Aussie's upside, following strong Australian employment data. All eyes now turn to the US PPI inflation data.\nCrypto All-Time High Season: OKB hits record high as Arbitrum, Raydium follow\nOKB, Arbitrum, and Raydium rank as top performers over the last 24 hours as the cryptocurrency market hits an all-time high of over $4.15 trillion on Thursday. The technical outlook and the broader market sentiment suggest further gains.\nUSD/JPY holds losses near 146.50, three-week lows\nUSD/JPY consolidates the latest leg south in early Europe on Thursday, trading near 146.50, three-week troughs. The divergent BoJ-Fed policy expectations and US Treasury Secretary Bessent's comments continue to drive flows towards the lower-yielding Japanese Yen.\nGold buyers fight for control ahead of US PPI data\nGold is looking to extend the break above the $3,350 psychological barrier in the Asian trades on Thursday. Gold keeps the green for the third consecutive day, awaiting the US Producer Price Index and Jobless Claims data for fresh trading incentives.\nFive reasons why Trump’s trade war is likely to escalate\nBuoyant markets, a resilient US economy, rising customs revenues, appeasement by trading partners and conducive politics point to further escalation in US trade tensions, already set to cut global output by an estimated 0.7pps in the medium term.\nBest Brokers for EUR/USD Trading\nSPONSORED Discover the top brokers for trading EUR/USD in 2025. Our list features brokers with competitive spreads, fast execution, and powerful platforms. Whether you're a beginner or an expert, find the right partner to navigate the dynamic Forex market.",
    "highlightText": "",
    "highlightTitle": "",
    "highlightThreadTitle": "",
    "language": "english",
    "sentiment": "negative",
    "categories": [
        "Economy, Business and Finance"
    ],
    "topics": [
        "Economy, Business and Finance->foreign exchange market",
        "Economy, Business and Finance->financial and economic news"
    ],
    "ai_allow": true,
    "has_canonical": false,
    "breaking": false,
    "webz_reporter": false,
    "external_links": [],
    "external_images": [],
    "internal_images": [],
    "entities": {
        "persons": [
            {
                "name": "Scott Bessent",
                "sentiment": "negative"
            },
            {
                "name": "Kazuo Ueda",
                "sentiment": "none"
            }
        ],
        "locations": [],
        "organizations": [
            {
                "name": "Bank of Japan",
                "sentiment": "negative",
                "tickers": [
                    {
                        "ticker": null,
                        "exchange": null
                    }
                ]
            }
        ]
    },
    "syndication": {
        "syndicated": false,
        "syndicate_id": null,
        "first_syndicated": false
    },
    "trust": {
        "categories": [],
        "top_news": [],
        "bias": null,
        "source": {
            "type": null,
            "city": null,
            "state": null,
            "country": null,
            "domain_type": null,
            "agency": null,
            "organization_name": null
        }
    },
    "rating": null,
    "crawled": "2025-08-14T07:32:48.039+03:00",
    "updated": "2025-08-14T07:34:19.000+03:00"
}