{
    "thread": {
        "uuid": "a09ee3b3689dfc83c120471a68fbfc8d6fc40b48",
        "url": "https://www.daily-sun.com/printversion/details/819685",
        "site_full": "www.daily-sun.com",
        "site": "daily-sun.com",
        "site_section": "https://www.daily-sun.com/rss.xml",
        "site_categories": [
            "media"
        ],
        "section_title": "Daily Sun",
        "site_title": "Daily Sun | Twenty-Four Hour News",
        "title": "India reels from US tariff hike threat",
        "title_full": "India reels from US tariff hike threat",
        "published": "2025-08-14T03:00:00.000+03:00",
        "replies_count": 0,
        "participants_count": 1,
        "site_type": "news",
        "country": "BD",
        "main_image": "https://cdn.daily-sun.com/files/shares/default-img.jpg",
        "performance_score": 0,
        "domain_rank": 40160,
        "domain_rank_updated": "2025-06-03T00:00:00.000+03:00",
        "licensing_agency": [],
        "social": {
            "facebook": {
                "likes": 0,
                "comments": 0,
                "shares": 0
            },
            "vk": {
                "shares": 0
            }
        }
    },
    "uuid": "a09ee3b3689dfc83c120471a68fbfc8d6fc40b48",
    "url": "https://www.daily-sun.com/printversion/details/819685",
    "ord_in_thread": 0,
    "author": "Daily Sun",
    "published": "2025-08-14T03:00:00.000+03:00",
    "title": "India reels from US tariff hike threat",
    "text": "Trending\nSaudi shipping company denies transporting weapons to IsraelKhaleda Zia’s 81st birthday: BNP leaders told to skip cake-cuttingBB allows 280 defaulters to restructure loans under special policyYouTube’s new AI can guess your age from your watchlist, US trial startsAdviser Asif Mahmud mastermind behind Gulshan extortion incident, claims Apu in leaked videoPress Conference on dues deferred as Brothers Union requests more timeGraft trial starts against Hasina, Rehana, TulipBFIU seeks bank account details of 3 former BB governorsCA Yunus returns home after 3-day official visit to MalaysiaMithu Monir: The Aesthetic Craftsman of Light and ShadowTobacco consumption claiming 442 lives every day: StudyACC alleges administrative inaction allowed Sada Pathor lootingWar-torn South Sudan in talks with Israel possibly to host Gaza populationHigh representative discusses Rohingya issue with Malaysian envoy on MyanmarChina ready to cooperate with Bangladesh: Yao WenRemittance inflow increases by 46.2% in 12 days of AugCA Yunus invites top Malaysian industrialists to invest in BangladeshHamza Choudhury named in preliminary squad for Nepal friendliesWill quit govt post before announcing schedule for JS polls: Asif MahmudJoint force to be deployed to stop stone theft in SylhetMPO-listed teachers issue one-month ultimatum to realise demandsHearing Hasina’s authoritarian voice in NCP leaders’ statements: RizviArmy warns of fake Facebook accounts using its chief’s name, vows legal actionBangla-Sino cultural bond to create new dynamism in relation: FarookiBangladesh ‘A’ face Pakistan Shaheens in Top End T20 opener8 police officers suspended over mob lynching of two Hindu men in RangpurTyphoon Podul hits TaiwanUS Embassy delegation meets BGMEA president to boost trade tiesLoan defaulters won’t be allowed to join JS polls: Finance adviserThe Extent of Bangladesh-Malaysia Relationships",
    "highlightText": "",
    "highlightTitle": "",
    "highlightThreadTitle": "",
    "language": "english",
    "sentiment": "negative",
    "categories": [
        "Economy, Business and Finance",
        "Politics",
        "Social Issue"
    ],
    "topics": [
        "Economy, Business and Finance->financial and economic news",
        "Economy, Business and Finance->economy",
        "Politics->political crisis",
        "Politics->international relations",
        "Politics->economic policy",
        "Social Issue->emigration",
        "Social Issue->social condition",
        "Social Issue->communities"
    ],
    "ai_allow": true,
    "has_canonical": false,
    "breaking": null,
    "webz_reporter": false,
    "external_links": [],
    "external_images": [],
    "internal_images": [],
    "entities": {
        "persons": [
            {
                "name": "MalaysiaMithu Monir",
                "sentiment": "none"
            },
            {
                "name": "Asif Mahmud",
                "sentiment": "none"
            },
            {
                "name": "Rehana",
                "sentiment": "none"
            },
            {
                "name": "Hasina",
                "sentiment": "none"
            }
        ],
        "locations": [
            {
                "name": "Gaza",
                "sentiment": "none"
            }
        ],
        "organizations": [
            {
                "name": "Brothers Union",
                "sentiment": "none",
                "tickers": []
            }
        ]
    },
    "syndication": {
        "syndicated": false,
        "syndicate_id": null,
        "first_syndicated": false
    },
    "trust": {
        "categories": [],
        "top_news": [],
        "bias": null,
        "source": {
            "type": null,
            "city": null,
            "state": null,
            "country": null,
            "domain_type": null,
            "agency": null,
            "organization_name": null
        }
    },
    "rating": null,
    "crawled": "2025-08-14T09:06:09.920+03:00",
    "updated": "2025-08-14T09:08:45.000+03:00"
}