{
    "thread": {
        "uuid": "53fa81bb4ff6df35975125e757901afee0386e32",
        "url": "https://www.wbtv.com/bankrate-article/2026/02/18/mortgage-rates-drop-again-new-three-year-low/",
        "site_full": "www.wbtv.com",
        "site": "wbtv.com",
        "site_section": "https://www.wbtv.com/arc/outboundfeeds/sitemap/?outputType=xml",
        "site_categories": [
            "crime, law and justice",
            "media",
            "health",
            "sport",
            "human interest",
            "weather",
            "disaster and accident",
            "social",
            "politics"
        ],
        "section_title": "",
        "site_title": "WBTV | On Your Side | First Alert Weather | Charlotte, NC",
        "title": "Mortgage rates drop again to a new three-year low",
        "title_full": "Mortgage rates drop again to a new three-year low",
        "published": "2026-02-19T00:15:00.000+02:00",
        "replies_count": 0,
        "participants_count": 1,
        "site_type": "news",
        "country": "US",
        "main_image": "https://gray-wbtv-prod.gtv-cdn.com/resizer/v2/B675J2MSTNPCLFXTKVFJ45UMXM.jpg?auth=ca2abef89cecf902bcf9d25bfe0c2b06cc83bf68a5b9f750afeb1b2417f4c11d&amp;width=1200&amp;height=600&amp;smart=true",
        "performance_score": 0,
        "domain_rank": 29046,
        "domain_rank_updated": "2026-02-15T23:00:00.000+02:00",
        "licensing_agency": [],
        "social": {
            "facebook": {
                "likes": 0,
                "comments": 0,
                "shares": 0
            },
            "vk": {
                "shares": 0
            }
        }
    },
    "uuid": "53fa81bb4ff6df35975125e757901afee0386e32",
    "url": "https://www.wbtv.com/bankrate-article/2026/02/18/mortgage-rates-drop-again-new-three-year-low/",
    "ord_in_thread": 0,
    "author": "@WBTV_News",
    "published": "2026-02-19T00:15:00.000+02:00",
    "title": "Mortgage rates drop again to a new three-year low",
    "text": "Mortgage rates drop again to a new three-year low\nMortgage ratesfell again this week, with the 30-year fixed rate averaging 6.09%, down from 6.16% last week, according to Bankrate’s latest lender survey.\nCurrent mortgage rates\n| Loan type | Current | 4 weeks ago | One year ago | 52-week average | 52-week low |\n|---|---|---|---|---|---|\n|\n15-year30-year jumboThe 30-year fixed mortgages in this week’s survey had an average total of 0.36 discount and origination points. Discount points are a way to lower your mortgage rate, while origination points are fees lenders charge to create, review and process your loan.\nWill mortgage rates go down this upcoming week?\nShop smarter for mortgage rates\nBankrate connects you to the latest lender offers, tailored to you. Find your low rate today.\nExplore mortgage rates\nMonthly mortgage payment at today’s rates\nThe national median family income for 2025 was $104,200, according to the U.S. Department of Housing and Urban Development, and the median price of an existing home sold in January 2026 was $396,800, according to the National Association of Realtors. Based on a 20% down payment and a 6.09% mortgage rate, the monthly principal and interest payment of $1,922 amounts to about 22% of the typical family’s monthly income.\nMeanwhile, home prices have begun to dip in many formerly hot markets. Half of the nation’s 50 largest metro areas exprienced price declines over the past year, Zillow reported in early February. “With more housing inventory coming online and home prices starting to level off, this remains a promising environment for those looking to buy or refinance,” says Samir Dedhia, CEO of One Real Mortgage.\nWhat will happen to mortgage rates in 2026?\nThe Federal Reserve announced last month that it would hold its benchmark interest rate steady, as expected by industry experts. “Until there is further economic data to support another rate cut, they will keep the fed funds rate as is,” says Melissa Cohn of William Raveis Mortgage. Meanwhile, stronger-than-expected labor numbers released Feb. 11 have led to predictions that the Fed might not cut rates any time soon.\n“We could see at least one rate cut during the first half of 2026 — but if job growth rebounds, it is harder to see a path toward multiple rate cuts this year,” says Lisa Sturtevant, chief economist at Bright MLS, a large listing service in the mid-Atlantic region.\nThe central bank doesn’t directly set mortgage rates, which are at levels not seen since 2022. “Even without a cut, mortgage rates are nearly a full percentage point lower than they were a year ago, when rates hovered around 6.9%,” says Bill Banfield of Rocket Mortgage.\nOne reason rates have dipped: President Donald Trump’s announcement that he directed mortgage giants Fannie Mae and Freddie Mac to buy $200 billion in mortgage-backed securities. Mortgage rates, already at a 15-month low of 6.24% before Trump’s Truth Social post in early January, fell to 6.18% in Bankrate survey three weeks ago. However, that action hasn’t led to a sustained decline in mortgage rates.\nSean Salter, a finance professor at Middle Tennessee State University, said Trump’s policy move would create “a temporary and limited reduction in mortgage rates”: “Unless there is coordination with and support from monetary-policy actions via the Federal Reserve, and/or fiscal-policy actions from Congress, the effects of Trump’s announcement will likely not be highly impactful or long-lasting.”\nFannie and Freddie are the government-sponsored enterprises that back about two-thirds of U.S. home loans. Those mortgages are packaged as securities and sold to the Federal Reserve, pension funds and other institutional investors. So, while your home loan might be originated by a lender such as Rocket, loanDepot or Wells Fargo, or by an independent mortgage broker, it soon is turned into a mortgage bond owned by an investor. If the government steps in and buys additional bonds based on mortgages, the increased demand for home loans could lead to lower rates.\nThe consensus now is that mortgage rates will drift slightly lower. Fannie Mae’s January 2026 Housing Forecast predicts that rates will sit at 6% for most of 2026 and 2027.\nHow are mortgage rates set?\n- Methodology The Bankrate.com national survey of large lenders is conducted weekly. To conduct the National Average survey, Bankrate obtains rate information from the 10 largest banks and thrifts in 10 large U.S. markets. In the Bankrate.com national survey, our Market Analysis team gathers rates and/or yields on banking deposits, loans and mortgages. We’ve conducted this survey in the same manner for more than 30 years, and because it’s consistently done the way it is, it gives an accurate national apples-to-apples comparison. Our rates differ from other national surveys, in particular Freddie Mac’s weekly published rates. Each week Freddie Mac surveys lenders on the rates and points based on first-lien prime conventional conforming home purchase mortgages with a loan-to-value of 80%. “Lenders surveyed each week are a mix of lender types — thrifts, credit unions, commercial banks and mortgage lending companies — is roughly proportional to the level of mortgage business that each type commands nationwide,” according to Freddie Mac.\n© 2026 Bankrate.com",
    "summary": "“With more housing inventory coming online and home prices starting to level off, this remains a promising environment for those looking to buy or refinance,” says Samir Dedhia, CEO of One Real Mortgage. One reason rates have dipped: President Donald Trump’s announcement that he directed mortgage giants Fannie Mae and Freddie Mac to buy $200 billion in mortgage-backed securities. Mortgage rates, already at a 15-month low of 6.24% before Trump’s Truth Social post in early January, fell to 6.18% in Bankrate survey three weeks ago.",
    "highlightText": "",
    "highlightTitle": "",
    "highlightThreadTitle": "",
    "language": "english",
    "sentiment": "positive",
    "categories": [
        "Economy, Business and Finance"
    ],
    "topics": [
        "Economy, Business and Finance->debt market",
        "Economy, Business and Finance->financial and economic news"
    ],
    "ai_allow": true,
    "has_canonical": true,
    "breaking": null,
    "webz_reporter": false,
    "external_links": [
        "https://www.bankrate.com/mortgages/origination-fee/?mf_ct_campaign=graytv-syndication&utm_content=syndication",
        "https://www.bankrate.com/mortgages/mortgage-rates/?mf_ct_campaign=graytv-syndication&utm_content=syndication",
        "https://www.bankrate.com/mortgages/rate-trends/?mf_ct_campaign=graytv-syndication&utm_content=syndication",
        "https://www.bankrate.com/mortgages/15-year-mortgage-rates/?mf_ct_campaign=graytv-syndication&utm_content=syndication",
        "https://www.huduser.gov/portal/datasets/il/il25/FY25-Median-Attachment-State-Medians.pdf?mf_ct_campaign=graytv-syndication&utm_content=syndication",
        "https://www.bankrate.com/mortgages/mortgage-points/?mf_ct_campaign=graytv-syndication&utm_content=syndication",
        "https://www.bankrate.com/mortgages/how-interest-rates-are-set/?mf_ct_campaign=graytv-syndication&utm_content=syndication",
        "https://www.bankrate.com/mortgages/fannie-mae-vs-freddie-mac/?mf_ct_campaign=graytv-syndication&utm_content=syndication",
        "https://www.bankrate.com/mortgages/jumbo-loan-rates/?mf_ct_campaign=graytv-syndication&utm_content=syndication",
        "https://bankrate.com/mortgages/rate-trends/?mf_ct_campaign=graytv-syndication&utm_content=syndication",
        "https://bankrate.com/mortgages/mortgage-rates/?mf_ct_campaign=graytv-syndication&utm_content=syndication",
        "https://www.huduser.gov/portal/datasets/il/il25/FY25-Median-Attachment-State-Medians.pdf",
        "https://www.bankrate.com/mortgages/mortgage-points/",
        "https://bankrate.com/mortgages/how-interest-rates-are-set/?mf_ct_campaign=graytv-syndication&utm_content=syndication",
        "https://www.bankrate.com/mortgages/mortgage-rates/",
        "https://bankrate.com/mortgages/fannie-mae-vs-freddie-mac/?mf_ct_campaign=graytv-syndication&utm_content=syndication",
        "https://www.bankrate.com/mortgages/jumbo-loan-rates/",
        "https://www.bankrate.com/mortgages/how-interest-rates-are-set/",
        "https://www.bankrate.com/mortgages/origination-fee/",
        "https://bankrate.com/mortgages/origination-fee/?mf_ct_campaign=graytv-syndication&utm_content=syndication",
        "https://bankrate.com/mortgages/mortgage-points/?mf_ct_campaign=graytv-syndication&utm_content=syndication",
        "https://bankrate.com/mortgages/jumbo-loan-rates/?mf_ct_campaign=graytv-syndication&utm_content=syndication",
        "https://www.bankrate.com/mortgages/rate-trends/",
        "https://www.bankrate.com/mortgages/fannie-mae-vs-freddie-mac/",
        "https://bankrate.com/mortgages/15-year-mortgage-rates/?mf_ct_campaign=graytv-syndication&utm_content=syndication",
        "https://www.bankrate.com/mortgages/15-year-mortgage-rates/",
        "https://huduser.gov/portal/datasets/il/il25/FY25-Median-Attachment-State-Medians.pdf?mf_ct_campaign=graytv-syndication&utm_content=syndication"
    ],
    "external_images": [],
    "internal_images": [],
    "entities": {
        "persons": [],
        "locations": [],
        "organizations": [
            {
                "name": "Bankrate",
                "sentiment": "none",
                "tickers": [
                    {
                        "ticker": null,
                        "exchange": null
                    }
                ]
            }
        ]
    },
    "syndication": {
        "syndicated": false,
        "syndicate_id": null,
        "first_syndicated": false
    },
    "trust": {
        "categories": [
            "trusted_news"
        ],
        "top_news": [],
        "bias": "center",
        "source": {
            "type": "local_news",
            "city": [
                "Charlotte"
            ],
            "state": [
                "North Carolina"
            ],
            "country": [
                "US"
            ],
            "domain_type": null,
            "agency": null,
            "organization_name": null
        }
    },
    "rating": null,
    "crawled": "2026-02-19T08:45:55.966+02:00",
    "updated": "2026-02-19T08:49:54.000+02:00"
}