{
    "thread": {
        "uuid": "7dc3af83062dfecf2bf9a296e5743d0ab5cc0d68",
        "url": "https://finimize.com/content/dollar-rebounds-as-the-fed-signals-patience-on-rate-cuts",
        "site_full": "finimize.com",
        "site": "finimize.com",
        "site_section": "https://news.google.com/search?q=on%20when%3A1h&hl=en-US&gl=US&ceid=US%3Aen",
        "site_categories": [
            "financial_news",
            "finance",
            "economy, business and finance",
            "science and technology"
        ],
        "section_title": "Google News - Search",
        "site_title": "Finimize: Invest smarter",
        "title": "Dollar Rebounds As The Fed Signals Patience On Rate Cuts",
        "title_full": "Dollar Rebounds As The Fed Signals Patience On Rate Cuts",
        "published": "2026-02-19T08:24:00.000+02:00",
        "replies_count": 0,
        "participants_count": 1,
        "site_type": "news",
        "country": "US",
        "main_image": "https://finimize-img.imgix.net/https%3A%2F%2Fchivas-assets.s3-eu-west-1.amazonaws.com%2Fstatic%2Fimages%2Ftag_reuters_com_2026_newsml_L1N3ZF060_1719338334.jpeg?ixlib=python-3.1.2&amp;s=4c3f4e5d787679f9ebf0a5bea90817cc",
        "performance_score": 0,
        "domain_rank": 131450,
        "domain_rank_updated": "2026-02-15T23:00:00.000+02:00",
        "licensing_agency": [],
        "social": {
            "facebook": {
                "likes": 0,
                "comments": 0,
                "shares": 0
            },
            "vk": {
                "shares": 0
            }
        }
    },
    "uuid": "7dc3af83062dfecf2bf9a296e5743d0ab5cc0d68",
    "url": "https://finimize.com/content/dollar-rebounds-as-the-fed-signals-patience-on-rate-cuts",
    "ord_in_thread": 0,
    "author": "Finimize Newsroom",
    "published": "2026-02-19T08:24:00.000+02:00",
    "title": "Dollar Rebounds As The Fed Signals Patience On Rate Cuts",
    "text": "Stronger US data, higher Treasury yields, and rising Middle East tensions lifted the greenback while the euro and yen stayed on the back foot.\n2 mins\nWhat’s going on here?\nThe US dollar rebounded after Fed minutes signaled no rush to cut rates, while higher Treasury yields and Middle East tensions kept investors in safe-haven mode.\nWhat does this mean?\nMinutes from the Fed’s latest meeting showed officials still worried about sticky inflation, with some even willing to hike again if price pressures don’t cool – though they also flagged stronger productivity as a potential long-term help. Markets took that as “higher for longer,” especially as US data surprised to the upside: factory output, business investment signals, and housing activity all improved, pushing Treasury yields higher and making dollar assets more appealing. Ris..\nk sentiment also mattered: fears of a wider US–Iran flare-up lifted oil prices and nudged investors toward the dollar. Next up, traders are watching a busy run of releases – including global purchasing managers’ indexes and US GDP – for clues on whether the economy is cooling enough to justify cuts.\nWhy should I care?\nFor markets: Yield moves still set the tone.\nWhen US yields rise, the dollar often follows, which can tighten financial conditions worldwide. That’s a problem for borrowers with dollar-denominated debt, since repayments get pricier in local currency terms, and it can weigh on risk assets that rely on easy funding. It also puts pressure on other major currencies when their central banks look closer to cutting than the Fed.\nThe bigger picture: A policy gap can keep the dollar on top.\nIf the Fed holds rates higher for longer than peers, global capital tends to chase US returns, reinforcing the greenback’s strength. That divergence is showing up as different central banks react to uneven growth and inflation paths. The longer the gap lasts, the more it shapes everything from trade competitiveness to commodity pricing, since many raw materials are priced in dollars.",
    "summary": "Stronger US data, higher Treasury yields, and rising Middle East tensions lifted the greenback while the euro and yen stayed on the back foot. The US dollar rebounded after Fed minutes signaled no rush to cut rates, while higher Treasury yields and Middle East tensions kept investors in safe-haven mode. Minutes from the Fed’s latest meeting showed officials still worried about sticky inflation, with some even willing to hike again if price pressures don’t cool – though they also flagged stronger productivity as a potential long-term help.",
    "highlightText": "",
    "highlightTitle": "",
    "highlightThreadTitle": "",
    "language": "english",
    "sentiment": "positive",
    "categories": [
        "Economy, Business and Finance"
    ],
    "topics": [
        "Economy, Business and Finance->macro economics",
        "Economy, Business and Finance->foreign exchange market",
        "Economy, Business and Finance->financial and economic news"
    ],
    "ai_allow": false,
    "has_canonical": false,
    "breaking": true,
    "webz_reporter": false,
    "external_links": [],
    "external_images": [],
    "internal_images": [],
    "entities": {
        "persons": [],
        "locations": [],
        "organizations": []
    },
    "syndication": {
        "syndicated": false,
        "syndicate_id": null,
        "first_syndicated": false
    },
    "trust": {
        "categories": [],
        "top_news": [],
        "bias": null,
        "source": {
            "type": null,
            "city": null,
            "state": null,
            "country": null,
            "domain_type": null,
            "agency": null,
            "organization_name": null
        }
    },
    "rating": null,
    "crawled": "2026-02-19T08:36:06.704+02:00",
    "updated": "2026-02-19T08:37:25.000+02:00"
}