{
    "thread": {
        "uuid": "244926239b167a0c620adb095eea3767cf3d9136",
        "url": "https://simplywall.st/stocks/se/software/sto-liti/litium-shares/news/positive-signs-as-multiple-insiders-buy-litium-stock",
        "site_full": "simplywall.st",
        "site": "simplywall.st",
        "site_section": "https://news.google.com/search?q=have%20when%3A1h&hl=en-US&gl=US&ceid=US%3Aen",
        "site_categories": [
            "investing",
            "financial_news",
            "science and technology",
            "finance",
            "economy, business and finance"
        ],
        "section_title": "Google News - Search",
        "site_title": "Free Portfolio Tracker, Stock Insights and Community - Simply Wall St",
        "title": "Positive Signs As Multiple Insiders Buy Litium Stock",
        "title_full": "Positive Signs As Multiple Insiders Buy Litium Stock",
        "published": "2026-02-19T06:02:00.000+02:00",
        "replies_count": 0,
        "participants_count": 1,
        "site_type": "news",
        "country": "US",
        "main_image": "https://images.simplywall.st/asset/industry/8041000-choice2-main-header/1585186556238",
        "performance_score": 0,
        "domain_rank": 33449,
        "domain_rank_updated": "2026-02-15T23:00:00.000+02:00",
        "licensing_agency": [],
        "social": {
            "facebook": {
                "likes": 0,
                "comments": 0,
                "shares": 0
            },
            "vk": {
                "shares": 0
            }
        }
    },
    "uuid": "244926239b167a0c620adb095eea3767cf3d9136",
    "url": "https://simplywall.st/stocks/se/software/sto-liti/litium-shares/news/positive-signs-as-multiple-insiders-buy-litium-stock",
    "ord_in_thread": 0,
    "author": "Simply Wall St",
    "published": "2026-02-19T06:02:00.000+02:00",
    "title": "Positive Signs As Multiple Insiders Buy Litium Stock",
    "text": "When a single insider purchases stock, it is typically not a major deal. However, when multiple insiders purchase stock, like in Litium AB (publ)'s (STO:LITI) instance, it's good news for shareholders.\nWhile we would never suggest that investors should base their decisions solely on what the directors of a company have been doing, we would consider it foolish to ignore insider transactions altogether.\nThe Last 12 Months Of Insider Transactions At Litium\nIn the last twelve months, the biggest single purchase by an insider was when Director Johan Rutgersson bought kr688k worth of shares at a price of kr13.12 per share. That means that an insider was happy to buy shares at above the current price of kr12.25. While their view may have changed since the purchase was made, this does at least suggest they have had confidence in the company's future. To us, it's very important to consider the price insiders pay for shares. As a general rule, we feel more positive about a stock if insiders have bought shares at above current prices, because that suggests they viewed the stock as good value, even at a higher price.\nWhile Litium insiders bought shares during the last year, they didn't sell. You can see the insider transactions (by companies and individuals) over the last year depicted in the chart below. If you want to know exactly who sold, for how much, and when, simply click on the graph below!\n See our latest analysis for Litium\nThere are plenty of other companies that have insiders buying up shares. You probably do not want to miss this free list of undervalued small cap companies that insiders are buying.\nHave Litium Insiders Traded Recently?\nWe saw some Litium insider buying shares in the last three months. Chief Financial Officer Petter Blid bought kr64k worth of shares in that time. It's great to see that insiders are only buying, not selling. But the amount invested in the last three months isn't enough for us too put much weight on it, as a single factor.\nInsider Ownership\nMany investors like to check how much of a company is owned by insiders. Usually, the higher the insider ownership, the more likely it is that insiders will be incentivised to build the company for the long term. From our data, it seems that Litium insiders own 10% of the company, worth about kr24m. We do note, however, it is possible insiders have an indirect interest through a private company or other corporate structure. We do generally prefer see higher levels of insider ownership.\nSo What Do The Litium Insider Transactions Indicate?\nIt is good to see the recent insider purchase. We also take confidence from the longer term picture of insider transactions. But we don't feel the same about the fact the company is making losses. Given that insiders also own a fair bit of Litium we think they are probably pretty confident of a bright future. In addition to knowing about insider transactions going on, it's beneficial to identify the risks facing Litium. You'd be interested to know, that we found 2 warning signs for Litium and we suggest you have a look.\nIf you would prefer to check out another company -- one with potentially superior financials -- then do not miss this free list of interesting companies, that have HIGH return on equity and low debt.\nFor the purposes of this article, insiders are those individuals who report their transactions to the relevant regulatory body. We currently account for open market transactions and private dispositions of direct interests only, but not derivative transactions or indirect interests.\nNew: AI Stock Screener & Alerts\nOur new AI Stock Screener scans the market every day to uncover opportunities.\n• Dividend Powerhouses (3%+ Yield)\n• Undervalued Small Caps with Insider Buying\n• High growth Tech and AI Companies\nOr build your own from over 50 metrics.\nExplore Now for Free\nHave feedback on this article? Concerned about the content? Get in touch with us directly. Alternatively, email editorial-team (at) simplywallst.com.\nThis article by Simply Wall St is general in nature. We provide commentary based on historical data and analyst forecasts only using an unbiased methodology and our articles are not intended to be financial advice. It does not constitute a recommendation to buy or sell any stock, and does not take account of your objectives, or your financial situation. We aim to bring you long-term focused analysis driven by fundamental data. Note that our analysis may not factor in the latest price-sensitive company announcements or qualitative material. Simply Wall St has no position in any stocks mentioned.\nAbout OM:LITI\nLitium\nProvides solutions for digital commerce through the litium commerce cloud platform in Sweden.\nFlawless balance sheet with very low risk.\nWeekly Picks\nST\nstuart_robertson Unicycive Therapeutics ·\nLooking to be second time lucky with a game-changing new product\nHE\nHegelBayeBagelon PlaySide Studios ·\nPlaySide Studios: Market Is Sleeping on a Potential 10M+ Unit Breakout Year, FY26 Could Be the Rerate of the Decade\nAN\nAnimalDoctorKwonon Inotiv ·\nInotiv NAMs Test Center\nTH\nTheValueDetectoron Cognyte Software ·\nThis isn’t speculation — this is confirmation.A Schedule 13G was filed, not a 13D, meaning this is passive institutional capital, not acti\nRecently Updated Narratives\nMA\nmattttybon Taiwan Semiconductor Manufacturing ·\nTSMC will drive future growth with CoWoS packaging and N2 rollout\nCA\nCanderouson PetroTal ·\nBeyond 2026, Beyond a Double\nAG\nAgricolaon 1911 Gold ·\nA case for TSXV:AUMB to reach USD$2.69 (CAD$3.70) by 2030 (15X).\nPopular Narratives\nDA\ndavidlsanderon Ubisoft Entertainment ·\nIs Ubisoft the Market’s Biggest Pricing Error? Why Forensic Value Points to €33 Per Share\nAN\nAnalystConsensusTargeton Microsoft ·\nAnalyst Commentary Highlights Microsoft AI Momentum and Upward Valuation Amid Growth and Competitive Risks\nAN\nAnalystConsensusTargeton NVIDIA ·",
    "summary": "However, when multiple insiders purchase stock, like in Litium AB (publ)'s (STO:LITI) instance, it's good news for shareholders. • Dividend Powerhouses (3%+ Yield) • Undervalued Small Caps with Insider Buying • High growth Tech and AI Companies Or build your own from over 50 metrics. We provide commentary based on historical data and analyst forecasts only using an unbiased methodology and our articles are not intended to be financial advice.",
    "highlightText": "",
    "highlightTitle": "",
    "highlightThreadTitle": "",
    "language": "english",
    "sentiment": "positive",
    "categories": [
        "Economy, Business and Finance"
    ],
    "topics": [
        "Economy, Business and Finance->financial and economic news",
        "Economy, Business and Finance->investment and opinion pieces",
        "Economy, Business and Finance->business and market analysis"
    ],
    "ai_allow": true,
    "has_canonical": false,
    "breaking": null,
    "webz_reporter": false,
    "external_links": [
        "https://investor-research.typeform.com/to/wvg6MFri#feedback_token=NDQzODg5MTo1NDU5MzQzYjQ3MTkxNDVm&company=Litium&blueprintid=4438891",
        "https://www.investor-research.typeform.com/to/wvg6MFri#feedback_token=NDQzODg5MTo1NDU5MzQzYjQ3MTkxNDVm&company=Litium&blueprintid=4438891"
    ],
    "external_images": [],
    "internal_images": [],
    "entities": {
        "persons": [
            {
                "name": "Johan Rutgersson",
                "sentiment": "none"
            }
        ],
        "locations": [],
        "organizations": [
            {
                "name": "Litium AB",
                "sentiment": "none",
                "tickers": []
            }
        ]
    },
    "syndication": {
        "syndicated": false,
        "syndicate_id": null,
        "first_syndicated": false
    },
    "trust": {
        "categories": [],
        "top_news": [],
        "bias": null,
        "source": {
            "type": null,
            "city": null,
            "state": null,
            "country": null,
            "domain_type": null,
            "agency": null,
            "organization_name": null
        }
    },
    "rating": null,
    "crawled": "2026-02-19T09:04:44.754+02:00",
    "updated": "2026-02-19T09:07:37.000+02:00"
}