{
    "thread": {
        "uuid": "681e34fd0c57a1bd38d755d6786872734d68f6da",
        "url": "https://www.nst.com.my/business/corporate/2026/02/1381132/bursa-malaysia-extends-upward-momentum-close-higher",
        "site_full": "www.nst.com.my",
        "site": "nst.com.my",
        "site_section": "https://www.nst.com.my/feed",
        "site_categories": [
            "politics",
            "media",
            "crime, law and justice",
            "economy, business and finance",
            "sport"
        ],
        "section_title": "New Straits Times",
        "site_title": "New Straits Times (NST Online) | Malaysia News &amp; World Updates",
        "title": "Bursa Malaysia extends upward momentum to close higher",
        "title_full": "Bursa Malaysia extends upward momentum to close higher",
        "published": "2026-02-19T12:04:00.000+02:00",
        "replies_count": 0,
        "participants_count": 1,
        "site_type": "news",
        "country": "MY",
        "main_image": "https://assets.nst.com.my/images/socialmedia/C4CE06E6FA04914CBA1B0AB0DCAF9F80_data_2.jpg",
        "performance_score": 0,
        "domain_rank": 15819,
        "domain_rank_updated": "2026-02-15T23:00:00.000+02:00",
        "licensing_agency": [],
        "social": {
            "facebook": {
                "likes": 0,
                "comments": 0,
                "shares": 1
            },
            "vk": {
                "shares": 0
            }
        }
    },
    "uuid": "681e34fd0c57a1bd38d755d6786872734d68f6da",
    "url": "https://www.nst.com.my/business/corporate/2026/02/1381132/bursa-malaysia-extends-upward-momentum-close-higher",
    "ord_in_thread": 0,
    "author": "Bernama",
    "published": "2026-02-19T12:04:00.000+02:00",
    "title": "Bursa Malaysia extends upward momentum to close higher",
    "text": "KUALA LUMPUR: Bursa Malaysia continued its upward trend, closing higher on Thursday due to positive market sentiment driven by stronger-than-expected macroeconomic data.\nThe bourse also benefitted from gains on Wall Street overnight and firmer regional markets.\nThe market was closed on Feb 17 and Feb 18 for the Chinese New Year holidays.\nAt 5pm, the FTSE Bursa Malaysia KLCI (FBM KLCI) rose by 10.85 points, or 0.62 per cent, to 1,752.11 compared with Monday's close of 1,741.26.\nThe benchmark index had opened 6.82 points higher at 1,748.08, and moved between 1,755.08 and 1,743.63 throughout the trading session.\nThe broader market was also positive with gainers thumping losers 748 to 288, while 483 counters were unchanged, 1,218 counters untraded, and 11 suspended.\nTurnover was higher at 2.04 billion units, worth RM2.52 billion, compared to 1.81 billion units, worth RM1.81 billion, on Monday.\nIPPFA Sdn Bhd director of investment strategy and country economist Mohd Sedek Jantan said most regional equity markets closed higher, reinforcing the constructive risk tone that carried into the local benchmark index.\n\"Major indices finished in positive territory, reflecting broad-based buying interest. Among benchmark constituents, banking stocks led the gainers on renewed risk appetite, while utilities counters lagged amid sector rotation.\n\"On a sectoral basis, the energy index outperformed, advancing by more than two per cent, driven by a surge of over seven per cent in selected green energy stocks,\" he told Bernama.\nMohd Sedek also said that the United States markets ended higher in the previous session as manufacturing resilience re-entered the narrative, with stronger-than-expected durable goods orders and industrial production.\n\"On the economic front, today's release of Malaysia's January consumer price index (CPI) data showed headline inflation steady at 1.6 per cent year-on-year, with core inflation unchanged at 2.3 per cent, reflecting a balance of opposing price pressures rather than an absence of movement.\n\"This upward pressure was offset by declining transport and energy prices, which moved into negative territory during the month, exerting a countervailing influence on the headline index,\" he added.\nAmong the heavyweights, Malayan Banking Bhd gained 12 sen to RM12.06, Public Bank Bhd rose 10 sen to RM5.06, CIMB Group Holdings Bhd and IHH Healthcare Bhd added nine sen each to RM8.47 and RM8.91, respectively, while Tenaga Nasional Bhd fell 16 sen to RM14.26.\nOn the most active list, Zetrix AI Bhd shed half a sen to 85.5 sen, Tanco and Capital A advanced one sen each to RM1.44 and 60.5 sen, respectively, Sime Darby Bhd climbed six sen to RM2.40, while 99 Speed Mart Retail Holdings Bhd slipped 23 sen to RM3.50.\nAs for the top gainers, Malaysian Pacific Industries Bhd climbed 80 sen to RM30.78, Allianz Malaysia Bhd grew 40 sen to RM22.66, Petronas Dagangan Bhd bagged 38 sen to RM21, Hong Leong Financial Group Bhd expanded 32 sen to RM22.32 and Kelington Group Bhd garnered 31 sen to RM5.11.\nBesides 99 Speed Mart and Tenaga Nasional, other top decliners included Southern Acids (M) Bhd, which slipped 17 sen to RM3.28, Dutch Lady Milk Industries Bhd lost 14 sen to RM33.14 and Teo Guan Lee Corp Bhd dipped seven sen to 83 sen.",
    "summary": "KUALA LUMPUR: Bursa Malaysia continued its upward trend, closing higher on Thursday due to positive market sentiment driven by stronger-than-expected macroeconomic data. IPPFA Sdn Bhd director of investment strategy and country economist Mohd Sedek Jantan said most regional equity markets closed higher, reinforcing the constructive risk tone that carried into the local benchmark index. Among benchmark constituents, banking stocks led the gainers on renewed risk appetite, while utilities counters lagged amid sector rotation.",
    "highlightText": "",
    "highlightTitle": "",
    "highlightThreadTitle": "",
    "language": "english",
    "sentiment": "positive",
    "categories": [
        "Economy, Business and Finance"
    ],
    "topics": [
        "Economy, Business and Finance->financial and economic news",
        "Economy, Business and Finance->market and exchange"
    ],
    "ai_allow": true,
    "has_canonical": false,
    "breaking": true,
    "webz_reporter": false,
    "external_links": [],
    "external_images": [],
    "internal_images": [],
    "entities": {
        "persons": [],
        "locations": [
            {
                "name": "Wall Street",
                "sentiment": "none"
            }
        ],
        "organizations": [
            {
                "name": "Bursa Malaysia",
                "sentiment": "negative",
                "tickers": [
                    {
                        "ticker": "1097",
                        "exchange": "BURSA MALAYSIA"
                    }
                ]
            }
        ]
    },
    "syndication": {
        "syndicated": false,
        "syndicate_id": "681e34fd0c57a1bd38d755d6786872734d68f6da",
        "first_syndicated": true
    },
    "trust": {
        "categories": null,
        "top_news": [
            "top_news_sg",
            "top_news_my",
            "top_news"
        ],
        "bias": "center",
        "source": {
            "type": null,
            "city": null,
            "state": null,
            "country": null,
            "domain_type": null,
            "agency": null,
            "organization_name": null
        }
    },
    "rating": null,
    "crawled": "2026-02-19T12:28:17.200+02:00",
    "updated": "2026-02-19T12:32:36.000+02:00"
}