{
    "thread": {
        "uuid": "cd57996098f992db2b32125fe053a4e2b9c4df75",
        "url": "https://www.aninews.in/news/business/active-clothing-reports-strong-q3-fy26-performance-revenue-up-17-percent-qoq-to-inr-9736-cr-pat-grows-25-percent-qoq-to-inr-350-cr20260219112039",
        "site_full": "www.aninews.in",
        "site": "aninews.in",
        "site_section": "https://news.google.com/search?q=up%20when%3A1h&hl=en-US&gl=US&ceid=US%3Aen",
        "site_categories": [
            "arts, culture and entertainment",
            "media",
            "economy, business and finance",
            "crime, law and justice",
            "politics",
            "sport"
        ],
        "section_title": "Google News - Search",
        "site_title": "Asia’s Premier News Agency - India News, Business &amp; Political, National &amp; International, Bollywood, Sports | ANI News",
        "title": "Active Clothing Reports Strong Q3 FY26 Performance Revenue Up 17 Percent QoQ to INR 97.36 Cr, PAT Grows 25 Percent QoQ to INR 3.50 Cr",
        "title_full": "Active Clothing Reports Strong Q3 FY26 Performance Revenue Up 17 Percent QoQ to INR 97.36 Cr, PAT Grows 25 Percent QoQ to INR 3.50 Cr",
        "published": "2026-02-19T07:50:00.000+02:00",
        "replies_count": 0,
        "participants_count": 1,
        "site_type": "news",
        "country": "IN",
        "main_image": "https://d3lzcn6mbbadaf.cloudfront.net/media/details/ANI-20260219054956.jpg",
        "performance_score": 0,
        "domain_rank": 28929,
        "domain_rank_updated": "2026-02-15T23:00:00.000+02:00",
        "licensing_agency": [],
        "social": {
            "facebook": {
                "likes": 0,
                "comments": 0,
                "shares": 0
            },
            "vk": {
                "shares": 0
            }
        }
    },
    "uuid": "cd57996098f992db2b32125fe053a4e2b9c4df75",
    "url": "https://www.aninews.in/news/business/active-clothing-reports-strong-q3-fy26-performance-revenue-up-17-percent-qoq-to-inr-9736-cr-pat-grows-25-percent-qoq-to-inr-350-cr20260219112039",
    "ord_in_thread": 0,
    "author": "aninews.in",
    "published": "2026-02-19T07:50:00.000+02:00",
    "title": "Active Clothing Reports Strong Q3 FY26 Performance Revenue Up 17 Percent QoQ to INR 97.36 Cr, PAT Grows 25 Percent QoQ to INR 3.50 Cr",
    "text": "PNN\nMohali (Punjab) [India], February 19: Active Clothing Co limited, (BSE - 541144), India's one of the leading 'design-to-shelf' platform, specializing in flat-knitted sweaters, jackets, and circular-knitted apparel for global fashion brands, has announced its Unaudited Q3 & 9M FY26 Financial results.\nKey Financial Highlights\nKey Financial Highlights Q3 FY26\n- Total Income of ₹ 97.36 Cr, QoQ growth of 17.03%\n- EBITDA of ₹ 9.04 Cr, QoQ growth of 22.40%\n- EBITDA Margin of 9.29%, QoQ growth of 41 BPS\n- Net Profit of ₹ 3.50 Cr, QoQ growth of 25.18%\n- Net Profit Margin of of 3.59%, QoQ growth of 23 BPS\n- EPS of ₹ 2.25, QoQ growth of 27.84%\nKey Financial Highlights 9M FY26\n- Total Income of ₹ 245.02 Cr, YoY growth of 7.29%\n- EBITDA of ₹ 23.40 Cr, YoY growth of 2.19%\n- EBITDA Margin of 9.55%\n- Net Profit of ₹ 8.42 Cr, YoY growth of 23.55%\n- Net Profit Margin of of 3.44%, YoY growth of 45 BPS\n- EPS of ₹ 5.43 , YoY growth of 23.69%\nCommenting on the Financial performance Mr. Rajesh Mehra Managing Director, of Active Clothing Co Limited said, \"We delivered a steady and resilient performance during Q3 FY26, despite a relatively softer demand environment, driven by disciplined execution, strong customer relationships, and the strength of our integrated design-to-shelf business model. Our consistent operational focus enabled us to deliver healthy growth in revenue and profitability during the quarter.\nPerformance for the first nine months of FY26 has been particularly encouraging, with strong growth in PAT reflecting improved operating leverage and sustained demand from global brand partners. This reinforces the robustness of our business fundamentals and our ability to scale profitably.\nLooking ahead, the proposed investment to establish India's first Smart Knitting Factory marks a significant strategic milestone for the Company. This initiative will enhance automation, precision manufacturing, and sustainability, positioning Active Clothing for the next phase of growth while aligning with evolving global apparel requirements. We remain confident about our long-term growth trajectory.\"\n(ADVERTORIAL DISCLAIMER: The above press release has been provided by PNN . ANI will not be responsible in any way for the content of the same.)",
    "summary": "Mohali (Punjab) [India], February 19: Active Clothing Co limited, (BSE - 541144), India's one of the leading 'design-to-shelf' platform, specializing in flat-knitted sweaters, jackets, and circular-knitted apparel for global fashion brands, has announced its Unaudited Q3 & 9M FY26 Financial results. Our consistent operational focus enabled us to deliver healthy growth in revenue and profitability during the quarter. Performance for the first nine months of FY26 has been particularly encouraging, with strong growth in PAT reflecting improved operating leverage and sustained demand from global brand partners.",
    "highlightText": "",
    "highlightTitle": "",
    "highlightThreadTitle": "",
    "language": "english",
    "sentiment": "positive",
    "categories": [
        "Economy, Business and Finance"
    ],
    "topics": [
        "Economy, Business and Finance->financial and economic news",
        "Economy, Business and Finance->business reporting and performance"
    ],
    "ai_allow": true,
    "has_canonical": false,
    "breaking": true,
    "webz_reporter": false,
    "external_links": [],
    "external_images": [],
    "internal_images": [],
    "entities": {
        "persons": [],
        "locations": [
            {
                "name": "Mohali",
                "sentiment": "none"
            },
            {
                "name": "Punjab",
                "sentiment": "none"
            },
            {
                "name": "India",
                "sentiment": "none"
            }
        ],
        "organizations": [
            {
                "name": "Active Clothing Co",
                "sentiment": "negative",
                "tickers": []
            }
        ]
    },
    "syndication": {
        "syndicated": false,
        "syndicate_id": null,
        "first_syndicated": false
    },
    "trust": {
        "categories": null,
        "top_news": [],
        "bias": "center",
        "source": {
            "type": null,
            "city": null,
            "state": null,
            "country": null,
            "domain_type": null,
            "agency": null,
            "organization_name": null
        }
    },
    "rating": null,
    "crawled": "2026-02-19T08:03:24.362+02:00",
    "updated": "2026-02-19T08:04:47.000+02:00"
}