{
    "thread": {
        "uuid": "eb9d5ebbd4571f0e4567acfcfa9c0e0f68977e01",
        "url": "https://article.wn.com/view/2026/02/19/Brent_zooms_past_71_as_market_focuses_on_Hormuz_risks/",
        "site_full": "article.wn.com",
        "site": "wn.com",
        "site_section": "https://wn.com/commodities",
        "site_categories": [
            "arts, culture and entertainment",
            "media",
            "economy, business and finance",
            "science and technology",
            "lifestyle and leisure",
            "crime, law and justice",
            "politics",
            "sport"
        ],
        "section_title": "World News - Commodities",
        "site_title": "World News",
        "title": "Brent zooms past $71 as market focuses on Hormuz risks - Worldnews.com",
        "title_full": "Brent zooms past $71 as market focuses on Hormuz risks - Worldnews.com",
        "published": "2026-02-19T02:00:00.000+02:00",
        "replies_count": 0,
        "participants_count": 1,
        "site_type": "news",
        "country": "US",
        "main_image": "",
        "performance_score": 0,
        "domain_rank": 8219,
        "domain_rank_updated": "2026-02-15T23:00:00.000+02:00",
        "licensing_agency": [],
        "social": {
            "facebook": {
                "likes": 0,
                "comments": 0,
                "shares": 0
            },
            "vk": {
                "shares": 0
            }
        }
    },
    "uuid": "eb9d5ebbd4571f0e4567acfcfa9c0e0f68977e01",
    "url": "https://article.wn.com/view/2026/02/19/Brent_zooms_past_71_as_market_focuses_on_Hormuz_risks/",
    "ord_in_thread": 0,
    "author": "System",
    "published": "2026-02-19T02:00:00.000+02:00",
    "title": "Brent zooms past $71 as market focuses on Hormuz risks - Worldnews.com",
    "text": "The April contract for Brent crude oil crossed $71 per barrel on Thursday for the first time in over three weeks. Geopolitical tensions simmered as both the US and Iran stepped up military activities in the Middle East, which sits on more than half of...\nread full story",
    "summary": null,
    "highlightText": "",
    "highlightTitle": "",
    "highlightThreadTitle": "",
    "language": "english",
    "sentiment": "positive",
    "categories": [
        "Economy, Business and Finance"
    ],
    "topics": [
        "Economy, Business and Finance->commodity market",
        "Economy, Business and Finance->energy and resource",
        "Economy, Business and Finance->financial and economic news"
    ],
    "ai_allow": true,
    "has_canonical": false,
    "breaking": null,
    "webz_reporter": false,
    "external_links": [
        "https://invezz.com/news/2026/02/19/brent-zooms-past-71-as-market-focuses-on-hormuz-risks/",
        "https://invezz.com/news/2026/02/19/brent-zooms-past-71-as-market-focuses-on-hormuz-risks",
        "https://www.invezz.com/news/2026/02/19/brent-zooms-past-71-as-market-focuses-on-hormuz-risks/"
    ],
    "external_images": [],
    "internal_images": [],
    "entities": {
        "persons": [],
        "locations": [
            {
                "name": "Middle East",
                "sentiment": "none"
            },
            {
                "name": "Iran",
                "sentiment": "none"
            },
            {
                "name": "US",
                "sentiment": "none"
            }
        ],
        "organizations": [
            {
                "name": "Brent",
                "sentiment": "neutral",
                "tickers": [
                    {
                        "ticker": null,
                        "exchange": null
                    }
                ]
            },
            {
                "name": "Worldnews. com",
                "sentiment": "neutral",
                "tickers": [
                    {
                        "ticker": null,
                        "exchange": null
                    }
                ]
            }
        ]
    },
    "syndication": {
        "syndicated": false,
        "syndicate_id": null,
        "first_syndicated": false
    },
    "trust": {
        "categories": [
            "trusted_news"
        ],
        "top_news": [],
        "bias": "center",
        "source": {
            "type": null,
            "city": null,
            "state": null,
            "country": null,
            "domain_type": null,
            "agency": null,
            "organization_name": null
        }
    },
    "rating": null,
    "crawled": "2026-02-19T09:34:22.224+02:00",
    "updated": "2026-02-19T09:36:24.000+02:00"
}