{
    "thread": {
        "uuid": "c1e1aadc7073934a357b3bbe2c0cfdbb7d9b067c",
        "url": "https://finimize.com/content/new-zealand-stocks-rose-as-tech-optimism-lifted-global-mood",
        "site_full": "finimize.com",
        "site": "finimize.com",
        "site_section": "https://finimize.com/",
        "site_categories": [
            "economy, business and finance",
            "finance",
            "science and technology",
            "financial_news"
        ],
        "section_title": "Finimize: Invest smarter",
        "site_title": "Finimize: Invest smarter",
        "title": "New Zealand Stocks Rose As Tech Optimism Lifted Global Mood",
        "title_full": "New Zealand Stocks Rose As Tech Optimism Lifted Global Mood",
        "published": "2026-02-19T06:39:00.000+02:00",
        "replies_count": 0,
        "participants_count": 1,
        "site_type": "news",
        "country": "US",
        "main_image": "https://finimize-img.imgix.net/https%3A%2F%2Fchivas-assets.s3-eu-west-1.amazonaws.com%2Fstatic%2Fimages%2FG2611279_xml.jpeg?ixlib=python-3.1.2&amp;s=061c7616b137aa0d63f840d5ec9bf116",
        "performance_score": 0,
        "domain_rank": 131450,
        "domain_rank_updated": "2026-02-15T23:00:00.000+02:00",
        "licensing_agency": [],
        "social": {
            "facebook": {
                "likes": 0,
                "comments": 0,
                "shares": 0
            },
            "vk": {
                "shares": 0
            }
        }
    },
    "uuid": "c1e1aadc7073934a357b3bbe2c0cfdbb7d9b067c",
    "url": "https://finimize.com/content/new-zealand-stocks-rose-as-tech-optimism-lifted-global-mood",
    "ord_in_thread": 0,
    "author": "Finimize Newsroom",
    "published": "2026-02-19T06:39:00.000+02:00",
    "title": "New Zealand Stocks Rose As Tech Optimism Lifted Global Mood",
    "text": "The NZX climbed as Wall Street’s chip-driven rally improved sentiment, while local card spending and company updates added support.\nWhat’s going on here?\nNew Zealand shares climbed Thursday, with the S&P/NZX 50 up 1.5%, after a chip-led rally in the US improved global risk appetite.\nWhat does this mean?\nThe mood music came from US tech. Reuters reported Nvidia signed a multiyear deal to supply Meta with millions of current and future AI chips, helping push the Nasdaq up 0.8% and reinforcing expectations that data-center spending still has legs. At home, the signals were steadier. ANZ Research said spending on ANZ-issued cards rose 0.4% in January on a seasonally adjusted three-month-average basis and was up 4.1% versus the same period in 2025, suggesting households are still spending even with costs elevated...\nSome company updates added support: Scales flagged its CFO will retire in May and move into the company secretary role, while Ventia reported underlying basic earnings per share of AU$0.3034 for 2025, up from AU$0.2574 a year earlier.\nWhy should I care?\nFor markets: New Zealand still takes its cues offshore.\nThursday was a reminder that a small market can move on global headlines. When US megacap tech leads, local equities often ride the same wave – even if New Zealand-specific data is only so-so. That can leave investors balancing overseas growth themes like AI with local read-throughs on consumer demand.\nThe bigger picture: AI capex is turning into a global demand driver.\nBig, multiyear chip orders suggest companies are planning for sustained AI workloads, which can support a wider ecosystem – from cloud infrastructure to energy and industrial suppliers. But it also ties market confidence more tightly to a narrow set of tech-led spending plans, making any slowdown in that pipeline a broader risk.",
    "summary": "The NZX climbed as Wall Street’s chip-driven rally improved sentiment, while local card spending and company updates added support. Reuters reported Nvidia signed a multiyear deal to supply Meta with millions of current and future AI chips, helping push the Nasdaq up 0.8% and reinforcing expectations that data-center spending still has legs. That can leave investors balancing overseas growth themes like AI with local read-throughs on consumer demand. Big, multiyear chip orders suggest companies are planning for sustained AI workloads, which can support a wider ecosystem – from cloud infrastructure to energy and industrial suppliers.",
    "highlightText": "",
    "highlightTitle": "",
    "highlightThreadTitle": "",
    "language": "english",
    "sentiment": "positive",
    "categories": [
        "Economy, Business and Finance"
    ],
    "topics": [
        "Economy, Business and Finance->financial and economic news",
        "Economy, Business and Finance->market and exchange"
    ],
    "ai_allow": false,
    "has_canonical": false,
    "breaking": null,
    "webz_reporter": false,
    "external_links": [],
    "external_images": [],
    "internal_images": [],
    "entities": {
        "persons": [],
        "locations": [
            {
                "name": "New Zealand",
                "sentiment": "none"
            },
            {
                "name": "Wall Street",
                "sentiment": "none"
            },
            {
                "name": "US",
                "sentiment": "none"
            }
        ],
        "organizations": [
            {
                "name": "Nvidia",
                "sentiment": "none",
                "tickers": [
                    {
                        "ticker": "NVDA",
                        "exchange": "NASDAQ"
                    }
                ]
            },
            {
                "name": "Meta",
                "sentiment": "none",
                "tickers": [
                    {
                        "ticker": "META",
                        "exchange": "NASDAQ"
                    }
                ]
            },
            {
                "name": "ANZ Research",
                "sentiment": "none",
                "tickers": [
                    {
                        "ticker": null,
                        "exchange": null
                    }
                ]
            },
            {
                "name": "S & P",
                "sentiment": "none",
                "tickers": [
                    {
                        "ticker": null,
                        "exchange": null
                    }
                ]
            },
            {
                "name": "Reuters",
                "sentiment": "none",
                "tickers": [
                    {
                        "ticker": "TRI",
                        "exchange": "NASDAQ"
                    }
                ]
            }
        ]
    },
    "syndication": {
        "syndicated": false,
        "syndicate_id": null,
        "first_syndicated": false
    },
    "trust": {
        "categories": [],
        "top_news": [],
        "bias": null,
        "source": {
            "type": null,
            "city": null,
            "state": null,
            "country": null,
            "domain_type": null,
            "agency": null,
            "organization_name": null
        }
    },
    "rating": null,
    "crawled": "2026-02-19T07:47:22.450+02:00",
    "updated": "2026-02-19T07:48:33.000+02:00"
}